[20/04/26 23:11:46][__main__][INFO] - Training script
[20/04/26 23:11:46][__main__][INFO] - The config can be found here: 
outputs/humanml3d_e_mp_motion_repr_server/tmr/hy201/config.json
[20/04/26 23:11:48][lightning_fabric.utilities.seed][INFO] - Seed set to 1234
[20/04/26 23:11:48][__main__][INFO] - Loading the dataloaders
[20/04/26 23:12:00][__main__][INFO] - Loading the model
[20/04/26 23:12:01][__main__][INFO] - Training
[20/04/26 23:12:01][pytorch_lightning.utilities.rank_zero][INFO] - GPU available: True (cuda), used: True
[20/04/26 23:12:01][pytorch_lightning.utilities.rank_zero][INFO] - TPU available: False, using: 0 TPU cores
[20/04/26 23:12:01][pytorch_lightning.utilities.rank_zero][INFO] - HPU available: False, using: 0 HPUs
[20/04/26 23:12:01][pytorch_lightning.accelerators.cuda][INFO] - LOCAL_RANK: 0 - CUDA_VISIBLE_DEVICES: [1]
[20/04/26 23:12:01][pytorch_lightning.callbacks.model_summary][INFO] - 
  | Name                   | Type              | Params | Mode 
---------------------------------------------------------------------
0 | motion_encoder         | ACTORStyleEncoder | 4.8 M  | train
1 | text_encoder           | ACTORStyleEncoder | 4.9 M  | train
2 | motion_decoder         | ACTORStyleDecoder | 6.4 M  | train
3 | reconstruction_loss_fn | SmoothL1Loss      | 0      | train
4 | latent_loss_fn         | SmoothL1Loss      | 0      | train
---------------------------------------------------------------------
16.1 M    Trainable params
0         Non-trainable params
16.1 M    Total params
64.396    Total estimated model params size (MB)
224       Modules in train mode
0         Modules in eval mode
[20/04/26 23:12:01][src.callback.progress][INFO] - Training started
[20/04/26 23:12:12][src.callback.progress][INFO] - Epoch 0 step 50/192: loss 1.155e+00
[20/04/26 23:12:23][src.callback.progress][INFO] - Epoch 0 step 100/192: loss 9.059e-01
[20/04/26 23:12:33][src.callback.progress][INFO] - Epoch 0 step 150/192: loss 8.353e-01
[20/04/26 23:12:43][src.callback.progress][INFO] - Epoch 0: v_recons 3.180e-01  recons 5.629e-01  v_loss 7.673e-01  loss 1.045e+00  v_latent 1.094e+00  latent 9.934e-01  v_kl 5.303e+00  kl 3.956e+00  v_contrastive 4.492e+00  contrastive 4.817e+00  v_t2m/len 1530  v_t2m/R01 0.46%  v_t2m/R02 1.04%  v_t2m/R03 1.5%  v_t2m/R05 2.22%  v_t2m/R10 4.05%  v_t2m/MedR 249.0%  v_m2t/len 1530  v_m2t/R01 0.77%  v_m2t/R02 1.75%  v_m2t/R03 2.34%  v_m2t/R05 3.26%  v_m2t/R10 5.23%  v_m2t/MedR 258.5%
[20/04/26 23:12:50][src.callback.progress][INFO] - Epoch 1 step 200/192: loss 7.765e-01
[20/04/26 23:13:00][src.callback.progress][INFO] - Epoch 1 step 250/192: loss 6.995e-01
[20/04/26 23:13:10][src.callback.progress][INFO] - Epoch 1 step 300/192: loss 6.863e-01
[20/04/26 23:13:20][src.callback.progress][INFO] - Epoch 1 step 350/192: loss 6.877e-01
[20/04/26 23:13:29][src.callback.progress][INFO] - Epoch 1: v_recons 2.852e-01  recons 2.920e-01  v_loss 6.685e-01  loss 7.006e-01  v_latent 1.074e+00  latent 1.097e+00  v_kl 6.911e+00  kl 6.013e+00  v_contrastive 3.833e+00  contrastive 4.085e+00  v_t2m/len 1530  v_t2m/R01 1.11%  v_t2m/R02 2.28%  v_t2m/R03 3.26%  v_t2m/R05 5.09%  v_t2m/R10 9.22%  v_t2m/MedR 108.0%  v_m2t/len 1530  v_m2t/R01 1.37%  v_m2t/R02 2.88%  v_m2t/R03 3.85%  v_m2t/R05 6.07%  v_m2t/R10 10.19%  v_m2t/MedR 114.0%
[20/04/26 23:13:39][src.callback.progress][INFO] - Epoch 2 step 400/192: loss 6.592e-01
[20/04/26 23:13:49][src.callback.progress][INFO] - Epoch 2 step 450/192: loss 6.761e-01
[20/04/26 23:14:00][src.callback.progress][INFO] - Epoch 2 step 500/192: loss 6.361e-01
[20/04/26 23:14:10][src.callback.progress][INFO] - Epoch 2 step 550/192: loss 6.424e-01
[20/04/26 23:14:17][src.callback.progress][INFO] - Epoch 2: v_recons 2.749e-01  recons 2.744e-01  v_loss 6.285e-01  loss 6.427e-01  v_latent 1.040e+00  latent 1.073e+00  v_kl 1.238e+01  kl 1.054e+01  v_contrastive 3.534e+00  contrastive 3.682e+00  v_t2m/len 1530  v_t2m/R01 1.75%  v_t2m/R02 3.92%  v_t2m/R03 5.75%  v_t2m/R05 7.84%  v_t2m/R10 13.06%  v_t2m/MedR 77.0%  v_m2t/len 1530  v_m2t/R01 1.83%  v_m2t/R02 3.14%  v_m2t/R03 5.09%  v_m2t/R05 7.84%  v_m2t/R10 13.85%  v_m2t/MedR 82.5%
[20/04/26 23:14:28][src.callback.progress][INFO] - Epoch 3 step 600/192: loss 5.951e-01
[20/04/26 23:14:39][src.callback.progress][INFO] - Epoch 3 step 650/192: loss 6.771e-01
[20/04/26 23:14:49][src.callback.progress][INFO] - Epoch 3 step 700/192: loss 6.191e-01
[20/04/26 23:15:00][src.callback.progress][INFO] - Epoch 3 step 750/192: loss 6.177e-01
[20/04/26 23:15:05][src.callback.progress][INFO] - Epoch 3: v_recons 2.688e-01  recons 2.656e-01  v_loss 6.068e-01  loss 6.082e-01  v_latent 9.948e-01  latent 1.026e+00  v_kl 3.193e+01  kl 2.410e+01  v_contrastive 3.376e+00  contrastive 3.423e+00  v_t2m/len 1530  v_t2m/R01 2.34%  v_t2m/R02 4.17%  v_t2m/R03 6.26%  v_t2m/R05 9.8%  v_t2m/R10 17.05%  v_t2m/MedR 60.0%  v_m2t/len 1530  v_m2t/R01 2.6%  v_m2t/R02 4.71%  v_m2t/R03 6.46%  v_m2t/R05 9.67%  v_m2t/R10 16.07%  v_m2t/MedR 63.5%
[20/04/26 23:15:18][src.callback.progress][INFO] - Epoch 4 step 800/192: loss 6.110e-01
[20/04/26 23:15:28][src.callback.progress][INFO] - Epoch 4 step 850/192: loss 5.659e-01
[20/04/26 23:15:39][src.callback.progress][INFO] - Epoch 4 step 900/192: loss 5.585e-01
[20/04/26 23:15:49][src.callback.progress][INFO] - Epoch 4 step 950/192: loss 5.735e-01
[20/04/26 23:15:53][src.callback.progress][INFO] - Epoch 4: v_recons 2.620e-01  recons 2.593e-01  v_loss 5.738e-01  loss 5.832e-01  v_latent 9.578e-01  latent 9.887e-01  v_kl 3.737e+01  kl 4.739e+01  v_contrastive 3.114e+00  contrastive 3.234e+00  v_t2m/len 1530  v_t2m/R01 4.38%  v_t2m/R02 7.9%  v_t2m/R03 10.19%  v_t2m/R05 14.18%  v_t2m/R10 21.3%  v_t2m/MedR 39.0%  v_m2t/len 1530  v_m2t/R01 4.11%  v_m2t/R02 8.36%  v_m2t/R03 10.39%  v_m2t/R05 14.97%  v_m2t/R10 22.94%  v_m2t/MedR 45.0%
[20/04/26 23:16:08][src.callback.progress][INFO] - Epoch 5 step 1000/192: loss 5.815e-01
[20/04/26 23:16:18][src.callback.progress][INFO] - Epoch 5 step 1050/192: loss 5.497e-01
[20/04/26 23:16:28][src.callback.progress][INFO] - Epoch 5 step 1100/192: loss 5.543e-01
[20/04/26 23:16:39][src.callback.progress][INFO] - Epoch 5 step 1150/192: loss 5.650e-01
[20/04/26 23:16:41][src.callback.progress][INFO] - Epoch 5: v_recons 2.470e-01  recons 2.501e-01  v_loss 5.472e-01  loss 5.562e-01  v_latent 9.511e-01  latent 9.688e-01  v_kl 4.454e+01  kl 5.729e+01  v_contrastive 2.997e+00  contrastive 3.055e+00  v_t2m/len 1530  v_t2m/R01 4.44%  v_t2m/R02 7.96%  v_t2m/R03 11.43%  v_t2m/R05 17.64%  v_t2m/R10 27.52%  v_t2m/MedR 34.0%  v_m2t/len 1530  v_m2t/R01 3.99%  v_m2t/R02 8.1%  v_m2t/R03 11.31%  v_m2t/R05 18.29%  v_m2t/R10 26.98%  v_m2t/MedR 38.0%
[20/04/26 23:16:57][src.callback.progress][INFO] - Epoch 6 step 1200/192: loss 5.426e-01
[20/04/26 23:17:08][src.callback.progress][INFO] - Epoch 6 step 1250/192: loss 5.060e-01
[20/04/26 23:17:18][src.callback.progress][INFO] - Epoch 6 step 1300/192: loss 5.422e-01
[20/04/26 23:17:29][src.callback.progress][INFO] - Epoch 6: v_recons 2.424e-01  recons 2.407e-01  v_loss 5.312e-01  loss 5.339e-01  v_latent 9.426e-01  latent 9.590e-01  v_kl 4.801e+01  kl 6.298e+01  v_contrastive 2.883e+00  contrastive 2.926e+00  v_t2m/len 1530  v_t2m/R01 4.57%  v_t2m/R02 8.5%  v_t2m/R03 11.18%  v_t2m/R05 16.6%  v_t2m/R10 27.96%  v_t2m/MedR 31.0%  v_m2t/len 1530  v_m2t/R01 4.38%  v_m2t/R02 8.5%  v_m2t/R03 11.56%  v_m2t/R05 18.62%  v_m2t/R10 28.88%  v_m2t/MedR 31.5%
[20/04/26 23:17:36][src.callback.progress][INFO] - Epoch 7 step 1350/192: loss 4.874e-01
[20/04/26 23:17:46][src.callback.progress][INFO] - Epoch 7 step 1400/192: loss 4.958e-01
[20/04/26 23:17:57][src.callback.progress][INFO] - Epoch 7 step 1450/192: loss 4.780e-01
[20/04/26 23:18:07][src.callback.progress][INFO] - Epoch 7 step 1500/192: loss 5.184e-01
[20/04/26 23:18:16][src.callback.progress][INFO] - Epoch 7: v_recons 2.370e-01  recons 2.353e-01  v_loss 5.223e-01  loss 5.166e-01  v_latent 9.452e-01  latent 9.525e-01  v_kl 4.537e+01  kl 6.294e+01  v_contrastive 2.848e+00  contrastive 2.807e+00  v_t2m/len 1530  v_t2m/R01 5.42%  v_t2m/R02 10.13%  v_t2m/R03 13.46%  v_t2m/R05 18.95%  v_t2m/R10 28.81%  v_t2m/MedR 30.0%  v_m2t/len 1530  v_m2t/R01 5.15%  v_m2t/R02 9.86%  v_m2t/R03 13.52%  v_m2t/R05 18.43%  v_m2t/R10 28.55%  v_m2t/MedR 34.0%
[20/04/26 23:18:25][src.callback.progress][INFO] - Epoch 8 step 1550/192: loss 4.694e-01
[20/04/26 23:18:35][src.callback.progress][INFO] - Epoch 8 step 1600/192: loss 4.936e-01
[20/04/26 23:18:46][src.callback.progress][INFO] - Epoch 8 step 1650/192: loss 4.611e-01
[20/04/26 23:18:56][src.callback.progress][INFO] - Epoch 8 step 1700/192: loss 5.067e-01
[20/04/26 23:19:03][src.callback.progress][INFO] - Epoch 8: v_recons 2.310e-01  recons 2.310e-01  v_loss 5.014e-01  loss 5.023e-01  v_latent 9.278e-01  latent 9.465e-01  v_kl 4.118e+01  kl 5.911e+01  v_contrastive 2.700e+00  contrastive 2.707e+00  v_t2m/len 1530  v_t2m/R01 6.07%  v_t2m/R02 11.05%  v_t2m/R03 14.97%  v_t2m/R05 21.56%  v_t2m/R10 32.88%  v_t2m/MedR 24.0%  v_m2t/len 1530  v_m2t/R01 7.11%  v_m2t/R02 11.36%  v_m2t/R03 15.42%  v_m2t/R05 21.95%  v_m2t/R10 32.88%  v_m2t/MedR 25.0%
[20/04/26 23:19:14][src.callback.progress][INFO] - Epoch 9 step 1750/192: loss 4.790e-01
[20/04/26 23:19:24][src.callback.progress][INFO] - Epoch 9 step 1800/192: loss 5.302e-01
[20/04/26 23:19:34][src.callback.progress][INFO] - Epoch 9 step 1850/192: loss 5.042e-01
[20/04/26 23:19:44][src.callback.progress][INFO] - Epoch 9 step 1900/192: loss 5.430e-01
[20/04/26 23:19:50][src.callback.progress][INFO] - Epoch 9: v_recons 2.273e-01  recons 2.263e-01  v_loss 4.900e-01  loss 4.878e-01  v_latent 9.295e-01  latent 9.422e-01  v_kl 3.736e+01  kl 5.257e+01  v_contrastive 2.623e+00  contrastive 2.610e+00  v_t2m/len 1530  v_t2m/R01 7.05%  v_t2m/R02 11.82%  v_t2m/R03 15.56%  v_t2m/R05 22.68%  v_t2m/R10 34.25%  v_t2m/MedR 22.0%  v_m2t/len 1530  v_m2t/R01 7.19%  v_m2t/R02 12.28%  v_m2t/R03 17.19%  v_m2t/R05 23.32%  v_m2t/R10 33.27%  v_m2t/MedR 26.0%
[20/04/26 23:20:02][src.callback.progress][INFO] - Epoch 10 step 1950/192: loss 4.761e-01
[20/04/26 23:20:12][src.callback.progress][INFO] - Epoch 10 step 2000/192: loss 5.002e-01
[20/04/26 23:20:22][src.callback.progress][INFO] - Epoch 10 step 2050/192: loss 4.841e-01
[20/04/26 23:20:32][src.callback.progress][INFO] - Epoch 10 step 2100/192: loss 4.635e-01
[20/04/26 23:20:36][src.callback.progress][INFO] - Epoch 10: v_recons 2.235e-01  recons 2.226e-01  v_loss 4.843e-01  loss 4.736e-01  v_latent 9.317e-01  latent 9.350e-01  v_kl 3.478e+01  kl 4.936e+01  v_contrastive 2.604e+00  contrastive 2.505e+00  v_t2m/len 1530  v_t2m/R01 6.98%  v_t2m/R02 12.47%  v_t2m/R03 16.2%  v_t2m/R05 22.75%  v_t2m/R10 33.2%  v_t2m/MedR 23.0%  v_m2t/len 1530  v_m2t/R01 7.25%  v_m2t/R02 12.47%  v_m2t/R03 16.72%  v_m2t/R05 23.32%  v_m2t/R10 35.36%  v_m2t/MedR 23.0%
[20/04/26 23:20:50][src.callback.progress][INFO] - Epoch 11 step 2150/192: loss 4.824e-01
[20/04/26 23:21:00][src.callback.progress][INFO] - Epoch 11 step 2200/192: loss 4.925e-01
[20/04/26 23:21:10][src.callback.progress][INFO] - Epoch 11 step 2250/192: loss 4.616e-01
[20/04/26 23:21:20][src.callback.progress][INFO] - Epoch 11 step 2300/192: loss 4.434e-01
[20/04/26 23:21:23][src.callback.progress][INFO] - Epoch 11: v_recons 2.217e-01  recons 2.194e-01  v_loss 4.704e-01  loss 4.630e-01  v_latent 9.184e-01  latent 9.295e-01  v_kl 3.086e+01  kl 4.879e+01  v_contrastive 2.484e+00  contrastive 2.430e+00  v_t2m/len 1530  v_t2m/R01 8.1%  v_t2m/R02 13.92%  v_t2m/R03 18.43%  v_t2m/R05 26.46%  v_t2m/R10 36.66%  v_t2m/MedR 19.0%  v_m2t/len 1530  v_m2t/R01 7.9%  v_m2t/R02 13.92%  v_m2t/R03 19.35%  v_m2t/R05 26.67%  v_m2t/R10 37.58%  v_m2t/MedR 20.5%
[20/04/26 23:21:38][src.callback.progress][INFO] - Epoch 12 step 2350/192: loss 4.726e-01
[20/04/26 23:21:48][src.callback.progress][INFO] - Epoch 12 step 2400/192: loss 4.954e-01
[20/04/26 23:21:59][src.callback.progress][INFO] - Epoch 12 step 2450/192: loss 4.754e-01
[20/04/26 23:22:10][src.callback.progress][INFO] - Epoch 12: v_recons 2.203e-01  recons 2.167e-01  v_loss 4.629e-01  loss 4.533e-01  v_latent 9.153e-01  latent 9.245e-01  v_kl 2.921e+01  kl 4.568e+01  v_contrastive 2.423e+00  contrastive 2.361e+00  v_t2m/len 1530  v_t2m/R01 7.19%  v_t2m/R02 13.32%  v_t2m/R03 17.05%  v_t2m/R05 24.18%  v_t2m/R10 36.59%  v_t2m/MedR 19.0%  v_m2t/len 1530  v_m2t/R01 8.17%  v_m2t/R02 13.19%  v_m2t/R03 17.19%  v_m2t/R05 25.42%  v_m2t/R10 36.08%  v_m2t/MedR 21.0%
[20/04/26 23:22:18][src.callback.progress][INFO] - Epoch 13 step 2500/192: loss 4.460e-01
[20/04/26 23:22:28][src.callback.progress][INFO] - Epoch 13 step 2550/192: loss 4.486e-01
[20/04/26 23:22:38][src.callback.progress][INFO] - Epoch 13 step 2600/192: loss 4.506e-01
[20/04/26 23:22:48][src.callback.progress][INFO] - Epoch 13 step 2650/192: loss 4.712e-01
[20/04/26 23:22:58][src.callback.progress][INFO] - Epoch 13: v_recons 2.183e-01  recons 2.144e-01  v_loss 4.562e-01  loss 4.429e-01  v_latent 9.036e-01  latent 9.176e-01  v_kl 2.485e+01  kl 4.312e+01  v_contrastive 2.377e+00  contrastive 2.280e+00  v_t2m/len 1530  v_t2m/R01 8.3%  v_t2m/R02 13.52%  v_t2m/R03 18.62%  v_t2m/R05 26.4%  v_t2m/R10 39.22%  v_t2m/MedR 17.0%  v_m2t/len 1530  v_m2t/R01 8.68%  v_m2t/R02 14.71%  v_m2t/R03 19.79%  v_m2t/R05 26.79%  v_m2t/R10 38.88%  v_m2t/MedR 18.0%
[20/04/26 23:23:07][src.callback.progress][INFO] - Epoch 14 step 2700/192: loss 4.749e-01
[20/04/26 23:23:17][src.callback.progress][INFO] - Epoch 14 step 2750/192: loss 4.376e-01
[20/04/26 23:23:27][src.callback.progress][INFO] - Epoch 14 step 2800/192: loss 4.579e-01
[20/04/26 23:23:38][src.callback.progress][INFO] - Epoch 14 step 2850/192: loss 4.157e-01
[20/04/26 23:23:45][src.callback.progress][INFO] - Epoch 14: v_recons 2.171e-01  recons 2.122e-01  v_loss 4.506e-01  loss 4.345e-01  v_latent 9.061e-01  latent 9.131e-01  v_kl 2.266e+01  kl 4.009e+01  v_contrastive 2.333e+00  contrastive 2.219e+00  v_t2m/len 1530  v_t2m/R01 8.1%  v_t2m/R02 13.85%  v_t2m/R03 19.67%  v_t2m/R05 27.12%  v_t2m/R10 41.83%  v_t2m/MedR 15.0%  v_m2t/len 1530  v_m2t/R01 7.9%  v_m2t/R02 14.25%  v_m2t/R03 18.76%  v_m2t/R05 26.86%  v_m2t/R10 40.06%  v_m2t/MedR 18.0%
[20/04/26 23:23:55][src.callback.progress][INFO] - Epoch 15 step 2900/192: loss 4.663e-01
[20/04/26 23:24:06][src.callback.progress][INFO] - Epoch 15 step 2950/192: loss 4.414e-01
[20/04/26 23:24:16][src.callback.progress][INFO] - Epoch 15 step 3000/192: loss 4.220e-01
[20/04/26 23:24:26][src.callback.progress][INFO] - Epoch 15 step 3050/192: loss 4.288e-01
[20/04/26 23:24:33][src.callback.progress][INFO] - Epoch 15: v_recons 2.144e-01  recons 2.098e-01  v_loss 4.382e-01  loss 4.247e-01  v_latent 8.943e-01  latent 9.063e-01  v_kl 2.101e+01  kl 3.738e+01  v_contrastive 2.236e+00  contrastive 2.146e+00  v_t2m/len 1530  v_t2m/R01 8.94%  v_t2m/R02 15.56%  v_t2m/R03 21.56%  v_t2m/R05 29.73%  v_t2m/R10 42.93%  v_t2m/MedR 15.0%  v_m2t/len 1530  v_m2t/R01 11.05%  v_m2t/R02 16.4%  v_m2t/R03 21.89%  v_m2t/R05 29.47%  v_m2t/R10 41.95%  v_m2t/MedR 15.0%
[20/04/26 23:24:44][src.callback.progress][INFO] - Epoch 16 step 3100/192: loss 4.515e-01
[20/04/26 23:24:55][src.callback.progress][INFO] - Epoch 16 step 3150/192: loss 4.604e-01
[20/04/26 23:25:05][src.callback.progress][INFO] - Epoch 16 step 3200/192: loss 4.169e-01
[20/04/26 23:25:15][src.callback.progress][INFO] - Epoch 16 step 3250/192: loss 4.465e-01
[20/04/26 23:25:20][src.callback.progress][INFO] - Epoch 16: v_recons 2.133e-01  recons 2.084e-01  v_loss 4.352e-01  loss 4.171e-01  v_latent 8.940e-01  latent 9.004e-01  v_kl 1.978e+01  kl 3.436e+01  v_contrastive 2.216e+00  contrastive 2.083e+00  v_t2m/len 1530  v_t2m/R01 10.59%  v_t2m/R02 16.4%  v_t2m/R03 22.15%  v_t2m/R05 30.52%  v_t2m/R10 44.31%  v_t2m/MedR 15.0%  v_m2t/len 1530  v_m2t/R01 11.05%  v_m2t/R02 18.1%  v_m2t/R03 22.75%  v_m2t/R05 31.04%  v_m2t/R10 43.72%  v_m2t/MedR 14.0%
[20/04/26 23:25:34][src.callback.progress][INFO] - Epoch 17 step 3300/192: loss 3.947e-01
[20/04/26 23:25:45][src.callback.progress][INFO] - Epoch 17 step 3350/192: loss 4.230e-01
[20/04/26 23:25:55][src.callback.progress][INFO] - Epoch 17 step 3400/192: loss 4.204e-01
[20/04/26 23:26:05][src.callback.progress][INFO] - Epoch 17 step 3450/192: loss 4.240e-01
[20/04/26 23:26:08][src.callback.progress][INFO] - Epoch 17: v_recons 2.110e-01  recons 2.061e-01  v_loss 4.265e-01  loss 4.093e-01  v_latent 8.920e-01  latent 8.949e-01  v_kl 1.824e+01  kl 3.068e+01  v_contrastive 2.153e+00  contrastive 2.028e+00  v_t2m/len 1530  v_t2m/R01 9.47%  v_t2m/R02 17.38%  v_t2m/R03 23.27%  v_t2m/R05 31.62%  v_t2m/R10 44.38%  v_t2m/MedR 13.0%  v_m2t/len 1530  v_m2t/R01 11.31%  v_m2t/R02 17.84%  v_m2t/R03 22.54%  v_m2t/R05 30.85%  v_m2t/R10 43.27%  v_m2t/MedR 15.0%
[20/04/26 23:26:23][src.callback.progress][INFO] - Epoch 18 step 3500/192: loss 3.746e-01
[20/04/26 23:26:34][src.callback.progress][INFO] - Epoch 18 step 3550/192: loss 3.822e-01
[20/04/26 23:26:44][src.callback.progress][INFO] - Epoch 18 step 3600/192: loss 4.296e-01
[20/04/26 23:26:55][src.callback.progress][INFO] - Epoch 18: v_recons 2.103e-01  recons 2.045e-01  v_loss 4.248e-01  loss 4.013e-01  v_latent 8.898e-01  latent 8.899e-01  v_kl 1.623e+01  kl 2.759e+01  v_contrastive 2.144e+00  contrastive 1.966e+00  v_t2m/len 1530  v_t2m/R01 9.22%  v_t2m/R02 16.2%  v_t2m/R03 22.09%  v_t2m/R05 30.26%  v_t2m/R10 45.81%  v_t2m/MedR 13.0%  v_m2t/len 1530  v_m2t/R01 10.77%  v_m2t/R02 16.86%  v_m2t/R03 22.75%  v_m2t/R05 31.3%  v_m2t/R10 43.45%  v_m2t/MedR 15.0%
[20/04/26 23:27:02][src.callback.progress][INFO] - Epoch 19 step 3650/192: loss 4.198e-01
[20/04/26 23:27:12][src.callback.progress][INFO] - Epoch 19 step 3700/192: loss 3.944e-01
[20/04/26 23:27:22][src.callback.progress][INFO] - Epoch 19 step 3750/192: loss 3.961e-01
[20/04/26 23:27:33][src.callback.progress][INFO] - Epoch 19 step 3800/192: loss 3.675e-01
[20/04/26 23:27:43][src.callback.progress][INFO] - Epoch 19: v_recons 2.087e-01  recons 2.033e-01  v_loss 4.157e-01  loss 3.954e-01  v_latent 8.804e-01  latent 8.859e-01  v_kl 1.526e+01  kl 2.478e+01  v_contrastive 2.069e+00  contrastive 1.919e+00  v_t2m/len 1530  v_t2m/R01 10.59%  v_t2m/R02 17.9%  v_t2m/R03 23.79%  v_t2m/R05 33.52%  v_t2m/R10 47.18%  v_t2m/MedR 12.0%  v_m2t/len 1530  v_m2t/R01 12.47%  v_m2t/R02 19.87%  v_m2t/R03 25.69%  v_m2t/R05 33.59%  v_m2t/R10 44.9%  v_m2t/MedR 13.0%
[20/04/26 23:27:52][src.callback.progress][INFO] - Epoch 20 step 3850/192: loss 4.001e-01
[20/04/26 23:28:03][src.callback.progress][INFO] - Epoch 20 step 3900/192: loss 3.815e-01
[20/04/26 23:28:13][src.callback.progress][INFO] - Epoch 20 step 3950/192: loss 3.651e-01
[20/04/26 23:28:23][src.callback.progress][INFO] - Epoch 20 step 4000/192: loss 4.217e-01
[20/04/26 23:28:32][src.callback.progress][INFO] - Epoch 20: v_recons 2.073e-01  recons 2.011e-01  v_loss 4.140e-01  loss 3.875e-01  v_latent 8.807e-01  latent 8.803e-01  v_kl 1.509e+01  kl 2.186e+01  v_contrastive 2.065e+00  contrastive 1.861e+00  v_t2m/len 1530  v_t2m/R01 11.05%  v_t2m/R02 18.76%  v_t2m/R03 23.59%  v_t2m/R05 32.61%  v_t2m/R10 47.38%  v_t2m/MedR 12.0%  v_m2t/len 1530  v_m2t/R01 12.81%  v_m2t/R02 21.37%  v_m2t/R03 26.13%  v_m2t/R05 33.06%  v_m2t/R10 45.95%  v_m2t/MedR 13.0%
[20/04/26 23:28:43][src.callback.progress][INFO] - Epoch 21 step 4050/192: loss 3.968e-01
[20/04/26 23:28:53][src.callback.progress][INFO] - Epoch 21 step 4100/192: loss 3.897e-01
[20/04/26 23:29:03][src.callback.progress][INFO] - Epoch 21 step 4150/192: loss 4.324e-01
[20/04/26 23:29:14][src.callback.progress][INFO] - Epoch 21 step 4200/192: loss 3.763e-01
[20/04/26 23:29:20][src.callback.progress][INFO] - Epoch 21: v_recons 2.071e-01  recons 1.996e-01  v_loss 4.118e-01  loss 3.822e-01  v_latent 8.829e-01  latent 8.789e-01  v_kl 1.426e+01  kl 2.032e+01  v_contrastive 2.045e+00  contrastive 1.823e+00  v_t2m/len 1530  v_t2m/R01 10.77%  v_t2m/R02 18.62%  v_t2m/R03 25.15%  v_t2m/R05 34.84%  v_t2m/R10 49.02%  v_t2m/MedR 11.0%  v_m2t/len 1530  v_m2t/R01 11.76%  v_m2t/R02 18.23%  v_m2t/R03 24.7%  v_m2t/R05 33.72%  v_m2t/R10 46.93%  v_m2t/MedR 13.0%
[20/04/26 23:29:31][src.callback.progress][INFO] - Epoch 22 step 4250/192: loss 3.672e-01
[20/04/26 23:29:42][src.callback.progress][INFO] - Epoch 22 step 4300/192: loss 3.728e-01
[20/04/26 23:29:52][src.callback.progress][INFO] - Epoch 22 step 4350/192: loss 4.197e-01
[20/04/26 23:30:02][src.callback.progress][INFO] - Epoch 22 step 4400/192: loss 3.630e-01
[20/04/26 23:30:07][src.callback.progress][INFO] - Epoch 22: v_recons 2.034e-01  recons 1.983e-01  v_loss 4.048e-01  loss 3.765e-01  v_latent 8.774e-01  latent 8.756e-01  v_kl 1.453e+01  kl 1.845e+01  v_contrastive 2.012e+00  contrastive 1.780e+00  v_t2m/len 1530  v_t2m/R01 10.59%  v_t2m/R02 17.12%  v_t2m/R03 23.53%  v_t2m/R05 33.86%  v_t2m/R10 47.9%  v_t2m/MedR 11.5%  v_m2t/len 1530  v_m2t/R01 11.69%  v_m2t/R02 18.69%  v_m2t/R03 23.13%  v_m2t/R05 32.61%  v_m2t/R10 46.59%  v_m2t/MedR 13.0%
[20/04/26 23:30:19][src.callback.progress][INFO] - Epoch 23 step 4450/192: loss 3.870e-01
[20/04/26 23:30:30][src.callback.progress][INFO] - Epoch 23 step 4500/192: loss 3.958e-01
[20/04/26 23:30:40][src.callback.progress][INFO] - Epoch 23 step 4550/192: loss 3.522e-01
[20/04/26 23:30:50][src.callback.progress][INFO] - Epoch 23 step 4600/192: loss 3.774e-01
[20/04/26 23:30:53][src.callback.progress][INFO] - Epoch 23: v_recons 2.032e-01  recons 1.965e-01  v_loss 3.996e-01  loss 3.691e-01  v_latent 8.720e-01  latent 8.696e-01  v_kl 1.354e+01  kl 1.725e+01  v_contrastive 1.962e+00  contrastive 1.724e+00  v_t2m/len 1530  v_t2m/R01 12.28%  v_t2m/R02 20.06%  v_t2m/R03 26.72%  v_t2m/R05 34.97%  v_t2m/R10 48.88%  v_t2m/MedR 11.0%  v_m2t/len 1530  v_m2t/R01 12.6%  v_m2t/R02 19.54%  v_m2t/R03 25.75%  v_m2t/R05 34.38%  v_m2t/R10 48.24%  v_m2t/MedR 12.0%
[20/04/26 23:31:08][src.callback.progress][INFO] - Epoch 24 step 4650/192: loss 3.446e-01
[20/04/26 23:31:18][src.callback.progress][INFO] - Epoch 24 step 4700/192: loss 3.496e-01
[20/04/26 23:31:28][src.callback.progress][INFO] - Epoch 24 step 4750/192: loss 3.332e-01
[20/04/26 23:31:38][src.callback.progress][INFO] - Epoch 24 step 4800/192: loss 3.374e-01
[20/04/26 23:31:40][src.callback.progress][INFO] - Epoch 24: v_recons 2.036e-01  recons 1.949e-01  v_loss 3.994e-01  loss 3.623e-01  v_latent 8.731e-01  latent 8.651e-01  v_kl 1.288e+01  kl 1.610e+01  v_contrastive 1.957e+00  contrastive 1.672e+00  v_t2m/len 1530  v_t2m/R01 13.32%  v_t2m/R02 20.71%  v_t2m/R03 25.62%  v_t2m/R05 33.79%  v_t2m/R10 47.84%  v_t2m/MedR 12.0%  v_m2t/len 1530  v_m2t/R01 13.06%  v_m2t/R02 19.73%  v_m2t/R03 24.77%  v_m2t/R05 34.18%  v_m2t/R10 47.18%  v_m2t/MedR 12.0%
[20/04/26 23:31:56][src.callback.progress][INFO] - Epoch 25 step 4850/192: loss 3.294e-01
[20/04/26 23:32:06][src.callback.progress][INFO] - Epoch 25 step 4900/192: loss 3.420e-01
[20/04/26 23:32:16][src.callback.progress][INFO] - Epoch 25 step 4950/192: loss 3.711e-01
[20/04/26 23:32:26][src.callback.progress][INFO] - Epoch 25: v_recons 2.010e-01  recons 1.935e-01  v_loss 3.947e-01  loss 3.566e-01  v_latent 8.660e-01  latent 8.618e-01  v_kl 1.272e+01  kl 1.543e+01  v_contrastive 1.935e+00  contrastive 1.630e+00  v_t2m/len 1530  v_t2m/R01 13.27%  v_t2m/R02 20.26%  v_t2m/R03 26.46%  v_t2m/R05 36.2%  v_t2m/R10 49.79%  v_t2m/MedR 11.0%  v_m2t/len 1530  v_m2t/R01 14.05%  v_m2t/R02 22.35%  v_m2t/R03 27.57%  v_m2t/R05 36.13%  v_m2t/R10 47.97%  v_m2t/MedR 12.0%
[20/04/26 23:32:34][src.callback.progress][INFO] - Epoch 26 step 5000/192: loss 3.614e-01
[20/04/26 23:32:44][src.callback.progress][INFO] - Epoch 26 step 5050/192: loss 3.456e-01
[20/04/26 23:32:54][src.callback.progress][INFO] - Epoch 26 step 5100/192: loss 3.475e-01
[20/04/26 23:33:04][src.callback.progress][INFO] - Epoch 26 step 5150/192: loss 3.620e-01
[20/04/26 23:33:13][src.callback.progress][INFO] - Epoch 26: v_recons 1.988e-01  recons 1.922e-01  v_loss 3.899e-01  loss 3.530e-01  v_latent 8.642e-01  latent 8.593e-01  v_kl 1.251e+01  kl 1.470e+01  v_contrastive 1.909e+00  contrastive 1.606e+00  v_t2m/len 1530  v_t2m/R01 12.6%  v_t2m/R02 21.11%  v_t2m/R03 27.12%  v_t2m/R05 36.99%  v_t2m/R10 50.97%  v_t2m/MedR 10.0%  v_m2t/len 1530  v_m2t/R01 15.75%  v_m2t/R02 22.61%  v_m2t/R03 28.5%  v_m2t/R05 36.86%  v_m2t/R10 49.61%  v_m2t/MedR 11.0%
[20/04/26 23:33:22][src.callback.progress][INFO] - Epoch 27 step 5200/192: loss 3.140e-01
[20/04/26 23:33:32][src.callback.progress][INFO] - Epoch 27 step 5250/192: loss 3.372e-01
[20/04/26 23:33:43][src.callback.progress][INFO] - Epoch 27 step 5300/192: loss 3.494e-01
[20/04/26 23:33:53][src.callback.progress][INFO] - Epoch 27 step 5350/192: loss 3.561e-01
[20/04/26 23:34:00][src.callback.progress][INFO] - Epoch 27: v_recons 2.000e-01  recons 1.912e-01  v_loss 3.897e-01  loss 3.481e-01  v_latent 8.625e-01  latent 8.544e-01  v_kl 1.211e+01  kl 1.415e+01  v_contrastive 1.896e+00  contrastive 1.567e+00  v_t2m/len 1530  v_t2m/R01 12.55%  v_t2m/R02 19.21%  v_t2m/R03 26.13%  v_t2m/R05 34.97%  v_t2m/R10 48.95%  v_t2m/MedR 11.0%  v_m2t/len 1530  v_m2t/R01 13.98%  v_m2t/R02 20.45%  v_m2t/R03 26.79%  v_m2t/R05 35.95%  v_m2t/R10 48.29%  v_m2t/MedR 12.0%
[20/04/26 23:34:12][src.callback.progress][INFO] - Epoch 28 step 5400/192: loss 3.383e-01
[20/04/26 23:34:22][src.callback.progress][INFO] - Epoch 28 step 5450/192: loss 3.432e-01
[20/04/26 23:34:32][src.callback.progress][INFO] - Epoch 28 step 5500/192: loss 3.432e-01
[20/04/26 23:34:42][src.callback.progress][INFO] - Epoch 28 step 5550/192: loss 3.315e-01
[20/04/26 23:34:47][src.callback.progress][INFO] - Epoch 28: v_recons 1.986e-01  recons 1.897e-01  v_loss 3.856e-01  loss 3.427e-01  v_latent 8.621e-01  latent 8.504e-01  v_kl 1.219e+01  kl 1.352e+01  v_contrastive 1.869e+00  contrastive 1.529e+00  v_t2m/len 1530  v_t2m/R01 12.55%  v_t2m/R02 20.45%  v_t2m/R03 27.45%  v_t2m/R05 37.77%  v_t2m/R10 51.63%  v_t2m/MedR 10.0%  v_m2t/len 1530  v_m2t/R01 13.01%  v_m2t/R02 20.85%  v_m2t/R03 27.64%  v_m2t/R05 35.56%  v_m2t/R10 48.75%  v_m2t/MedR 11.5%
[20/04/26 23:35:00][src.callback.progress][INFO] - Epoch 29 step 5600/192: loss 3.142e-01
[20/04/26 23:35:10][src.callback.progress][INFO] - Epoch 29 step 5650/192: loss 3.588e-01
[20/04/26 23:35:20][src.callback.progress][INFO] - Epoch 29 step 5700/192: loss 3.479e-01
[20/04/26 23:35:30][src.callback.progress][INFO] - Epoch 29 step 5750/192: loss 3.469e-01
[20/04/26 23:35:34][src.callback.progress][INFO] - Epoch 29: v_recons 1.976e-01  recons 1.887e-01  v_loss 3.884e-01  loss 3.394e-01  v_latent 8.653e-01  latent 8.484e-01  v_kl 1.187e+01  kl 1.299e+01  v_contrastive 1.906e+00  contrastive 1.506e+00  v_t2m/len 1530  v_t2m/R01 13.65%  v_t2m/R02 20.52%  v_t2m/R03 26.93%  v_t2m/R05 37.11%  v_t2m/R10 49.79%  v_t2m/MedR 11.0%  v_m2t/len 1530  v_m2t/R01 13.72%  v_m2t/R02 20.92%  v_m2t/R03 27.05%  v_m2t/R05 35.22%  v_m2t/R10 47.77%  v_m2t/MedR 12.0%
[20/04/26 23:35:48][src.callback.progress][INFO] - Epoch 30 step 5800/192: loss 3.066e-01
[20/04/26 23:35:58][src.callback.progress][INFO] - Epoch 30 step 5850/192: loss 3.460e-01
[20/04/26 23:36:08][src.callback.progress][INFO] - Epoch 30 step 5900/192: loss 3.242e-01
[20/04/26 23:36:18][src.callback.progress][INFO] - Epoch 30 step 5950/192: loss 3.506e-01
[20/04/26 23:36:20][src.callback.progress][INFO] - Epoch 30: v_recons 1.968e-01  recons 1.871e-01  v_loss 3.831e-01  loss 3.337e-01  v_latent 8.608e-01  latent 8.440e-01  v_kl 1.201e+01  kl 1.243e+01  v_contrastive 1.862e+00  contrastive 1.465e+00  v_t2m/len 1530  v_t2m/R01 14.51%  v_t2m/R02 21.56%  v_t2m/R03 28.37%  v_t2m/R05 37.38%  v_t2m/R10 52.09%  v_t2m/MedR 10.0%  v_m2t/len 1530  v_m2t/R01 14.57%  v_m2t/R02 22.21%  v_m2t/R03 26.72%  v_m2t/R05 36.4%  v_m2t/R10 48.29%  v_m2t/MedR 11.0%
[20/04/26 23:36:36][src.callback.progress][INFO] - Epoch 31 step 6000/192: loss 3.162e-01
[20/04/26 23:36:46][src.callback.progress][INFO] - Epoch 31 step 6050/192: loss 3.104e-01
[20/04/26 23:36:57][src.callback.progress][INFO] - Epoch 31 step 6100/192: loss 3.387e-01
[20/04/26 23:37:07][src.callback.progress][INFO] - Epoch 31: v_recons 1.971e-01  recons 1.859e-01  v_loss 3.822e-01  loss 3.299e-01  v_latent 8.582e-01  latent 8.417e-01  v_kl 1.177e+01  kl 1.209e+01  v_contrastive 1.850e+00  contrastive 1.438e+00  v_t2m/len 1530  v_t2m/R01 14.57%  v_t2m/R02 22.29%  v_t2m/R03 28.62%  v_t2m/R05 37.84%  v_t2m/R10 51.43%  v_t2m/MedR 10.0%  v_m2t/len 1530  v_m2t/R01 15.22%  v_m2t/R02 21.3%  v_m2t/R03 27.19%  v_m2t/R05 35.95%  v_m2t/R10 48.75%  v_m2t/MedR 11.0%
[20/04/26 23:37:14][src.callback.progress][INFO] - Epoch 32 step 6150/192: loss 2.875e-01
[20/04/26 23:37:24][src.callback.progress][INFO] - Epoch 32 step 6200/192: loss 3.303e-01
[20/04/26 23:37:34][src.callback.progress][INFO] - Epoch 32 step 6250/192: loss 2.961e-01
[20/04/26 23:37:45][src.callback.progress][INFO] - Epoch 32 step 6300/192: loss 3.054e-01
[20/04/26 23:37:54][src.callback.progress][INFO] - Epoch 32: v_recons 1.964e-01  recons 1.849e-01  v_loss 3.842e-01  loss 3.248e-01  v_latent 8.639e-01  latent 8.353e-01  v_kl 1.233e+01  kl 1.177e+01  v_contrastive 1.877e+00  contrastive 1.398e+00  v_t2m/len 1530  v_t2m/R01 13.59%  v_t2m/R02 21.18%  v_t2m/R03 27.52%  v_t2m/R05 35.88%  v_t2m/R10 49.02%  v_t2m/MedR 11.0%  v_m2t/len 1530  v_m2t/R01 15.02%  v_m2t/R02 21.37%  v_m2t/R03 27.7%  v_m2t/R05 35.68%  v_m2t/R10 47.84%  v_m2t/MedR 12.0%
[20/04/26 23:38:02][src.callback.progress][INFO] - Epoch 33 step 6350/192: loss 3.030e-01
[20/04/26 23:38:13][src.callback.progress][INFO] - Epoch 33 step 6400/192: loss 3.261e-01
[20/04/26 23:38:23][src.callback.progress][INFO] - Epoch 33 step 6450/192: loss 2.770e-01
[20/04/26 23:38:33][src.callback.progress][INFO] - Epoch 33 step 6500/192: loss 3.308e-01
[20/04/26 23:38:40][src.callback.progress][INFO] - Epoch 33: v_recons 1.938e-01  recons 1.837e-01  v_loss 3.792e-01  loss 3.226e-01  v_latent 8.544e-01  latent 8.336e-01  v_kl 1.177e+01  kl 1.163e+01  v_contrastive 1.852e+00  contrastive 1.388e+00  v_t2m/len 1530  v_t2m/R01 14.43%  v_t2m/R02 22.09%  v_t2m/R03 29.14%  v_t2m/R05 36.2%  v_t2m/R10 50.84%  v_t2m/MedR 10.0%  v_m2t/len 1530  v_m2t/R01 15.48%  v_m2t/R02 24.18%  v_m2t/R03 29.79%  v_m2t/R05 37.7%  v_m2t/R10 49.4%  v_m2t/MedR 11.0%
[20/04/26 23:38:50][src.callback.progress][INFO] - Epoch 34 step 6550/192: loss 3.154e-01
[20/04/26 23:39:01][src.callback.progress][INFO] - Epoch 34 step 6600/192: loss 3.458e-01
[20/04/26 23:39:11][src.callback.progress][INFO] - Epoch 34 step 6650/192: loss 3.250e-01
[20/04/26 23:39:21][src.callback.progress][INFO] - Epoch 34 step 6700/192: loss 3.394e-01
[20/04/26 23:39:26][src.callback.progress][INFO] - Epoch 34: v_recons 1.934e-01  recons 1.826e-01  v_loss 3.776e-01  loss 3.183e-01  v_latent 8.573e-01  latent 8.297e-01  v_kl 1.240e+01  kl 1.149e+01  v_contrastive 1.841e+00  contrastive 1.355e+00  v_t2m/len 1530  v_t2m/R01 13.78%  v_t2m/R02 21.11%  v_t2m/R03 26.6%  v_t2m/R05 35.41%  v_t2m/R10 50.33%  v_t2m/MedR 10.0%  v_m2t/len 1530  v_m2t/R01 14.57%  v_m2t/R02 20.97%  v_m2t/R03 28.76%  v_m2t/R05 36.59%  v_m2t/R10 49.08%  v_m2t/MedR 11.0%
[20/04/26 23:39:39][src.callback.progress][INFO] - Epoch 35 step 6750/192: loss 3.146e-01
[20/04/26 23:39:49][src.callback.progress][INFO] - Epoch 35 step 6800/192: loss 2.982e-01
[20/04/26 23:39:59][src.callback.progress][INFO] - Epoch 35 step 6850/192: loss 3.065e-01
[20/04/26 23:40:09][src.callback.progress][INFO] - Epoch 35 step 6900/192: loss 3.181e-01
[20/04/26 23:40:13][src.callback.progress][INFO] - Epoch 35: v_recons 1.927e-01  recons 1.814e-01  v_loss 3.768e-01  loss 3.131e-01  v_latent 8.543e-01  latent 8.249e-01  v_kl 1.246e+01  kl 1.136e+01  v_contrastive 1.839e+00  contrastive 1.315e+00  v_t2m/len 1530  v_t2m/R01 13.65%  v_t2m/R02 22.03%  v_t2m/R03 28.17%  v_t2m/R05 36.2%  v_t2m/R10 51.18%  v_t2m/MedR 10.0%  v_m2t/len 1530  v_m2t/R01 15.81%  v_m2t/R02 21.95%  v_m2t/R03 28.76%  v_m2t/R05 35.15%  v_m2t/R10 49.08%  v_m2t/MedR 11.0%
[20/04/26 23:40:27][src.callback.progress][INFO] - Epoch 36 step 6950/192: loss 3.220e-01
[20/04/26 23:40:37][src.callback.progress][INFO] - Epoch 36 step 7000/192: loss 3.048e-01
[20/04/26 23:40:47][src.callback.progress][INFO] - Epoch 36 step 7050/192: loss 3.567e-01
[20/04/26 23:40:57][src.callback.progress][INFO] - Epoch 36 step 7100/192: loss 3.148e-01
[20/04/26 23:41:00][src.callback.progress][INFO] - Epoch 36: v_recons 1.930e-01  recons 1.804e-01  v_loss 3.718e-01  loss 3.098e-01  v_latent 8.495e-01  latent 8.208e-01  v_kl 1.295e+01  kl 1.141e+01  v_contrastive 1.786e+00  contrastive 1.293e+00  v_t2m/len 1530  v_t2m/R01 14.57%  v_t2m/R02 21.56%  v_t2m/R03 28.43%  v_t2m/R05 38.63%  v_t2m/R10 52.54%  v_t2m/MedR 10.0%  v_m2t/len 1530  v_m2t/R01 15.22%  v_m2t/R02 22.21%  v_m2t/R03 28.23%  v_m2t/R05 37.31%  v_m2t/R10 51.56%  v_m2t/MedR 9.0%
[20/04/26 23:41:15][src.callback.progress][INFO] - Epoch 37 step 7150/192: loss 2.963e-01
[20/04/26 23:41:25][src.callback.progress][INFO] - Epoch 37 step 7200/192: loss 3.383e-01
[20/04/26 23:41:35][src.callback.progress][INFO] - Epoch 37 step 7250/192: loss 2.744e-01
[20/04/26 23:41:46][src.callback.progress][INFO] - Epoch 37: v_recons 1.921e-01  recons 1.794e-01  v_loss 3.720e-01  loss 3.064e-01  v_latent 8.454e-01  latent 8.173e-01  v_kl 1.320e+01  kl 1.150e+01  v_contrastive 1.798e+00  contrastive 1.269e+00  v_t2m/len 1530  v_t2m/R01 13.92%  v_t2m/R02 20.71%  v_t2m/R03 28.29%  v_t2m/R05 36.86%  v_t2m/R10 51.63%  v_t2m/MedR 10.0%  v_m2t/len 1530  v_m2t/R01 14.84%  v_m2t/R02 21.5%  v_m2t/R03 27.25%  v_m2t/R05 35.68%  v_m2t/R10 50.06%  v_m2t/MedR 10.0%
[20/04/26 23:41:52][src.callback.progress][INFO] - Epoch 38 step 7300/192: loss 3.074e-01
[20/04/26 23:42:03][src.callback.progress][INFO] - Epoch 38 step 7350/192: loss 3.449e-01
[20/04/26 23:42:13][src.callback.progress][INFO] - Epoch 38 step 7400/192: loss 3.179e-01
[20/04/26 23:42:23][src.callback.progress][INFO] - Epoch 38 step 7450/192: loss 2.969e-01
[20/04/26 23:42:32][src.callback.progress][INFO] - Epoch 38: v_recons 1.914e-01  recons 1.785e-01  v_loss 3.691e-01  loss 3.032e-01  v_latent 8.413e-01  latent 8.123e-01  v_kl 1.339e+01  kl 1.140e+01  v_contrastive 1.776e+00  contrastive 1.245e+00  v_t2m/len 1530  v_t2m/R01 14.51%  v_t2m/R02 23.06%  v_t2m/R03 29.87%  v_t2m/R05 38.29%  v_t2m/R10 52.68%  v_t2m/MedR 9.0%  v_m2t/len 1530  v_m2t/R01 15.48%  v_m2t/R02 22.47%  v_m2t/R03 28.5%  v_m2t/R05 37.18%  v_m2t/R10 50.25%  v_m2t/MedR 10.0%
[20/04/26 23:42:40][src.callback.progress][INFO] - Epoch 39 step 7500/192: loss 3.158e-01
[20/04/26 23:42:50][src.callback.progress][INFO] - Epoch 39 step 7550/192: loss 2.940e-01
[20/04/26 23:43:01][src.callback.progress][INFO] - Epoch 39 step 7600/192: loss 2.882e-01
[20/04/26 23:43:11][src.callback.progress][INFO] - Epoch 39 step 7650/192: loss 3.078e-01
[20/04/26 23:43:19][src.callback.progress][INFO] - Epoch 39: v_recons 1.914e-01  recons 1.775e-01  v_loss 3.707e-01  loss 2.987e-01  v_latent 8.402e-01  latent 8.069e-01  v_kl 1.364e+01  kl 1.146e+01  v_contrastive 1.791e+00  contrastive 1.211e+00  v_t2m/len 1530  v_t2m/R01 14.05%  v_t2m/R02 22.42%  v_t2m/R03 28.23%  v_t2m/R05 36.79%  v_t2m/R10 50.91%  v_t2m/MedR 10.0%  v_m2t/len 1530  v_m2t/R01 16.13%  v_m2t/R02 23.59%  v_m2t/R03 30.59%  v_m2t/R05 37.84%  v_m2t/R10 49.74%  v_m2t/MedR 11.0%
[20/04/26 23:43:29][src.callback.progress][INFO] - Epoch 40 step 7700/192: loss 2.950e-01
[20/04/26 23:43:39][src.callback.progress][INFO] - Epoch 40 step 7750/192: loss 3.187e-01
[20/04/26 23:43:49][src.callback.progress][INFO] - Epoch 40 step 7800/192: loss 3.037e-01
[20/04/26 23:43:59][src.callback.progress][INFO] - Epoch 40 step 7850/192: loss 3.140e-01
[20/04/26 23:44:05][src.callback.progress][INFO] - Epoch 40: v_recons 1.901e-01  recons 1.764e-01  v_loss 3.678e-01  loss 2.940e-01  v_latent 8.365e-01  latent 7.997e-01  v_kl 1.401e+01  kl 1.143e+01  v_contrastive 1.776e+00  contrastive 1.175e+00  v_t2m/len 1530  v_t2m/R01 14.84%  v_t2m/R02 23.01%  v_t2m/R03 29.02%  v_t2m/R05 38.43%  v_t2m/R10 52.29%  v_t2m/MedR 10.0%  v_m2t/len 1530  v_m2t/R01 16.2%  v_m2t/R02 22.87%  v_m2t/R03 29.87%  v_m2t/R05 37.7%  v_m2t/R10 50.0%  v_m2t/MedR 10.5%
[20/04/26 23:44:16][src.callback.progress][INFO] - Epoch 41 step 7900/192: loss 2.849e-01
[20/04/26 23:44:26][src.callback.progress][INFO] - Epoch 41 step 7950/192: loss 2.842e-01
[20/04/26 23:44:37][src.callback.progress][INFO] - Epoch 41 step 8000/192: loss 2.518e-01
[20/04/26 23:44:47][src.callback.progress][INFO] - Epoch 41 step 8050/192: loss 2.778e-01
[20/04/26 23:44:51][src.callback.progress][INFO] - Epoch 41: v_recons 1.900e-01  recons 1.755e-01  v_loss 3.662e-01  loss 2.921e-01  v_latent 8.337e-01  latent 7.957e-01  v_kl 1.413e+01  kl 1.148e+01  v_contrastive 1.761e+00  contrastive 1.165e+00  v_t2m/len 1530  v_t2m/R01 13.01%  v_t2m/R02 20.26%  v_t2m/R03 28.17%  v_t2m/R05 37.45%  v_t2m/R10 52.88%  v_t2m/MedR 9.0%  v_m2t/len 1530  v_m2t/R01 16.67%  v_m2t/R02 22.61%  v_m2t/R03 29.07%  v_m2t/R05 36.79%  v_m2t/R10 50.84%  v_m2t/MedR 10.0%
[20/04/26 23:45:04][src.callback.progress][INFO] - Epoch 42 step 8100/192: loss 2.768e-01
[20/04/26 23:45:14][src.callback.progress][INFO] - Epoch 42 step 8150/192: loss 3.064e-01
[20/04/26 23:45:24][src.callback.progress][INFO] - Epoch 42 step 8200/192: loss 2.861e-01
[20/04/26 23:45:35][src.callback.progress][INFO] - Epoch 42 step 8250/192: loss 2.738e-01
[20/04/26 23:45:38][src.callback.progress][INFO] - Epoch 42: v_recons 1.897e-01  recons 1.744e-01  v_loss 3.688e-01  loss 2.879e-01  v_latent 8.289e-01  latent 7.903e-01  v_kl 1.436e+01  kl 1.159e+01  v_contrastive 1.789e+00  contrastive 1.134e+00  v_t2m/len 1530  v_t2m/R01 16.27%  v_t2m/R02 23.27%  v_t2m/R03 29.07%  v_t2m/R05 38.29%  v_t2m/R10 53.59%  v_t2m/MedR 9.0%  v_m2t/len 1530  v_m2t/R01 17.57%  v_m2t/R02 24.63%  v_m2t/R03 30.78%  v_m2t/R05 38.16%  v_m2t/R10 50.59%  v_m2t/MedR 10.0%
[20/04/26 23:45:53][src.callback.progress][INFO] - Epoch 43 step 8300/192: loss 2.536e-01
[20/04/26 23:46:03][src.callback.progress][INFO] - Epoch 43 step 8350/192: loss 2.888e-01
[20/04/26 23:46:13][src.callback.progress][INFO] - Epoch 43 step 8400/192: loss 2.454e-01
[20/04/26 23:46:25][src.callback.progress][INFO] - Epoch 43: v_recons 1.896e-01  recons 1.740e-01  v_loss 3.703e-01  loss 2.853e-01  v_latent 8.326e-01  latent 7.853e-01  v_kl 1.470e+01  kl 1.156e+01  v_contrastive 1.805e+00  contrastive 1.111e+00  v_t2m/len 1530  v_t2m/R01 13.78%  v_t2m/R02 20.64%  v_t2m/R03 28.69%  v_t2m/R05 38.5%  v_t2m/R10 51.83%  v_t2m/MedR 10.0%  v_m2t/len 1530  v_m2t/R01 15.61%  v_m2t/R02 22.75%  v_m2t/R03 29.47%  v_m2t/R05 37.18%  v_m2t/R10 50.33%  v_m2t/MedR 10.0%
[20/04/26 23:46:30][src.callback.progress][INFO] - Epoch 44 step 8450/192: loss 2.798e-01
[20/04/26 23:46:40][src.callback.progress][INFO] - Epoch 44 step 8500/192: loss 2.850e-01
[20/04/26 23:46:50][src.callback.progress][INFO] - Epoch 44 step 8550/192: loss 2.824e-01
[20/04/26 23:47:00][src.callback.progress][INFO] - Epoch 44 step 8600/192: loss 3.089e-01
[20/04/26 23:47:10][src.callback.progress][INFO] - Epoch 44: v_recons 1.885e-01  recons 1.728e-01  v_loss 3.640e-01  loss 2.825e-01  v_latent 8.276e-01  latent 7.806e-01  v_kl 1.502e+01  kl 1.152e+01  v_contrastive 1.753e+00  contrastive 1.096e+00  v_t2m/len 1530  v_t2m/R01 16.07%  v_t2m/R02 23.39%  v_t2m/R03 29.14%  v_t2m/R05 37.97%  v_t2m/R10 52.75%  v_t2m/MedR 9.0%  v_m2t/len 1530  v_m2t/R01 16.72%  v_m2t/R02 23.06%  v_m2t/R03 30.38%  v_m2t/R05 38.5%  v_m2t/R10 50.72%  v_m2t/MedR 10.0%
[20/04/26 23:47:18][src.callback.progress][INFO] - Epoch 45 step 8650/192: loss 2.910e-01
[20/04/26 23:47:28][src.callback.progress][INFO] - Epoch 45 step 8700/192: loss 2.874e-01
[20/04/26 23:47:38][src.callback.progress][INFO] - Epoch 45 step 8750/192: loss 2.547e-01
[20/04/26 23:47:48][src.callback.progress][INFO] - Epoch 45 step 8800/192: loss 2.705e-01
[20/04/26 23:47:56][src.callback.progress][INFO] - Epoch 45: v_recons 1.889e-01  recons 1.718e-01  v_loss 3.664e-01  loss 2.783e-01  v_latent 8.270e-01  latent 7.758e-01  v_kl 1.512e+01  kl 1.152e+01  v_contrastive 1.774e+00  contrastive 1.064e+00  v_t2m/len 1530  v_t2m/R01 15.28%  v_t2m/R02 22.8%  v_t2m/R03 30.0%  v_t2m/R05 38.29%  v_t2m/R10 53.2%  v_t2m/MedR 9.0%  v_m2t/len 1530  v_m2t/R01 16.13%  v_m2t/R02 21.04%  v_m2t/R03 28.37%  v_m2t/R05 36.79%  v_m2t/R10 50.45%  v_m2t/MedR 10.0%
[20/04/26 23:48:06][src.callback.progress][INFO] - Epoch 46 step 8850/192: loss 2.516e-01
[20/04/26 23:48:16][src.callback.progress][INFO] - Epoch 46 step 8900/192: loss 2.707e-01
[20/04/26 23:48:26][src.callback.progress][INFO] - Epoch 46 step 8950/192: loss 2.923e-01
[20/04/26 23:48:36][src.callback.progress][INFO] - Epoch 46 step 9000/192: loss 2.637e-01
[20/04/26 23:48:43][src.callback.progress][INFO] - Epoch 46: v_recons 1.883e-01  recons 1.711e-01  v_loss 3.650e-01  loss 2.759e-01  v_latent 8.233e-01  latent 7.726e-01  v_kl 1.522e+01  kl 1.181e+01  v_contrastive 1.765e+00  contrastive 1.047e+00  v_t2m/len 1530  v_t2m/R01 14.43%  v_t2m/R02 21.56%  v_t2m/R03 29.67%  v_t2m/R05 37.84%  v_t2m/R10 52.54%  v_t2m/MedR 9.0%  v_m2t/len 1530  v_m2t/R01 17.05%  v_m2t/R02 23.59%  v_m2t/R03 30.97%  v_m2t/R05 38.95%  v_m2t/R10 49.93%  v_m2t/MedR 11.0%
[20/04/26 23:48:54][src.callback.progress][INFO] - Epoch 47 step 9050/192: loss 2.783e-01
[20/04/26 23:49:04][src.callback.progress][INFO] - Epoch 47 step 9100/192: loss 2.713e-01
[20/04/26 23:49:15][src.callback.progress][INFO] - Epoch 47 step 9150/192: loss 2.560e-01
[20/04/26 23:49:25][src.callback.progress][INFO] - Epoch 47 step 9200/192: loss 2.946e-01
[20/04/26 23:49:30][src.callback.progress][INFO] - Epoch 47: v_recons 1.882e-01  recons 1.706e-01  v_loss 3.646e-01  loss 2.735e-01  v_latent 8.203e-01  latent 7.674e-01  v_kl 1.523e+01  kl 1.173e+01  v_contrastive 1.763e+00  contrastive 1.028e+00  v_t2m/len 1530  v_t2m/R01 15.61%  v_t2m/R02 23.27%  v_t2m/R03 29.35%  v_t2m/R05 37.7%  v_t2m/R10 50.52%  v_t2m/MedR 10.0%  v_m2t/len 1530  v_m2t/R01 17.64%  v_m2t/R02 23.01%  v_m2t/R03 30.78%  v_m2t/R05 38.88%  v_m2t/R10 49.79%  v_m2t/MedR 11.0%
[20/04/26 23:49:43][src.callback.progress][INFO] - Epoch 48 step 9250/192: loss 2.612e-01
[20/04/26 23:49:53][src.callback.progress][INFO] - Epoch 48 step 9300/192: loss 2.874e-01
[20/04/26 23:50:03][src.callback.progress][INFO] - Epoch 48 step 9350/192: loss 2.526e-01
[20/04/26 23:50:13][src.callback.progress][INFO] - Epoch 48 step 9400/192: loss 2.771e-01
[20/04/26 23:50:16][src.callback.progress][INFO] - Epoch 48: v_recons 1.879e-01  recons 1.698e-01  v_loss 3.608e-01  loss 2.701e-01  v_latent 8.168e-01  latent 7.640e-01  v_kl 1.577e+01  kl 1.194e+01  v_contrastive 1.728e+00  contrastive 1.002e+00  v_t2m/len 1530  v_t2m/R01 15.81%  v_t2m/R02 23.13%  v_t2m/R03 31.04%  v_t2m/R05 38.95%  v_t2m/R10 52.34%  v_t2m/MedR 10.0%  v_m2t/len 1530  v_m2t/R01 18.17%  v_m2t/R02 24.04%  v_m2t/R03 30.92%  v_m2t/R05 39.15%  v_m2t/R10 50.65%  v_m2t/MedR 10.0%
[20/04/26 23:50:32][src.callback.progress][INFO] - Epoch 49 step 9450/192: loss 2.467e-01
[20/04/26 23:50:42][src.callback.progress][INFO] - Epoch 49 step 9500/192: loss 2.598e-01
[20/04/26 23:50:52][src.callback.progress][INFO] - Epoch 49 step 9550/192: loss 2.780e-01
[20/04/26 23:51:02][src.callback.progress][INFO] - Epoch 49 step 9600/192: loss 2.240e-01
[20/04/26 23:51:04][src.callback.progress][INFO] - Epoch 49: v_recons 1.867e-01  recons 1.689e-01  v_loss 3.623e-01  loss 2.669e-01  v_latent 8.169e-01  latent 7.604e-01  v_kl 1.581e+01  kl 1.166e+01  v_contrastive 1.755e+00  contrastive 9.785e-01  v_t2m/len 1530  v_t2m/R01 14.38%  v_t2m/R02 21.89%  v_t2m/R03 29.79%  v_t2m/R05 40.06%  v_t2m/R10 52.29%  v_t2m/MedR 9.0%  v_m2t/len 1530  v_m2t/R01 16.98%  v_m2t/R02 22.68%  v_m2t/R03 29.28%  v_m2t/R05 37.52%  v_m2t/R10 50.2%  v_m2t/MedR 10.0%
[20/04/26 23:51:20][src.callback.progress][INFO] - Epoch 50 step 9650/192: loss 2.811e-01
[20/04/26 23:51:30][src.callback.progress][INFO] - Epoch 50 step 9700/192: loss 2.640e-01
[20/04/26 23:51:40][src.callback.progress][INFO] - Epoch 50 step 9750/192: loss 2.489e-01
[20/04/26 23:51:51][src.callback.progress][INFO] - Epoch 50: v_recons 1.857e-01  recons 1.681e-01  v_loss 3.600e-01  loss 2.647e-01  v_latent 8.149e-01  latent 7.570e-01  v_kl 1.544e+01  kl 1.173e+01  v_contrastive 1.741e+00  contrastive 9.647e-01  v_t2m/len 1530  v_t2m/R01 16.01%  v_t2m/R02 22.42%  v_t2m/R03 30.12%  v_t2m/R05 39.4%  v_t2m/R10 51.95%  v_t2m/MedR 9.0%  v_m2t/len 1530  v_m2t/R01 17.31%  v_m2t/R02 23.98%  v_m2t/R03 29.93%  v_m2t/R05 38.36%  v_m2t/R10 51.5%  v_m2t/MedR 10.0%
[20/04/26 23:51:58][src.callback.progress][INFO] - Epoch 51 step 9800/192: loss 2.703e-01
[20/04/26 23:52:08][src.callback.progress][INFO] - Epoch 51 step 9850/192: loss 2.583e-01
[20/04/26 23:52:18][src.callback.progress][INFO] - Epoch 51 step 9900/192: loss 2.423e-01
[20/04/26 23:52:28][src.callback.progress][INFO] - Epoch 51 step 9950/192: loss 2.545e-01
[20/04/26 23:52:36][src.callback.progress][INFO] - Epoch 51: v_recons 1.863e-01  recons 1.676e-01  v_loss 3.604e-01  loss 2.627e-01  v_latent 8.190e-01  latent 7.545e-01  v_kl 1.649e+01  kl 1.201e+01  v_contrastive 1.739e+00  contrastive 9.495e-01  v_t2m/len 1530  v_t2m/R01 16.07%  v_t2m/R02 22.15%  v_t2m/R03 29.61%  v_t2m/R05 38.63%  v_t2m/R10 52.93%  v_t2m/MedR 9.0%  v_m2t/len 1530  v_m2t/R01 17.96%  v_m2t/R02 23.59%  v_m2t/R03 30.12%  v_m2t/R05 38.68%  v_m2t/R10 50.38%  v_m2t/MedR 10.0%
[20/04/26 23:52:46][src.callback.progress][INFO] - Epoch 52 step 10000/192: loss 2.623e-01
[20/04/26 23:52:56][src.callback.progress][INFO] - Epoch 52 step 10050/192: loss 2.706e-01
[20/04/26 23:53:06][src.callback.progress][INFO] - Epoch 52 step 10100/192: loss 2.557e-01
[20/04/26 23:53:16][src.callback.progress][INFO] - Epoch 52 step 10150/192: loss 2.815e-01
[20/04/26 23:53:23][src.callback.progress][INFO] - Epoch 52: v_recons 1.867e-01  recons 1.669e-01  v_loss 3.570e-01  loss 2.610e-01  v_latent 8.123e-01  latent 7.530e-01  v_kl 1.611e+01  kl 1.206e+01  v_contrastive 1.701e+00  contrastive 9.397e-01  v_t2m/len 1530  v_t2m/R01 15.56%  v_t2m/R02 22.47%  v_t2m/R03 29.14%  v_t2m/R05 37.77%  v_t2m/R10 53.27%  v_t2m/MedR 9.0%  v_m2t/len 1530  v_m2t/R01 17.38%  v_m2t/R02 22.8%  v_m2t/R03 29.47%  v_m2t/R05 38.09%  v_m2t/R10 51.18%  v_m2t/MedR 10.0%
[20/04/26 23:53:33][src.callback.progress][INFO] - Epoch 53 step 10200/192: loss 2.431e-01
[20/04/26 23:53:43][src.callback.progress][INFO] - Epoch 53 step 10250/192: loss 2.467e-01
[20/04/26 23:53:53][src.callback.progress][INFO] - Epoch 53 step 10300/192: loss 2.758e-01
[20/04/26 23:54:03][src.callback.progress][INFO] - Epoch 53 step 10350/192: loss 3.209e-01
[20/04/26 23:54:08][src.callback.progress][INFO] - Epoch 53: v_recons 1.868e-01  recons 1.659e-01  v_loss 3.619e-01  loss 2.582e-01  v_latent 8.174e-01  latent 7.507e-01  v_kl 1.647e+01  kl 1.212e+01  v_contrastive 1.749e+00  contrastive 9.214e-01  v_t2m/len 1530  v_t2m/R01 14.18%  v_t2m/R02 23.13%  v_t2m/R03 29.73%  v_t2m/R05 39.34%  v_t2m/R10 54.5%  v_t2m/MedR 9.0%  v_m2t/len 1530  v_m2t/R01 16.93%  v_m2t/R02 22.87%  v_m2t/R03 30.12%  v_m2t/R05 39.02%  v_m2t/R10 50.33%  v_m2t/MedR 10.0%
[20/04/26 23:54:20][src.callback.progress][INFO] - Epoch 54 step 10400/192: loss 2.651e-01
[20/04/26 23:54:30][src.callback.progress][INFO] - Epoch 54 step 10450/192: loss 2.778e-01
[20/04/26 23:54:40][src.callback.progress][INFO] - Epoch 54 step 10500/192: loss 2.397e-01
[20/04/26 23:54:50][src.callback.progress][INFO] - Epoch 54 step 10550/192: loss 2.295e-01
[20/04/26 23:54:54][src.callback.progress][INFO] - Epoch 54: v_recons 1.873e-01  recons 1.655e-01  v_loss 3.611e-01  loss 2.551e-01  v_latent 8.185e-01  latent 7.461e-01  v_kl 1.683e+01  kl 1.210e+01  v_contrastive 1.736e+00  contrastive 8.954e-01  v_t2m/len 1530  v_t2m/R01 16.2%  v_t2m/R02 23.27%  v_t2m/R03 29.73%  v_t2m/R05 38.36%  v_t2m/R10 51.56%  v_t2m/MedR 9.5%  v_m2t/len 1530  v_m2t/R01 16.72%  v_m2t/R02 23.2%  v_m2t/R03 31.18%  v_m2t/R05 39.08%  v_m2t/R10 50.2%  v_m2t/MedR 10.0%
[20/04/26 23:55:07][src.callback.progress][INFO] - Epoch 55 step 10600/192: loss 2.350e-01
[20/04/26 23:55:17][src.callback.progress][INFO] - Epoch 55 step 10650/192: loss 2.595e-01
[20/04/26 23:55:27][src.callback.progress][INFO] - Epoch 55 step 10700/192: loss 2.316e-01
[20/04/26 23:55:37][src.callback.progress][INFO] - Epoch 55 step 10750/192: loss 2.490e-01
[20/04/26 23:55:39][src.callback.progress][INFO] - Epoch 55: v_recons 1.845e-01  recons 1.646e-01  v_loss 3.577e-01  loss 2.532e-01  v_latent 8.153e-01  latent 7.451e-01  v_kl 1.683e+01  kl 1.208e+01  v_contrastive 1.730e+00  contrastive 8.840e-01  v_t2m/len 1530  v_t2m/R01 17.19%  v_t2m/R02 24.89%  v_t2m/R03 32.15%  v_t2m/R05 40.0%  v_t2m/R10 53.99%  v_t2m/MedR 9.0%  v_m2t/len 1530  v_m2t/R01 17.84%  v_m2t/R02 24.18%  v_m2t/R03 30.26%  v_m2t/R05 39.15%  v_m2t/R10 51.5%  v_m2t/MedR 10.0%
[20/04/26 23:55:56][src.callback.progress][INFO] - Epoch 56 step 10800/192: loss 2.384e-01
[20/04/26 23:56:06][src.callback.progress][INFO] - Epoch 56 step 10850/192: loss 2.619e-01
[20/04/26 23:56:16][src.callback.progress][INFO] - Epoch 56 step 10900/192: loss 2.552e-01
[20/04/26 23:56:26][src.callback.progress][INFO] - Epoch 56: v_recons 1.851e-01  recons 1.639e-01  v_loss 3.577e-01  loss 2.508e-01  v_latent 8.166e-01  latent 7.434e-01  v_kl 1.732e+01  kl 1.225e+01  v_contrastive 1.724e+00  contrastive 8.676e-01  v_t2m/len 1530  v_t2m/R01 16.93%  v_t2m/R02 23.72%  v_t2m/R03 29.61%  v_t2m/R05 39.66%  v_t2m/R10 53.27%  v_t2m/MedR 9.0%  v_m2t/len 1530  v_m2t/R01 17.19%  v_m2t/R02 22.29%  v_m2t/R03 29.61%  v_m2t/R05 38.16%  v_m2t/R10 51.63%  v_m2t/MedR 10.0%
[20/04/26 23:56:33][src.callback.progress][INFO] - Epoch 57 step 10950/192: loss 2.226e-01
[20/04/26 23:56:43][src.callback.progress][INFO] - Epoch 57 step 11000/192: loss 2.356e-01
[20/04/26 23:56:53][src.callback.progress][INFO] - Epoch 57 step 11050/192: loss 2.417e-01
[20/04/26 23:57:03][src.callback.progress][INFO] - Epoch 57 step 11100/192: loss 2.462e-01
[20/04/26 23:57:12][src.callback.progress][INFO] - Epoch 57: v_recons 1.860e-01  recons 1.634e-01  v_loss 3.591e-01  loss 2.496e-01  v_latent 8.191e-01  latent 7.425e-01  v_kl 1.782e+01  kl 1.254e+01  v_contrastive 1.730e+00  contrastive 8.609e-01  v_t2m/len 1530  v_t2m/R01 15.61%  v_t2m/R02 22.15%  v_t2m/R03 28.29%  v_t2m/R05 37.65%  v_t2m/R10 51.75%  v_t2m/MedR 10.0%  v_m2t/len 1530  v_m2t/R01 17.96%  v_m2t/R02 24.37%  v_m2t/R03 30.45%  v_m2t/R05 37.58%  v_m2t/R10 49.47%  v_m2t/MedR 11.0%
[20/04/26 23:57:21][src.callback.progress][INFO] - Epoch 58 step 11150/192: loss 2.439e-01
[20/04/26 23:57:31][src.callback.progress][INFO] - Epoch 58 step 11200/192: loss 2.397e-01
[20/04/26 23:57:41][src.callback.progress][INFO] - Epoch 58 step 11250/192: loss 2.704e-01
[20/04/26 23:57:51][src.callback.progress][INFO] - Epoch 58 step 11300/192: loss 2.528e-01
[20/04/26 23:57:58][src.callback.progress][INFO] - Epoch 58: v_recons 1.852e-01  recons 1.629e-01  v_loss 3.557e-01  loss 2.468e-01  v_latent 8.138e-01  latent 7.397e-01  v_kl 1.760e+01  kl 1.267e+01  v_contrastive 1.703e+00  contrastive 8.369e-01  v_t2m/len 1530  v_t2m/R01 16.2%  v_t2m/R02 23.45%  v_t2m/R03 29.35%  v_t2m/R05 38.56%  v_t2m/R10 51.95%  v_t2m/MedR 9.0%  v_m2t/len 1530  v_m2t/R01 17.25%  v_m2t/R02 22.54%  v_m2t/R03 31.23%  v_m2t/R05 38.95%  v_m2t/R10 51.95%  v_m2t/MedR 9.0%
[20/04/26 23:58:09][src.callback.progress][INFO] - Epoch 59 step 11350/192: loss 2.302e-01
[20/04/26 23:58:19][src.callback.progress][INFO] - Epoch 59 step 11400/192: loss 2.533e-01
[20/04/26 23:58:30][src.callback.progress][INFO] - Epoch 59 step 11450/192: loss 2.417e-01
[20/04/26 23:58:40][src.callback.progress][INFO] - Epoch 59 step 11500/192: loss 2.306e-01
[20/04/26 23:58:45][src.callback.progress][INFO] - Epoch 59: v_recons 1.839e-01  recons 1.622e-01  v_loss 3.566e-01  loss 2.449e-01  v_latent 8.199e-01  latent 7.371e-01  v_kl 1.807e+01  kl 1.271e+01  v_contrastive 1.725e+00  contrastive 8.255e-01  v_t2m/len 1530  v_t2m/R01 14.89%  v_t2m/R02 23.13%  v_t2m/R03 29.4%  v_t2m/R05 38.95%  v_t2m/R10 52.41%  v_t2m/MedR 9.0%  v_m2t/len 1530  v_m2t/R01 16.86%  v_m2t/R02 22.8%  v_m2t/R03 31.04%  v_m2t/R05 38.81%  v_m2t/R10 50.65%  v_m2t/MedR 10.0%
[20/04/26 23:58:57][src.callback.progress][INFO] - Epoch 60 step 11550/192: loss 2.258e-01
[20/04/26 23:59:07][src.callback.progress][INFO] - Epoch 60 step 11600/192: loss 2.343e-01
[20/04/26 23:59:17][src.callback.progress][INFO] - Epoch 60 step 11650/192: loss 2.592e-01
[20/04/26 23:59:27][src.callback.progress][INFO] - Epoch 60 step 11700/192: loss 2.342e-01
[20/04/26 23:59:31][src.callback.progress][INFO] - Epoch 60: v_recons 1.841e-01  recons 1.616e-01  v_loss 3.550e-01  loss 2.430e-01  v_latent 8.183e-01  latent 7.354e-01  v_kl 1.850e+01  kl 1.281e+01  v_contrastive 1.707e+00  contrastive 8.121e-01  v_t2m/len 1530  v_t2m/R01 16.07%  v_t2m/R02 22.87%  v_t2m/R03 29.79%  v_t2m/R05 39.54%  v_t2m/R10 54.5%  v_t2m/MedR 9.0%  v_m2t/len 1530  v_m2t/R01 17.78%  v_m2t/R02 22.8%  v_m2t/R03 30.06%  v_m2t/R05 38.81%  v_m2t/R10 50.97%  v_m2t/MedR 10.0%
[20/04/26 23:59:45][src.callback.progress][INFO] - Epoch 61 step 11750/192: loss 2.447e-01
[20/04/26 23:59:56][src.callback.progress][INFO] - Epoch 61 step 11800/192: loss 2.179e-01
[21/04/26 00:00:06][src.callback.progress][INFO] - Epoch 61 step 11850/192: loss 2.335e-01
[21/04/26 00:00:16][src.callback.progress][INFO] - Epoch 61 step 11900/192: loss 2.303e-01
[21/04/26 00:00:19][src.callback.progress][INFO] - Epoch 61: v_recons 1.849e-01  recons 1.611e-01  v_loss 3.581e-01  loss 2.417e-01  v_latent 8.218e-01  latent 7.346e-01  v_kl 1.925e+01  kl 1.317e+01  v_contrastive 1.731e+00  contrastive 8.040e-01  v_t2m/len 1530  v_t2m/R01 16.6%  v_t2m/R02 22.75%  v_t2m/R03 29.4%  v_t2m/R05 38.81%  v_t2m/R10 52.54%  v_t2m/MedR 9.0%  v_m2t/len 1530  v_m2t/R01 18.23%  v_m2t/R02 23.27%  v_m2t/R03 30.59%  v_m2t/R05 39.15%  v_m2t/R10 52.41%  v_m2t/MedR 9.0%
[21/04/26 00:00:35][src.callback.progress][INFO] - Epoch 62 step 11950/192: loss 2.189e-01
[21/04/26 00:00:45][src.callback.progress][INFO] - Epoch 62 step 12000/192: loss 2.466e-01
[21/04/26 00:00:55][src.callback.progress][INFO] - Epoch 62 step 12050/192: loss 2.238e-01
[21/04/26 00:01:06][src.callback.progress][INFO] - Epoch 62: v_recons 1.831e-01  recons 1.602e-01  v_loss 3.554e-01  loss 2.378e-01  v_latent 8.206e-01  latent 7.307e-01  v_kl 1.898e+01  kl 1.299e+01  v_contrastive 1.721e+00  contrastive 7.749e-01  v_t2m/len 1530  v_t2m/R01 15.81%  v_t2m/R02 21.56%  v_t2m/R03 28.43%  v_t2m/R05 39.66%  v_t2m/R10 53.06%  v_t2m/MedR 9.0%  v_m2t/len 1530  v_m2t/R01 17.9%  v_m2t/R02 23.2%  v_m2t/R03 30.85%  v_m2t/R05 39.54%  v_m2t/R10 50.84%  v_m2t/MedR 10.0%
[21/04/26 00:01:12][src.callback.progress][INFO] - Epoch 63 step 12100/192: loss 2.299e-01
[21/04/26 00:01:22][src.callback.progress][INFO] - Epoch 63 step 12150/192: loss 2.574e-01
[21/04/26 00:01:32][src.callback.progress][INFO] - Epoch 63 step 12200/192: loss 2.703e-01
[21/04/26 00:01:42][src.callback.progress][INFO] - Epoch 63 step 12250/192: loss 2.134e-01
[21/04/26 00:01:51][src.callback.progress][INFO] - Epoch 63: v_recons 1.822e-01  recons 1.594e-01  v_loss 3.540e-01  loss 2.368e-01  v_latent 8.219e-01  latent 7.313e-01  v_kl 1.938e+01  kl 1.323e+01  v_contrastive 1.716e+00  contrastive 7.723e-01  v_t2m/len 1530  v_t2m/R01 16.86%  v_t2m/R02 23.86%  v_t2m/R03 31.76%  v_t2m/R05 40.52%  v_t2m/R10 53.86%  v_t2m/MedR 9.0%  v_m2t/len 1530  v_m2t/R01 19.07%  v_m2t/R02 24.77%  v_m2t/R03 31.7%  v_m2t/R05 39.4%  v_m2t/R10 51.63%  v_m2t/MedR 10.0%
[21/04/26 00:02:00][src.callback.progress][INFO] - Epoch 64 step 12300/192: loss 2.387e-01
[21/04/26 00:02:10][src.callback.progress][INFO] - Epoch 64 step 12350/192: loss 2.220e-01
[21/04/26 00:02:20][src.callback.progress][INFO] - Epoch 64 step 12400/192: loss 2.397e-01
[21/04/26 00:02:30][src.callback.progress][INFO] - Epoch 64 step 12450/192: loss 2.397e-01
[21/04/26 00:02:38][src.callback.progress][INFO] - Epoch 64: v_recons 1.823e-01  recons 1.591e-01  v_loss 3.553e-01  loss 2.363e-01  v_latent 8.237e-01  latent 7.305e-01  v_kl 1.986e+01  kl 1.331e+01  v_contrastive 1.728e+00  contrastive 7.703e-01  v_t2m/len 1530  v_t2m/R01 17.25%  v_t2m/R02 23.13%  v_t2m/R03 30.38%  v_t2m/R05 39.54%  v_t2m/R10 53.59%  v_t2m/MedR 9.0%  v_m2t/len 1530  v_m2t/R01 18.55%  v_m2t/R02 23.53%  v_m2t/R03 30.85%  v_m2t/R05 38.5%  v_m2t/R10 49.34%  v_m2t/MedR 11.0%
[21/04/26 00:02:48][src.callback.progress][INFO] - Epoch 65 step 12500/192: loss 2.487e-01
[21/04/26 00:02:58][src.callback.progress][INFO] - Epoch 65 step 12550/192: loss 2.607e-01
[21/04/26 00:03:08][src.callback.progress][INFO] - Epoch 65 step 12600/192: loss 2.478e-01
[21/04/26 00:03:19][src.callback.progress][INFO] - Epoch 65 step 12650/192: loss 2.128e-01
[21/04/26 00:03:25][src.callback.progress][INFO] - Epoch 65: v_recons 1.818e-01  recons 1.583e-01  v_loss 3.532e-01  loss 2.327e-01  v_latent 8.199e-01  latent 7.271e-01  v_kl 1.962e+01  kl 1.338e+01  v_contrastive 1.712e+00  contrastive 7.426e-01  v_t2m/len 1530  v_t2m/R01 15.35%  v_t2m/R02 22.75%  v_t2m/R03 30.32%  v_t2m/R05 39.54%  v_t2m/R10 53.52%  v_t2m/MedR 9.0%  v_m2t/len 1530  v_m2t/R01 18.37%  v_m2t/R02 23.2%  v_m2t/R03 30.71%  v_m2t/R05 38.81%  v_m2t/R10 50.0%  v_m2t/MedR 10.5%
[21/04/26 00:03:36][src.callback.progress][INFO] - Epoch 66 step 12700/192: loss 2.016e-01
[21/04/26 00:03:46][src.callback.progress][INFO] - Epoch 66 step 12750/192: loss 2.284e-01
[21/04/26 00:03:56][src.callback.progress][INFO] - Epoch 66 step 12800/192: loss 2.285e-01
[21/04/26 00:04:06][src.callback.progress][INFO] - Epoch 66 step 12850/192: loss 2.328e-01
[21/04/26 00:04:11][src.callback.progress][INFO] - Epoch 66: v_recons 1.842e-01  recons 1.579e-01  v_loss 3.558e-01  loss 2.316e-01  v_latent 8.235e-01  latent 7.253e-01  v_kl 1.961e+01  kl 1.337e+01  v_contrastive 1.714e+00  contrastive 7.354e-01  v_t2m/len 1530  v_t2m/R01 15.68%  v_t2m/R02 22.54%  v_t2m/R03 29.28%  v_t2m/R05 39.34%  v_t2m/R10 53.72%  v_t2m/MedR 9.0%  v_m2t/len 1530  v_m2t/R01 17.45%  v_m2t/R02 23.45%  v_m2t/R03 31.5%  v_m2t/R05 40.33%  v_m2t/R10 51.43%  v_m2t/MedR 10.0%
[21/04/26 00:04:23][src.callback.progress][INFO] - Epoch 67 step 12900/192: loss 2.367e-01
[21/04/26 00:04:33][src.callback.progress][INFO] - Epoch 67 step 12950/192: loss 2.220e-01
[21/04/26 00:04:43][src.callback.progress][INFO] - Epoch 67 step 13000/192: loss 2.413e-01
[21/04/26 00:04:53][src.callback.progress][INFO] - Epoch 67 step 13050/192: loss 2.327e-01
[21/04/26 00:04:56][src.callback.progress][INFO] - Epoch 67: v_recons 1.816e-01  recons 1.575e-01  v_loss 3.507e-01  loss 2.306e-01  v_latent 8.193e-01  latent 7.244e-01  v_kl 2.004e+01  kl 1.355e+01  v_contrastive 1.689e+00  contrastive 7.297e-01  v_t2m/len 1530  v_t2m/R01 15.94%  v_t2m/R02 23.59%  v_t2m/R03 30.45%  v_t2m/R05 40.06%  v_t2m/R10 54.11%  v_t2m/MedR 9.0%  v_m2t/len 1530  v_m2t/R01 18.17%  v_m2t/R02 23.45%  v_m2t/R03 30.97%  v_m2t/R05 39.54%  v_m2t/R10 50.77%  v_m2t/MedR 10.0%
[21/04/26 00:05:11][src.callback.progress][INFO] - Epoch 68 step 13100/192: loss 2.223e-01
[21/04/26 00:05:21][src.callback.progress][INFO] - Epoch 68 step 13150/192: loss 2.297e-01
[21/04/26 00:05:31][src.callback.progress][INFO] - Epoch 68 step 13200/192: loss 2.290e-01
[21/04/26 00:05:42][src.callback.progress][INFO] - Epoch 68: v_recons 1.811e-01  recons 1.568e-01  v_loss 3.525e-01  loss 2.277e-01  v_latent 8.235e-01  latent 7.226e-01  v_kl 2.048e+01  kl 1.370e+01  v_contrastive 1.712e+00  contrastive 7.079e-01  v_t2m/len 1530  v_t2m/R01 16.54%  v_t2m/R02 23.59%  v_t2m/R03 30.52%  v_t2m/R05 37.52%  v_t2m/R10 52.75%  v_t2m/MedR 9.0%  v_m2t/len 1530  v_m2t/R01 17.7%  v_m2t/R02 23.01%  v_m2t/R03 30.12%  v_m2t/R05 38.29%  v_m2t/R10 50.97%  v_m2t/MedR 10.0%
[21/04/26 00:05:49][src.callback.progress][INFO] - Epoch 69 step 13250/192: loss 2.170e-01
[21/04/26 00:05:59][src.callback.progress][INFO] - Epoch 69 step 13300/192: loss 2.352e-01
[21/04/26 00:06:10][src.callback.progress][INFO] - Epoch 69 step 13350/192: loss 1.927e-01
[21/04/26 00:06:20][src.callback.progress][INFO] - Epoch 69 step 13400/192: loss 2.283e-01
[21/04/26 00:06:29][src.callback.progress][INFO] - Epoch 69: v_recons 1.819e-01  recons 1.561e-01  v_loss 3.550e-01  loss 2.267e-01  v_latent 8.277e-01  latent 7.208e-01  v_kl 2.143e+01  kl 1.378e+01  v_contrastive 1.728e+00  contrastive 7.040e-01  v_t2m/len 1530  v_t2m/R01 15.68%  v_t2m/R02 22.03%  v_t2m/R03 29.73%  v_t2m/R05 38.68%  v_t2m/R10 53.45%  v_t2m/MedR 9.0%  v_m2t/len 1530  v_m2t/R01 18.17%  v_m2t/R02 22.21%  v_m2t/R03 29.07%  v_m2t/R05 37.97%  v_m2t/R10 50.0%  v_m2t/MedR 10.5%
[21/04/26 00:06:37][src.callback.progress][INFO] - Epoch 70 step 13450/192: loss 2.530e-01
[21/04/26 00:06:46][src.callback.progress][INFO] - Epoch 70 step 13500/192: loss 2.315e-01
[21/04/26 00:06:57][src.callback.progress][INFO] - Epoch 70 step 13550/192: loss 2.203e-01
[21/04/26 00:07:07][src.callback.progress][INFO] - Epoch 70 step 13600/192: loss 2.208e-01
[21/04/26 00:07:15][src.callback.progress][INFO] - Epoch 70: v_recons 1.819e-01  recons 1.556e-01  v_loss 3.532e-01  loss 2.245e-01  v_latent 8.241e-01  latent 7.187e-01  v_kl 2.088e+01  kl 1.385e+01  v_contrastive 1.711e+00  contrastive 6.877e-01  v_t2m/len 1530  v_t2m/R01 15.22%  v_t2m/R02 22.09%  v_t2m/R03 29.67%  v_t2m/R05 39.47%  v_t2m/R10 53.45%  v_t2m/MedR 9.0%  v_m2t/len 1530  v_m2t/R01 17.52%  v_m2t/R02 22.29%  v_m2t/R03 30.2%  v_m2t/R05 39.02%  v_m2t/R10 51.43%  v_m2t/MedR 10.0%
[21/04/26 00:07:24][src.callback.progress][INFO] - Epoch 71 step 13650/192: loss 2.771e-01
[21/04/26 00:07:34][src.callback.progress][INFO] - Epoch 71 step 13700/192: loss 1.911e-01
[21/04/26 00:07:44][src.callback.progress][INFO] - Epoch 71 step 13750/192: loss 2.158e-01
[21/04/26 00:07:55][src.callback.progress][INFO] - Epoch 71 step 13800/192: loss 2.303e-01
[21/04/26 00:08:01][src.callback.progress][INFO] - Epoch 71: v_recons 1.817e-01  recons 1.550e-01  v_loss 3.551e-01  loss 2.234e-01  v_latent 8.240e-01  latent 7.165e-01  v_kl 2.119e+01  kl 1.394e+01  v_contrastive 1.732e+00  contrastive 6.818e-01  v_t2m/len 1530  v_t2m/R01 16.72%  v_t2m/R02 23.53%  v_t2m/R03 29.61%  v_t2m/R05 39.66%  v_t2m/R10 53.79%  v_t2m/MedR 9.0%  v_m2t/len 1530  v_m2t/R01 18.5%  v_m2t/R02 23.45%  v_m2t/R03 30.92%  v_m2t/R05 38.24%  v_m2t/R10 51.24%  v_m2t/MedR 10.0%
[21/04/26 00:08:11][src.callback.progress][INFO] - Epoch 72 step 13850/192: loss 2.048e-01
[21/04/26 00:08:21][src.callback.progress][INFO] - Epoch 72 step 13900/192: loss 2.218e-01
[21/04/26 00:08:31][src.callback.progress][INFO] - Epoch 72 step 13950/192: loss 2.174e-01
[21/04/26 00:08:41][src.callback.progress][INFO] - Epoch 72 step 14000/192: loss 2.292e-01
[21/04/26 00:08:46][src.callback.progress][INFO] - Epoch 72: v_recons 1.803e-01  recons 1.543e-01  v_loss 3.556e-01  loss 2.212e-01  v_latent 8.280e-01  latent 7.140e-01  v_kl 2.164e+01  kl 1.405e+01  v_contrastive 1.751e+00  contrastive 6.679e-01  v_t2m/len 1530  v_t2m/R01 16.27%  v_t2m/R02 23.13%  v_t2m/R03 31.44%  v_t2m/R05 40.45%  v_t2m/R10 54.11%  v_t2m/MedR 9.0%  v_m2t/len 1530  v_m2t/R01 20.06%  v_m2t/R02 24.37%  v_m2t/R03 30.71%  v_m2t/R05 38.81%  v_m2t/R10 51.04%  v_m2t/MedR 10.0%
[21/04/26 00:08:58][src.callback.progress][INFO] - Epoch 73 step 14050/192: loss 2.514e-01
[21/04/26 00:09:08][src.callback.progress][INFO] - Epoch 73 step 14100/192: loss 2.152e-01
[21/04/26 00:09:18][src.callback.progress][INFO] - Epoch 73 step 14150/192: loss 2.264e-01
[21/04/26 00:09:28][src.callback.progress][INFO] - Epoch 73 step 14200/192: loss 2.053e-01
[21/04/26 00:09:31][src.callback.progress][INFO] - Epoch 73: v_recons 1.804e-01  recons 1.539e-01  v_loss 3.506e-01  loss 2.200e-01  v_latent 8.215e-01  latent 7.131e-01  v_kl 2.161e+01  kl 1.411e+01  v_contrastive 1.700e+00  contrastive 6.591e-01  v_t2m/len 1530  v_t2m/R01 17.05%  v_t2m/R02 24.44%  v_t2m/R03 30.52%  v_t2m/R05 38.81%  v_t2m/R10 54.18%  v_t2m/MedR 8.0%  v_m2t/len 1530  v_m2t/R01 18.69%  v_m2t/R02 23.72%  v_m2t/R03 31.04%  v_m2t/R05 40.38%  v_m2t/R10 51.56%  v_m2t/MedR 9.0%
[21/04/26 00:09:46][src.callback.progress][INFO] - Epoch 74 step 14250/192: loss 2.371e-01
[21/04/26 00:09:56][src.callback.progress][INFO] - Epoch 74 step 14300/192: loss 1.880e-01
[21/04/26 00:10:06][src.callback.progress][INFO] - Epoch 74 step 14350/192: loss 2.187e-01
[21/04/26 00:10:16][src.callback.progress][INFO] - Epoch 74 step 14400/192: loss 2.321e-01
[21/04/26 00:10:18][src.callback.progress][INFO] - Epoch 74: v_recons 1.816e-01  recons 1.533e-01  v_loss 3.553e-01  loss 2.181e-01  v_latent 8.306e-01  latent 7.106e-01  v_kl 2.197e+01  kl 1.416e+01  v_contrastive 1.735e+00  contrastive 6.465e-01  v_t2m/len 1530  v_t2m/R01 18.04%  v_t2m/R02 23.53%  v_t2m/R03 29.73%  v_t2m/R05 38.95%  v_t2m/R10 53.72%  v_t2m/MedR 9.0%  v_m2t/len 1530  v_m2t/R01 18.88%  v_m2t/R02 23.45%  v_m2t/R03 31.44%  v_m2t/R05 38.68%  v_m2t/R10 50.06%  v_m2t/MedR 10.0%
[21/04/26 00:10:33][src.callback.progress][INFO] - Epoch 75 step 14450/192: loss 2.199e-01
[21/04/26 00:10:43][src.callback.progress][INFO] - Epoch 75 step 14500/192: loss 2.326e-01
[21/04/26 00:10:53][src.callback.progress][INFO] - Epoch 75 step 14550/192: loss 2.125e-01
[21/04/26 00:11:03][src.callback.progress][INFO] - Epoch 75: v_recons 1.798e-01  recons 1.532e-01  v_loss 3.512e-01  loss 2.171e-01  v_latent 8.262e-01  latent 7.102e-01  v_kl 2.206e+01  kl 1.433e+01  v_contrastive 1.712e+00  contrastive 6.378e-01  v_t2m/len 1530  v_t2m/R01 16.2%  v_t2m/R02 22.35%  v_t2m/R03 29.79%  v_t2m/R05 39.86%  v_t2m/R10 54.04%  v_t2m/MedR 9.0%  v_m2t/len 1530  v_m2t/R01 18.5%  v_m2t/R02 23.53%  v_m2t/R03 32.75%  v_m2t/R05 40.84%  v_m2t/R10 50.77%  v_m2t/MedR 10.0%
[21/04/26 00:11:10][src.callback.progress][INFO] - Epoch 76 step 14600/192: loss 2.361e-01
[21/04/26 00:11:21][src.callback.progress][INFO] - Epoch 76 step 14650/192: loss 2.278e-01
[21/04/26 00:11:31][src.callback.progress][INFO] - Epoch 76 step 14700/192: loss 1.964e-01
[21/04/26 00:11:41][src.callback.progress][INFO] - Epoch 76 step 14750/192: loss 2.074e-01
[21/04/26 00:11:49][src.callback.progress][INFO] - Epoch 76: v_recons 1.793e-01  recons 1.528e-01  v_loss 3.543e-01  loss 2.154e-01  v_latent 8.289e-01  latent 7.070e-01  v_kl 2.264e+01  kl 1.435e+01  v_contrastive 1.747e+00  contrastive 6.251e-01  v_t2m/len 1530  v_t2m/R01 16.13%  v_t2m/R02 23.01%  v_t2m/R03 30.38%  v_t2m/R05 38.09%  v_t2m/R10 52.47%  v_t2m/MedR 9.0%  v_m2t/len 1530  v_m2t/R01 19.47%  v_m2t/R02 23.79%  v_m2t/R03 31.11%  v_m2t/R05 39.61%  v_m2t/R10 50.72%  v_m2t/MedR 10.0%
[21/04/26 00:11:57][src.callback.progress][INFO] - Epoch 77 step 14800/192: loss 2.126e-01
[21/04/26 00:12:07][src.callback.progress][INFO] - Epoch 77 step 14850/192: loss 2.144e-01
[21/04/26 00:12:17][src.callback.progress][INFO] - Epoch 77 step 14900/192: loss 2.056e-01
[21/04/26 00:12:27][src.callback.progress][INFO] - Epoch 77 step 14950/192: loss 2.251e-01
[21/04/26 00:12:34][src.callback.progress][INFO] - Epoch 77: v_recons 1.818e-01  recons 1.523e-01  v_loss 3.557e-01  loss 2.142e-01  v_latent 8.288e-01  latent 7.070e-01  v_kl 2.300e+01  kl 1.449e+01  v_contrastive 1.736e+00  contrastive 6.176e-01  v_t2m/len 1530  v_t2m/R01 17.45%  v_t2m/R02 24.04%  v_t2m/R03 30.52%  v_t2m/R05 40.13%  v_t2m/R10 54.97%  v_t2m/MedR 8.0%  v_m2t/len 1530  v_m2t/R01 18.29%  v_m2t/R02 23.45%  v_m2t/R03 31.56%  v_m2t/R05 39.79%  v_m2t/R10 50.59%  v_m2t/MedR 10.0%
[21/04/26 00:12:43][src.callback.progress][INFO] - Epoch 78 step 15000/192: loss 2.278e-01
[21/04/26 00:12:54][src.callback.progress][INFO] - Epoch 78 step 15050/192: loss 2.030e-01
[21/04/26 00:13:04][src.callback.progress][INFO] - Epoch 78 step 15100/192: loss 2.092e-01
[21/04/26 00:13:14][src.callback.progress][INFO] - Epoch 78 step 15150/192: loss 2.268e-01
[21/04/26 00:13:19][src.callback.progress][INFO] - Epoch 78: v_recons 1.800e-01  recons 1.517e-01  v_loss 3.525e-01  loss 2.133e-01  v_latent 8.304e-01  latent 7.057e-01  v_kl 2.319e+01  kl 1.462e+01  v_contrastive 1.722e+00  contrastive 6.149e-01  v_t2m/len 1530  v_t2m/R01 15.15%  v_t2m/R02 22.35%  v_t2m/R03 30.85%  v_t2m/R05 39.61%  v_t2m/R10 53.4%  v_t2m/MedR 9.0%  v_m2t/len 1530  v_m2t/R01 18.5%  v_m2t/R02 23.65%  v_m2t/R03 31.76%  v_m2t/R05 39.15%  v_m2t/R10 51.04%  v_m2t/MedR 10.0%
[21/04/26 00:13:31][src.callback.progress][INFO] - Epoch 79 step 15200/192: loss 1.865e-01
[21/04/26 00:13:41][src.callback.progress][INFO] - Epoch 79 step 15250/192: loss 2.066e-01
[21/04/26 00:13:51][src.callback.progress][INFO] - Epoch 79 step 15300/192: loss 2.238e-01
[21/04/26 00:14:01][src.callback.progress][INFO] - Epoch 79 step 15350/192: loss 2.159e-01
[21/04/26 00:14:05][src.callback.progress][INFO] - Epoch 79: v_recons 1.793e-01  recons 1.509e-01  v_loss 3.485e-01  loss 2.115e-01  v_latent 8.284e-01  latent 7.034e-01  v_kl 2.341e+01  kl 1.467e+01  v_contrastive 1.690e+00  contrastive 6.047e-01  v_t2m/len 1530  v_t2m/R01 16.86%  v_t2m/R02 23.13%  v_t2m/R03 30.78%  v_t2m/R05 41.18%  v_t2m/R10 56.93%  v_t2m/MedR 8.0%  v_m2t/len 1530  v_m2t/R01 18.88%  v_m2t/R02 23.72%  v_m2t/R03 31.44%  v_m2t/R05 40.84%  v_m2t/R10 53.45%  v_m2t/MedR 9.0%
[21/04/26 00:14:20][src.callback.progress][INFO] - Epoch 80 step 15400/192: loss 1.732e-01
[21/04/26 00:14:30][src.callback.progress][INFO] - Epoch 80 step 15450/192: loss 2.018e-01
[21/04/26 00:14:40][src.callback.progress][INFO] - Epoch 80 step 15500/192: loss 1.989e-01
[21/04/26 00:14:50][src.callback.progress][INFO] - Epoch 80 step 15550/192: loss 2.014e-01
[21/04/26 00:14:52][src.callback.progress][INFO] - Epoch 80: v_recons 1.803e-01  recons 1.505e-01  v_loss 3.513e-01  loss 2.100e-01  v_latent 8.302e-01  latent 7.011e-01  v_kl 2.340e+01  kl 1.460e+01  v_contrastive 1.708e+00  contrastive 5.933e-01  v_t2m/len 1530  v_t2m/R01 17.31%  v_t2m/R02 24.12%  v_t2m/R03 30.97%  v_t2m/R05 39.74%  v_t2m/R10 55.09%  v_t2m/MedR 8.0%  v_m2t/len 1530  v_m2t/R01 18.55%  v_m2t/R02 22.94%  v_m2t/R03 31.3%  v_m2t/R05 40.0%  v_m2t/R10 52.22%  v_m2t/MedR 9.0%
[21/04/26 00:15:07][src.callback.progress][INFO] - Epoch 81 step 15600/192: loss 1.995e-01
[21/04/26 00:15:17][src.callback.progress][INFO] - Epoch 81 step 15650/192: loss 2.114e-01
[21/04/26 00:15:27][src.callback.progress][INFO] - Epoch 81 step 15700/192: loss 2.273e-01
[21/04/26 00:15:38][src.callback.progress][INFO] - Epoch 81: v_recons 1.804e-01  recons 1.499e-01  v_loss 3.504e-01  loss 2.083e-01  v_latent 8.280e-01  latent 6.984e-01  v_kl 2.398e+01  kl 1.483e+01  v_contrastive 1.697e+00  contrastive 5.826e-01  v_t2m/len 1530  v_t2m/R01 17.45%  v_t2m/R02 24.25%  v_t2m/R03 32.02%  v_t2m/R05 40.13%  v_t2m/R10 54.25%  v_t2m/MedR 8.5%  v_m2t/len 1530  v_m2t/R01 19.79%  v_m2t/R02 24.51%  v_m2t/R03 33.0%  v_m2t/R05 40.84%  v_m2t/R10 52.61%  v_m2t/MedR 9.0%
[21/04/26 00:15:44][src.callback.progress][INFO] - Epoch 82 step 15750/192: loss 1.976e-01
[21/04/26 00:15:54][src.callback.progress][INFO] - Epoch 82 step 15800/192: loss 1.869e-01
[21/04/26 00:16:04][src.callback.progress][INFO] - Epoch 82 step 15850/192: loss 2.353e-01
[21/04/26 00:16:14][src.callback.progress][INFO] - Epoch 82 step 15900/192: loss 1.908e-01
[21/04/26 00:16:23][src.callback.progress][INFO] - Epoch 82: v_recons 1.817e-01  recons 1.495e-01  v_loss 3.551e-01  loss 2.072e-01  v_latent 8.262e-01  latent 6.973e-01  v_kl 2.392e+01  kl 1.490e+01  v_contrastive 1.731e+00  contrastive 5.751e-01  v_t2m/len 1530  v_t2m/R01 18.88%  v_t2m/R02 23.79%  v_t2m/R03 31.95%  v_t2m/R05 40.77%  v_t2m/R10 54.38%  v_t2m/MedR 9.0%  v_m2t/len 1530  v_m2t/R01 19.14%  v_m2t/R02 23.98%  v_m2t/R03 31.95%  v_m2t/R05 40.38%  v_m2t/R10 51.18%  v_m2t/MedR 10.0%
[21/04/26 00:16:31][src.callback.progress][INFO] - Epoch 83 step 15950/192: loss 2.012e-01
[21/04/26 00:16:41][src.callback.progress][INFO] - Epoch 83 step 16000/192: loss 2.006e-01
[21/04/26 00:16:51][src.callback.progress][INFO] - Epoch 83 step 16050/192: loss 2.053e-01
[21/04/26 00:17:01][src.callback.progress][INFO] - Epoch 83 step 16100/192: loss 2.072e-01
[21/04/26 00:17:08][src.callback.progress][INFO] - Epoch 83: v_recons 1.809e-01  recons 1.490e-01  v_loss 3.548e-01  loss 2.058e-01  v_latent 8.310e-01  latent 6.957e-01  v_kl 2.454e+01  kl 1.506e+01  v_contrastive 1.736e+00  contrastive 5.665e-01  v_t2m/len 1530  v_t2m/R01 16.27%  v_t2m/R02 24.44%  v_t2m/R03 31.82%  v_t2m/R05 41.18%  v_t2m/R10 55.75%  v_t2m/MedR 8.0%  v_m2t/len 1530  v_m2t/R01 17.64%  v_m2t/R02 23.92%  v_m2t/R03 32.02%  v_m2t/R05 40.38%  v_m2t/R10 52.93%  v_m2t/MedR 9.0%
[21/04/26 00:17:18][src.callback.progress][INFO] - Epoch 84 step 16150/192: loss 1.890e-01
[21/04/26 00:17:28][src.callback.progress][INFO] - Epoch 84 step 16200/192: loss 1.841e-01
[21/04/26 00:17:38][src.callback.progress][INFO] - Epoch 84 step 16250/192: loss 2.006e-01
[21/04/26 00:17:48][src.callback.progress][INFO] - Epoch 84 step 16300/192: loss 1.931e-01
[21/04/26 00:17:54][src.callback.progress][INFO] - Epoch 84: v_recons 1.790e-01  recons 1.486e-01  v_loss 3.506e-01  loss 2.050e-01  v_latent 8.311e-01  latent 6.942e-01  v_kl 2.472e+01  kl 1.520e+01  v_contrastive 1.714e+00  contrastive 5.628e-01  v_t2m/len 1530  v_t2m/R01 17.12%  v_t2m/R02 24.3%  v_t2m/R03 30.71%  v_t2m/R05 40.52%  v_t2m/R10 54.9%  v_t2m/MedR 8.0%  v_m2t/len 1530  v_m2t/R01 18.95%  v_m2t/R02 23.65%  v_m2t/R03 31.95%  v_m2t/R05 41.36%  v_m2t/R10 52.02%  v_m2t/MedR 9.0%
[21/04/26 00:18:04][src.callback.progress][INFO] - Epoch 85 step 16350/192: loss 2.005e-01
[21/04/26 00:18:14][src.callback.progress][INFO] - Epoch 85 step 16400/192: loss 2.062e-01
[21/04/26 00:18:25][src.callback.progress][INFO] - Epoch 85 step 16450/192: loss 2.140e-01
[21/04/26 00:18:35][src.callback.progress][INFO] - Epoch 85 step 16500/192: loss 2.113e-01
[21/04/26 00:18:39][src.callback.progress][INFO] - Epoch 85: v_recons 1.782e-01  recons 1.483e-01  v_loss 3.480e-01  loss 2.044e-01  v_latent 8.265e-01  latent 6.945e-01  v_kl 2.448e+01  kl 1.527e+01  v_contrastive 1.695e+00  contrastive 5.586e-01  v_t2m/len 1530  v_t2m/R01 18.69%  v_t2m/R02 25.15%  v_t2m/R03 32.09%  v_t2m/R05 40.72%  v_t2m/R10 55.68%  v_t2m/MedR 8.0%  v_m2t/len 1530  v_m2t/R01 19.14%  v_m2t/R02 24.25%  v_m2t/R03 32.41%  v_m2t/R05 40.77%  v_m2t/R10 51.5%  v_m2t/MedR 10.0%
[21/04/26 00:18:52][src.callback.progress][INFO] - Epoch 86 step 16550/192: loss 1.848e-01
[21/04/26 00:19:02][src.callback.progress][INFO] - Epoch 86 step 16600/192: loss 1.880e-01
[21/04/26 00:19:12][src.callback.progress][INFO] - Epoch 86 step 16650/192: loss 2.123e-01
[21/04/26 00:19:22][src.callback.progress][INFO] - Epoch 86 step 16700/192: loss 1.844e-01
[21/04/26 00:19:24][src.callback.progress][INFO] - Epoch 86: v_recons 1.791e-01  recons 1.476e-01  v_loss 3.485e-01  loss 2.020e-01  v_latent 8.285e-01  latent 6.895e-01  v_kl 2.514e+01  kl 1.523e+01  v_contrastive 1.692e+00  contrastive 5.421e-01  v_t2m/len 1530  v_t2m/R01 16.93%  v_t2m/R02 23.92%  v_t2m/R03 30.78%  v_t2m/R05 39.54%  v_t2m/R10 55.22%  v_t2m/MedR 8.0%  v_m2t/len 1530  v_m2t/R01 19.54%  v_m2t/R02 24.37%  v_m2t/R03 33.0%  v_m2t/R05 40.33%  v_m2t/R10 51.7%  v_m2t/MedR 9.0%
[21/04/26 00:19:39][src.callback.progress][INFO] - Epoch 87 step 16750/192: loss 1.897e-01
[21/04/26 00:19:49][src.callback.progress][INFO] - Epoch 87 step 16800/192: loss 2.076e-01
[21/04/26 00:19:59][src.callback.progress][INFO] - Epoch 87 step 16850/192: loss 1.952e-01
[21/04/26 00:20:11][src.callback.progress][INFO] - Epoch 87: v_recons 1.805e-01  recons 1.470e-01  v_loss 3.533e-01  loss 2.004e-01  v_latent 8.299e-01  latent 6.882e-01  v_kl 2.486e+01  kl 1.532e+01  v_contrastive 1.725e+00  contrastive 5.330e-01  v_t2m/len 1530  v_t2m/R01 17.45%  v_t2m/R02 24.89%  v_t2m/R03 32.09%  v_t2m/R05 40.25%  v_t2m/R10 54.5%  v_t2m/MedR 9.0%  v_m2t/len 1530  v_m2t/R01 20.2%  v_m2t/R02 24.12%  v_m2t/R03 33.4%  v_m2t/R05 40.72%  v_m2t/R10 52.29%  v_m2t/MedR 9.0%
[21/04/26 00:20:17][src.callback.progress][INFO] - Epoch 88 step 16900/192: loss 2.148e-01
[21/04/26 00:20:27][src.callback.progress][INFO] - Epoch 88 step 16950/192: loss 1.889e-01
[21/04/26 00:20:37][src.callback.progress][INFO] - Epoch 88 step 17000/192: loss 1.950e-01
[21/04/26 00:20:48][src.callback.progress][INFO] - Epoch 88 step 17050/192: loss 1.954e-01
[21/04/26 00:20:57][src.callback.progress][INFO] - Epoch 88: v_recons 1.794e-01  recons 1.467e-01  v_loss 3.524e-01  loss 1.999e-01  v_latent 8.354e-01  latent 6.868e-01  v_kl 2.568e+01  kl 1.540e+01  v_contrastive 1.727e+00  contrastive 5.307e-01  v_t2m/len 1530  v_t2m/R01 16.4%  v_t2m/R02 23.2%  v_t2m/R03 31.23%  v_t2m/R05 40.0%  v_t2m/R10 55.15%  v_t2m/MedR 8.0%  v_m2t/len 1530  v_m2t/R01 19.28%  v_m2t/R02 23.06%  v_m2t/R03 31.56%  v_m2t/R05 40.2%  v_m2t/R10 51.75%  v_m2t/MedR 10.0%
[21/04/26 00:21:05][src.callback.progress][INFO] - Epoch 89 step 17100/192: loss 2.043e-01
[21/04/26 00:21:15][src.callback.progress][INFO] - Epoch 89 step 17150/192: loss 1.948e-01
[21/04/26 00:21:26][src.callback.progress][INFO] - Epoch 89 step 17200/192: loss 1.945e-01
[21/04/26 00:21:36][src.callback.progress][INFO] - Epoch 89 step 17250/192: loss 2.048e-01
[21/04/26 00:21:44][src.callback.progress][INFO] - Epoch 89: v_recons 1.792e-01  recons 1.466e-01  v_loss 3.539e-01  loss 1.993e-01  v_latent 8.329e-01  latent 6.873e-01  v_kl 2.589e+01  kl 1.569e+01  v_contrastive 1.744e+00  contrastive 5.252e-01  v_t2m/len 1530  v_t2m/R01 18.76%  v_t2m/R02 24.84%  v_t2m/R03 32.09%  v_t2m/R05 40.33%  v_t2m/R10 55.56%  v_t2m/MedR 8.0%  v_m2t/len 1530  v_m2t/R01 20.12%  v_m2t/R02 23.79%  v_m2t/R03 32.54%  v_m2t/R05 40.06%  v_m2t/R10 51.9%  v_m2t/MedR 9.0%
[21/04/26 00:21:54][src.callback.progress][INFO] - Epoch 90 step 17300/192: loss 1.945e-01
[21/04/26 00:22:04][src.callback.progress][INFO] - Epoch 90 step 17350/192: loss 2.057e-01
[21/04/26 00:22:15][src.callback.progress][INFO] - Epoch 90 step 17400/192: loss 1.867e-01
[21/04/26 00:22:25][src.callback.progress][INFO] - Epoch 90 step 17450/192: loss 2.102e-01
[21/04/26 00:22:31][src.callback.progress][INFO] - Epoch 90: v_recons 1.787e-01  recons 1.461e-01  v_loss 3.488e-01  loss 1.978e-01  v_latent 8.280e-01  latent 6.854e-01  v_kl 2.551e+01  kl 1.571e+01  v_contrastive 1.699e+00  contrastive 5.155e-01  v_t2m/len 1530  v_t2m/R01 17.52%  v_t2m/R02 24.57%  v_t2m/R03 30.45%  v_t2m/R05 40.52%  v_t2m/R10 54.9%  v_t2m/MedR 8.0%  v_m2t/len 1530  v_m2t/R01 20.06%  v_m2t/R02 23.72%  v_m2t/R03 31.04%  v_m2t/R05 41.43%  v_m2t/R10 53.65%  v_m2t/MedR 9.0%
[21/04/26 00:22:42][src.callback.progress][INFO] - Epoch 91 step 17500/192: loss 1.996e-01
[21/04/26 00:22:53][src.callback.progress][INFO] - Epoch 91 step 17550/192: loss 2.005e-01
[21/04/26 00:23:03][src.callback.progress][INFO] - Epoch 91 step 17600/192: loss 1.902e-01
[21/04/26 00:23:14][src.callback.progress][INFO] - Epoch 91 step 17650/192: loss 1.763e-01
[21/04/26 00:23:18][src.callback.progress][INFO] - Epoch 91: v_recons 1.800e-01  recons 1.459e-01  v_loss 3.520e-01  loss 1.973e-01  v_latent 8.280e-01  latent 6.833e-01  v_kl 2.600e+01  kl 1.589e+01  v_contrastive 1.718e+00  contrastive 5.128e-01  v_t2m/len 1530  v_t2m/R01 17.38%  v_t2m/R02 23.72%  v_t2m/R03 31.23%  v_t2m/R05 41.24%  v_t2m/R10 55.75%  v_t2m/MedR 8.0%  v_m2t/len 1530  v_m2t/R01 20.32%  v_m2t/R02 24.7%  v_m2t/R03 32.93%  v_m2t/R05 39.86%  v_m2t/R10 51.63%  v_m2t/MedR 10.0%
[21/04/26 00:23:30][src.callback.progress][INFO] - Epoch 92 step 17700/192: loss 1.821e-01
[21/04/26 00:23:41][src.callback.progress][INFO] - Epoch 92 step 17750/192: loss 1.731e-01
[21/04/26 00:23:51][src.callback.progress][INFO] - Epoch 92 step 17800/192: loss 1.954e-01
[21/04/26 00:24:02][src.callback.progress][INFO] - Epoch 92 step 17850/192: loss 2.017e-01
[21/04/26 00:24:05][src.callback.progress][INFO] - Epoch 92: v_recons 1.783e-01  recons 1.456e-01  v_loss 3.522e-01  loss 1.972e-01  v_latent 8.355e-01  latent 6.835e-01  v_kl 2.646e+01  kl 1.591e+01  v_contrastive 1.737e+00  contrastive 5.144e-01  v_t2m/len 1530  v_t2m/R01 15.28%  v_t2m/R02 22.61%  v_t2m/R03 30.71%  v_t2m/R05 40.72%  v_t2m/R10 55.49%  v_t2m/MedR 8.0%  v_m2t/len 1530  v_m2t/R01 18.81%  v_m2t/R02 23.45%  v_m2t/R03 31.56%  v_m2t/R05 39.34%  v_m2t/R10 52.22%  v_m2t/MedR 9.0%
[21/04/26 00:24:19][src.callback.progress][INFO] - Epoch 93 step 17900/192: loss 1.963e-01
[21/04/26 00:24:29][src.callback.progress][INFO] - Epoch 93 step 17950/192: loss 1.710e-01
[21/04/26 00:24:40][src.callback.progress][INFO] - Epoch 93 step 18000/192: loss 1.963e-01
[21/04/26 00:24:51][src.callback.progress][INFO] - Epoch 93: v_recons 1.804e-01  recons 1.449e-01  v_loss 3.541e-01  loss 1.950e-01  v_latent 8.346e-01  latent 6.807e-01  v_kl 2.640e+01  kl 1.603e+01  v_contrastive 1.735e+00  contrastive 4.993e-01  v_t2m/len 1530  v_t2m/R01 17.19%  v_t2m/R02 23.72%  v_t2m/R03 31.04%  v_t2m/R05 40.45%  v_t2m/R10 54.25%  v_t2m/MedR 9.0%  v_m2t/len 1530  v_m2t/R01 19.14%  v_m2t/R02 24.44%  v_m2t/R03 33.06%  v_m2t/R05 40.84%  v_m2t/R10 51.63%  v_m2t/MedR 9.0%
[21/04/26 00:24:57][src.callback.progress][INFO] - Epoch 94 step 18050/192: loss 1.950e-01
[21/04/26 00:25:07][src.callback.progress][INFO] - Epoch 94 step 18100/192: loss 1.759e-01
[21/04/26 00:25:17][src.callback.progress][INFO] - Epoch 94 step 18150/192: loss 2.073e-01
[21/04/26 00:25:28][src.callback.progress][INFO] - Epoch 94 step 18200/192: loss 1.774e-01
[21/04/26 00:25:38][src.callback.progress][INFO] - Epoch 94: v_recons 1.772e-01  recons 1.443e-01  v_loss 3.509e-01  loss 1.936e-01  v_latent 8.363e-01  latent 6.779e-01  v_kl 2.691e+01  kl 1.594e+01  v_contrastive 1.735e+00  contrastive 4.907e-01  v_t2m/len 1530  v_t2m/R01 16.4%  v_t2m/R02 22.75%  v_t2m/R03 29.87%  v_t2m/R05 39.61%  v_t2m/R10 55.61%  v_t2m/MedR 8.0%  v_m2t/len 1530  v_m2t/R01 18.43%  v_m2t/R02 21.95%  v_m2t/R03 31.76%  v_m2t/R05 40.59%  v_m2t/R10 52.09%  v_m2t/MedR 9.0%
[21/04/26 00:25:45][src.callback.progress][INFO] - Epoch 95 step 18250/192: loss 2.052e-01
[21/04/26 00:25:55][src.callback.progress][INFO] - Epoch 95 step 18300/192: loss 1.765e-01
[21/04/26 00:26:05][src.callback.progress][INFO] - Epoch 95 step 18350/192: loss 2.005e-01
[21/04/26 00:26:16][src.callback.progress][INFO] - Epoch 95 step 18400/192: loss 1.869e-01
[21/04/26 00:26:24][src.callback.progress][INFO] - Epoch 95: v_recons 1.792e-01  recons 1.438e-01  v_loss 3.496e-01  loss 1.920e-01  v_latent 8.298e-01  latent 6.748e-01  v_kl 2.636e+01  kl 1.597e+01  v_contrastive 1.702e+00  contrastive 4.805e-01  v_t2m/len 1530  v_t2m/R01 16.72%  v_t2m/R02 23.79%  v_t2m/R03 32.22%  v_t2m/R05 40.97%  v_t2m/R10 54.9%  v_t2m/MedR 8.0%  v_m2t/len 1530  v_m2t/R01 19.35%  v_m2t/R02 23.45%  v_m2t/R03 32.54%  v_m2t/R05 41.04%  v_m2t/R10 53.4%  v_m2t/MedR 9.0%
[21/04/26 00:26:33][src.callback.progress][INFO] - Epoch 96 step 18450/192: loss 2.027e-01
[21/04/26 00:26:44][src.callback.progress][INFO] - Epoch 96 step 18500/192: loss 1.876e-01
[21/04/26 00:26:54][src.callback.progress][INFO] - Epoch 96 step 18550/192: loss 1.694e-01
[21/04/26 00:27:04][src.callback.progress][INFO] - Epoch 96 step 18600/192: loss 1.960e-01
[21/04/26 00:27:11][src.callback.progress][INFO] - Epoch 96: v_recons 1.790e-01  recons 1.433e-01  v_loss 3.539e-01  loss 1.911e-01  v_latent 8.375e-01  latent 6.746e-01  v_kl 2.755e+01  kl 1.619e+01  v_contrastive 1.746e+00  contrastive 4.765e-01  v_t2m/len 1530  v_t2m/R01 17.12%  v_t2m/R02 23.79%  v_t2m/R03 32.41%  v_t2m/R05 41.63%  v_t2m/R10 54.31%  v_t2m/MedR 8.0%  v_m2t/len 1530  v_m2t/R01 18.95%  v_m2t/R02 23.45%  v_m2t/R03 32.02%  v_m2t/R05 40.33%  v_m2t/R10 52.22%  v_m2t/MedR 9.0%
[21/04/26 00:27:21][src.callback.progress][INFO] - Epoch 97 step 18650/192: loss 1.881e-01
[21/04/26 00:27:32][src.callback.progress][INFO] - Epoch 97 step 18700/192: loss 1.980e-01
[21/04/26 00:27:42][src.callback.progress][INFO] - Epoch 97 step 18750/192: loss 1.856e-01
[21/04/26 00:27:53][src.callback.progress][INFO] - Epoch 97 step 18800/192: loss 1.887e-01
[21/04/26 00:27:58][src.callback.progress][INFO] - Epoch 97: v_recons 1.780e-01  recons 1.431e-01  v_loss 3.488e-01  loss 1.908e-01  v_latent 8.306e-01  latent 6.738e-01  v_kl 2.737e+01  kl 1.630e+01  v_contrastive 1.705e+00  contrastive 4.754e-01  v_t2m/len 1530  v_t2m/R01 18.29%  v_t2m/R02 25.03%  v_t2m/R03 32.47%  v_t2m/R05 42.34%  v_t2m/R10 56.2%  v_t2m/MedR 8.0%  v_m2t/len 1530  v_m2t/R01 20.64%  v_m2t/R02 24.04%  v_m2t/R03 33.2%  v_m2t/R05 41.75%  v_m2t/R10 53.45%  v_m2t/MedR 9.0%
[21/04/26 00:28:11][src.callback.progress][INFO] - Epoch 98 step 18850/192: loss 2.011e-01
[21/04/26 00:28:21][src.callback.progress][INFO] - Epoch 98 step 18900/192: loss 1.918e-01
[21/04/26 00:28:31][src.callback.progress][INFO] - Epoch 98 step 18950/192: loss 2.026e-01
[21/04/26 00:28:41][src.callback.progress][INFO] - Epoch 98 step 19000/192: loss 2.103e-01
[21/04/26 00:28:44][src.callback.progress][INFO] - Epoch 98: v_recons 1.792e-01  recons 1.427e-01  v_loss 3.550e-01  loss 1.901e-01  v_latent 8.382e-01  latent 6.717e-01  v_kl 2.818e+01  kl 1.640e+01  v_contrastive 1.755e+00  contrastive 4.723e-01  v_t2m/len 1530  v_t2m/R01 18.29%  v_t2m/R02 24.89%  v_t2m/R03 31.95%  v_t2m/R05 40.59%  v_t2m/R10 54.58%  v_t2m/MedR 8.0%  v_m2t/len 1530  v_m2t/R01 19.87%  v_m2t/R02 24.3%  v_m2t/R03 31.95%  v_m2t/R05 40.59%  v_m2t/R10 51.56%  v_m2t/MedR 10.0%
[21/04/26 00:28:58][src.callback.progress][INFO] - Epoch 99 step 19050/192: loss 1.903e-01
[21/04/26 00:29:09][src.callback.progress][INFO] - Epoch 99 step 19100/192: loss 1.809e-01
[21/04/26 00:29:19][src.callback.progress][INFO] - Epoch 99 step 19150/192: loss 1.858e-01
[21/04/26 00:29:29][src.callback.progress][INFO] - Epoch 99 step 19200/192: loss 1.711e-01
[21/04/26 00:29:31][src.callback.progress][INFO] - Epoch 99: v_recons 1.774e-01  recons 1.423e-01  v_loss 3.509e-01  loss 1.889e-01  v_latent 8.352e-01  latent 6.714e-01  v_kl 2.813e+01  kl 1.659e+01  v_contrastive 1.732e+00  contrastive 4.639e-01  v_t2m/len 1530  v_t2m/R01 16.2%  v_t2m/R02 23.13%  v_t2m/R03 30.26%  v_t2m/R05 40.0%  v_t2m/R10 54.77%  v_t2m/MedR 9.0%  v_m2t/len 1530  v_m2t/R01 20.0%  v_m2t/R02 23.59%  v_m2t/R03 31.62%  v_m2t/R05 40.25%  v_m2t/R10 52.75%  v_m2t/MedR 9.0%
[21/04/26 00:29:46][src.callback.progress][INFO] - Epoch 100 step 19250/192: loss 1.761e-01
[21/04/26 00:29:57][src.callback.progress][INFO] - Epoch 100 step 19300/192: loss 2.022e-01
[21/04/26 00:30:06][src.callback.progress][INFO] - Epoch 100 step 19350/192: loss 1.892e-01
[21/04/26 00:30:16][src.callback.progress][INFO] - Epoch 100: v_recons 1.778e-01  recons 1.420e-01  v_loss 3.495e-01  loss 1.884e-01  v_latent 8.347e-01  latent 6.704e-01  v_kl 2.823e+01  kl 1.664e+01  v_contrastive 1.715e+00  contrastive 4.625e-01  v_t2m/len 1530  v_t2m/R01 16.72%  v_t2m/R02 22.87%  v_t2m/R03 30.78%  v_t2m/R05 40.38%  v_t2m/R10 55.49%  v_t2m/MedR 9.0%  v_m2t/len 1530  v_m2t/R01 20.78%  v_m2t/R02 25.15%  v_m2t/R03 33.72%  v_m2t/R05 41.56%  v_m2t/R10 53.91%  v_m2t/MedR 9.0%
[21/04/26 00:30:24][src.callback.progress][INFO] - Epoch 101 step 19400/192: loss 1.952e-01
[21/04/26 00:30:34][src.callback.progress][INFO] - Epoch 101 step 19450/192: loss 1.736e-01
[21/04/26 00:30:44][src.callback.progress][INFO] - Epoch 101 step 19500/192: loss 1.873e-01
[21/04/26 00:30:54][src.callback.progress][INFO] - Epoch 101 step 19550/192: loss 1.694e-01
[21/04/26 00:31:03][src.callback.progress][INFO] - Epoch 101: v_recons 1.798e-01  recons 1.418e-01  v_loss 3.545e-01  loss 1.876e-01  v_latent 8.377e-01  latent 6.688e-01  v_kl 2.886e+01  kl 1.671e+01  v_contrastive 1.744e+00  contrastive 4.561e-01  v_t2m/len 1530  v_t2m/R01 16.2%  v_t2m/R02 24.18%  v_t2m/R03 32.22%  v_t2m/R05 41.24%  v_t2m/R10 55.68%  v_t2m/MedR 8.0%  v_m2t/len 1530  v_m2t/R01 20.26%  v_m2t/R02 23.53%  v_m2t/R03 32.34%  v_m2t/R05 40.72%  v_m2t/R10 52.41%  v_m2t/MedR 9.0%
[21/04/26 00:31:11][src.callback.progress][INFO] - Epoch 102 step 19600/192: loss 1.706e-01
[21/04/26 00:31:22][src.callback.progress][INFO] - Epoch 102 step 19650/192: loss 1.942e-01
[21/04/26 00:31:32][src.callback.progress][INFO] - Epoch 102 step 19700/192: loss 2.119e-01
[21/04/26 00:31:42][src.callback.progress][INFO] - Epoch 102 step 19750/192: loss 1.851e-01
[21/04/26 00:31:49][src.callback.progress][INFO] - Epoch 102: v_recons 1.804e-01  recons 1.411e-01  v_loss 3.530e-01  loss 1.866e-01  v_latent 8.350e-01  latent 6.676e-01  v_kl 2.892e+01  kl 1.691e+01  v_contrastive 1.723e+00  contrastive 4.530e-01  v_t2m/len 1530  v_t2m/R01 17.25%  v_t2m/R02 22.75%  v_t2m/R03 29.93%  v_t2m/R05 40.33%  v_t2m/R10 54.77%  v_t2m/MedR 8.5%  v_m2t/len 1530  v_m2t/R01 20.32%  v_m2t/R02 24.37%  v_m2t/R03 31.44%  v_m2t/R05 40.38%  v_m2t/R10 52.09%  v_m2t/MedR 9.0%
[21/04/26 00:32:00][src.callback.progress][INFO] - Epoch 103 step 19800/192: loss 1.918e-01
[21/04/26 00:32:11][src.callback.progress][INFO] - Epoch 103 step 19850/192: loss 1.994e-01
[21/04/26 00:32:21][src.callback.progress][INFO] - Epoch 103 step 19900/192: loss 1.913e-01
[21/04/26 00:32:31][src.callback.progress][INFO] - Epoch 103 step 19950/192: loss 1.836e-01
[21/04/26 00:32:37][src.callback.progress][INFO] - Epoch 103: v_recons 1.782e-01  recons 1.407e-01  v_loss 3.497e-01  loss 1.855e-01  v_latent 8.323e-01  latent 6.663e-01  v_kl 2.870e+01  kl 1.709e+01  v_contrastive 1.712e+00  contrastive 4.461e-01  v_t2m/len 1530  v_t2m/R01 17.84%  v_t2m/R02 24.37%  v_t2m/R03 31.5%  v_t2m/R05 41.75%  v_t2m/R10 54.77%  v_t2m/MedR 8.0%  v_m2t/len 1530  v_m2t/R01 20.85%  v_m2t/R02 25.48%  v_m2t/R03 33.2%  v_m2t/R05 41.43%  v_m2t/R10 51.95%  v_m2t/MedR 9.0%
[21/04/26 00:32:48][src.callback.progress][INFO] - Epoch 104 step 20000/192: loss 1.754e-01
[21/04/26 00:32:59][src.callback.progress][INFO] - Epoch 104 step 20050/192: loss 1.651e-01
[21/04/26 00:33:09][src.callback.progress][INFO] - Epoch 104 step 20100/192: loss 1.727e-01
[21/04/26 00:33:19][src.callback.progress][INFO] - Epoch 104 step 20150/192: loss 1.820e-01
[21/04/26 00:33:23][src.callback.progress][INFO] - Epoch 104: v_recons 1.772e-01  recons 1.405e-01  v_loss 3.469e-01  loss 1.844e-01  v_latent 8.321e-01  latent 6.644e-01  v_kl 2.969e+01  kl 1.709e+01  v_contrastive 1.694e+00  contrastive 4.381e-01  v_t2m/len 1530  v_t2m/R01 17.12%  v_t2m/R02 23.65%  v_t2m/R03 31.3%  v_t2m/R05 41.7%  v_t2m/R10 55.68%  v_t2m/MedR 8.0%  v_m2t/len 1530  v_m2t/R01 21.44%  v_m2t/R02 26.34%  v_m2t/R03 33.99%  v_m2t/R05 41.31%  v_m2t/R10 52.47%  v_m2t/MedR 9.0%
[21/04/26 00:33:37][src.callback.progress][INFO] - Epoch 105 step 20200/192: loss 1.959e-01
[21/04/26 00:33:47][src.callback.progress][INFO] - Epoch 105 step 20250/192: loss 1.938e-01
[21/04/26 00:33:58][src.callback.progress][INFO] - Epoch 105 step 20300/192: loss 1.815e-01
[21/04/26 00:34:08][src.callback.progress][INFO] - Epoch 105 step 20350/192: loss 1.838e-01
[21/04/26 00:34:10][src.callback.progress][INFO] - Epoch 105: v_recons 1.780e-01  recons 1.399e-01  v_loss 3.520e-01  loss 1.830e-01  v_latent 8.399e-01  latent 6.621e-01  v_kl 2.956e+01  kl 1.708e+01  v_contrastive 1.737e+00  contrastive 4.288e-01  v_t2m/len 1530  v_t2m/R01 16.93%  v_t2m/R02 23.32%  v_t2m/R03 31.11%  v_t2m/R05 40.77%  v_t2m/R10 55.02%  v_t2m/MedR 8.0%  v_m2t/len 1530  v_m2t/R01 22.09%  v_m2t/R02 25.22%  v_m2t/R03 33.13%  v_m2t/R05 40.77%  v_m2t/R10 51.7%  v_m2t/MedR 9.0%
[21/04/26 00:34:25][src.callback.progress][INFO] - Epoch 106 step 20400/192: loss 1.885e-01
[21/04/26 00:34:35][src.callback.progress][INFO] - Epoch 106 step 20450/192: loss 1.875e-01
[21/04/26 00:34:46][src.callback.progress][INFO] - Epoch 106 step 20500/192: loss 1.965e-01
[21/04/26 00:34:57][src.callback.progress][INFO] - Epoch 106: v_recons 1.783e-01  recons 1.396e-01  v_loss 3.528e-01  loss 1.832e-01  v_latent 8.403e-01  latent 6.625e-01  v_kl 3.062e+01  kl 1.731e+01  v_contrastive 1.742e+00  contrastive 4.340e-01  v_t2m/len 1530  v_t2m/R01 18.43%  v_t2m/R02 23.86%  v_t2m/R03 30.92%  v_t2m/R05 40.33%  v_t2m/R10 56.2%  v_t2m/MedR 8.0%  v_m2t/len 1530  v_m2t/R01 20.52%  v_m2t/R02 24.37%  v_m2t/R03 32.09%  v_m2t/R05 40.59%  v_m2t/R10 53.79%  v_m2t/MedR 9.0%
[21/04/26 00:35:03][src.callback.progress][INFO] - Epoch 107 step 20550/192: loss 1.728e-01
[21/04/26 00:35:14][src.callback.progress][INFO] - Epoch 107 step 20600/192: loss 1.853e-01
[21/04/26 00:35:24][src.callback.progress][INFO] - Epoch 107 step 20650/192: loss 1.471e-01
[21/04/26 00:35:34][src.callback.progress][INFO] - Epoch 107 step 20700/192: loss 1.862e-01
[21/04/26 00:35:43][src.callback.progress][INFO] - Epoch 107: v_recons 1.777e-01  recons 1.390e-01  v_loss 3.496e-01  loss 1.813e-01  v_latent 8.364e-01  latent 6.599e-01  v_kl 2.991e+01  kl 1.738e+01  v_contrastive 1.716e+00  contrastive 4.211e-01  v_t2m/len 1530  v_t2m/R01 18.04%  v_t2m/R02 25.22%  v_t2m/R03 32.88%  v_t2m/R05 42.93%  v_t2m/R10 56.2%  v_t2m/MedR 8.0%  v_m2t/len 1530  v_m2t/R01 20.64%  v_m2t/R02 24.7%  v_m2t/R03 32.93%  v_m2t/R05 39.66%  v_m2t/R10 52.34%  v_m2t/MedR 9.0%
[21/04/26 00:35:51][src.callback.progress][INFO] - Epoch 108 step 20750/192: loss 1.934e-01
[21/04/26 00:36:02][src.callback.progress][INFO] - Epoch 108 step 20800/192: loss 1.761e-01
[21/04/26 00:36:12][src.callback.progress][INFO] - Epoch 108 step 20850/192: loss 1.569e-01
[21/04/26 00:36:22][src.callback.progress][INFO] - Epoch 108 step 20900/192: loss 1.820e-01
[21/04/26 00:36:30][src.callback.progress][INFO] - Epoch 108: v_recons 1.788e-01  recons 1.387e-01  v_loss 3.546e-01  loss 1.801e-01  v_latent 8.411e-01  latent 6.572e-01  v_kl 3.045e+01  kl 1.726e+01  v_contrastive 1.755e+00  contrastive 4.123e-01  v_t2m/len 1530  v_t2m/R01 18.23%  v_t2m/R02 23.53%  v_t2m/R03 30.85%  v_t2m/R05 40.45%  v_t2m/R10 53.79%  v_t2m/MedR 8.5%  v_m2t/len 1530  v_m2t/R01 19.35%  v_m2t/R02 23.59%  v_m2t/R03 30.92%  v_m2t/R05 40.84%  v_m2t/R10 53.0%  v_m2t/MedR 9.0%
[21/04/26 00:36:39][src.callback.progress][INFO] - Epoch 109 step 20950/192: loss 1.705e-01
[21/04/26 00:36:49][src.callback.progress][INFO] - Epoch 109 step 21000/192: loss 1.779e-01
[21/04/26 00:37:00][src.callback.progress][INFO] - Epoch 109 step 21050/192: loss 1.872e-01
[21/04/26 00:37:10][src.callback.progress][INFO] - Epoch 109 step 21100/192: loss 1.884e-01
[21/04/26 00:37:16][src.callback.progress][INFO] - Epoch 109: v_recons 1.763e-01  recons 1.386e-01  v_loss 3.484e-01  loss 1.805e-01  v_latent 8.416e-01  latent 6.580e-01  v_kl 3.045e+01  kl 1.767e+01  v_contrastive 1.718e+00  contrastive 4.167e-01  v_t2m/len 1530  v_t2m/R01 17.7%  v_t2m/R02 23.92%  v_t2m/R03 31.56%  v_t2m/R05 41.36%  v_t2m/R10 56.4%  v_t2m/MedR 8.0%  v_m2t/len 1530  v_m2t/R01 19.61%  v_m2t/R02 23.72%  v_m2t/R03 33.4%  v_m2t/R05 41.43%  v_m2t/R10 54.38%  v_m2t/MedR 9.0%
[21/04/26 00:37:27][src.callback.progress][INFO] - Epoch 110 step 21150/192: loss 1.796e-01
[21/04/26 00:37:38][src.callback.progress][INFO] - Epoch 110 step 21200/192: loss 1.731e-01
[21/04/26 00:37:48][src.callback.progress][INFO] - Epoch 110 step 21250/192: loss 1.947e-01
[21/04/26 00:37:58][src.callback.progress][INFO] - Epoch 110 step 21300/192: loss 1.841e-01
[21/04/26 00:38:02][src.callback.progress][INFO] - Epoch 110: v_recons 1.772e-01  recons 1.380e-01  v_loss 3.472e-01  loss 1.792e-01  v_latent 8.375e-01  latent 6.567e-01  v_kl 3.077e+01  kl 1.763e+01  v_contrastive 1.697e+00  contrastive 4.095e-01  v_t2m/len 1530  v_t2m/R01 16.93%  v_t2m/R02 24.25%  v_t2m/R03 31.82%  v_t2m/R05 41.75%  v_t2m/R10 56.86%  v_t2m/MedR 8.0%  v_m2t/len 1530  v_m2t/R01 21.23%  v_m2t/R02 24.77%  v_m2t/R03 32.34%  v_m2t/R05 41.04%  v_m2t/R10 54.58%  v_m2t/MedR 8.0%
[21/04/26 00:38:16][src.callback.progress][INFO] - Epoch 111 step 21350/192: loss 1.696e-01
[21/04/26 00:38:26][src.callback.progress][INFO] - Epoch 111 step 21400/192: loss 1.673e-01
[21/04/26 00:38:37][src.callback.progress][INFO] - Epoch 111 step 21450/192: loss 1.656e-01
[21/04/26 00:38:47][src.callback.progress][INFO] - Epoch 111 step 21500/192: loss 1.627e-01
[21/04/26 00:38:49][src.callback.progress][INFO] - Epoch 111: v_recons 1.781e-01  recons 1.378e-01  v_loss 3.495e-01  loss 1.788e-01  v_latent 8.363e-01  latent 6.573e-01  v_kl 3.033e+01  kl 1.776e+01  v_contrastive 1.710e+00  contrastive 4.072e-01  v_t2m/len 1530  v_t2m/R01 18.62%  v_t2m/R02 24.96%  v_t2m/R03 32.22%  v_t2m/R05 40.59%  v_t2m/R10 56.13%  v_t2m/MedR 8.0%  v_m2t/len 1530  v_m2t/R01 21.23%  v_m2t/R02 25.29%  v_m2t/R03 32.81%  v_m2t/R05 40.65%  v_m2t/R10 52.68%  v_m2t/MedR 9.0%
[21/04/26 00:39:05][src.callback.progress][INFO] - Epoch 112 step 21550/192: loss 1.816e-01
[21/04/26 00:39:15][src.callback.progress][INFO] - Epoch 112 step 21600/192: loss 1.743e-01
[21/04/26 00:39:25][src.callback.progress][INFO] - Epoch 112 step 21650/192: loss 1.902e-01
[21/04/26 00:39:37][src.callback.progress][INFO] - Epoch 112: v_recons 1.786e-01  recons 1.375e-01  v_loss 3.508e-01  loss 1.781e-01  v_latent 8.414e-01  latent 6.540e-01  v_kl 3.119e+01  kl 1.782e+01  v_contrastive 1.719e+00  contrastive 4.045e-01  v_t2m/len 1530  v_t2m/R01 17.84%  v_t2m/R02 23.13%  v_t2m/R03 30.71%  v_t2m/R05 39.79%  v_t2m/R10 55.61%  v_t2m/MedR 8.0%  v_m2t/len 1530  v_m2t/R01 20.12%  v_m2t/R02 23.72%  v_m2t/R03 32.09%  v_m2t/R05 41.11%  v_m2t/R10 52.68%  v_m2t/MedR 9.0%
[21/04/26 00:39:43][src.callback.progress][INFO] - Epoch 113 step 21700/192: loss 1.719e-01
[21/04/26 00:39:53][src.callback.progress][INFO] - Epoch 113 step 21750/192: loss 1.832e-01
[21/04/26 00:40:03][src.callback.progress][INFO] - Epoch 113 step 21800/192: loss 1.848e-01
[21/04/26 00:40:13][src.callback.progress][INFO] - Epoch 113 step 21850/192: loss 1.723e-01
[21/04/26 00:40:23][src.callback.progress][INFO] - Epoch 113: v_recons 1.775e-01  recons 1.369e-01  v_loss 3.504e-01  loss 1.769e-01  v_latent 8.424e-01  latent 6.531e-01  v_kl 3.137e+01  kl 1.788e+01  v_contrastive 1.725e+00  contrastive 3.983e-01  v_t2m/len 1530  v_t2m/R01 16.67%  v_t2m/R02 22.42%  v_t2m/R03 31.04%  v_t2m/R05 39.34%  v_t2m/R10 54.7%  v_t2m/MedR 9.0%  v_m2t/len 1530  v_m2t/R01 20.0%  v_m2t/R02 24.3%  v_m2t/R03 32.29%  v_m2t/R05 41.43%  v_m2t/R10 51.9%  v_m2t/MedR 9.0%
[21/04/26 00:40:30][src.callback.progress][INFO] - Epoch 114 step 21900/192: loss 1.749e-01
[21/04/26 00:40:41][src.callback.progress][INFO] - Epoch 114 step 21950/192: loss 1.720e-01
[21/04/26 00:40:51][src.callback.progress][INFO] - Epoch 114 step 22000/192: loss 1.842e-01
[21/04/26 00:41:02][src.callback.progress][INFO] - Epoch 114 step 22050/192: loss 1.770e-01
[21/04/26 00:41:10][src.callback.progress][INFO] - Epoch 114: v_recons 1.772e-01  recons 1.367e-01  v_loss 3.508e-01  loss 1.768e-01  v_latent 8.442e-01  latent 6.529e-01  v_kl 3.213e+01  kl 1.807e+01  v_contrastive 1.733e+00  contrastive 3.988e-01  v_t2m/len 1530  v_t2m/R01 16.46%  v_t2m/R02 23.27%  v_t2m/R03 31.04%  v_t2m/R05 41.95%  v_t2m/R10 54.77%  v_t2m/MedR 8.0%  v_m2t/len 1530  v_m2t/R01 20.78%  v_m2t/R02 25.55%  v_m2t/R03 33.2%  v_m2t/R05 41.56%  v_m2t/R10 52.68%  v_m2t/MedR 9.0%
[21/04/26 00:41:19][src.callback.progress][INFO] - Epoch 115 step 22100/192: loss 1.583e-01
[21/04/26 00:41:29][src.callback.progress][INFO] - Epoch 115 step 22150/192: loss 1.920e-01
[21/04/26 00:41:39][src.callback.progress][INFO] - Epoch 115 step 22200/192: loss 1.995e-01
[21/04/26 00:41:50][src.callback.progress][INFO] - Epoch 115 step 22250/192: loss 1.779e-01
[21/04/26 00:41:56][src.callback.progress][INFO] - Epoch 115: v_recons 1.779e-01  recons 1.366e-01  v_loss 3.532e-01  loss 1.766e-01  v_latent 8.463e-01  latent 6.522e-01  v_kl 3.194e+01  kl 1.814e+01  v_contrastive 1.750e+00  contrastive 3.978e-01  v_t2m/len 1530  v_t2m/R01 17.31%  v_t2m/R02 23.53%  v_t2m/R03 30.78%  v_t2m/R05 41.63%  v_t2m/R10 55.61%  v_t2m/MedR 8.0%  v_m2t/len 1530  v_m2t/R01 19.87%  v_m2t/R02 24.44%  v_m2t/R03 32.75%  v_m2t/R05 40.72%  v_m2t/R10 52.81%  v_m2t/MedR 9.0%
[21/04/26 00:42:07][src.callback.progress][INFO] - Epoch 116 step 22300/192: loss 1.757e-01
[21/04/26 00:42:17][src.callback.progress][INFO] - Epoch 116 step 22350/192: loss 1.804e-01
[21/04/26 00:42:27][src.callback.progress][INFO] - Epoch 116 step 22400/192: loss 1.879e-01
[21/04/26 00:42:37][src.callback.progress][INFO] - Epoch 116 step 22450/192: loss 1.685e-01
[21/04/26 00:42:42][src.callback.progress][INFO] - Epoch 116: v_recons 1.782e-01  recons 1.362e-01  v_loss 3.514e-01  loss 1.751e-01  v_latent 8.457e-01  latent 6.515e-01  v_kl 3.207e+01  kl 1.827e+01  v_contrastive 1.729e+00  contrastive 3.876e-01  v_t2m/len 1530  v_t2m/R01 17.31%  v_t2m/R02 22.29%  v_t2m/R03 30.38%  v_t2m/R05 39.66%  v_t2m/R10 54.97%  v_t2m/MedR 9.0%  v_m2t/len 1530  v_m2t/R01 19.54%  v_m2t/R02 23.27%  v_m2t/R03 32.68%  v_m2t/R05 41.36%  v_m2t/R10 51.63%  v_m2t/MedR 9.0%
[21/04/26 00:42:55][src.callback.progress][INFO] - Epoch 117 step 22500/192: loss 1.801e-01
[21/04/26 00:43:05][src.callback.progress][INFO] - Epoch 117 step 22550/192: loss 1.842e-01
[21/04/26 00:43:15][src.callback.progress][INFO] - Epoch 117 step 22600/192: loss 1.692e-01
[21/04/26 00:43:25][src.callback.progress][INFO] - Epoch 117 step 22650/192: loss 1.554e-01
[21/04/26 00:43:28][src.callback.progress][INFO] - Epoch 117: v_recons 1.776e-01  recons 1.356e-01  v_loss 3.524e-01  loss 1.738e-01  v_latent 8.455e-01  latent 6.489e-01  v_kl 3.180e+01  kl 1.829e+01  v_contrastive 1.745e+00  contrastive 3.799e-01  v_t2m/len 1530  v_t2m/R01 17.12%  v_t2m/R02 22.42%  v_t2m/R03 29.28%  v_t2m/R05 39.79%  v_t2m/R10 54.31%  v_t2m/MedR 9.0%  v_m2t/len 1530  v_m2t/R01 20.32%  v_m2t/R02 23.65%  v_m2t/R03 31.76%  v_m2t/R05 39.08%  v_m2t/R10 51.63%  v_m2t/MedR 9.0%
[21/04/26 00:43:42][src.callback.progress][INFO] - Epoch 118 step 22700/192: loss 2.000e-01
[21/04/26 00:43:53][src.callback.progress][INFO] - Epoch 118 step 22750/192: loss 1.690e-01
[21/04/26 00:44:03][src.callback.progress][INFO] - Epoch 118 step 22800/192: loss 1.892e-01
[21/04/26 00:44:15][src.callback.progress][INFO] - Epoch 118: v_recons 1.782e-01  recons 1.353e-01  v_loss 3.538e-01  loss 1.739e-01  v_latent 8.478e-01  latent 6.484e-01  v_kl 3.205e+01  kl 1.825e+01  v_contrastive 1.752e+00  contrastive 3.843e-01  v_t2m/len 1530  v_t2m/R01 16.34%  v_t2m/R02 22.35%  v_t2m/R03 30.2%  v_t2m/R05 40.52%  v_t2m/R10 55.75%  v_t2m/MedR 8.0%  v_m2t/len 1530  v_m2t/R01 21.11%  v_m2t/R02 25.62%  v_m2t/R03 32.47%  v_m2t/R05 40.65%  v_m2t/R10 52.88%  v_m2t/MedR 9.0%
[21/04/26 00:44:21][src.callback.progress][INFO] - Epoch 119 step 22850/192: loss 1.812e-01
[21/04/26 00:44:31][src.callback.progress][INFO] - Epoch 119 step 22900/192: loss 1.801e-01
[21/04/26 00:44:41][src.callback.progress][INFO] - Epoch 119 step 22950/192: loss 1.774e-01
[21/04/26 00:44:52][src.callback.progress][INFO] - Epoch 119 step 23000/192: loss 1.727e-01
[21/04/26 00:45:02][src.callback.progress][INFO] - Epoch 119: v_recons 1.765e-01  recons 1.348e-01  v_loss 3.497e-01  loss 1.727e-01  v_latent 8.432e-01  latent 6.468e-01  v_kl 3.263e+01  kl 1.836e+01  v_contrastive 1.729e+00  contrastive 3.767e-01  v_t2m/len 1530  v_t2m/R01 17.52%  v_t2m/R02 23.86%  v_t2m/R03 31.7%  v_t2m/R05 40.65%  v_t2m/R10 55.56%  v_t2m/MedR 8.0%  v_m2t/len 1530  v_m2t/R01 20.52%  v_m2t/R02 24.7%  v_m2t/R03 33.2%  v_m2t/R05 41.7%  v_m2t/R10 52.34%  v_m2t/MedR 9.0%
[21/04/26 00:45:09][src.callback.progress][INFO] - Epoch 120 step 23050/192: loss 1.846e-01
[21/04/26 00:45:19][src.callback.progress][INFO] - Epoch 120 step 23100/192: loss 1.854e-01
[21/04/26 00:45:30][src.callback.progress][INFO] - Epoch 120 step 23150/192: loss 1.897e-01
[21/04/26 00:45:40][src.callback.progress][INFO] - Epoch 120 step 23200/192: loss 1.676e-01
[21/04/26 00:45:48][src.callback.progress][INFO] - Epoch 120: v_recons 1.767e-01  recons 1.347e-01  v_loss 3.498e-01  loss 1.723e-01  v_latent 8.464e-01  latent 6.463e-01  v_kl 3.274e+01  kl 1.861e+01  v_contrastive 1.728e+00  contrastive 3.736e-01  v_t2m/len 1530  v_t2m/R01 16.54%  v_t2m/R02 23.01%  v_t2m/R03 31.3%  v_t2m/R05 40.45%  v_t2m/R10 55.41%  v_t2m/MedR 8.0%  v_m2t/len 1530  v_m2t/R01 20.92%  v_m2t/R02 23.39%  v_m2t/R03 32.81%  v_m2t/R05 40.84%  v_m2t/R10 52.22%  v_m2t/MedR 9.0%
[21/04/26 00:45:57][src.callback.progress][INFO] - Epoch 121 step 23250/192: loss 1.937e-01
[21/04/26 00:46:07][src.callback.progress][INFO] - Epoch 121 step 23300/192: loss 1.845e-01
[21/04/26 00:46:18][src.callback.progress][INFO] - Epoch 121 step 23350/192: loss 1.987e-01
[21/04/26 00:46:28][src.callback.progress][INFO] - Epoch 121 step 23400/192: loss 1.825e-01
[21/04/26 00:46:35][src.callback.progress][INFO] - Epoch 121: v_recons 1.784e-01  recons 1.344e-01  v_loss 3.560e-01  loss 1.719e-01  v_latent 8.535e-01  latent 6.466e-01  v_kl 3.359e+01  kl 1.877e+01  v_contrastive 1.773e+00  contrastive 3.730e-01  v_t2m/len 1530  v_t2m/R01 17.12%  v_t2m/R02 23.92%  v_t2m/R03 31.18%  v_t2m/R05 42.34%  v_t2m/R10 56.2%  v_t2m/MedR 8.0%  v_m2t/len 1530  v_m2t/R01 20.71%  v_m2t/R02 24.37%  v_m2t/R03 33.0%  v_m2t/R05 41.04%  v_m2t/R10 52.34%  v_m2t/MedR 9.0%
[21/04/26 00:46:46][src.callback.progress][INFO] - Epoch 122 step 23450/192: loss 1.482e-01
[21/04/26 00:46:56][src.callback.progress][INFO] - Epoch 122 step 23500/192: loss 1.829e-01
[21/04/26 00:47:06][src.callback.progress][INFO] - Epoch 122 step 23550/192: loss 1.709e-01
[21/04/26 00:47:17][src.callback.progress][INFO] - Epoch 122 step 23600/192: loss 1.756e-01
[21/04/26 00:47:22][src.callback.progress][INFO] - Epoch 122: v_recons 1.768e-01  recons 1.338e-01  v_loss 3.541e-01  loss 1.703e-01  v_latent 8.545e-01  latent 6.429e-01  v_kl 3.367e+01  kl 1.868e+01  v_contrastive 1.770e+00  contrastive 3.634e-01  v_t2m/len 1530  v_t2m/R01 17.31%  v_t2m/R02 23.06%  v_t2m/R03 32.41%  v_t2m/R05 41.43%  v_t2m/R10 54.18%  v_t2m/MedR 8.0%  v_m2t/len 1530  v_m2t/R01 19.14%  v_m2t/R02 22.29%  v_m2t/R03 31.56%  v_m2t/R05 40.2%  v_m2t/R10 52.22%  v_m2t/MedR 9.0%
[21/04/26 00:47:34][src.callback.progress][INFO] - Epoch 123 step 23650/192: loss 1.713e-01
[21/04/26 00:47:44][src.callback.progress][INFO] - Epoch 123 step 23700/192: loss 1.785e-01
[21/04/26 00:47:54][src.callback.progress][INFO] - Epoch 123 step 23750/192: loss 1.675e-01
[21/04/26 00:48:05][src.callback.progress][INFO] - Epoch 123 step 23800/192: loss 1.763e-01
[21/04/26 00:48:08][src.callback.progress][INFO] - Epoch 123: v_recons 1.774e-01  recons 1.339e-01  v_loss 3.553e-01  loss 1.700e-01  v_latent 8.553e-01  latent 6.440e-01  v_kl 3.435e+01  kl 1.888e+01  v_contrastive 1.776e+00  contrastive 3.591e-01  v_t2m/len 1530  v_t2m/R01 19.14%  v_t2m/R02 25.62%  v_t2m/R03 33.99%  v_t2m/R05 42.41%  v_t2m/R10 55.41%  v_t2m/MedR 8.0%  v_m2t/len 1530  v_m2t/R01 19.93%  v_m2t/R02 23.53%  v_m2t/R03 31.56%  v_m2t/R05 40.45%  v_m2t/R10 52.09%  v_m2t/MedR 9.0%
[21/04/26 00:48:22][src.callback.progress][INFO] - Epoch 124 step 23850/192: loss 1.616e-01
[21/04/26 00:48:32][src.callback.progress][INFO] - Epoch 124 step 23900/192: loss 1.670e-01
[21/04/26 00:48:42][src.callback.progress][INFO] - Epoch 124 step 23950/192: loss 1.709e-01
[21/04/26 00:48:52][src.callback.progress][INFO] - Epoch 124 step 24000/192: loss 1.718e-01
[21/04/26 00:48:54][src.callback.progress][INFO] - Epoch 124: v_recons 1.775e-01  recons 1.338e-01  v_loss 3.507e-01  loss 1.699e-01  v_latent 8.492e-01  latent 6.448e-01  v_kl 3.410e+01  kl 1.905e+01  v_contrastive 1.728e+00  contrastive 3.599e-01  v_t2m/len 1530  v_t2m/R01 17.57%  v_t2m/R02 23.72%  v_t2m/R03 32.09%  v_t2m/R05 41.83%  v_t2m/R10 57.31%  v_t2m/MedR 8.0%  v_m2t/len 1530  v_m2t/R01 20.92%  v_m2t/R02 24.18%  v_m2t/R03 31.7%  v_m2t/R05 40.52%  v_m2t/R10 53.52%  v_m2t/MedR 9.0%
[21/04/26 00:49:10][src.callback.progress][INFO] - Epoch 125 step 24050/192: loss 1.745e-01
[21/04/26 00:49:20][src.callback.progress][INFO] - Epoch 125 step 24100/192: loss 1.629e-01
[21/04/26 00:49:30][src.callback.progress][INFO] - Epoch 125 step 24150/192: loss 1.635e-01
[21/04/26 00:49:41][src.callback.progress][INFO] - Epoch 125: v_recons 1.774e-01  recons 1.330e-01  v_loss 3.524e-01  loss 1.686e-01  v_latent 8.534e-01  latent 6.431e-01  v_kl 3.416e+01  kl 1.908e+01  v_contrastive 1.746e+00  contrastive 3.542e-01  v_t2m/len 1530  v_t2m/R01 16.6%  v_t2m/R02 23.06%  v_t2m/R03 31.3%  v_t2m/R05 41.31%  v_t2m/R10 55.75%  v_t2m/MedR 8.0%  v_m2t/len 1530  v_m2t/R01 20.71%  v_m2t/R02 24.44%  v_m2t/R03 33.2%  v_m2t/R05 41.31%  v_m2t/R10 53.45%  v_m2t/MedR 9.0%
[21/04/26 00:49:47][src.callback.progress][INFO] - Epoch 126 step 24200/192: loss 1.691e-01
[21/04/26 00:49:58][src.callback.progress][INFO] - Epoch 126 step 24250/192: loss 1.749e-01
[21/04/26 00:50:08][src.callback.progress][INFO] - Epoch 126 step 24300/192: loss 1.937e-01
[21/04/26 00:50:18][src.callback.progress][INFO] - Epoch 126 step 24350/192: loss 1.639e-01
[21/04/26 00:50:27][src.callback.progress][INFO] - Epoch 126: v_recons 1.783e-01  recons 1.329e-01  v_loss 3.553e-01  loss 1.684e-01  v_latent 8.554e-01  latent 6.424e-01  v_kl 3.428e+01  kl 1.903e+01  v_contrastive 1.766e+00  contrastive 3.533e-01  v_t2m/len 1530  v_t2m/R01 17.05%  v_t2m/R02 22.68%  v_t2m/R03 30.71%  v_t2m/R05 40.84%  v_t2m/R10 55.15%  v_t2m/MedR 8.0%  v_m2t/len 1530  v_m2t/R01 19.93%  v_m2t/R02 23.86%  v_m2t/R03 32.61%  v_m2t/R05 41.31%  v_m2t/R10 53.45%  v_m2t/MedR 9.0%
[21/04/26 00:50:35][src.callback.progress][INFO] - Epoch 127 step 24400/192: loss 1.951e-01
[21/04/26 00:50:46][src.callback.progress][INFO] - Epoch 127 step 24450/192: loss 1.543e-01
[21/04/26 00:50:57][src.callback.progress][INFO] - Epoch 127 step 24500/192: loss 1.738e-01
[21/04/26 00:51:07][src.callback.progress][INFO] - Epoch 127 step 24550/192: loss 1.778e-01
[21/04/26 00:51:14][src.callback.progress][INFO] - Epoch 127: v_recons 1.763e-01  recons 1.327e-01  v_loss 3.524e-01  loss 1.683e-01  v_latent 8.549e-01  latent 6.423e-01  v_kl 3.446e+01  kl 1.933e+01  v_contrastive 1.757e+00  contrastive 3.539e-01  v_t2m/len 1530  v_t2m/R01 17.78%  v_t2m/R02 23.92%  v_t2m/R03 31.7%  v_t2m/R05 41.43%  v_t2m/R10 55.41%  v_t2m/MedR 8.0%  v_m2t/len 1530  v_m2t/R01 20.85%  v_m2t/R02 24.7%  v_m2t/R03 33.4%  v_m2t/R05 40.97%  v_m2t/R10 51.5%  v_m2t/MedR 9.0%
[21/04/26 00:51:24][src.callback.progress][INFO] - Epoch 128 step 24600/192: loss 1.588e-01
[21/04/26 00:51:35][src.callback.progress][INFO] - Epoch 128 step 24650/192: loss 1.743e-01
[21/04/26 00:51:45][src.callback.progress][INFO] - Epoch 128 step 24700/192: loss 1.647e-01
[21/04/26 00:51:55][src.callback.progress][INFO] - Epoch 128 step 24750/192: loss 1.701e-01
[21/04/26 00:52:01][src.callback.progress][INFO] - Epoch 128: v_recons 1.771e-01  recons 1.321e-01  v_loss 3.524e-01  loss 1.665e-01  v_latent 8.555e-01  latent 6.400e-01  v_kl 3.505e+01  kl 1.933e+01  v_contrastive 1.749e+00  contrastive 3.421e-01  v_t2m/len 1530  v_t2m/R01 16.34%  v_t2m/R02 23.13%  v_t2m/R03 30.92%  v_t2m/R05 41.7%  v_t2m/R10 56.99%  v_t2m/MedR 8.0%  v_m2t/len 1530  v_m2t/R01 20.06%  v_m2t/R02 23.53%  v_m2t/R03 32.29%  v_m2t/R05 40.52%  v_m2t/R10 53.45%  v_m2t/MedR 9.0%
[21/04/26 00:52:12][src.callback.progress][INFO] - Epoch 129 step 24800/192: loss 1.661e-01
[21/04/26 00:52:23][src.callback.progress][INFO] - Epoch 129 step 24850/192: loss 1.637e-01
[21/04/26 00:52:33][src.callback.progress][INFO] - Epoch 129 step 24900/192: loss 1.624e-01
[21/04/26 00:52:43][src.callback.progress][INFO] - Epoch 129 step 24950/192: loss 1.587e-01
[21/04/26 00:52:47][src.callback.progress][INFO] - Epoch 129: v_recons 1.778e-01  recons 1.317e-01  v_loss 3.547e-01  loss 1.658e-01  v_latent 8.606e-01  latent 6.383e-01  v_kl 3.571e+01  kl 1.948e+01  v_contrastive 1.765e+00  contrastive 3.398e-01  v_t2m/len 1530  v_t2m/R01 16.4%  v_t2m/R02 23.39%  v_t2m/R03 30.97%  v_t2m/R05 41.31%  v_t2m/R10 55.61%  v_t2m/MedR 8.0%  v_m2t/len 1530  v_m2t/R01 19.35%  v_m2t/R02 22.54%  v_m2t/R03 32.02%  v_m2t/R05 40.84%  v_m2t/R10 53.79%  v_m2t/MedR 9.0%
[21/04/26 00:53:00][src.callback.progress][INFO] - Epoch 130 step 25000/192: loss 1.614e-01
[21/04/26 00:53:11][src.callback.progress][INFO] - Epoch 130 step 25050/192: loss 1.621e-01
[21/04/26 00:53:21][src.callback.progress][INFO] - Epoch 130 step 25100/192: loss 1.738e-01
[21/04/26 00:53:31][src.callback.progress][INFO] - Epoch 130 step 25150/192: loss 1.618e-01
[21/04/26 00:53:33][src.callback.progress][INFO] - Epoch 130: v_recons 1.761e-01  recons 1.314e-01  v_loss 3.533e-01  loss 1.653e-01  v_latent 8.611e-01  latent 6.406e-01  v_kl 3.584e+01  kl 1.968e+01  v_contrastive 1.768e+00  contrastive 3.377e-01  v_t2m/len 1530  v_t2m/R01 17.64%  v_t2m/R02 23.86%  v_t2m/R03 32.29%  v_t2m/R05 41.43%  v_t2m/R10 56.93%  v_t2m/MedR 7.0%  v_m2t/len 1530  v_m2t/R01 21.3%  v_m2t/R02 25.1%  v_m2t/R03 33.59%  v_m2t/R05 42.54%  v_m2t/R10 54.38%  v_m2t/MedR 8.0%
[21/04/26 00:53:48][src.callback.progress][INFO] - Epoch 131 step 25200/192: loss 1.839e-01
[21/04/26 00:53:59][src.callback.progress][INFO] - Epoch 131 step 25250/192: loss 1.619e-01
[21/04/26 00:54:09][src.callback.progress][INFO] - Epoch 131 step 25300/192: loss 1.780e-01
[21/04/26 00:54:20][src.callback.progress][INFO] - Epoch 131: v_recons 1.764e-01  recons 1.313e-01  v_loss 3.529e-01  loss 1.655e-01  v_latent 8.562e-01  latent 6.396e-01  v_kl 3.568e+01  kl 1.982e+01  v_contrastive 1.761e+00  contrastive 3.405e-01  v_t2m/len 1530  v_t2m/R01 16.79%  v_t2m/R02 23.32%  v_t2m/R03 30.64%  v_t2m/R05 40.13%  v_t2m/R10 54.7%  v_t2m/MedR 8.0%  v_m2t/len 1530  v_m2t/R01 20.26%  v_m2t/R02 23.65%  v_m2t/R03 32.88%  v_m2t/R05 41.04%  v_m2t/R10 53.65%  v_m2t/MedR 9.0%
[21/04/26 00:54:26][src.callback.progress][INFO] - Epoch 132 step 25350/192: loss 1.621e-01
[21/04/26 00:54:36][src.callback.progress][INFO] - Epoch 132 step 25400/192: loss 1.562e-01
[21/04/26 00:54:47][src.callback.progress][INFO] - Epoch 132 step 25450/192: loss 1.805e-01
[21/04/26 00:54:57][src.callback.progress][INFO] - Epoch 132 step 25500/192: loss 1.677e-01
[21/04/26 00:55:06][src.callback.progress][INFO] - Epoch 132: v_recons 1.787e-01  recons 1.305e-01  v_loss 3.544e-01  loss 1.639e-01  v_latent 8.614e-01  latent 6.385e-01  v_kl 3.627e+01  kl 1.988e+01  v_contrastive 1.754e+00  contrastive 3.311e-01  v_t2m/len 1530  v_t2m/R01 17.84%  v_t2m/R02 23.79%  v_t2m/R03 32.15%  v_t2m/R05 42.09%  v_t2m/R10 55.68%  v_t2m/MedR 8.0%  v_m2t/len 1530  v_m2t/R01 20.97%  v_m2t/R02 24.63%  v_m2t/R03 31.95%  v_m2t/R05 40.72%  v_m2t/R10 52.75%  v_m2t/MedR 9.0%
[21/04/26 00:55:14][src.callback.progress][INFO] - Epoch 133 step 25550/192: loss 1.615e-01
[21/04/26 00:55:24][src.callback.progress][INFO] - Epoch 133 step 25600/192: loss 1.570e-01
[21/04/26 00:55:35][src.callback.progress][INFO] - Epoch 133 step 25650/192: loss 1.654e-01
[21/04/26 00:55:45][src.callback.progress][INFO] - Epoch 133 step 25700/192: loss 1.778e-01
[21/04/26 00:55:52][src.callback.progress][INFO] - Epoch 133: v_recons 1.759e-01  recons 1.307e-01  v_loss 3.504e-01  loss 1.643e-01  v_latent 8.571e-01  latent 6.406e-01  v_kl 3.656e+01  kl 2.005e+01  v_contrastive 1.741e+00  contrastive 3.344e-01  v_t2m/len 1530  v_t2m/R01 18.29%  v_t2m/R02 24.44%  v_t2m/R03 32.88%  v_t2m/R05 41.31%  v_t2m/R10 55.68%  v_t2m/MedR 8.0%  v_m2t/len 1530  v_m2t/R01 20.59%  v_m2t/R02 24.44%  v_m2t/R03 33.2%  v_m2t/R05 42.41%  v_m2t/R10 53.33%  v_m2t/MedR 9.0%
[21/04/26 00:56:02][src.callback.progress][INFO] - Epoch 134 step 25750/192: loss 1.790e-01
[21/04/26 00:56:13][src.callback.progress][INFO] - Epoch 134 step 25800/192: loss 1.835e-01
[21/04/26 00:56:23][src.callback.progress][INFO] - Epoch 134 step 25850/192: loss 1.700e-01
[21/04/26 00:56:33][src.callback.progress][INFO] - Epoch 134 step 25900/192: loss 1.610e-01
[21/04/26 00:56:39][src.callback.progress][INFO] - Epoch 134: v_recons 1.770e-01  recons 1.300e-01  v_loss 3.520e-01  loss 1.627e-01  v_latent 8.637e-01  latent 6.386e-01  v_kl 3.607e+01  kl 2.011e+01  v_contrastive 1.746e+00  contrastive 3.257e-01  v_t2m/len 1530  v_t2m/R01 18.04%  v_t2m/R02 23.86%  v_t2m/R03 32.54%  v_t2m/R05 40.84%  v_t2m/R10 55.56%  v_t2m/MedR 8.0%  v_m2t/len 1530  v_m2t/R01 19.87%  v_m2t/R02 23.98%  v_m2t/R03 32.81%  v_m2t/R05 41.36%  v_m2t/R10 53.4%  v_m2t/MedR 9.0%
[21/04/26 00:56:50][src.callback.progress][INFO] - Epoch 135 step 25950/192: loss 1.576e-01
[21/04/26 00:57:00][src.callback.progress][INFO] - Epoch 135 step 26000/192: loss 1.729e-01
[21/04/26 00:57:10][src.callback.progress][INFO] - Epoch 135 step 26050/192: loss 1.642e-01
[21/04/26 00:57:20][src.callback.progress][INFO] - Epoch 135 step 26100/192: loss 1.700e-01
[21/04/26 00:57:24][src.callback.progress][INFO] - Epoch 135: v_recons 1.764e-01  recons 1.299e-01  v_loss 3.515e-01  loss 1.622e-01  v_latent 8.609e-01  latent 6.378e-01  v_kl 3.654e+01  kl 2.011e+01  v_contrastive 1.747e+00  contrastive 3.205e-01  v_t2m/len 1530  v_t2m/R01 18.62%  v_t2m/R02 24.57%  v_t2m/R03 32.75%  v_t2m/R05 43.0%  v_t2m/R10 57.58%  v_t2m/MedR 7.0%  v_m2t/len 1530  v_m2t/R01 21.23%  v_m2t/R02 25.22%  v_m2t/R03 32.88%  v_m2t/R05 41.95%  v_m2t/R10 53.45%  v_m2t/MedR 9.0%
[21/04/26 00:57:37][src.callback.progress][INFO] - Epoch 136 step 26150/192: loss 1.404e-01
[21/04/26 00:57:47][src.callback.progress][INFO] - Epoch 136 step 26200/192: loss 1.546e-01
[21/04/26 00:57:57][src.callback.progress][INFO] - Epoch 136 step 26250/192: loss 1.577e-01
[21/04/26 00:58:08][src.callback.progress][INFO] - Epoch 136 step 26300/192: loss 1.776e-01
[21/04/26 00:58:10][src.callback.progress][INFO] - Epoch 136: v_recons 1.760e-01  recons 1.296e-01  v_loss 3.488e-01  loss 1.619e-01  v_latent 8.632e-01  latent 6.374e-01  v_kl 3.639e+01  kl 2.020e+01  v_contrastive 1.724e+00  contrastive 3.209e-01  v_t2m/len 1530  v_t2m/R01 17.12%  v_t2m/R02 24.3%  v_t2m/R03 32.61%  v_t2m/R05 41.11%  v_t2m/R10 57.58%  v_t2m/MedR 8.0%  v_m2t/len 1530  v_m2t/R01 20.71%  v_m2t/R02 24.12%  v_m2t/R03 33.99%  v_m2t/R05 42.15%  v_m2t/R10 54.5%  v_m2t/MedR 8.0%
[21/04/26 00:58:24][src.callback.progress][INFO] - Epoch 137 step 26350/192: loss 1.796e-01
[21/04/26 00:58:34][src.callback.progress][INFO] - Epoch 137 step 26400/192: loss 1.732e-01
[21/04/26 00:58:44][src.callback.progress][INFO] - Epoch 137 step 26450/192: loss 1.785e-01
[21/04/26 00:58:56][src.callback.progress][INFO] - Epoch 137: v_recons 1.766e-01  recons 1.294e-01  v_loss 3.518e-01  loss 1.615e-01  v_latent 8.689e-01  latent 6.361e-01  v_kl 3.720e+01  kl 2.016e+01  v_contrastive 1.749e+00  contrastive 3.184e-01  v_t2m/len 1530  v_t2m/R01 17.25%  v_t2m/R02 23.53%  v_t2m/R03 31.3%  v_t2m/R05 40.84%  v_t2m/R10 55.02%  v_t2m/MedR 9.0%  v_m2t/len 1530  v_m2t/R01 19.02%  v_m2t/R02 22.68%  v_m2t/R03 31.44%  v_m2t/R05 40.65%  v_m2t/R10 52.68%  v_m2t/MedR 9.0%
[21/04/26 00:59:02][src.callback.progress][INFO] - Epoch 138 step 26500/192: loss 1.518e-01
[21/04/26 00:59:13][src.callback.progress][INFO] - Epoch 138 step 26550/192: loss 1.710e-01
[21/04/26 00:59:23][src.callback.progress][INFO] - Epoch 138 step 26600/192: loss 1.673e-01
[21/04/26 00:59:33][src.callback.progress][INFO] - Epoch 138 step 26650/192: loss 1.501e-01
[21/04/26 00:59:43][src.callback.progress][INFO] - Epoch 138: v_recons 1.759e-01  recons 1.290e-01  v_loss 3.530e-01  loss 1.606e-01  v_latent 8.666e-01  latent 6.350e-01  v_kl 3.650e+01  kl 2.015e+01  v_contrastive 1.767e+00  contrastive 3.136e-01  v_t2m/len 1530  v_t2m/R01 16.72%  v_t2m/R02 23.79%  v_t2m/R03 31.82%  v_t2m/R05 40.59%  v_t2m/R10 56.13%  v_t2m/MedR 8.0%  v_m2t/len 1530  v_m2t/R01 20.06%  v_m2t/R02 23.53%  v_m2t/R03 32.15%  v_m2t/R05 40.45%  v_m2t/R10 51.75%  v_m2t/MedR 9.0%
[21/04/26 00:59:51][src.callback.progress][INFO] - Epoch 139 step 26700/192: loss 1.757e-01
[21/04/26 01:00:01][src.callback.progress][INFO] - Epoch 139 step 26750/192: loss 1.483e-01
[21/04/26 01:00:11][src.callback.progress][INFO] - Epoch 139 step 26800/192: loss 1.488e-01
[21/04/26 01:00:22][src.callback.progress][INFO] - Epoch 139 step 26850/192: loss 1.665e-01
[21/04/26 01:00:29][src.callback.progress][INFO] - Epoch 139: v_recons 1.751e-01  recons 1.288e-01  v_loss 3.495e-01  loss 1.601e-01  v_latent 8.609e-01  latent 6.353e-01  v_kl 3.688e+01  kl 2.032e+01  v_contrastive 1.740e+00  contrastive 3.114e-01  v_t2m/len 1530  v_t2m/R01 18.81%  v_t2m/R02 23.27%  v_t2m/R03 32.34%  v_t2m/R05 41.24%  v_t2m/R10 54.9%  v_t2m/MedR 8.0%  v_m2t/len 1530  v_m2t/R01 20.52%  v_m2t/R02 24.63%  v_m2t/R03 33.06%  v_m2t/R05 42.54%  v_m2t/R10 54.38%  v_m2t/MedR 9.0%
[21/04/26 01:00:39][src.callback.progress][INFO] - Epoch 140 step 26900/192: loss 1.716e-01
[21/04/26 01:00:49][src.callback.progress][INFO] - Epoch 140 step 26950/192: loss 1.644e-01
[21/04/26 01:00:59][src.callback.progress][INFO] - Epoch 140 step 27000/192: loss 1.684e-01
[21/04/26 01:01:10][src.callback.progress][INFO] - Epoch 140 step 27050/192: loss 1.608e-01
[21/04/26 01:01:16][src.callback.progress][INFO] - Epoch 140: v_recons 1.750e-01  recons 1.282e-01  v_loss 3.485e-01  loss 1.590e-01  v_latent 8.704e-01  latent 6.332e-01  v_kl 3.775e+01  kl 2.036e+01  v_contrastive 1.732e+00  contrastive 3.052e-01  v_t2m/len 1530  v_t2m/R01 18.43%  v_t2m/R02 22.8%  v_t2m/R03 31.76%  v_t2m/R05 41.04%  v_t2m/R10 56.79%  v_t2m/MedR 8.0%  v_m2t/len 1530  v_m2t/R01 20.12%  v_m2t/R02 23.72%  v_m2t/R03 31.18%  v_m2t/R05 40.65%  v_m2t/R10 53.65%  v_m2t/MedR 9.0%
[21/04/26 01:01:26][src.callback.progress][INFO] - Epoch 141 step 27100/192: loss 1.393e-01
[21/04/26 01:01:37][src.callback.progress][INFO] - Epoch 141 step 27150/192: loss 1.441e-01
[21/04/26 01:01:47][src.callback.progress][INFO] - Epoch 141 step 27200/192: loss 1.438e-01
[21/04/26 01:01:57][src.callback.progress][INFO] - Epoch 141 step 27250/192: loss 1.688e-01
[21/04/26 01:02:02][src.callback.progress][INFO] - Epoch 141: v_recons 1.782e-01  recons 1.283e-01  v_loss 3.544e-01  loss 1.592e-01  v_latent 8.726e-01  latent 6.351e-01  v_kl 3.730e+01  kl 2.053e+01  v_contrastive 1.757e+00  contrastive 3.067e-01  v_t2m/len 1530  v_t2m/R01 17.78%  v_t2m/R02 23.01%  v_t2m/R03 31.7%  v_t2m/R05 41.63%  v_t2m/R10 56.59%  v_t2m/MedR 8.0%  v_m2t/len 1530  v_m2t/R01 21.18%  v_m2t/R02 24.44%  v_m2t/R03 33.79%  v_m2t/R05 42.41%  v_m2t/R10 53.4%  v_m2t/MedR 9.0%
[21/04/26 01:02:15][src.callback.progress][INFO] - Epoch 142 step 27300/192: loss 1.600e-01
[21/04/26 01:02:25][src.callback.progress][INFO] - Epoch 142 step 27350/192: loss 1.568e-01
[21/04/26 01:02:35][src.callback.progress][INFO] - Epoch 142 step 27400/192: loss 1.518e-01
[21/04/26 01:02:45][src.callback.progress][INFO] - Epoch 142 step 27450/192: loss 1.557e-01
[21/04/26 01:02:48][src.callback.progress][INFO] - Epoch 142: v_recons 1.772e-01  recons 1.278e-01  v_loss 3.518e-01  loss 1.590e-01  v_latent 8.703e-01  latent 6.360e-01  v_kl 3.799e+01  kl 2.073e+01  v_contrastive 1.742e+00  contrastive 3.102e-01  v_t2m/len 1530  v_t2m/R01 18.17%  v_t2m/R02 24.44%  v_t2m/R03 31.95%  v_t2m/R05 42.02%  v_t2m/R10 56.86%  v_t2m/MedR 8.0%  v_m2t/len 1530  v_m2t/R01 20.64%  v_m2t/R02 24.12%  v_m2t/R03 33.45%  v_m2t/R05 41.18%  v_m2t/R10 53.86%  v_m2t/MedR 9.0%
[21/04/26 01:03:01][src.callback.progress][INFO] - Epoch 143 step 27500/192: loss 1.688e-01
[21/04/26 01:03:11][src.callback.progress][INFO] - Epoch 143 step 27550/192: loss 1.501e-01
[21/04/26 01:03:21][src.callback.progress][INFO] - Epoch 143 step 27600/192: loss 1.615e-01
[21/04/26 01:03:33][src.callback.progress][INFO] - Epoch 143: v_recons 1.764e-01  recons 1.273e-01  v_loss 3.506e-01  loss 1.574e-01  v_latent 8.697e-01  latent 6.335e-01  v_kl 3.797e+01  kl 2.057e+01  v_contrastive 1.738e+00  contrastive 2.992e-01  v_t2m/len 1530  v_t2m/R01 17.05%  v_t2m/R02 24.12%  v_t2m/R03 30.92%  v_t2m/R05 41.63%  v_t2m/R10 55.02%  v_t2m/MedR 8.0%  v_m2t/len 1530  v_m2t/R01 21.18%  v_m2t/R02 24.96%  v_m2t/R03 33.06%  v_m2t/R05 42.29%  v_m2t/R10 53.59%  v_m2t/MedR 8.5%
[21/04/26 01:03:38][src.callback.progress][INFO] - Epoch 144 step 27650/192: loss 1.595e-01
[21/04/26 01:03:48][src.callback.progress][INFO] - Epoch 144 step 27700/192: loss 1.608e-01
[21/04/26 01:03:58][src.callback.progress][INFO] - Epoch 144 step 27750/192: loss 1.788e-01
[21/04/26 01:04:08][src.callback.progress][INFO] - Epoch 144 step 27800/192: loss 1.565e-01
[21/04/26 01:04:18][src.callback.progress][INFO] - Epoch 144: v_recons 1.770e-01  recons 1.272e-01  v_loss 3.509e-01  loss 1.573e-01  v_latent 8.721e-01  latent 6.348e-01  v_kl 3.813e+01  kl 2.094e+01  v_contrastive 1.735e+00  contrastive 2.996e-01  v_t2m/len 1530  v_t2m/R01 18.88%  v_t2m/R02 24.37%  v_t2m/R03 31.62%  v_t2m/R05 41.75%  v_t2m/R10 55.81%  v_t2m/MedR 8.0%  v_m2t/len 1530  v_m2t/R01 19.79%  v_m2t/R02 23.32%  v_m2t/R03 32.61%  v_m2t/R05 40.59%  v_m2t/R10 53.52%  v_m2t/MedR 9.0%
[21/04/26 01:04:25][src.callback.progress][INFO] - Epoch 145 step 27850/192: loss 1.648e-01
[21/04/26 01:04:35][src.callback.progress][INFO] - Epoch 145 step 27900/192: loss 1.557e-01
[21/04/26 01:04:45][src.callback.progress][INFO] - Epoch 145 step 27950/192: loss 1.452e-01
[21/04/26 01:04:54][src.callback.progress][INFO] - Epoch 145 step 28000/192: loss 1.529e-01
[21/04/26 01:05:03][src.callback.progress][INFO] - Epoch 145: v_recons 1.775e-01  recons 1.267e-01  v_loss 3.507e-01  loss 1.568e-01  v_latent 8.758e-01  latent 6.338e-01  v_kl 3.856e+01  kl 2.094e+01  v_contrastive 1.728e+00  contrastive 2.994e-01  v_t2m/len 1530  v_t2m/R01 17.19%  v_t2m/R02 22.42%  v_t2m/R03 31.76%  v_t2m/R05 42.09%  v_t2m/R10 55.29%  v_t2m/MedR 8.0%  v_m2t/len 1530  v_m2t/R01 20.2%  v_m2t/R02 23.72%  v_m2t/R03 32.47%  v_m2t/R05 41.63%  v_m2t/R10 53.59%  v_m2t/MedR 9.0%
[21/04/26 01:05:11][src.callback.progress][INFO] - Epoch 146 step 28050/192: loss 1.518e-01
[21/04/26 01:05:21][src.callback.progress][INFO] - Epoch 146 step 28100/192: loss 1.552e-01
[21/04/26 01:05:31][src.callback.progress][INFO] - Epoch 146 step 28150/192: loss 1.641e-01
[21/04/26 01:05:41][src.callback.progress][INFO] - Epoch 146 step 28200/192: loss 1.527e-01
[21/04/26 01:05:47][src.callback.progress][INFO] - Epoch 146: v_recons 1.779e-01  recons 1.267e-01  v_loss 3.500e-01  loss 1.566e-01  v_latent 8.751e-01  latent 6.351e-01  v_kl 3.864e+01  kl 2.102e+01  v_contrastive 1.717e+00  contrastive 2.962e-01  v_t2m/len 1530  v_t2m/R01 17.12%  v_t2m/R02 22.21%  v_t2m/R03 29.93%  v_t2m/R05 42.09%  v_t2m/R10 57.18%  v_t2m/MedR 7.0%  v_m2t/len 1530  v_m2t/R01 19.93%  v_m2t/R02 24.44%  v_m2t/R03 32.68%  v_m2t/R05 41.7%  v_m2t/R10 53.72%  v_m2t/MedR 9.0%
[21/04/26 01:05:57][src.callback.progress][INFO] - Epoch 147 step 28250/192: loss 1.492e-01
[21/04/26 01:06:07][src.callback.progress][INFO] - Epoch 147 step 28300/192: loss 1.369e-01
[21/04/26 01:06:17][src.callback.progress][INFO] - Epoch 147 step 28350/192: loss 1.584e-01
[21/04/26 01:06:27][src.callback.progress][INFO] - Epoch 147 step 28400/192: loss 1.422e-01
[21/04/26 01:06:32][src.callback.progress][INFO] - Epoch 147: v_recons 1.764e-01  recons 1.263e-01  v_loss 3.513e-01  loss 1.557e-01  v_latent 8.810e-01  latent 6.336e-01  v_kl 3.973e+01  kl 2.117e+01  v_contrastive 1.745e+00  contrastive 2.920e-01  v_t2m/len 1530  v_t2m/R01 18.23%  v_t2m/R02 24.84%  v_t2m/R03 31.95%  v_t2m/R05 42.54%  v_t2m/R10 56.4%  v_t2m/MedR 7.0%  v_m2t/len 1530  v_m2t/R01 20.52%  v_m2t/R02 24.12%  v_m2t/R03 32.75%  v_m2t/R05 41.18%  v_m2t/R10 52.75%  v_m2t/MedR 9.0%
[21/04/26 01:06:44][src.callback.progress][INFO] - Epoch 148 step 28450/192: loss 1.544e-01
[21/04/26 01:06:54][src.callback.progress][INFO] - Epoch 148 step 28500/192: loss 1.748e-01
[21/04/26 01:07:04][src.callback.progress][INFO] - Epoch 148 step 28550/192: loss 1.507e-01
[21/04/26 01:07:14][src.callback.progress][INFO] - Epoch 148 step 28600/192: loss 1.739e-01
[21/04/26 01:07:17][src.callback.progress][INFO] - Epoch 148: v_recons 1.791e-01  recons 1.256e-01  v_loss 3.528e-01  loss 1.546e-01  v_latent 8.836e-01  latent 6.318e-01  v_kl 3.966e+01  kl 2.121e+01  v_contrastive 1.733e+00  contrastive 2.874e-01  v_t2m/len 1530  v_t2m/R01 18.04%  v_t2m/R02 24.25%  v_t2m/R03 31.82%  v_t2m/R05 41.56%  v_t2m/R10 55.29%  v_t2m/MedR 9.0%  v_m2t/len 1530  v_m2t/R01 20.59%  v_m2t/R02 24.3%  v_m2t/R03 33.06%  v_m2t/R05 41.43%  v_m2t/R10 52.68%  v_m2t/MedR 9.0%
[21/04/26 01:07:31][src.callback.progress][INFO] - Epoch 149 step 28650/192: loss 1.690e-01
[21/04/26 01:07:41][src.callback.progress][INFO] - Epoch 149 step 28700/192: loss 1.726e-01
[21/04/26 01:07:51][src.callback.progress][INFO] - Epoch 149 step 28750/192: loss 1.733e-01
[21/04/26 01:08:01][src.callback.progress][INFO] - Epoch 149 step 28800/192: loss 1.645e-01
[21/04/26 01:08:02][src.callback.progress][INFO] - Epoch 149: v_recons 1.767e-01  recons 1.258e-01  v_loss 3.510e-01  loss 1.549e-01  v_latent 8.779e-01  latent 6.331e-01  v_kl 3.937e+01  kl 2.131e+01  v_contrastive 1.738e+00  contrastive 2.881e-01  v_t2m/len 1530  v_t2m/R01 17.25%  v_t2m/R02 23.2%  v_t2m/R03 32.34%  v_t2m/R05 42.75%  v_t2m/R10 56.66%  v_t2m/MedR 8.0%  v_m2t/len 1530  v_m2t/R01 20.59%  v_m2t/R02 24.7%  v_m2t/R03 34.04%  v_m2t/R05 42.09%  v_m2t/R10 53.52%  v_m2t/MedR 8.0%
[21/04/26 01:08:17][src.callback.progress][INFO] - Epoch 150 step 28850/192: loss 1.612e-01
[21/04/26 01:08:27][src.callback.progress][INFO] - Epoch 150 step 28900/192: loss 1.747e-01
[21/04/26 01:08:37][src.callback.progress][INFO] - Epoch 150 step 28950/192: loss 1.527e-01
[21/04/26 01:08:47][src.callback.progress][INFO] - Epoch 150: v_recons 1.774e-01  recons 1.257e-01  v_loss 3.531e-01  loss 1.545e-01  v_latent 8.885e-01  latent 6.333e-01  v_kl 4.030e+01  kl 2.135e+01  v_contrastive 1.752e+00  contrastive 2.861e-01  v_t2m/len 1530  v_t2m/R01 18.1%  v_t2m/R02 24.44%  v_t2m/R03 31.89%  v_t2m/R05 41.43%  v_t2m/R10 56.13%  v_t2m/MedR 8.0%  v_m2t/len 1530  v_m2t/R01 21.5%  v_m2t/R02 24.84%  v_m2t/R03 32.75%  v_m2t/R05 41.04%  v_m2t/R10 53.33%  v_m2t/MedR 9.0%
[21/04/26 01:08:54][src.callback.progress][INFO] - Epoch 151 step 29000/192: loss 1.392e-01
[21/04/26 01:09:04][src.callback.progress][INFO] - Epoch 151 step 29050/192: loss 1.539e-01
[21/04/26 01:09:14][src.callback.progress][INFO] - Epoch 151 step 29100/192: loss 1.715e-01
[21/04/26 01:09:24][src.callback.progress][INFO] - Epoch 151 step 29150/192: loss 1.556e-01
[21/04/26 01:09:32][src.callback.progress][INFO] - Epoch 151: v_recons 1.774e-01  recons 1.255e-01  v_loss 3.544e-01  loss 1.545e-01  v_latent 8.833e-01  latent 6.353e-01  v_kl 3.996e+01  kl 2.159e+01  v_contrastive 1.766e+00  contrastive 2.881e-01  v_t2m/len 1530  v_t2m/R01 17.84%  v_t2m/R02 23.92%  v_t2m/R03 31.7%  v_t2m/R05 40.72%  v_t2m/R10 55.75%  v_t2m/MedR 8.0%  v_m2t/len 1530  v_m2t/R01 21.44%  v_m2t/R02 25.03%  v_m2t/R03 33.2%  v_m2t/R05 40.91%  v_m2t/R10 53.91%  v_m2t/MedR 9.0%
[21/04/26 01:09:40][src.callback.progress][INFO] - Epoch 152 step 29200/192: loss 1.631e-01
[21/04/26 01:09:51][src.callback.progress][INFO] - Epoch 152 step 29250/192: loss 1.607e-01
[21/04/26 01:10:00][src.callback.progress][INFO] - Epoch 152 step 29300/192: loss 1.503e-01
[21/04/26 01:10:11][src.callback.progress][INFO] - Epoch 152 step 29350/192: loss 1.610e-01
[21/04/26 01:10:18][src.callback.progress][INFO] - Epoch 152: v_recons 1.760e-01  recons 1.252e-01  v_loss 3.525e-01  loss 1.542e-01  v_latent 8.883e-01  latent 6.361e-01  v_kl 4.018e+01  kl 2.171e+01  v_contrastive 1.762e+00  contrastive 2.870e-01  v_t2m/len 1530  v_t2m/R01 18.95%  v_t2m/R02 25.15%  v_t2m/R03 33.86%  v_t2m/R05 43.59%  v_t2m/R10 54.5%  v_t2m/MedR 8.0%  v_m2t/len 1530  v_m2t/R01 20.97%  v_m2t/R02 24.63%  v_m2t/R03 32.41%  v_m2t/R05 41.24%  v_m2t/R10 54.7%  v_m2t/MedR 9.0%
[21/04/26 01:10:28][src.callback.progress][INFO] - Epoch 153 step 29400/192: loss 1.581e-01
[21/04/26 01:10:38][src.callback.progress][INFO] - Epoch 153 step 29450/192: loss 1.605e-01
[21/04/26 01:10:48][src.callback.progress][INFO] - Epoch 153 step 29500/192: loss 1.539e-01
[21/04/26 01:10:58][src.callback.progress][INFO] - Epoch 153 step 29550/192: loss 1.560e-01
[21/04/26 01:11:03][src.callback.progress][INFO] - Epoch 153: v_recons 1.769e-01  recons 1.250e-01  v_loss 3.511e-01  loss 1.536e-01  v_latent 8.886e-01  latent 6.351e-01  v_kl 4.029e+01  kl 2.177e+01  v_contrastive 1.738e+00  contrastive 2.835e-01  v_t2m/len 1530  v_t2m/R01 19.54%  v_t2m/R02 24.7%  v_t2m/R03 32.81%  v_t2m/R05 42.22%  v_t2m/R10 56.4%  v_t2m/MedR 8.0%  v_m2t/len 1530  v_m2t/R01 21.3%  v_m2t/R02 24.25%  v_m2t/R03 31.44%  v_m2t/R05 41.04%  v_m2t/R10 54.11%  v_m2t/MedR 9.0%
[21/04/26 01:11:15][src.callback.progress][INFO] - Epoch 154 step 29600/192: loss 1.465e-01
[21/04/26 01:11:25][src.callback.progress][INFO] - Epoch 154 step 29650/192: loss 1.588e-01
[21/04/26 01:11:35][src.callback.progress][INFO] - Epoch 154 step 29700/192: loss 1.445e-01
[21/04/26 01:11:45][src.callback.progress][INFO] - Epoch 154 step 29750/192: loss 1.486e-01
[21/04/26 01:11:48][src.callback.progress][INFO] - Epoch 154: v_recons 1.756e-01  recons 1.243e-01  v_loss 3.499e-01  loss 1.519e-01  v_latent 8.856e-01  latent 6.330e-01  v_kl 4.074e+01  kl 2.180e+01  v_contrastive 1.738e+00  contrastive 2.741e-01  v_t2m/len 1530  v_t2m/R01 17.57%  v_t2m/R02 23.06%  v_t2m/R03 32.54%  v_t2m/R05 43.33%  v_t2m/R10 56.86%  v_t2m/MedR 7.0%  v_m2t/len 1530  v_m2t/R01 20.45%  v_m2t/R02 23.65%  v_m2t/R03 31.56%  v_m2t/R05 41.43%  v_m2t/R10 54.11%  v_m2t/MedR 9.0%
[21/04/26 01:12:01][src.callback.progress][INFO] - Epoch 155 step 29800/192: loss 1.557e-01
[21/04/26 01:12:11][src.callback.progress][INFO] - Epoch 155 step 29850/192: loss 1.629e-01
[21/04/26 01:12:21][src.callback.progress][INFO] - Epoch 155 step 29900/192: loss 1.584e-01
[21/04/26 01:12:31][src.callback.progress][INFO] - Epoch 155 step 29950/192: loss 1.427e-01
[21/04/26 01:12:33][src.callback.progress][INFO] - Epoch 155: v_recons 1.788e-01  recons 1.241e-01  v_loss 3.559e-01  loss 1.521e-01  v_latent 8.966e-01  latent 6.327e-01  v_kl 4.121e+01  kl 2.181e+01  v_contrastive 1.766e+00  contrastive 2.777e-01  v_t2m/len 1530  v_t2m/R01 18.5%  v_t2m/R02 24.25%  v_t2m/R03 32.22%  v_t2m/R05 41.63%  v_t2m/R10 55.88%  v_t2m/MedR 8.0%  v_m2t/len 1530  v_m2t/R01 20.52%  v_m2t/R02 23.65%  v_m2t/R03 31.89%  v_m2t/R05 41.36%  v_m2t/R10 54.25%  v_m2t/MedR 9.0%
[21/04/26 01:12:48][src.callback.progress][INFO] - Epoch 156 step 30000/192: loss 1.567e-01
[21/04/26 01:12:58][src.callback.progress][INFO] - Epoch 156 step 30050/192: loss 1.410e-01
[21/04/26 01:13:08][src.callback.progress][INFO] - Epoch 156 step 30100/192: loss 1.428e-01
[21/04/26 01:13:18][src.callback.progress][INFO] - Epoch 156: v_recons 1.766e-01  recons 1.237e-01  v_loss 3.491e-01  loss 1.514e-01  v_latent 8.869e-01  latent 6.338e-01  v_kl 4.077e+01  kl 2.199e+01  v_contrastive 1.721e+00  contrastive 2.748e-01  v_t2m/len 1530  v_t2m/R01 17.78%  v_t2m/R02 24.51%  v_t2m/R03 33.06%  v_t2m/R05 43.33%  v_t2m/R10 57.77%  v_t2m/MedR 7.0%  v_m2t/len 1530  v_m2t/R01 21.04%  v_m2t/R02 23.79%  v_m2t/R03 33.06%  v_m2t/R05 42.81%  v_m2t/R10 56.08%  v_m2t/MedR 8.0%
[21/04/26 01:13:24][src.callback.progress][INFO] - Epoch 157 step 30150/192: loss 1.450e-01
[21/04/26 01:13:34][src.callback.progress][INFO] - Epoch 157 step 30200/192: loss 1.476e-01
[21/04/26 01:13:44][src.callback.progress][INFO] - Epoch 157 step 30250/192: loss 1.661e-01
[21/04/26 01:13:54][src.callback.progress][INFO] - Epoch 157 step 30300/192: loss 1.558e-01
[21/04/26 01:14:03][src.callback.progress][INFO] - Epoch 157: v_recons 1.791e-01  recons 1.235e-01  v_loss 3.595e-01  loss 1.507e-01  v_latent 9.048e-01  latent 6.325e-01  v_kl 4.230e+01  kl 2.194e+01  v_contrastive 1.800e+00  contrastive 2.694e-01  v_t2m/len 1530  v_t2m/R01 16.86%  v_t2m/R02 22.61%  v_t2m/R03 30.64%  v_t2m/R05 41.83%  v_t2m/R10 56.79%  v_t2m/MedR 8.0%  v_m2t/len 1530  v_m2t/R01 21.18%  v_m2t/R02 24.51%  v_m2t/R03 32.41%  v_m2t/R05 40.91%  v_m2t/R10 53.86%  v_m2t/MedR 9.0%
[21/04/26 01:14:11][src.callback.progress][INFO] - Epoch 158 step 30350/192: loss 1.524e-01
[21/04/26 01:14:21][src.callback.progress][INFO] - Epoch 158 step 30400/192: loss 1.552e-01
[21/04/26 01:14:31][src.callback.progress][INFO] - Epoch 158 step 30450/192: loss 1.734e-01
[21/04/26 01:14:41][src.callback.progress][INFO] - Epoch 158 step 30500/192: loss 1.616e-01
[21/04/26 01:14:48][src.callback.progress][INFO] - Epoch 158: v_recons 1.770e-01  recons 1.236e-01  v_loss 3.511e-01  loss 1.509e-01  v_latent 8.941e-01  latent 6.347e-01  v_kl 4.169e+01  kl 2.218e+01  v_contrastive 1.737e+00  contrastive 2.707e-01  v_t2m/len 1530  v_t2m/R01 17.64%  v_t2m/R02 24.12%  v_t2m/R03 31.37%  v_t2m/R05 41.75%  v_t2m/R10 56.34%  v_t2m/MedR 8.0%  v_m2t/len 1530  v_m2t/R01 21.11%  v_m2t/R02 24.25%  v_m2t/R03 33.0%  v_m2t/R05 40.65%  v_m2t/R10 53.13%  v_m2t/MedR 9.0%
[21/04/26 01:14:58][src.callback.progress][INFO] - Epoch 159 step 30550/192: loss 1.548e-01
[21/04/26 01:15:08][src.callback.progress][INFO] - Epoch 159 step 30600/192: loss 1.488e-01
[21/04/26 01:15:17][src.callback.progress][INFO] - Epoch 159 step 30650/192: loss 1.345e-01
[21/04/26 01:15:27][src.callback.progress][INFO] - Epoch 159 step 30700/192: loss 1.524e-01
[21/04/26 01:15:33][src.callback.progress][INFO] - Epoch 159: v_recons 1.760e-01  recons 1.230e-01  v_loss 3.512e-01  loss 1.504e-01  v_latent 8.950e-01  latent 6.338e-01  v_kl 4.155e+01  kl 2.218e+01  v_contrastive 1.748e+00  contrastive 2.717e-01  v_t2m/len 1530  v_t2m/R01 17.64%  v_t2m/R02 23.32%  v_t2m/R03 32.54%  v_t2m/R05 41.11%  v_t2m/R10 57.31%  v_t2m/MedR 8.0%  v_m2t/len 1530  v_m2t/R01 20.85%  v_m2t/R02 24.77%  v_m2t/R03 33.0%  v_m2t/R05 41.83%  v_m2t/R10 53.52%  v_m2t/MedR 9.0%
[21/04/26 01:15:44][src.callback.progress][INFO] - Epoch 160 step 30750/192: loss 1.287e-01
[21/04/26 01:15:54][src.callback.progress][INFO] - Epoch 160 step 30800/192: loss 1.183e-01
[21/04/26 01:16:04][src.callback.progress][INFO] - Epoch 160 step 30850/192: loss 1.394e-01
[21/04/26 01:16:14][src.callback.progress][INFO] - Epoch 160 step 30900/192: loss 1.605e-01
[21/04/26 01:16:18][src.callback.progress][INFO] - Epoch 160: v_recons 1.792e-01  recons 1.230e-01  v_loss 3.587e-01  loss 1.501e-01  v_latent 9.096e-01  latent 6.345e-01  v_kl 4.256e+01  kl 2.232e+01  v_contrastive 1.791e+00  contrastive 2.689e-01  v_t2m/len 1530  v_t2m/R01 16.98%  v_t2m/R02 21.82%  v_t2m/R03 30.26%  v_t2m/R05 40.38%  v_t2m/R10 54.97%  v_t2m/MedR 8.5%  v_m2t/len 1530  v_m2t/R01 19.61%  v_m2t/R02 22.8%  v_m2t/R03 31.82%  v_m2t/R05 40.33%  v_m2t/R10 52.02%  v_m2t/MedR 9.0%
[21/04/26 01:16:31][src.callback.progress][INFO] - Epoch 161 step 30950/192: loss 1.535e-01
[21/04/26 01:16:41][src.callback.progress][INFO] - Epoch 161 step 31000/192: loss 1.625e-01
[21/04/26 01:16:51][src.callback.progress][INFO] - Epoch 161 step 31050/192: loss 1.324e-01
[21/04/26 01:17:01][src.callback.progress][INFO] - Epoch 161 step 31100/192: loss 1.530e-01
[21/04/26 01:17:03][src.callback.progress][INFO] - Epoch 161: v_recons 1.779e-01  recons 1.229e-01  v_loss 3.541e-01  loss 1.499e-01  v_latent 9.058e-01  latent 6.354e-01  v_kl 4.268e+01  kl 2.238e+01  v_contrastive 1.758e+00  contrastive 2.677e-01  v_t2m/len 1530  v_t2m/R01 16.93%  v_t2m/R02 22.61%  v_t2m/R03 31.62%  v_t2m/R05 41.5%  v_t2m/R10 55.75%  v_t2m/MedR 8.0%  v_m2t/len 1530  v_m2t/R01 21.56%  v_m2t/R02 24.18%  v_m2t/R03 31.37%  v_m2t/R05 40.91%  v_m2t/R10 53.79%  v_m2t/MedR 9.0%
[21/04/26 01:17:17][src.callback.progress][INFO] - Epoch 162 step 31150/192: loss 1.488e-01
[21/04/26 01:17:27][src.callback.progress][INFO] - Epoch 162 step 31200/192: loss 1.432e-01
[21/04/26 01:17:37][src.callback.progress][INFO] - Epoch 162 step 31250/192: loss 1.392e-01
[21/04/26 01:17:48][src.callback.progress][INFO] - Epoch 162: v_recons 1.765e-01  recons 1.222e-01  v_loss 3.525e-01  loss 1.493e-01  v_latent 9.051e-01  latent 6.352e-01  v_kl 4.308e+01  kl 2.248e+01  v_contrastive 1.756e+00  contrastive 2.690e-01  v_t2m/len 1530  v_t2m/R01 19.28%  v_t2m/R02 24.84%  v_t2m/R03 33.59%  v_t2m/R05 42.22%  v_t2m/R10 55.61%  v_t2m/MedR 8.0%  v_m2t/len 1530  v_m2t/R01 20.71%  v_m2t/R02 24.04%  v_m2t/R03 32.61%  v_m2t/R05 41.04%  v_m2t/R10 52.75%  v_m2t/MedR 9.0%
[21/04/26 01:17:54][src.callback.progress][INFO] - Epoch 163 step 31300/192: loss 1.325e-01
[21/04/26 01:18:04][src.callback.progress][INFO] - Epoch 163 step 31350/192: loss 1.496e-01
[21/04/26 01:18:14][src.callback.progress][INFO] - Epoch 163 step 31400/192: loss 1.264e-01
[21/04/26 01:18:24][src.callback.progress][INFO] - Epoch 163 step 31450/192: loss 1.550e-01
[21/04/26 01:18:33][src.callback.progress][INFO] - Epoch 163: v_recons 1.768e-01  recons 1.222e-01  v_loss 3.509e-01  loss 1.490e-01  v_latent 9.046e-01  latent 6.362e-01  v_kl 4.290e+01  kl 2.268e+01  v_contrastive 1.737e+00  contrastive 2.657e-01  v_t2m/len 1530  v_t2m/R01 18.17%  v_t2m/R02 24.37%  v_t2m/R03 32.81%  v_t2m/R05 41.75%  v_t2m/R10 57.18%  v_t2m/MedR 8.0%  v_m2t/len 1530  v_m2t/R01 20.06%  v_m2t/R02 23.53%  v_m2t/R03 31.37%  v_m2t/R05 40.72%  v_m2t/R10 54.18%  v_m2t/MedR 8.5%
[21/04/26 01:18:41][src.callback.progress][INFO] - Epoch 164 step 31500/192: loss 1.518e-01
[21/04/26 01:18:51][src.callback.progress][INFO] - Epoch 164 step 31550/192: loss 1.247e-01
[21/04/26 01:19:01][src.callback.progress][INFO] - Epoch 164 step 31600/192: loss 1.493e-01
[21/04/26 01:19:11][src.callback.progress][INFO] - Epoch 164 step 31650/192: loss 1.617e-01
[21/04/26 01:19:18][src.callback.progress][INFO] - Epoch 164: v_recons 1.771e-01  recons 1.218e-01  v_loss 3.552e-01  loss 1.482e-01  v_latent 9.073e-01  latent 6.352e-01  v_kl 4.334e+01  kl 2.266e+01  v_contrastive 1.776e+00  contrastive 2.618e-01  v_t2m/len 1530  v_t2m/R01 16.86%  v_t2m/R02 23.01%  v_t2m/R03 31.23%  v_t2m/R05 40.45%  v_t2m/R10 56.79%  v_t2m/MedR 8.0%  v_m2t/len 1530  v_m2t/R01 20.92%  v_m2t/R02 24.18%  v_m2t/R03 32.02%  v_m2t/R05 41.11%  v_m2t/R10 53.52%  v_m2t/MedR 9.0%
[21/04/26 01:19:27][src.callback.progress][INFO] - Epoch 165 step 31700/192: loss 1.543e-01
[21/04/26 01:19:37][src.callback.progress][INFO] - Epoch 165 step 31750/192: loss 1.478e-01
[21/04/26 01:19:47][src.callback.progress][INFO] - Epoch 165 step 31800/192: loss 1.589e-01
[21/04/26 01:19:57][src.callback.progress][INFO] - Epoch 165 step 31850/192: loss 1.441e-01
[21/04/26 01:20:03][src.callback.progress][INFO] - Epoch 165: v_recons 1.769e-01  recons 1.213e-01  v_loss 3.515e-01  loss 1.472e-01  v_latent 9.052e-01  latent 6.336e-01  v_kl 4.302e+01  kl 2.260e+01  v_contrastive 1.742e+00  contrastive 2.560e-01  v_t2m/len 1530  v_t2m/R01 16.27%  v_t2m/R02 23.13%  v_t2m/R03 32.47%  v_t2m/R05 41.56%  v_t2m/R10 55.02%  v_t2m/MedR 8.0%  v_m2t/len 1530  v_m2t/R01 21.37%  v_m2t/R02 25.48%  v_m2t/R03 33.13%  v_m2t/R05 41.04%  v_m2t/R10 53.86%  v_m2t/MedR 9.0%
[21/04/26 01:20:14][src.callback.progress][INFO] - Epoch 166 step 31900/192: loss 1.502e-01
[21/04/26 01:20:24][src.callback.progress][INFO] - Epoch 166 step 31950/192: loss 1.469e-01
[21/04/26 01:20:34][src.callback.progress][INFO] - Epoch 166 step 32000/192: loss 1.474e-01
[21/04/26 01:20:44][src.callback.progress][INFO] - Epoch 166 step 32050/192: loss 1.490e-01
[21/04/26 01:20:48][src.callback.progress][INFO] - Epoch 166: v_recons 1.781e-01  recons 1.212e-01  v_loss 3.543e-01  loss 1.471e-01  v_latent 9.094e-01  latent 6.348e-01  v_kl 4.301e+01  kl 2.273e+01  v_contrastive 1.757e+00  contrastive 2.568e-01  v_t2m/len 1530  v_t2m/R01 18.95%  v_t2m/R02 23.98%  v_t2m/R03 31.56%  v_t2m/R05 42.47%  v_t2m/R10 56.2%  v_t2m/MedR 7.0%  v_m2t/len 1530  v_m2t/R01 20.64%  v_m2t/R02 24.77%  v_m2t/R03 33.27%  v_m2t/R05 41.56%  v_m2t/R10 53.06%  v_m2t/MedR 9.0%
[21/04/26 01:21:00][src.callback.progress][INFO] - Epoch 167 step 32100/192: loss 1.426e-01
[21/04/26 01:21:10][src.callback.progress][INFO] - Epoch 167 step 32150/192: loss 1.459e-01
[21/04/26 01:21:20][src.callback.progress][INFO] - Epoch 167 step 32200/192: loss 1.498e-01
[21/04/26 01:21:30][src.callback.progress][INFO] - Epoch 167 step 32250/192: loss 1.376e-01
[21/04/26 01:21:33][src.callback.progress][INFO] - Epoch 167: v_recons 1.769e-01  recons 1.208e-01  v_loss 3.543e-01  loss 1.459e-01  v_latent 9.148e-01  latent 6.330e-01  v_kl 4.345e+01  kl 2.265e+01  v_contrastive 1.769e+00  contrastive 2.484e-01  v_t2m/len 1530  v_t2m/R01 18.17%  v_t2m/R02 23.53%  v_t2m/R03 31.82%  v_t2m/R05 41.83%  v_t2m/R10 56.59%  v_t2m/MedR 8.0%  v_m2t/len 1530  v_m2t/R01 20.2%  v_m2t/R02 24.7%  v_m2t/R03 33.45%  v_m2t/R05 41.36%  v_m2t/R10 53.86%  v_m2t/MedR 9.0%
[21/04/26 01:21:47][src.callback.progress][INFO] - Epoch 168 step 32300/192: loss 1.497e-01
[21/04/26 01:21:57][src.callback.progress][INFO] - Epoch 168 step 32350/192: loss 1.408e-01
[21/04/26 01:22:07][src.callback.progress][INFO] - Epoch 168 step 32400/192: loss 1.435e-01
[21/04/26 01:22:18][src.callback.progress][INFO] - Epoch 168: v_recons 1.769e-01  recons 1.205e-01  v_loss 3.518e-01  loss 1.460e-01  v_latent 9.139e-01  latent 6.346e-01  v_kl 4.325e+01  kl 2.288e+01  v_contrastive 1.745e+00  contrastive 2.521e-01  v_t2m/len 1530  v_t2m/R01 17.19%  v_t2m/R02 22.21%  v_t2m/R03 31.89%  v_t2m/R05 41.24%  v_t2m/R10 57.77%  v_t2m/MedR 8.0%  v_m2t/len 1530  v_m2t/R01 20.52%  v_m2t/R02 22.75%  v_m2t/R03 31.3%  v_m2t/R05 41.7%  v_m2t/R10 54.04%  v_m2t/MedR 9.0%
[21/04/26 01:22:24][src.callback.progress][INFO] - Epoch 169 step 32450/192: loss 1.395e-01
[21/04/26 01:22:34][src.callback.progress][INFO] - Epoch 169 step 32500/192: loss 1.543e-01
[21/04/26 01:22:44][src.callback.progress][INFO] - Epoch 169 step 32550/192: loss 1.456e-01
[21/04/26 01:22:54][src.callback.progress][INFO] - Epoch 169 step 32600/192: loss 1.507e-01
[21/04/26 01:23:03][src.callback.progress][INFO] - Epoch 169: v_recons 1.776e-01  recons 1.204e-01  v_loss 3.533e-01  loss 1.459e-01  v_latent 9.105e-01  latent 6.334e-01  v_kl 4.355e+01  kl 2.282e+01  v_contrastive 1.753e+00  contrastive 2.528e-01  v_t2m/len 1530  v_t2m/R01 18.88%  v_t2m/R02 24.3%  v_t2m/R03 32.61%  v_t2m/R05 41.95%  v_t2m/R10 56.27%  v_t2m/MedR 8.0%  v_m2t/len 1530  v_m2t/R01 20.71%  v_m2t/R02 23.86%  v_m2t/R03 33.27%  v_m2t/R05 41.11%  v_m2t/R10 53.99%  v_m2t/MedR 9.0%
[21/04/26 01:23:10][src.callback.progress][INFO] - Epoch 170 step 32650/192: loss 1.562e-01
[21/04/26 01:23:20][src.callback.progress][INFO] - Epoch 170 step 32700/192: loss 1.521e-01
[21/04/26 01:23:30][src.callback.progress][INFO] - Epoch 170 step 32750/192: loss 1.391e-01
[21/04/26 01:23:40][src.callback.progress][INFO] - Epoch 170 step 32800/192: loss 1.363e-01
[21/04/26 01:23:48][src.callback.progress][INFO] - Epoch 170: v_recons 1.784e-01  recons 1.206e-01  v_loss 3.560e-01  loss 1.465e-01  v_latent 9.176e-01  latent 6.389e-01  v_kl 4.433e+01  kl 2.329e+01  v_contrastive 1.772e+00  contrastive 2.567e-01  v_t2m/len 1530  v_t2m/R01 18.43%  v_t2m/R02 23.59%  v_t2m/R03 32.54%  v_t2m/R05 42.29%  v_t2m/R10 56.08%  v_t2m/MedR 8.0%  v_m2t/len 1530  v_m2t/R01 20.52%  v_m2t/R02 23.92%  v_m2t/R03 32.68%  v_m2t/R05 41.31%  v_m2t/R10 51.9%  v_m2t/MedR 9.0%
[21/04/26 01:23:57][src.callback.progress][INFO] - Epoch 171 step 32850/192: loss 1.448e-01
[21/04/26 01:24:07][src.callback.progress][INFO] - Epoch 171 step 32900/192: loss 1.522e-01
[21/04/26 01:24:17][src.callback.progress][INFO] - Epoch 171 step 32950/192: loss 1.590e-01
[21/04/26 01:24:27][src.callback.progress][INFO] - Epoch 171 step 33000/192: loss 1.684e-01
[21/04/26 01:24:33][src.callback.progress][INFO] - Epoch 171: v_recons 1.764e-01  recons 1.198e-01  v_loss 3.508e-01  loss 1.448e-01  v_latent 9.139e-01  latent 6.354e-01  v_kl 4.390e+01  kl 2.314e+01  v_contrastive 1.740e+00  contrastive 2.480e-01  v_t2m/len 1530  v_t2m/R01 18.95%  v_t2m/R02 25.62%  v_t2m/R03 32.41%  v_t2m/R05 42.22%  v_t2m/R10 56.79%  v_t2m/MedR 8.0%  v_m2t/len 1530  v_m2t/R01 20.38%  v_m2t/R02 23.32%  v_m2t/R03 31.04%  v_m2t/R05 40.91%  v_m2t/R10 53.52%  v_m2t/MedR 9.0%
[21/04/26 01:24:43][src.callback.progress][INFO] - Epoch 172 step 33050/192: loss 1.444e-01
[21/04/26 01:24:53][src.callback.progress][INFO] - Epoch 172 step 33100/192: loss 1.587e-01
[21/04/26 01:25:03][src.callback.progress][INFO] - Epoch 172 step 33150/192: loss 1.346e-01
[21/04/26 01:25:13][src.callback.progress][INFO] - Epoch 172 step 33200/192: loss 1.528e-01
[21/04/26 01:25:18][src.callback.progress][INFO] - Epoch 172: v_recons 1.791e-01  recons 1.201e-01  v_loss 3.549e-01  loss 1.455e-01  v_latent 9.236e-01  latent 6.365e-01  v_kl 4.485e+01  kl 2.342e+01  v_contrastive 1.753e+00  contrastive 2.522e-01  v_t2m/len 1530  v_t2m/R01 19.02%  v_t2m/R02 25.15%  v_t2m/R03 32.75%  v_t2m/R05 42.47%  v_t2m/R10 56.54%  v_t2m/MedR 8.0%  v_m2t/len 1530  v_m2t/R01 20.38%  v_m2t/R02 22.94%  v_m2t/R03 32.61%  v_m2t/R05 41.95%  v_m2t/R10 53.65%  v_m2t/MedR 9.0%
[21/04/26 01:25:30][src.callback.progress][INFO] - Epoch 173 step 33250/192: loss 1.377e-01
[21/04/26 01:25:40][src.callback.progress][INFO] - Epoch 173 step 33300/192: loss 1.552e-01
[21/04/26 01:25:50][src.callback.progress][INFO] - Epoch 173 step 33350/192: loss 1.324e-01
[21/04/26 01:26:00][src.callback.progress][INFO] - Epoch 173 step 33400/192: loss 1.295e-01
[21/04/26 01:26:04][src.callback.progress][INFO] - Epoch 173: v_recons 1.768e-01  recons 1.196e-01  v_loss 3.537e-01  loss 1.444e-01  v_latent 9.211e-01  latent 6.362e-01  v_kl 4.428e+01  kl 2.330e+01  v_contrastive 1.765e+00  contrastive 2.455e-01  v_t2m/len 1530  v_t2m/R01 19.07%  v_t2m/R02 24.63%  v_t2m/R03 33.45%  v_t2m/R05 43.06%  v_t2m/R10 57.38%  v_t2m/MedR 8.0%  v_m2t/len 1530  v_m2t/R01 20.52%  v_m2t/R02 23.98%  v_m2t/R03 32.68%  v_m2t/R05 41.9%  v_m2t/R10 53.4%  v_m2t/MedR 9.0%
[21/04/26 01:26:17][src.callback.progress][INFO] - Epoch 174 step 33450/192: loss 1.507e-01
[21/04/26 01:26:27][src.callback.progress][INFO] - Epoch 174 step 33500/192: loss 1.759e-01
[21/04/26 01:26:37][src.callback.progress][INFO] - Epoch 174 step 33550/192: loss 1.388e-01
[21/04/26 01:26:47][src.callback.progress][INFO] - Epoch 174 step 33600/192: loss 1.352e-01
[21/04/26 01:26:48][src.callback.progress][INFO] - Epoch 174: v_recons 1.783e-01  recons 1.192e-01  v_loss 3.550e-01  loss 1.437e-01  v_latent 9.247e-01  latent 6.355e-01  v_kl 4.513e+01  kl 2.323e+01  v_contrastive 1.762e+00  contrastive 2.423e-01  v_t2m/len 1530  v_t2m/R01 19.21%  v_t2m/R02 24.77%  v_t2m/R03 33.4%  v_t2m/R05 43.06%  v_t2m/R10 58.24%  v_t2m/MedR 7.0%  v_m2t/len 1530  v_m2t/R01 19.67%  v_m2t/R02 22.8%  v_m2t/R03 31.44%  v_m2t/R05 40.84%  v_m2t/R10 54.7%  v_m2t/MedR 9.0%
[21/04/26 01:27:03][src.callback.progress][INFO] - Epoch 175 step 33650/192: loss 1.594e-01
[21/04/26 01:27:13][src.callback.progress][INFO] - Epoch 175 step 33700/192: loss 1.393e-01
[21/04/26 01:27:23][src.callback.progress][INFO] - Epoch 175 step 33750/192: loss 1.338e-01
[21/04/26 01:27:33][src.callback.progress][INFO] - Epoch 175: v_recons 1.787e-01  recons 1.191e-01  v_loss 3.555e-01  loss 1.441e-01  v_latent 9.249e-01  latent 6.373e-01  v_kl 4.521e+01  kl 2.354e+01  v_contrastive 1.764e+00  contrastive 2.479e-01  v_t2m/len 1530  v_t2m/R01 17.45%  v_t2m/R02 23.65%  v_t2m/R03 30.85%  v_t2m/R05 41.63%  v_t2m/R10 56.47%  v_t2m/MedR 8.0%  v_m2t/len 1530  v_m2t/R01 19.79%  v_m2t/R02 23.39%  v_m2t/R03 33.27%  v_m2t/R05 40.65%  v_m2t/R10 53.72%  v_m2t/MedR 9.0%
[21/04/26 01:27:40][src.callback.progress][INFO] - Epoch 176 step 33800/192: loss 1.433e-01
[21/04/26 01:27:50][src.callback.progress][INFO] - Epoch 176 step 33850/192: loss 1.392e-01
[21/04/26 01:28:00][src.callback.progress][INFO] - Epoch 176 step 33900/192: loss 1.432e-01
[21/04/26 01:28:10][src.callback.progress][INFO] - Epoch 176 step 33950/192: loss 1.369e-01
[21/04/26 01:28:19][src.callback.progress][INFO] - Epoch 176: v_recons 1.797e-01  recons 1.188e-01  v_loss 3.563e-01  loss 1.437e-01  v_latent 9.305e-01  latent 6.365e-01  v_kl 4.582e+01  kl 2.349e+01  v_contrastive 1.762e+00  contrastive 2.466e-01  v_t2m/len 1530  v_t2m/R01 18.62%  v_t2m/R02 24.89%  v_t2m/R03 32.47%  v_t2m/R05 41.63%  v_t2m/R10 55.95%  v_t2m/MedR 8.0%  v_m2t/len 1530  v_m2t/R01 21.04%  v_m2t/R02 24.25%  v_m2t/R03 32.34%  v_m2t/R05 40.77%  v_m2t/R10 52.61%  v_m2t/MedR 9.0%
[21/04/26 01:28:27][src.callback.progress][INFO] - Epoch 177 step 34000/192: loss 1.502e-01
[21/04/26 01:28:38][src.callback.progress][INFO] - Epoch 177 step 34050/192: loss 1.654e-01
[21/04/26 01:28:48][src.callback.progress][INFO] - Epoch 177 step 34100/192: loss 1.524e-01
[21/04/26 01:28:58][src.callback.progress][INFO] - Epoch 177 step 34150/192: loss 1.406e-01
[21/04/26 01:29:04][src.callback.progress][INFO] - Epoch 177: v_recons 1.784e-01  recons 1.188e-01  v_loss 3.552e-01  loss 1.436e-01  v_latent 9.311e-01  latent 6.392e-01  v_kl 4.540e+01  kl 2.372e+01  v_contrastive 1.763e+00  contrastive 2.458e-01  v_t2m/len 1530  v_t2m/R01 18.23%  v_t2m/R02 23.72%  v_t2m/R03 31.56%  v_t2m/R05 41.63%  v_t2m/R10 55.29%  v_t2m/MedR 8.0%  v_m2t/len 1530  v_m2t/R01 19.61%  v_m2t/R02 23.2%  v_m2t/R03 32.34%  v_m2t/R05 41.24%  v_m2t/R10 53.65%  v_m2t/MedR 9.0%
[21/04/26 01:29:14][src.callback.progress][INFO] - Epoch 178 step 34200/192: loss 1.430e-01
[21/04/26 01:29:24][src.callback.progress][INFO] - Epoch 178 step 34250/192: loss 1.398e-01
[21/04/26 01:29:34][src.callback.progress][INFO] - Epoch 178 step 34300/192: loss 1.491e-01
[21/04/26 01:29:44][src.callback.progress][INFO] - Epoch 178 step 34350/192: loss 1.468e-01
[21/04/26 01:29:50][src.callback.progress][INFO] - Epoch 178: v_recons 1.787e-01  recons 1.184e-01  v_loss 3.577e-01  loss 1.424e-01  v_latent 9.390e-01  latent 6.369e-01  v_kl 4.644e+01  kl 2.370e+01  v_contrastive 1.785e+00  contrastive 2.377e-01  v_t2m/len 1530  v_t2m/R01 16.72%  v_t2m/R02 23.27%  v_t2m/R03 30.12%  v_t2m/R05 41.36%  v_t2m/R10 55.75%  v_t2m/MedR 8.0%  v_m2t/len 1530  v_m2t/R01 20.2%  v_m2t/R02 22.8%  v_m2t/R03 32.09%  v_m2t/R05 39.93%  v_m2t/R10 53.27%  v_m2t/MedR 9.0%
[21/04/26 01:30:02][src.callback.progress][INFO] - Epoch 179 step 34400/192: loss 1.450e-01
[21/04/26 01:30:12][src.callback.progress][INFO] - Epoch 179 step 34450/192: loss 1.237e-01
[21/04/26 01:30:22][src.callback.progress][INFO] - Epoch 179 step 34500/192: loss 1.536e-01
[21/04/26 01:30:32][src.callback.progress][INFO] - Epoch 179 step 34550/192: loss 1.494e-01
[21/04/26 01:30:36][src.callback.progress][INFO] - Epoch 179: v_recons 1.780e-01  recons 1.180e-01  v_loss 3.558e-01  loss 1.424e-01  v_latent 9.363e-01  latent 6.395e-01  v_kl 4.641e+01  kl 2.386e+01  v_contrastive 1.773e+00  contrastive 2.415e-01  v_t2m/len 1530  v_t2m/R01 16.86%  v_t2m/R02 22.29%  v_t2m/R03 30.26%  v_t2m/R05 40.59%  v_t2m/R10 56.0%  v_t2m/MedR 8.0%  v_m2t/len 1530  v_m2t/R01 19.87%  v_m2t/R02 23.59%  v_m2t/R03 31.62%  v_m2t/R05 40.2%  v_m2t/R10 53.45%  v_m2t/MedR 9.0%
[21/04/26 01:30:49][src.callback.progress][INFO] - Epoch 180 step 34600/192: loss 1.285e-01
[21/04/26 01:30:59][src.callback.progress][INFO] - Epoch 180 step 34650/192: loss 1.389e-01
[21/04/26 01:31:09][src.callback.progress][INFO] - Epoch 180 step 34700/192: loss 1.282e-01
[21/04/26 01:31:18][src.callback.progress][INFO] - Epoch 180 step 34750/192: loss 1.437e-01
[21/04/26 01:31:21][src.callback.progress][INFO] - Epoch 180: v_recons 1.782e-01  recons 1.181e-01  v_loss 3.565e-01  loss 1.420e-01  v_latent 9.420e-01  latent 6.370e-01  v_kl 4.640e+01  kl 2.378e+01  v_contrastive 1.778e+00  contrastive 2.369e-01  v_t2m/len 1530  v_t2m/R01 18.37%  v_t2m/R02 25.22%  v_t2m/R03 32.34%  v_t2m/R05 41.18%  v_t2m/R10 55.41%  v_t2m/MedR 9.0%  v_m2t/len 1530  v_m2t/R01 19.47%  v_m2t/R02 23.72%  v_m2t/R03 32.93%  v_m2t/R05 40.65%  v_m2t/R10 53.91%  v_m2t/MedR 9.0%
[21/04/26 01:31:35][src.callback.progress][INFO] - Epoch 181 step 34800/192: loss 1.443e-01
[21/04/26 01:31:45][src.callback.progress][INFO] - Epoch 181 step 34850/192: loss 1.419e-01
[21/04/26 01:31:55][src.callback.progress][INFO] - Epoch 181 step 34900/192: loss 1.289e-01
[21/04/26 01:32:06][src.callback.progress][INFO] - Epoch 181: v_recons 1.771e-01  recons 1.178e-01  v_loss 3.573e-01  loss 1.417e-01  v_latent 9.396e-01  latent 6.379e-01  v_kl 4.616e+01  kl 2.389e+01  v_contrastive 1.798e+00  contrastive 2.361e-01  v_t2m/len 1530  v_t2m/R01 17.9%  v_t2m/R02 24.89%  v_t2m/R03 32.22%  v_t2m/R05 41.95%  v_t2m/R10 55.68%  v_t2m/MedR 8.0%  v_m2t/len 1530  v_m2t/R01 19.47%  v_m2t/R02 22.8%  v_m2t/R03 32.93%  v_m2t/R05 41.7%  v_m2t/R10 53.91%  v_m2t/MedR 9.0%
[21/04/26 01:32:12][src.callback.progress][INFO] - Epoch 182 step 34950/192: loss 1.291e-01
[21/04/26 01:32:22][src.callback.progress][INFO] - Epoch 182 step 35000/192: loss 1.398e-01
[21/04/26 01:32:32][src.callback.progress][INFO] - Epoch 182 step 35050/192: loss 1.564e-01
[21/04/26 01:32:42][src.callback.progress][INFO] - Epoch 182 step 35100/192: loss 1.506e-01
[21/04/26 01:32:51][src.callback.progress][INFO] - Epoch 182: v_recons 1.791e-01  recons 1.177e-01  v_loss 3.558e-01  loss 1.410e-01  v_latent 9.407e-01  latent 6.384e-01  v_kl 4.716e+01  kl 2.409e+01  v_contrastive 1.762e+00  contrastive 2.311e-01  v_t2m/len 1530  v_t2m/R01 18.43%  v_t2m/R02 25.29%  v_t2m/R03 32.41%  v_t2m/R05 41.83%  v_t2m/R10 57.25%  v_t2m/MedR 8.0%  v_m2t/len 1530  v_m2t/R01 20.2%  v_m2t/R02 23.39%  v_m2t/R03 33.33%  v_m2t/R05 40.77%  v_m2t/R10 55.22%  v_m2t/MedR 9.0%
[21/04/26 01:33:00][src.callback.progress][INFO] - Epoch 183 step 35150/192: loss 1.307e-01
[21/04/26 01:33:10][src.callback.progress][INFO] - Epoch 183 step 35200/192: loss 1.568e-01
[21/04/26 01:33:20][src.callback.progress][INFO] - Epoch 183 step 35250/192: loss 1.411e-01
[21/04/26 01:33:30][src.callback.progress][INFO] - Epoch 183 step 35300/192: loss 1.444e-01
[21/04/26 01:33:37][src.callback.progress][INFO] - Epoch 183: v_recons 1.789e-01  recons 1.171e-01  v_loss 3.558e-01  loss 1.406e-01  v_latent 9.418e-01  latent 6.370e-01  v_kl 4.629e+01  kl 2.394e+01  v_contrastive 1.764e+00  contrastive 2.322e-01  v_t2m/len 1530  v_t2m/R01 17.9%  v_t2m/R02 24.51%  v_t2m/R03 31.62%  v_t2m/R05 42.29%  v_t2m/R10 57.25%  v_t2m/MedR 8.0%  v_m2t/len 1530  v_m2t/R01 22.03%  v_m2t/R02 24.89%  v_m2t/R03 33.45%  v_m2t/R05 43.45%  v_m2t/R10 54.31%  v_m2t/MedR 9.0%
[21/04/26 01:33:47][src.callback.progress][INFO] - Epoch 184 step 35350/192: loss 1.175e-01
[21/04/26 01:33:57][src.callback.progress][INFO] - Epoch 184 step 35400/192: loss 1.448e-01
[21/04/26 01:34:07][src.callback.progress][INFO] - Epoch 184 step 35450/192: loss 1.334e-01
[21/04/26 01:34:17][src.callback.progress][INFO] - Epoch 184 step 35500/192: loss 1.255e-01
[21/04/26 01:34:22][src.callback.progress][INFO] - Epoch 184: v_recons 1.784e-01  recons 1.170e-01  v_loss 3.554e-01  loss 1.401e-01  v_latent 9.437e-01  latent 6.365e-01  v_kl 4.793e+01  kl 2.407e+01  v_contrastive 1.765e+00  contrastive 2.290e-01  v_t2m/len 1530  v_t2m/R01 19.14%  v_t2m/R02 25.22%  v_t2m/R03 33.06%  v_t2m/R05 43.13%  v_t2m/R10 57.18%  v_t2m/MedR 7.0%  v_m2t/len 1530  v_m2t/R01 20.64%  v_m2t/R02 24.37%  v_m2t/R03 34.18%  v_m2t/R05 43.27%  v_m2t/R10 54.63%  v_m2t/MedR 8.0%
[21/04/26 01:34:34][src.callback.progress][INFO] - Epoch 185 step 35550/192: loss 1.393e-01
[21/04/26 01:34:44][src.callback.progress][INFO] - Epoch 185 step 35600/192: loss 1.290e-01
[21/04/26 01:34:54][src.callback.progress][INFO] - Epoch 185 step 35650/192: loss 1.546e-01
[21/04/26 01:35:04][src.callback.progress][INFO] - Epoch 185 step 35700/192: loss 1.397e-01
[21/04/26 01:35:08][src.callback.progress][INFO] - Epoch 185: v_recons 1.788e-01  recons 1.169e-01  v_loss 3.581e-01  loss 1.400e-01  v_latent 9.456e-01  latent 6.379e-01  v_kl 4.769e+01  kl 2.420e+01  v_contrastive 1.789e+00  contrastive 2.290e-01  v_t2m/len 1530  v_t2m/R01 17.7%  v_t2m/R02 24.18%  v_t2m/R03 32.34%  v_t2m/R05 41.7%  v_t2m/R10 56.0%  v_t2m/MedR 8.0%  v_m2t/len 1530  v_m2t/R01 19.93%  v_m2t/R02 22.94%  v_m2t/R03 31.44%  v_m2t/R05 41.18%  v_m2t/R10 53.06%  v_m2t/MedR 9.0%
[21/04/26 01:35:21][src.callback.progress][INFO] - Epoch 186 step 35750/192: loss 1.401e-01
[21/04/26 01:35:31][src.callback.progress][INFO] - Epoch 186 step 35800/192: loss 1.331e-01
[21/04/26 01:35:41][src.callback.progress][INFO] - Epoch 186 step 35850/192: loss 1.324e-01
[21/04/26 01:35:51][src.callback.progress][INFO] - Epoch 186 step 35900/192: loss 1.450e-01
[21/04/26 01:35:54][src.callback.progress][INFO] - Epoch 186: v_recons 1.789e-01  recons 1.163e-01  v_loss 3.574e-01  loss 1.392e-01  v_latent 9.498e-01  latent 6.388e-01  v_kl 4.738e+01  kl 2.433e+01  v_contrastive 1.780e+00  contrastive 2.264e-01  v_t2m/len 1530  v_t2m/R01 17.52%  v_t2m/R02 23.98%  v_t2m/R03 32.41%  v_t2m/R05 41.95%  v_t2m/R10 56.13%  v_t2m/MedR 8.0%  v_m2t/len 1530  v_m2t/R01 20.12%  v_m2t/R02 23.32%  v_m2t/R03 33.2%  v_m2t/R05 41.83%  v_m2t/R10 54.63%  v_m2t/MedR 9.0%
[21/04/26 01:36:08][src.callback.progress][INFO] - Epoch 187 step 35950/192: loss 1.461e-01
[21/04/26 01:36:18][src.callback.progress][INFO] - Epoch 187 step 36000/192: loss 1.420e-01
[21/04/26 01:36:28][src.callback.progress][INFO] - Epoch 187 step 36050/192: loss 1.352e-01
[21/04/26 01:36:39][src.callback.progress][INFO] - Epoch 187: v_recons 1.774e-01  recons 1.161e-01  v_loss 3.585e-01  loss 1.394e-01  v_latent 9.531e-01  latent 6.392e-01  v_kl 4.863e+01  kl 2.452e+01  v_contrastive 1.806e+00  contrastive 2.302e-01  v_t2m/len 1530  v_t2m/R01 18.69%  v_t2m/R02 24.51%  v_t2m/R03 32.47%  v_t2m/R05 41.56%  v_t2m/R10 56.86%  v_t2m/MedR 8.0%  v_m2t/len 1530  v_m2t/R01 20.0%  v_m2t/R02 24.25%  v_m2t/R03 32.41%  v_m2t/R05 41.31%  v_m2t/R10 53.65%  v_m2t/MedR 9.0%
[21/04/26 01:36:46][src.callback.progress][INFO] - Epoch 188 step 36100/192: loss 1.518e-01
[21/04/26 01:36:56][src.callback.progress][INFO] - Epoch 188 step 36150/192: loss 1.215e-01
[21/04/26 01:37:07][src.callback.progress][INFO] - Epoch 188 step 36200/192: loss 1.284e-01
[21/04/26 01:37:17][src.callback.progress][INFO] - Epoch 188 step 36250/192: loss 1.340e-01
[21/04/26 01:37:27][src.callback.progress][INFO] - Epoch 188: v_recons 1.772e-01  recons 1.158e-01  v_loss 3.568e-01  loss 1.388e-01  v_latent 9.568e-01  latent 6.387e-01  v_kl 4.878e+01  kl 2.445e+01  v_contrastive 1.792e+00  contrastive 2.275e-01  v_t2m/len 1530  v_t2m/R01 16.93%  v_t2m/R02 22.42%  v_t2m/R03 30.92%  v_t2m/R05 40.72%  v_t2m/R10 56.93%  v_t2m/MedR 8.0%  v_m2t/len 1530  v_m2t/R01 19.61%  v_m2t/R02 23.39%  v_m2t/R03 31.23%  v_m2t/R05 40.65%  v_m2t/R10 53.45%  v_m2t/MedR 9.0%
[21/04/26 01:37:36][src.callback.progress][INFO] - Epoch 189 step 36300/192: loss 1.348e-01
[21/04/26 01:37:46][src.callback.progress][INFO] - Epoch 189 step 36350/192: loss 1.533e-01
[21/04/26 01:37:56][src.callback.progress][INFO] - Epoch 189 step 36400/192: loss 1.275e-01
[21/04/26 01:38:07][src.callback.progress][INFO] - Epoch 189 step 36450/192: loss 1.397e-01
[21/04/26 01:38:15][src.callback.progress][INFO] - Epoch 189: v_recons 1.770e-01  recons 1.161e-01  v_loss 3.541e-01  loss 1.388e-01  v_latent 9.518e-01  latent 6.410e-01  v_kl 4.826e+01  kl 2.463e+01  v_contrastive 1.767e+00  contrastive 2.247e-01  v_t2m/len 1530  v_t2m/R01 18.17%  v_t2m/R02 24.12%  v_t2m/R03 31.89%  v_t2m/R05 41.9%  v_t2m/R10 56.27%  v_t2m/MedR 8.0%  v_m2t/len 1530  v_m2t/R01 19.87%  v_m2t/R02 23.2%  v_m2t/R03 32.02%  v_m2t/R05 41.7%  v_m2t/R10 53.45%  v_m2t/MedR 9.0%
[21/04/26 01:38:24][src.callback.progress][INFO] - Epoch 190 step 36500/192: loss 1.232e-01
[21/04/26 01:38:34][src.callback.progress][INFO] - Epoch 190 step 36550/192: loss 1.425e-01
[21/04/26 01:38:45][src.callback.progress][INFO] - Epoch 190 step 36600/192: loss 1.481e-01
[21/04/26 01:38:55][src.callback.progress][INFO] - Epoch 190 step 36650/192: loss 1.420e-01
[21/04/26 01:39:02][src.callback.progress][INFO] - Epoch 190: v_recons 1.782e-01  recons 1.155e-01  v_loss 3.580e-01  loss 1.383e-01  v_latent 9.579e-01  latent 6.394e-01  v_kl 4.855e+01  kl 2.451e+01  v_contrastive 1.793e+00  contrastive 2.256e-01  v_t2m/len 1530  v_t2m/R01 18.76%  v_t2m/R02 24.84%  v_t2m/R03 31.95%  v_t2m/R05 41.5%  v_t2m/R10 55.75%  v_t2m/MedR 8.0%  v_m2t/len 1530  v_m2t/R01 20.59%  v_m2t/R02 23.13%  v_m2t/R03 32.29%  v_m2t/R05 40.06%  v_m2t/R10 53.27%  v_m2t/MedR 9.0%
[21/04/26 01:39:13][src.callback.progress][INFO] - Epoch 191 step 36700/192: loss 1.254e-01
[21/04/26 01:39:23][src.callback.progress][INFO] - Epoch 191 step 36750/192: loss 1.394e-01
[21/04/26 01:39:34][src.callback.progress][INFO] - Epoch 191 step 36800/192: loss 1.307e-01
[21/04/26 01:39:44][src.callback.progress][INFO] - Epoch 191 step 36850/192: loss 1.384e-01
[21/04/26 01:39:49][src.callback.progress][INFO] - Epoch 191: v_recons 1.774e-01  recons 1.157e-01  v_loss 3.576e-01  loss 1.384e-01  v_latent 9.574e-01  latent 6.412e-01  v_kl 4.866e+01  kl 2.459e+01  v_contrastive 1.797e+00  contrastive 2.249e-01  v_t2m/len 1530  v_t2m/R01 17.05%  v_t2m/R02 23.06%  v_t2m/R03 31.5%  v_t2m/R05 42.29%  v_t2m/R10 55.81%  v_t2m/MedR 7.5%  v_m2t/len 1530  v_m2t/R01 20.12%  v_m2t/R02 23.45%  v_m2t/R03 32.47%  v_m2t/R05 41.31%  v_m2t/R10 53.59%  v_m2t/MedR 9.0%
[21/04/26 01:40:02][src.callback.progress][INFO] - Epoch 192 step 36900/192: loss 1.358e-01
[21/04/26 01:40:12][src.callback.progress][INFO] - Epoch 192 step 36950/192: loss 1.236e-01
[21/04/26 01:40:23][src.callback.progress][INFO] - Epoch 192 step 37000/192: loss 1.432e-01
[21/04/26 01:40:33][src.callback.progress][INFO] - Epoch 192 step 37050/192: loss 1.400e-01
[21/04/26 01:40:36][src.callback.progress][INFO] - Epoch 192: v_recons 1.780e-01  recons 1.150e-01  v_loss 3.581e-01  loss 1.374e-01  v_latent 9.587e-01  latent 6.395e-01  v_kl 4.895e+01  kl 2.462e+01  v_contrastive 1.796e+00  contrastive 2.212e-01  v_t2m/len 1530  v_t2m/R01 19.35%  v_t2m/R02 24.77%  v_t2m/R03 31.95%  v_t2m/R05 41.7%  v_t2m/R10 56.66%  v_t2m/MedR 8.0%  v_m2t/len 1530  v_m2t/R01 21.76%  v_m2t/R02 23.72%  v_m2t/R03 32.81%  v_m2t/R05 41.11%  v_m2t/R10 54.84%  v_m2t/MedR 8.0%
[21/04/26 01:40:50][src.callback.progress][INFO] - Epoch 193 step 37100/192: loss 1.368e-01
[21/04/26 01:41:00][src.callback.progress][INFO] - Epoch 193 step 37150/192: loss 1.318e-01
[21/04/26 01:41:10][src.callback.progress][INFO] - Epoch 193 step 37200/192: loss 1.402e-01
[21/04/26 01:41:22][src.callback.progress][INFO] - Epoch 193: v_recons 1.771e-01  recons 1.148e-01  v_loss 3.557e-01  loss 1.369e-01  v_latent 9.604e-01  latent 6.398e-01  v_kl 4.954e+01  kl 2.481e+01  v_contrastive 1.781e+00  contrastive 2.178e-01  v_t2m/len 1530  v_t2m/R01 18.04%  v_t2m/R02 23.45%  v_t2m/R03 30.52%  v_t2m/R05 40.25%  v_t2m/R10 55.49%  v_t2m/MedR 8.0%  v_m2t/len 1530  v_m2t/R01 21.62%  v_m2t/R02 23.86%  v_m2t/R03 32.54%  v_m2t/R05 40.72%  v_m2t/R10 54.25%  v_m2t/MedR 9.0%
[21/04/26 01:41:28][src.callback.progress][INFO] - Epoch 194 step 37250/192: loss 1.388e-01
[21/04/26 01:41:38][src.callback.progress][INFO] - Epoch 194 step 37300/192: loss 1.283e-01
[21/04/26 01:41:48][src.callback.progress][INFO] - Epoch 194 step 37350/192: loss 1.348e-01
[21/04/26 01:41:59][src.callback.progress][INFO] - Epoch 194 step 37400/192: loss 1.279e-01
[21/04/26 01:42:09][src.callback.progress][INFO] - Epoch 194: v_recons 1.798e-01  recons 1.145e-01  v_loss 3.571e-01  loss 1.370e-01  v_latent 9.568e-01  latent 6.414e-01  v_kl 4.886e+01  kl 2.495e+01  v_contrastive 1.768e+00  contrastive 2.218e-01  v_t2m/len 1530  v_t2m/R01 18.1%  v_t2m/R02 23.72%  v_t2m/R03 31.82%  v_t2m/R05 41.83%  v_t2m/R10 55.29%  v_t2m/MedR 8.0%  v_m2t/len 1530  v_m2t/R01 19.61%  v_m2t/R02 23.39%  v_m2t/R03 32.29%  v_m2t/R05 40.13%  v_m2t/R10 53.13%  v_m2t/MedR 9.0%
[21/04/26 01:42:16][src.callback.progress][INFO] - Epoch 195 step 37450/192: loss 1.376e-01
[21/04/26 01:42:26][src.callback.progress][INFO] - Epoch 195 step 37500/192: loss 1.334e-01
[21/04/26 01:42:36][src.callback.progress][INFO] - Epoch 195 step 37550/192: loss 1.317e-01
[21/04/26 01:42:46][src.callback.progress][INFO] - Epoch 195 step 37600/192: loss 1.305e-01
[21/04/26 01:42:54][src.callback.progress][INFO] - Epoch 195: v_recons 1.792e-01  recons 1.146e-01  v_loss 3.599e-01  loss 1.363e-01  v_latent 9.636e-01  latent 6.411e-01  v_kl 4.956e+01  kl 2.494e+01  v_contrastive 1.803e+00  contrastive 2.148e-01  v_t2m/len 1530  v_t2m/R01 17.9%  v_t2m/R02 23.13%  v_t2m/R03 31.5%  v_t2m/R05 39.79%  v_t2m/R10 56.08%  v_t2m/MedR 8.0%  v_m2t/len 1530  v_m2t/R01 20.59%  v_m2t/R02 24.37%  v_m2t/R03 32.54%  v_m2t/R05 41.31%  v_m2t/R10 53.52%  v_m2t/MedR 9.0%
[21/04/26 01:43:03][src.callback.progress][INFO] - Epoch 196 step 37650/192: loss 1.389e-01
[21/04/26 01:43:13][src.callback.progress][INFO] - Epoch 196 step 37700/192: loss 1.347e-01
[21/04/26 01:43:23][src.callback.progress][INFO] - Epoch 196 step 37750/192: loss 1.292e-01
[21/04/26 01:43:33][src.callback.progress][INFO] - Epoch 196 step 37800/192: loss 1.366e-01
[21/04/26 01:43:40][src.callback.progress][INFO] - Epoch 196: v_recons 1.799e-01  recons 1.139e-01  v_loss 3.578e-01  loss 1.358e-01  v_latent 9.657e-01  latent 6.399e-01  v_kl 4.979e+01  kl 2.500e+01  v_contrastive 1.774e+00  contrastive 2.161e-01  v_t2m/len 1530  v_t2m/R01 18.76%  v_t2m/R02 24.25%  v_t2m/R03 32.93%  v_t2m/R05 41.18%  v_t2m/R10 55.88%  v_t2m/MedR 8.0%  v_m2t/len 1530  v_m2t/R01 21.3%  v_m2t/R02 24.77%  v_m2t/R03 33.2%  v_m2t/R05 40.65%  v_m2t/R10 52.88%  v_m2t/MedR 9.0%
[21/04/26 01:43:50][src.callback.progress][INFO] - Epoch 197 step 37850/192: loss 1.324e-01
[21/04/26 01:44:00][src.callback.progress][INFO] - Epoch 197 step 37900/192: loss 1.675e-01
[21/04/26 01:44:09][src.callback.progress][INFO] - Epoch 197 step 37950/192: loss 1.405e-01
[21/04/26 01:44:19][src.callback.progress][INFO] - Epoch 197 step 38000/192: loss 1.445e-01
[21/04/26 01:44:24][src.callback.progress][INFO] - Epoch 197: v_recons 1.787e-01  recons 1.143e-01  v_loss 3.574e-01  loss 1.363e-01  v_latent 9.698e-01  latent 6.411e-01  v_kl 4.977e+01  kl 2.503e+01  v_contrastive 1.782e+00  contrastive 2.175e-01  v_t2m/len 1530  v_t2m/R01 18.29%  v_t2m/R02 23.72%  v_t2m/R03 30.78%  v_t2m/R05 40.59%  v_t2m/R10 56.79%  v_t2m/MedR 8.0%  v_m2t/len 1530  v_m2t/R01 20.85%  v_m2t/R02 23.45%  v_m2t/R03 32.75%  v_m2t/R05 42.34%  v_m2t/R10 53.72%  v_m2t/MedR 9.0%
[21/04/26 01:44:36][src.callback.progress][INFO] - Epoch 198 step 38050/192: loss 1.268e-01
[21/04/26 01:44:46][src.callback.progress][INFO] - Epoch 198 step 38100/192: loss 1.455e-01
[21/04/26 01:44:56][src.callback.progress][INFO] - Epoch 198 step 38150/192: loss 1.333e-01
[21/04/26 01:45:07][src.callback.progress][INFO] - Epoch 198 step 38200/192: loss 1.316e-01
[21/04/26 01:45:10][src.callback.progress][INFO] - Epoch 198: v_recons 1.778e-01  recons 1.137e-01  v_loss 3.565e-01  loss 1.350e-01  v_latent 9.658e-01  latent 6.400e-01  v_kl 4.953e+01  kl 2.498e+01  v_contrastive 1.782e+00  contrastive 2.108e-01  v_t2m/len 1530  v_t2m/R01 18.69%  v_t2m/R02 25.87%  v_t2m/R03 33.72%  v_t2m/R05 43.33%  v_t2m/R10 56.72%  v_t2m/MedR 8.0%  v_m2t/len 1530  v_m2t/R01 20.64%  v_m2t/R02 23.45%  v_m2t/R03 32.68%  v_m2t/R05 42.41%  v_m2t/R10 54.63%  v_m2t/MedR 9.0%
[21/04/26 01:45:24][src.callback.progress][INFO] - Epoch 199 step 38250/192: loss 1.387e-01
[21/04/26 01:45:34][src.callback.progress][INFO] - Epoch 199 step 38300/192: loss 1.292e-01
[21/04/26 01:45:44][src.callback.progress][INFO] - Epoch 199 step 38350/192: loss 1.479e-01
[21/04/26 01:45:54][src.callback.progress][INFO] - Epoch 199 step 38400/192: loss 1.438e-01
[21/04/26 01:45:56][src.callback.progress][INFO] - Epoch 199: v_recons 1.774e-01  recons 1.138e-01  v_loss 3.548e-01  loss 1.352e-01  v_latent 9.704e-01  latent 6.424e-01  v_kl 5.016e+01  kl 2.518e+01  v_contrastive 1.769e+00  contrastive 2.118e-01  v_t2m/len 1530  v_t2m/R01 19.79%  v_t2m/R02 24.77%  v_t2m/R03 32.75%  v_t2m/R05 42.22%  v_t2m/R10 57.25%  v_t2m/MedR 8.0%  v_m2t/len 1530  v_m2t/R01 19.54%  v_m2t/R02 23.27%  v_m2t/R03 33.13%  v_m2t/R05 42.02%  v_m2t/R10 55.15%  v_m2t/MedR 8.0%
[21/04/26 01:46:11][src.callback.progress][INFO] - Epoch 200 step 38450/192: loss 1.436e-01
[21/04/26 01:46:21][src.callback.progress][INFO] - Epoch 200 step 38500/192: loss 1.589e-01
[21/04/26 01:46:31][src.callback.progress][INFO] - Epoch 200 step 38550/192: loss 1.389e-01
[21/04/26 01:46:41][src.callback.progress][INFO] - Epoch 200: v_recons 1.779e-01  recons 1.133e-01  v_loss 3.562e-01  loss 1.347e-01  v_latent 9.729e-01  latent 6.433e-01  v_kl 5.039e+01  kl 2.538e+01  v_contrastive 1.777e+00  contrastive 2.117e-01  v_t2m/len 1530  v_t2m/R01 19.35%  v_t2m/R02 24.37%  v_t2m/R03 31.37%  v_t2m/R05 41.43%  v_t2m/R10 56.4%  v_t2m/MedR 8.0%  v_m2t/len 1530  v_m2t/R01 19.93%  v_m2t/R02 23.13%  v_m2t/R03 33.4%  v_m2t/R05 42.09%  v_m2t/R10 54.63%  v_m2t/MedR 9.0%
[21/04/26 01:46:48][src.callback.progress][INFO] - Epoch 201 step 38600/192: loss 1.578e-01
[21/04/26 01:46:58][src.callback.progress][INFO] - Epoch 201 step 38650/192: loss 1.295e-01
[21/04/26 01:47:08][src.callback.progress][INFO] - Epoch 201 step 38700/192: loss 1.178e-01
[21/04/26 01:47:18][src.callback.progress][INFO] - Epoch 201 step 38750/192: loss 1.417e-01
[21/04/26 01:47:26][src.callback.progress][INFO] - Epoch 201: v_recons 1.777e-01  recons 1.134e-01  v_loss 3.572e-01  loss 1.347e-01  v_latent 9.788e-01  latent 6.440e-01  v_kl 5.096e+01  kl 2.540e+01  v_contrastive 1.789e+00  contrastive 2.112e-01  v_t2m/len 1530  v_t2m/R01 17.52%  v_t2m/R02 24.12%  v_t2m/R03 31.04%  v_t2m/R05 42.34%  v_t2m/R10 56.34%  v_t2m/MedR 8.0%  v_m2t/len 1530  v_m2t/R01 20.45%  v_m2t/R02 23.72%  v_m2t/R03 33.45%  v_m2t/R05 42.02%  v_m2t/R10 52.29%  v_m2t/MedR 9.0%
[21/04/26 01:47:35][src.callback.progress][INFO] - Epoch 202 step 38800/192: loss 1.352e-01
[21/04/26 01:47:45][src.callback.progress][INFO] - Epoch 202 step 38850/192: loss 1.632e-01
[21/04/26 01:47:55][src.callback.progress][INFO] - Epoch 202 step 38900/192: loss 1.227e-01
[21/04/26 01:48:05][src.callback.progress][INFO] - Epoch 202 step 38950/192: loss 1.333e-01
[21/04/26 01:48:12][src.callback.progress][INFO] - Epoch 202: v_recons 1.807e-01  recons 1.131e-01  v_loss 3.587e-01  loss 1.341e-01  v_latent 9.733e-01  latent 6.431e-01  v_kl 5.041e+01  kl 2.530e+01  v_contrastive 1.775e+00  contrastive 2.071e-01  v_t2m/len 1530  v_t2m/R01 18.69%  v_t2m/R02 23.39%  v_t2m/R03 31.89%  v_t2m/R05 42.15%  v_t2m/R10 56.08%  v_t2m/MedR 8.0%  v_m2t/len 1530  v_m2t/R01 18.55%  v_m2t/R02 23.27%  v_m2t/R03 32.41%  v_m2t/R05 41.31%  v_m2t/R10 54.11%  v_m2t/MedR 9.0%
[21/04/26 01:48:21][src.callback.progress][INFO] - Epoch 203 step 39000/192: loss 1.306e-01
[21/04/26 01:48:32][src.callback.progress][INFO] - Epoch 203 step 39050/192: loss 1.419e-01
[21/04/26 01:48:42][src.callback.progress][INFO] - Epoch 203 step 39100/192: loss 1.423e-01
[21/04/26 01:48:51][src.callback.progress][INFO] - Epoch 203 step 39150/192: loss 1.369e-01
[21/04/26 01:48:57][src.callback.progress][INFO] - Epoch 203: v_recons 1.781e-01  recons 1.126e-01  v_loss 3.573e-01  loss 1.334e-01  v_latent 9.772e-01  latent 6.417e-01  v_kl 5.097e+01  kl 2.524e+01  v_contrastive 1.787e+00  contrastive 2.053e-01  v_t2m/len 1530  v_t2m/R01 18.88%  v_t2m/R02 24.25%  v_t2m/R03 31.76%  v_t2m/R05 40.52%  v_t2m/R10 54.9%  v_t2m/MedR 8.5%  v_m2t/len 1530  v_m2t/R01 19.61%  v_m2t/R02 22.09%  v_m2t/R03 32.47%  v_m2t/R05 41.43%  v_m2t/R10 53.06%  v_m2t/MedR 9.0%
[21/04/26 01:49:08][src.callback.progress][INFO] - Epoch 204 step 39200/192: loss 1.339e-01
[21/04/26 01:49:18][src.callback.progress][INFO] - Epoch 204 step 39250/192: loss 1.318e-01
[21/04/26 01:49:28][src.callback.progress][INFO] - Epoch 204 step 39300/192: loss 1.142e-01
[21/04/26 01:49:38][src.callback.progress][INFO] - Epoch 204 step 39350/192: loss 1.567e-01
[21/04/26 01:49:42][src.callback.progress][INFO] - Epoch 204: v_recons 1.809e-01  recons 1.126e-01  v_loss 3.593e-01  loss 1.338e-01  v_latent 9.777e-01  latent 6.437e-01  v_kl 5.117e+01  kl 2.564e+01  v_contrastive 1.778e+00  contrastive 2.091e-01  v_t2m/len 1530  v_t2m/R01 19.07%  v_t2m/R02 25.22%  v_t2m/R03 32.02%  v_t2m/R05 40.97%  v_t2m/R10 56.34%  v_t2m/MedR 8.0%  v_m2t/len 1530  v_m2t/R01 20.92%  v_m2t/R02 24.77%  v_m2t/R03 33.33%  v_m2t/R05 41.56%  v_m2t/R10 53.91%  v_m2t/MedR 9.0%
[21/04/26 01:49:56][src.callback.progress][INFO] - Epoch 205 step 39400/192: loss 1.271e-01
[21/04/26 01:50:06][src.callback.progress][INFO] - Epoch 205 step 39450/192: loss 1.170e-01
[21/04/26 01:50:16][src.callback.progress][INFO] - Epoch 205 step 39500/192: loss 1.502e-01
[21/04/26 01:50:26][src.callback.progress][INFO] - Epoch 205 step 39550/192: loss 1.431e-01
[21/04/26 01:50:28][src.callback.progress][INFO] - Epoch 205: v_recons 1.788e-01  recons 1.122e-01  v_loss 3.574e-01  loss 1.330e-01  v_latent 9.800e-01  latent 6.427e-01  v_kl 5.111e+01  kl 2.551e+01  v_contrastive 1.780e+00  contrastive 2.056e-01  v_t2m/len 1530  v_t2m/R01 18.5%  v_t2m/R02 24.57%  v_t2m/R03 31.95%  v_t2m/R05 40.97%  v_t2m/R10 55.88%  v_t2m/MedR 8.0%  v_m2t/len 1530  v_m2t/R01 18.76%  v_m2t/R02 22.03%  v_m2t/R03 32.15%  v_m2t/R05 41.63%  v_m2t/R10 54.7%  v_m2t/MedR 8.0%
[21/04/26 01:50:43][src.callback.progress][INFO] - Epoch 206 step 39600/192: loss 1.362e-01
[21/04/26 01:50:53][src.callback.progress][INFO] - Epoch 206 step 39650/192: loss 1.300e-01
[21/04/26 01:51:03][src.callback.progress][INFO] - Epoch 206 step 39700/192: loss 1.148e-01
[21/04/26 01:53:02][src.callback.progress][INFO] - Epoch 206: v_recons 1.781e-01  recons 1.118e-01  v_loss 3.556e-01  loss 1.326e-01  v_latent 9.814e-01  latent 6.430e-01  v_kl 5.150e+01  kl 2.562e+01  v_contrastive 1.769e+00  contrastive 2.056e-01  v_t2m/len 1530  v_t2m/R01 19.28%  v_t2m/R02 24.12%  v_t2m/R03 30.92%  v_t2m/R05 40.65%  v_t2m/R10 56.08%  v_t2m/MedR 8.0%  v_m2t/len 1530  v_m2t/R01 20.26%  v_m2t/R02 23.39%  v_m2t/R03 32.93%  v_m2t/R05 41.83%  v_m2t/R10 53.27%  v_m2t/MedR 9.0%
[21/04/26 01:53:09][src.callback.progress][INFO] - Epoch 207 step 39750/192: loss 1.409e-01
[21/04/26 01:53:19][src.callback.progress][INFO] - Epoch 207 step 39800/192: loss 1.410e-01
[21/04/26 01:53:29][src.callback.progress][INFO] - Epoch 207 step 39850/192: loss 1.170e-01
[21/04/26 01:53:39][src.callback.progress][INFO] - Epoch 207 step 39900/192: loss 1.208e-01
[21/04/26 01:53:48][src.callback.progress][INFO] - Epoch 207: v_recons 1.788e-01  recons 1.117e-01  v_loss 3.579e-01  loss 1.323e-01  v_latent 9.863e-01  latent 6.431e-01  v_kl 5.167e+01  kl 2.568e+01  v_contrastive 1.786e+00  contrastive 2.027e-01  v_t2m/len 1530  v_t2m/R01 17.25%  v_t2m/R02 23.45%  v_t2m/R03 30.78%  v_t2m/R05 41.04%  v_t2m/R10 56.27%  v_t2m/MedR 8.0%  v_m2t/len 1530  v_m2t/R01 19.47%  v_m2t/R02 22.61%  v_m2t/R03 31.7%  v_m2t/R05 41.24%  v_m2t/R10 53.06%  v_m2t/MedR 9.0%
[21/04/26 01:53:56][src.callback.progress][INFO] - Epoch 208 step 39950/192: loss 1.397e-01
[21/04/26 01:54:06][src.callback.progress][INFO] - Epoch 208 step 40000/192: loss 1.459e-01
[21/04/26 01:54:16][src.callback.progress][INFO] - Epoch 208 step 40050/192: loss 1.301e-01
[21/04/26 01:54:26][src.callback.progress][INFO] - Epoch 208 step 40100/192: loss 1.230e-01
[21/04/26 01:54:33][src.callback.progress][INFO] - Epoch 208: v_recons 1.794e-01  recons 1.118e-01  v_loss 3.583e-01  loss 1.322e-01  v_latent 9.866e-01  latent 6.445e-01  v_kl 5.143e+01  kl 2.580e+01  v_contrastive 1.783e+00  contrastive 2.012e-01  v_t2m/len 1530  v_t2m/R01 18.55%  v_t2m/R02 24.44%  v_t2m/R03 31.56%  v_t2m/R05 42.09%  v_t2m/R10 55.95%  v_t2m/MedR 8.0%  v_m2t/len 1530  v_m2t/R01 21.56%  v_m2t/R02 24.3%  v_m2t/R03 32.88%  v_m2t/R05 42.15%  v_m2t/R10 54.31%  v_m2t/MedR 8.0%
[21/04/26 01:54:43][src.callback.progress][INFO] - Epoch 209 step 40150/192: loss 1.134e-01
[21/04/26 01:54:53][src.callback.progress][INFO] - Epoch 209 step 40200/192: loss 1.434e-01
[21/04/26 01:55:03][src.callback.progress][INFO] - Epoch 209 step 40250/192: loss 1.219e-01
[21/04/26 01:55:13][src.callback.progress][INFO] - Epoch 209 step 40300/192: loss 1.179e-01
[21/04/26 01:55:18][src.callback.progress][INFO] - Epoch 209: v_recons 1.789e-01  recons 1.112e-01  v_loss 3.568e-01  loss 1.316e-01  v_latent 9.862e-01  latent 6.418e-01  v_kl 5.160e+01  kl 2.568e+01  v_contrastive 1.774e+00  contrastive 2.019e-01  v_t2m/len 1530  v_t2m/R01 18.04%  v_t2m/R02 23.98%  v_t2m/R03 31.62%  v_t2m/R05 41.31%  v_t2m/R10 56.08%  v_t2m/MedR 8.0%  v_m2t/len 1530  v_m2t/R01 19.87%  v_m2t/R02 23.45%  v_m2t/R03 32.22%  v_m2t/R05 40.77%  v_m2t/R10 53.33%  v_m2t/MedR 9.0%
[21/04/26 01:55:29][src.callback.progress][INFO] - Epoch 210 step 40350/192: loss 1.281e-01
[21/04/26 01:55:39][src.callback.progress][INFO] - Epoch 210 step 40400/192: loss 1.346e-01
[21/04/26 01:55:49][src.callback.progress][INFO] - Epoch 210 step 40450/192: loss 1.283e-01
[21/04/26 01:55:59][src.callback.progress][INFO] - Epoch 210 step 40500/192: loss 1.328e-01
[21/04/26 01:56:04][src.callback.progress][INFO] - Epoch 210: v_recons 1.797e-01  recons 1.111e-01  v_loss 3.606e-01  loss 1.314e-01  v_latent 9.936e-01  latent 6.448e-01  v_kl 5.316e+01  kl 2.597e+01  v_contrastive 1.804e+00  contrastive 1.997e-01  v_t2m/len 1530  v_t2m/R01 18.17%  v_t2m/R02 23.2%  v_t2m/R03 31.04%  v_t2m/R05 40.72%  v_t2m/R10 55.41%  v_t2m/MedR 8.0%  v_m2t/len 1530  v_m2t/R01 20.85%  v_m2t/R02 23.2%  v_m2t/R03 32.09%  v_m2t/R05 40.77%  v_m2t/R10 52.15%  v_m2t/MedR 9.0%
[21/04/26 01:56:16][src.callback.progress][INFO] - Epoch 211 step 40550/192: loss 1.405e-01
[21/04/26 01:56:26][src.callback.progress][INFO] - Epoch 211 step 40600/192: loss 1.203e-01
[21/04/26 01:56:36][src.callback.progress][INFO] - Epoch 211 step 40650/192: loss 1.301e-01
[21/04/26 01:56:47][src.callback.progress][INFO] - Epoch 211 step 40700/192: loss 1.172e-01
[21/04/26 01:56:49][src.callback.progress][INFO] - Epoch 211: v_recons 1.786e-01  recons 1.113e-01  v_loss 3.573e-01  loss 1.319e-01  v_latent 9.915e-01  latent 6.459e-01  v_kl 5.293e+01  kl 2.614e+01  v_contrastive 1.782e+00  contrastive 2.039e-01  v_t2m/len 1530  v_t2m/R01 18.62%  v_t2m/R02 24.51%  v_t2m/R03 33.0%  v_t2m/R05 42.41%  v_t2m/R10 56.86%  v_t2m/MedR 8.0%  v_m2t/len 1530  v_m2t/R01 21.37%  v_m2t/R02 24.51%  v_m2t/R03 32.22%  v_m2t/R05 41.24%  v_m2t/R10 52.75%  v_m2t/MedR 9.0%
[21/04/26 01:57:03][src.callback.progress][INFO] - Epoch 212 step 40750/192: loss 1.438e-01
[21/04/26 01:57:13][src.callback.progress][INFO] - Epoch 212 step 40800/192: loss 1.192e-01
[21/04/26 01:57:23][src.callback.progress][INFO] - Epoch 212 step 40850/192: loss 1.442e-01
[21/04/26 01:57:34][src.callback.progress][INFO] - Epoch 212: v_recons 1.801e-01  recons 1.111e-01  v_loss 3.604e-01  loss 1.310e-01  v_latent 9.967e-01  latent 6.448e-01  v_kl 5.304e+01  kl 2.610e+01  v_contrastive 1.798e+00  contrastive 1.960e-01  v_t2m/len 1530  v_t2m/R01 19.14%  v_t2m/R02 24.63%  v_t2m/R03 32.29%  v_t2m/R05 41.63%  v_t2m/R10 56.13%  v_t2m/MedR 8.0%  v_m2t/len 1530  v_m2t/R01 19.28%  v_m2t/R02 22.94%  v_m2t/R03 32.29%  v_m2t/R05 41.5%  v_m2t/R10 54.63%  v_m2t/MedR 9.0%
[21/04/26 01:57:40][src.callback.progress][INFO] - Epoch 213 step 40900/192: loss 1.116e-01
[21/04/26 01:57:50][src.callback.progress][INFO] - Epoch 213 step 40950/192: loss 1.173e-01
[21/04/26 01:58:01][src.callback.progress][INFO] - Epoch 213 step 41000/192: loss 1.319e-01
[21/04/26 01:58:11][src.callback.progress][INFO] - Epoch 213 step 41050/192: loss 1.444e-01
[21/04/26 01:58:20][src.callback.progress][INFO] - Epoch 213: v_recons 1.791e-01  recons 1.109e-01  v_loss 3.620e-01  loss 1.311e-01  v_latent 1.001e+00  latent 6.459e-01  v_kl 5.313e+01  kl 2.607e+01  v_contrastive 1.824e+00  contrastive 1.998e-01  v_t2m/len 1530  v_t2m/R01 18.23%  v_t2m/R02 23.45%  v_t2m/R03 31.18%  v_t2m/R05 40.38%  v_t2m/R10 56.93%  v_t2m/MedR 8.0%  v_m2t/len 1530  v_m2t/R01 19.93%  v_m2t/R02 22.68%  v_m2t/R03 32.54%  v_m2t/R05 41.24%  v_m2t/R10 53.72%  v_m2t/MedR 9.0%
[21/04/26 01:58:27][src.callback.progress][INFO] - Epoch 214 step 41100/192: loss 1.206e-01
[21/04/26 01:58:38][src.callback.progress][INFO] - Epoch 214 step 41150/192: loss 1.170e-01
[21/04/26 01:58:48][src.callback.progress][INFO] - Epoch 214 step 41200/192: loss 1.333e-01
[21/04/26 01:58:58][src.callback.progress][INFO] - Epoch 214 step 41250/192: loss 1.309e-01
[21/04/26 01:59:06][src.callback.progress][INFO] - Epoch 214: v_recons 1.782e-01  recons 1.105e-01  v_loss 3.579e-01  loss 1.303e-01  v_latent 9.968e-01  latent 6.441e-01  v_kl 5.273e+01  kl 2.604e+01  v_contrastive 1.792e+00  contrastive 1.957e-01  v_t2m/len 1530  v_t2m/R01 19.02%  v_t2m/R02 23.53%  v_t2m/R03 31.95%  v_t2m/R05 39.86%  v_t2m/R10 56.4%  v_t2m/MedR 8.0%  v_m2t/len 1530  v_m2t/R01 20.0%  v_m2t/R02 23.39%  v_m2t/R03 32.81%  v_m2t/R05 40.77%  v_m2t/R10 53.91%  v_m2t/MedR 9.0%
[21/04/26 01:59:15][src.callback.progress][INFO] - Epoch 215 step 41300/192: loss 1.263e-01
[21/04/26 01:59:25][src.callback.progress][INFO] - Epoch 215 step 41350/192: loss 1.383e-01
[21/04/26 01:59:35][src.callback.progress][INFO] - Epoch 215 step 41400/192: loss 1.260e-01
[21/04/26 01:59:45][src.callback.progress][INFO] - Epoch 215 step 41450/192: loss 1.243e-01
[21/04/26 01:59:51][src.callback.progress][INFO] - Epoch 215: v_recons 1.793e-01  recons 1.101e-01  v_loss 3.598e-01  loss 1.302e-01  v_latent 9.975e-01  latent 6.458e-01  v_kl 5.289e+01  kl 2.610e+01  v_contrastive 1.800e+00  contrastive 1.985e-01  v_t2m/len 1530  v_t2m/R01 19.4%  v_t2m/R02 24.63%  v_t2m/R03 31.56%  v_t2m/R05 41.63%  v_t2m/R10 56.27%  v_t2m/MedR 8.0%  v_m2t/len 1530  v_m2t/R01 20.26%  v_m2t/R02 23.27%  v_m2t/R03 33.45%  v_m2t/R05 41.43%  v_m2t/R10 53.2%  v_m2t/MedR 9.0%
[21/04/26 02:00:02][src.callback.progress][INFO] - Epoch 216 step 41500/192: loss 1.307e-01
[21/04/26 02:00:12][src.callback.progress][INFO] - Epoch 216 step 41550/192: loss 1.176e-01
[21/04/26 02:00:22][src.callback.progress][INFO] - Epoch 216 step 41600/192: loss 1.099e-01
[21/04/26 02:00:32][src.callback.progress][INFO] - Epoch 216 step 41650/192: loss 1.279e-01
[21/04/26 02:00:37][src.callback.progress][INFO] - Epoch 216: v_recons 1.795e-01  recons 1.099e-01  v_loss 3.585e-01  loss 1.296e-01  v_latent 1.006e+00  latent 6.444e-01  v_kl 5.401e+01  kl 2.612e+01  v_contrastive 1.785e+00  contrastive 1.944e-01  v_t2m/len 1530  v_t2m/R01 18.04%  v_t2m/R02 24.51%  v_t2m/R03 33.2%  v_t2m/R05 43.13%  v_t2m/R10 57.58%  v_t2m/MedR 7.0%  v_m2t/len 1530  v_m2t/R01 20.32%  v_m2t/R02 23.98%  v_m2t/R03 34.5%  v_m2t/R05 42.68%  v_m2t/R10 54.18%  v_m2t/MedR 9.0%
[21/04/26 02:00:50][src.callback.progress][INFO] - Epoch 217 step 41700/192: loss 1.297e-01
[21/04/26 02:01:00][src.callback.progress][INFO] - Epoch 217 step 41750/192: loss 1.212e-01
[21/04/26 02:01:10][src.callback.progress][INFO] - Epoch 217 step 41800/192: loss 1.327e-01
[21/04/26 02:01:20][src.callback.progress][INFO] - Epoch 217 step 41850/192: loss 1.288e-01
[21/04/26 02:01:23][src.callback.progress][INFO] - Epoch 217: v_recons 1.809e-01  recons 1.102e-01  v_loss 3.604e-01  loss 1.298e-01  v_latent 9.989e-01  latent 6.471e-01  v_kl 5.368e+01  kl 2.651e+01  v_contrastive 1.790e+00  contrastive 1.941e-01  v_t2m/len 1530  v_t2m/R01 18.29%  v_t2m/R02 24.18%  v_t2m/R03 31.95%  v_t2m/R05 41.63%  v_t2m/R10 55.88%  v_t2m/MedR 8.0%  v_m2t/len 1530  v_m2t/R01 21.11%  v_m2t/R02 24.12%  v_m2t/R03 33.2%  v_m2t/R05 40.77%  v_m2t/R10 53.91%  v_m2t/MedR 9.0%
[21/04/26 02:01:37][src.callback.progress][INFO] - Epoch 218 step 41900/192: loss 1.245e-01
[21/04/26 02:01:47][src.callback.progress][INFO] - Epoch 218 step 41950/192: loss 1.169e-01
[21/04/26 02:01:57][src.callback.progress][INFO] - Epoch 218 step 42000/192: loss 1.197e-01
[21/04/26 02:02:08][src.callback.progress][INFO] - Epoch 218: v_recons 1.790e-01  recons 1.095e-01  v_loss 3.571e-01  loss 1.291e-01  v_latent 1.000e+00  latent 6.460e-01  v_kl 5.362e+01  kl 2.641e+01  v_contrastive 1.776e+00  contrastive 1.934e-01  v_t2m/len 1530  v_t2m/R01 19.28%  v_t2m/R02 24.63%  v_t2m/R03 31.04%  v_t2m/R05 41.18%  v_t2m/R10 56.99%  v_t2m/MedR 8.0%  v_m2t/len 1530  v_m2t/R01 21.04%  v_m2t/R02 24.44%  v_m2t/R03 33.33%  v_m2t/R05 42.02%  v_m2t/R10 54.77%  v_m2t/MedR 8.0%
[21/04/26 02:02:14][src.callback.progress][INFO] - Epoch 219 step 42050/192: loss 1.247e-01
[21/04/26 02:02:24][src.callback.progress][INFO] - Epoch 219 step 42100/192: loss 1.252e-01
[21/04/26 02:02:34][src.callback.progress][INFO] - Epoch 219 step 42150/192: loss 1.300e-01
[21/04/26 02:02:44][src.callback.progress][INFO] - Epoch 219 step 42200/192: loss 1.255e-01
[21/04/26 02:02:54][src.callback.progress][INFO] - Epoch 219: v_recons 1.781e-01  recons 1.096e-01  v_loss 3.584e-01  loss 1.294e-01  v_latent 1.007e+00  latent 6.467e-01  v_kl 5.377e+01  kl 2.648e+01  v_contrastive 1.798e+00  contrastive 1.951e-01  v_t2m/len 1530  v_t2m/R01 17.96%  v_t2m/R02 22.68%  v_t2m/R03 31.56%  v_t2m/R05 42.15%  v_t2m/R10 56.47%  v_t2m/MedR 8.0%  v_m2t/len 1530  v_m2t/R01 20.59%  v_m2t/R02 22.8%  v_m2t/R03 33.13%  v_m2t/R05 40.72%  v_m2t/R10 54.43%  v_m2t/MedR 9.0%
[21/04/26 02:03:01][src.callback.progress][INFO] - Epoch 220 step 42250/192: loss 1.268e-01
[21/04/26 02:03:11][src.callback.progress][INFO] - Epoch 220 step 42300/192: loss 1.303e-01
[21/04/26 02:03:21][src.callback.progress][INFO] - Epoch 220 step 42350/192: loss 1.217e-01
[21/04/26 02:03:31][src.callback.progress][INFO] - Epoch 220 step 42400/192: loss 1.289e-01
[21/04/26 02:03:39][src.callback.progress][INFO] - Epoch 220: v_recons 1.801e-01  recons 1.096e-01  v_loss 3.607e-01  loss 1.291e-01  v_latent 1.007e+00  latent 6.482e-01  v_kl 5.479e+01  kl 2.665e+01  v_contrastive 1.800e+00  contrastive 1.927e-01  v_t2m/len 1530  v_t2m/R01 18.04%  v_t2m/R02 23.86%  v_t2m/R03 32.02%  v_t2m/R05 41.95%  v_t2m/R10 55.88%  v_t2m/MedR 8.0%  v_m2t/len 1530  v_m2t/R01 20.85%  v_m2t/R02 23.27%  v_m2t/R03 32.34%  v_m2t/R05 41.04%  v_m2t/R10 53.27%  v_m2t/MedR 9.0%
[21/04/26 02:03:48][src.callback.progress][INFO] - Epoch 221 step 42450/192: loss 1.231e-01
[21/04/26 02:03:58][src.callback.progress][INFO] - Epoch 221 step 42500/192: loss 1.216e-01
[21/04/26 02:04:08][src.callback.progress][INFO] - Epoch 221 step 42550/192: loss 1.278e-01
[21/04/26 02:04:18][src.callback.progress][INFO] - Epoch 221 step 42600/192: loss 1.264e-01
[21/04/26 02:04:24][src.callback.progress][INFO] - Epoch 221: v_recons 1.786e-01  recons 1.090e-01  v_loss 3.592e-01  loss 1.286e-01  v_latent 1.010e+00  latent 6.468e-01  v_kl 5.497e+01  kl 2.660e+01  v_contrastive 1.800e+00  contrastive 1.933e-01  v_t2m/len 1530  v_t2m/R01 18.81%  v_t2m/R02 25.22%  v_t2m/R03 31.82%  v_t2m/R05 41.24%  v_t2m/R10 55.95%  v_t2m/MedR 8.0%  v_m2t/len 1530  v_m2t/R01 19.4%  v_m2t/R02 23.13%  v_m2t/R03 32.54%  v_m2t/R05 40.38%  v_m2t/R10 53.72%  v_m2t/MedR 9.0%
[21/04/26 02:04:35][src.callback.progress][INFO] - Epoch 222 step 42650/192: loss 1.482e-01
[21/04/26 02:04:45][src.callback.progress][INFO] - Epoch 222 step 42700/192: loss 1.315e-01
[21/04/26 02:04:55][src.callback.progress][INFO] - Epoch 222 step 42750/192: loss 1.220e-01
[21/04/26 02:05:05][src.callback.progress][INFO] - Epoch 222 step 42800/192: loss 1.164e-01
[21/04/26 02:05:10][src.callback.progress][INFO] - Epoch 222: v_recons 1.801e-01  recons 1.091e-01  v_loss 3.608e-01  loss 1.284e-01  v_latent 1.014e+00  latent 6.476e-01  v_kl 5.479e+01  kl 2.687e+01  v_contrastive 1.802e+00  contrastive 1.908e-01  v_t2m/len 1530  v_t2m/R01 18.23%  v_t2m/R02 22.61%  v_t2m/R03 30.97%  v_t2m/R05 40.84%  v_t2m/R10 55.41%  v_t2m/MedR 8.0%  v_m2t/len 1530  v_m2t/R01 19.79%  v_m2t/R02 22.8%  v_m2t/R03 31.62%  v_m2t/R05 40.2%  v_m2t/R10 53.65%  v_m2t/MedR 9.0%
[21/04/26 02:05:22][src.callback.progress][INFO] - Epoch 223 step 42850/192: loss 1.320e-01
[21/04/26 02:05:33][src.callback.progress][INFO] - Epoch 223 step 42900/192: loss 1.376e-01
[21/04/26 02:05:43][src.callback.progress][INFO] - Epoch 223 step 42950/192: loss 1.321e-01
[21/04/26 02:05:53][src.callback.progress][INFO] - Epoch 223 step 43000/192: loss 1.290e-01
[21/04/26 02:05:56][src.callback.progress][INFO] - Epoch 223: v_recons 1.811e-01  recons 1.087e-01  v_loss 3.597e-01  loss 1.278e-01  v_latent 1.010e+00  latent 6.464e-01  v_kl 5.462e+01  kl 2.666e+01  v_contrastive 1.781e+00  contrastive 1.890e-01  v_t2m/len 1530  v_t2m/R01 17.25%  v_t2m/R02 23.01%  v_t2m/R03 31.7%  v_t2m/R05 42.54%  v_t2m/R10 55.36%  v_t2m/MedR 8.0%  v_m2t/len 1530  v_m2t/R01 20.52%  v_m2t/R02 23.72%  v_m2t/R03 33.86%  v_m2t/R05 42.68%  v_m2t/R10 55.22%  v_m2t/MedR 8.0%
[21/04/26 02:06:10][src.callback.progress][INFO] - Epoch 224 step 43050/192: loss 1.351e-01
[21/04/26 02:06:20][src.callback.progress][INFO] - Epoch 224 step 43100/192: loss 1.206e-01
[21/04/26 02:06:30][src.callback.progress][INFO] - Epoch 224 step 43150/192: loss 1.338e-01
[21/04/26 02:06:40][src.callback.progress][INFO] - Epoch 224 step 43200/192: loss 1.293e-01
[21/04/26 02:06:41][src.callback.progress][INFO] - Epoch 224: v_recons 1.796e-01  recons 1.087e-01  v_loss 3.623e-01  loss 1.279e-01  v_latent 1.018e+00  latent 6.468e-01  v_kl 5.571e+01  kl 2.674e+01  v_contrastive 1.821e+00  contrastive 1.883e-01  v_t2m/len 1530  v_t2m/R01 16.86%  v_t2m/R02 23.53%  v_t2m/R03 30.45%  v_t2m/R05 41.5%  v_t2m/R10 55.09%  v_t2m/MedR 8.0%  v_m2t/len 1530  v_m2t/R01 19.79%  v_m2t/R02 22.42%  v_m2t/R03 33.0%  v_m2t/R05 41.36%  v_m2t/R10 53.59%  v_m2t/MedR 9.0%
[21/04/26 02:06:56][src.callback.progress][INFO] - Epoch 225 step 43250/192: loss 1.424e-01
[21/04/26 02:07:06][src.callback.progress][INFO] - Epoch 225 step 43300/192: loss 1.143e-01
[21/04/26 02:07:16][src.callback.progress][INFO] - Epoch 225 step 43350/192: loss 1.297e-01
[21/04/26 02:07:27][src.callback.progress][INFO] - Epoch 225: v_recons 1.785e-01  recons 1.084e-01  v_loss 3.579e-01  loss 1.276e-01  v_latent 1.013e+00  latent 6.476e-01  v_kl 5.476e+01  kl 2.682e+01  v_contrastive 1.789e+00  contrastive 1.889e-01  v_t2m/len 1530  v_t2m/R01 18.1%  v_t2m/R02 23.2%  v_t2m/R03 31.11%  v_t2m/R05 41.31%  v_t2m/R10 56.0%  v_t2m/MedR 8.0%  v_m2t/len 1530  v_m2t/R01 20.12%  v_m2t/R02 23.59%  v_m2t/R03 32.68%  v_m2t/R05 41.75%  v_m2t/R10 53.52%  v_m2t/MedR 9.0%
[21/04/26 02:07:33][src.callback.progress][INFO] - Epoch 226 step 43400/192: loss 1.151e-01
[21/04/26 02:07:43][src.callback.progress][INFO] - Epoch 226 step 43450/192: loss 1.265e-01
[21/04/26 02:07:53][src.callback.progress][INFO] - Epoch 226 step 43500/192: loss 1.196e-01
[21/04/26 02:08:03][src.callback.progress][INFO] - Epoch 226 step 43550/192: loss 1.304e-01
[21/04/26 02:08:12][src.callback.progress][INFO] - Epoch 226: v_recons 1.794e-01  recons 1.081e-01  v_loss 3.597e-01  loss 1.269e-01  v_latent 1.015e+00  latent 6.473e-01  v_kl 5.499e+01  kl 2.683e+01  v_contrastive 1.798e+00  contrastive 1.853e-01  v_t2m/len 1530  v_t2m/R01 17.96%  v_t2m/R02 23.32%  v_t2m/R03 30.97%  v_t2m/R05 40.13%  v_t2m/R10 55.41%  v_t2m/MedR 9.0%  v_m2t/len 1530  v_m2t/R01 20.12%  v_m2t/R02 23.13%  v_m2t/R03 32.41%  v_m2t/R05 41.83%  v_m2t/R10 53.72%  v_m2t/MedR 9.0%
[21/04/26 02:08:20][src.callback.progress][INFO] - Epoch 227 step 43600/192: loss 1.281e-01
[21/04/26 02:08:30][src.callback.progress][INFO] - Epoch 227 step 43650/192: loss 1.378e-01
[21/04/26 02:08:40][src.callback.progress][INFO] - Epoch 227 step 43700/192: loss 1.283e-01
[21/04/26 02:08:50][src.callback.progress][INFO] - Epoch 227 step 43750/192: loss 1.214e-01
[21/04/26 02:08:57][src.callback.progress][INFO] - Epoch 227: v_recons 1.795e-01  recons 1.081e-01  v_loss 3.644e-01  loss 1.270e-01  v_latent 1.027e+00  latent 6.481e-01  v_kl 5.579e+01  kl 2.696e+01  v_contrastive 1.843e+00  contrastive 1.861e-01  v_t2m/len 1530  v_t2m/R01 17.7%  v_t2m/R02 22.68%  v_t2m/R03 30.12%  v_t2m/R05 40.45%  v_t2m/R10 55.41%  v_t2m/MedR 8.0%  v_m2t/len 1530  v_m2t/R01 19.73%  v_m2t/R02 23.06%  v_m2t/R03 32.61%  v_m2t/R05 41.04%  v_m2t/R10 52.41%  v_m2t/MedR 9.0%
[21/04/26 02:09:07][src.callback.progress][INFO] - Epoch 228 step 43800/192: loss 1.217e-01
[21/04/26 02:09:17][src.callback.progress][INFO] - Epoch 228 step 43850/192: loss 1.105e-01
[21/04/26 02:09:27][src.callback.progress][INFO] - Epoch 228 step 43900/192: loss 1.214e-01
[21/04/26 02:09:37][src.callback.progress][INFO] - Epoch 228 step 43950/192: loss 1.248e-01
[21/04/26 02:09:42][src.callback.progress][INFO] - Epoch 228: v_recons 1.791e-01  recons 1.079e-01  v_loss 3.589e-01  loss 1.263e-01  v_latent 1.019e+00  latent 6.479e-01  v_kl 5.527e+01  kl 2.710e+01  v_contrastive 1.792e+00  contrastive 1.816e-01  v_t2m/len 1530  v_t2m/R01 18.17%  v_t2m/R02 23.79%  v_t2m/R03 29.93%  v_t2m/R05 39.22%  v_t2m/R10 55.09%  v_t2m/MedR 9.0%  v_m2t/len 1530  v_m2t/R01 19.79%  v_m2t/R02 23.2%  v_m2t/R03 32.54%  v_m2t/R05 42.02%  v_m2t/R10 54.84%  v_m2t/MedR 8.0%
[21/04/26 02:09:54][src.callback.progress][INFO] - Epoch 229 step 44000/192: loss 1.203e-01
[21/04/26 02:10:04][src.callback.progress][INFO] - Epoch 229 step 44050/192: loss 1.388e-01
[21/04/26 02:10:14][src.callback.progress][INFO] - Epoch 229 step 44100/192: loss 1.163e-01
[21/04/26 02:10:25][src.callback.progress][INFO] - Epoch 229 step 44150/192: loss 1.222e-01
[21/04/26 02:10:28][src.callback.progress][INFO] - Epoch 229: v_recons 1.789e-01  recons 1.075e-01  v_loss 3.596e-01  loss 1.259e-01  v_latent 1.019e+00  latent 6.459e-01  v_kl 5.553e+01  kl 2.689e+01  v_contrastive 1.801e+00  contrastive 1.814e-01  v_t2m/len 1530  v_t2m/R01 17.05%  v_t2m/R02 23.45%  v_t2m/R03 30.59%  v_t2m/R05 40.0%  v_t2m/R10 55.09%  v_t2m/MedR 8.0%  v_m2t/len 1530  v_m2t/R01 20.45%  v_m2t/R02 23.72%  v_m2t/R03 32.09%  v_m2t/R05 41.11%  v_m2t/R10 53.27%  v_m2t/MedR 9.0%
[21/04/26 02:10:41][src.callback.progress][INFO] - Epoch 230 step 44200/192: loss 1.170e-01
[21/04/26 02:10:51][src.callback.progress][INFO] - Epoch 230 step 44250/192: loss 1.258e-01
[21/04/26 02:11:02][src.callback.progress][INFO] - Epoch 230 step 44300/192: loss 1.188e-01
[21/04/26 02:11:12][src.callback.progress][INFO] - Epoch 230 step 44350/192: loss 1.160e-01
[21/04/26 02:11:14][src.callback.progress][INFO] - Epoch 230: v_recons 1.801e-01  recons 1.073e-01  v_loss 3.615e-01  loss 1.258e-01  v_latent 1.021e+00  latent 6.474e-01  v_kl 5.557e+01  kl 2.707e+01  v_contrastive 1.809e+00  contrastive 1.822e-01  v_t2m/len 1530  v_t2m/R01 18.55%  v_t2m/R02 23.2%  v_t2m/R03 31.23%  v_t2m/R05 41.63%  v_t2m/R10 54.9%  v_t2m/MedR 8.0%  v_m2t/len 1530  v_m2t/R01 20.06%  v_m2t/R02 23.27%  v_m2t/R03 33.13%  v_m2t/R05 42.34%  v_m2t/R10 53.79%  v_m2t/MedR 9.0%
[21/04/26 02:11:29][src.callback.progress][INFO] - Epoch 231 step 44400/192: loss 1.175e-01
[21/04/26 02:11:39][src.callback.progress][INFO] - Epoch 231 step 44450/192: loss 1.314e-01
[21/04/26 02:11:49][src.callback.progress][INFO] - Epoch 231 step 44500/192: loss 1.246e-01
[21/04/26 02:11:59][src.callback.progress][INFO] - Epoch 231: v_recons 1.806e-01  recons 1.073e-01  v_loss 3.642e-01  loss 1.261e-01  v_latent 1.027e+00  latent 6.490e-01  v_kl 5.577e+01  kl 2.717e+01  v_contrastive 1.830e+00  contrastive 1.848e-01  v_t2m/len 1530  v_t2m/R01 17.9%  v_t2m/R02 23.65%  v_t2m/R03 31.7%  v_t2m/R05 40.13%  v_t2m/R10 54.97%  v_t2m/MedR 8.5%  v_m2t/len 1530  v_m2t/R01 20.12%  v_m2t/R02 23.65%  v_m2t/R03 32.81%  v_m2t/R05 41.18%  v_m2t/R10 53.86%  v_m2t/MedR 9.0%
[21/04/26 02:12:05][src.callback.progress][INFO] - Epoch 232 step 44550/192: loss 1.293e-01
[21/04/26 02:12:15][src.callback.progress][INFO] - Epoch 232 step 44600/192: loss 1.201e-01
[21/04/26 02:12:25][src.callback.progress][INFO] - Epoch 232 step 44650/192: loss 1.308e-01
[21/04/26 02:12:35][src.callback.progress][INFO] - Epoch 232 step 44700/192: loss 1.321e-01
[21/04/26 02:12:44][src.callback.progress][INFO] - Epoch 232: v_recons 1.800e-01  recons 1.072e-01  v_loss 3.620e-01  loss 1.257e-01  v_latent 1.027e+00  latent 6.485e-01  v_kl 5.641e+01  kl 2.720e+01  v_contrastive 1.815e+00  contrastive 1.819e-01  v_t2m/len 1530  v_t2m/R01 16.93%  v_t2m/R02 24.63%  v_t2m/R03 31.76%  v_t2m/R05 41.95%  v_t2m/R10 54.7%  v_t2m/MedR 9.0%  v_m2t/len 1530  v_m2t/R01 20.52%  v_m2t/R02 23.79%  v_m2t/R03 33.72%  v_m2t/R05 41.95%  v_m2t/R10 53.79%  v_m2t/MedR 9.0%
[21/04/26 02:12:52][src.callback.progress][INFO] - Epoch 233 step 44750/192: loss 1.213e-01
[21/04/26 02:13:03][src.callback.progress][INFO] - Epoch 233 step 44800/192: loss 1.195e-01
[21/04/26 02:13:13][src.callback.progress][INFO] - Epoch 233 step 44850/192: loss 1.316e-01
[21/04/26 02:13:23][src.callback.progress][INFO] - Epoch 233 step 44900/192: loss 1.422e-01
[21/04/26 02:13:30][src.callback.progress][INFO] - Epoch 233: v_recons 1.815e-01  recons 1.068e-01  v_loss 3.666e-01  loss 1.255e-01  v_latent 1.030e+00  latent 6.498e-01  v_kl 5.693e+01  kl 2.732e+01  v_contrastive 1.844e+00  contrastive 1.841e-01  v_t2m/len 1530  v_t2m/R01 18.55%  v_t2m/R02 23.86%  v_t2m/R03 31.44%  v_t2m/R05 41.31%  v_t2m/R10 54.63%  v_t2m/MedR 9.0%  v_m2t/len 1530  v_m2t/R01 20.78%  v_m2t/R02 23.59%  v_m2t/R03 32.88%  v_m2t/R05 41.36%  v_m2t/R10 53.06%  v_m2t/MedR 9.0%
[21/04/26 02:13:40][src.callback.progress][INFO] - Epoch 234 step 44950/192: loss 1.355e-01
[21/04/26 02:13:50][src.callback.progress][INFO] - Epoch 234 step 45000/192: loss 1.227e-01
[21/04/26 02:14:00][src.callback.progress][INFO] - Epoch 234 step 45050/192: loss 1.249e-01
[21/04/26 02:14:10][src.callback.progress][INFO] - Epoch 234 step 45100/192: loss 1.293e-01
[21/04/26 02:14:16][src.callback.progress][INFO] - Epoch 234: v_recons 1.811e-01  recons 1.067e-01  v_loss 3.642e-01  loss 1.249e-01  v_latent 1.035e+00  latent 6.492e-01  v_kl 5.665e+01  kl 2.741e+01  v_contrastive 1.825e+00  contrastive 1.796e-01  v_t2m/len 1530  v_t2m/R01 17.84%  v_t2m/R02 23.59%  v_t2m/R03 30.45%  v_t2m/R05 40.65%  v_t2m/R10 54.58%  v_t2m/MedR 9.0%  v_m2t/len 1530  v_m2t/R01 20.52%  v_m2t/R02 24.51%  v_m2t/R03 32.09%  v_m2t/R05 40.45%  v_m2t/R10 53.33%  v_m2t/MedR 9.0%
[21/04/26 02:14:27][src.callback.progress][INFO] - Epoch 235 step 45150/192: loss 1.078e-01
[21/04/26 02:14:37][src.callback.progress][INFO] - Epoch 235 step 45200/192: loss 1.073e-01
[21/04/26 02:14:47][src.callback.progress][INFO] - Epoch 235 step 45250/192: loss 1.301e-01
[21/04/26 02:14:57][src.callback.progress][INFO] - Epoch 235 step 45300/192: loss 1.248e-01
[21/04/26 02:15:01][src.callback.progress][INFO] - Epoch 235: v_recons 1.799e-01  recons 1.064e-01  v_loss 3.608e-01  loss 1.246e-01  v_latent 1.035e+00  latent 6.490e-01  v_kl 5.741e+01  kl 2.717e+01  v_contrastive 1.803e+00  contrastive 1.790e-01  v_t2m/len 1530  v_t2m/R01 18.76%  v_t2m/R02 23.86%  v_t2m/R03 30.59%  v_t2m/R05 39.27%  v_t2m/R10 55.22%  v_t2m/MedR 9.0%  v_m2t/len 1530  v_m2t/R01 21.18%  v_m2t/R02 23.86%  v_m2t/R03 31.11%  v_m2t/R05 40.77%  v_m2t/R10 53.2%  v_m2t/MedR 9.0%
[21/04/26 02:15:14][src.callback.progress][INFO] - Epoch 236 step 45350/192: loss 1.048e-01
[21/04/26 02:15:24][src.callback.progress][INFO] - Epoch 236 step 45400/192: loss 1.114e-01
[21/04/26 02:15:34][src.callback.progress][INFO] - Epoch 236 step 45450/192: loss 1.412e-01
[21/04/26 02:15:44][src.callback.progress][INFO] - Epoch 236 step 45500/192: loss 1.362e-01
[21/04/26 02:15:46][src.callback.progress][INFO] - Epoch 236: v_recons 1.794e-01  recons 1.063e-01  v_loss 3.619e-01  loss 1.244e-01  v_latent 1.034e+00  latent 6.492e-01  v_kl 5.735e+01  kl 2.733e+01  v_contrastive 1.819e+00  contrastive 1.782e-01  v_t2m/len 1530  v_t2m/R01 17.05%  v_t2m/R02 24.12%  v_t2m/R03 30.06%  v_t2m/R05 40.06%  v_t2m/R10 54.9%  v_t2m/MedR 9.0%  v_m2t/len 1530  v_m2t/R01 20.2%  v_m2t/R02 23.86%  v_m2t/R03 32.34%  v_m2t/R05 40.06%  v_m2t/R10 52.22%  v_m2t/MedR 9.0%
[21/04/26 02:16:00][src.callback.progress][INFO] - Epoch 237 step 45550/192: loss 1.274e-01
[21/04/26 02:16:10][src.callback.progress][INFO] - Epoch 237 step 45600/192: loss 1.308e-01
[21/04/26 02:16:21][src.callback.progress][INFO] - Epoch 237 step 45650/192: loss 1.263e-01
[21/04/26 02:16:31][src.callback.progress][INFO] - Epoch 237: v_recons 1.819e-01  recons 1.060e-01  v_loss 3.625e-01  loss 1.239e-01  v_latent 1.034e+00  latent 6.502e-01  v_kl 5.755e+01  kl 2.762e+01  v_contrastive 1.800e+00  contrastive 1.760e-01  v_t2m/len 1530  v_t2m/R01 17.7%  v_t2m/R02 23.45%  v_t2m/R03 31.89%  v_t2m/R05 41.5%  v_t2m/R10 56.13%  v_t2m/MedR 8.0%  v_m2t/len 1530  v_m2t/R01 20.45%  v_m2t/R02 23.65%  v_m2t/R03 33.27%  v_m2t/R05 42.41%  v_m2t/R10 54.5%  v_m2t/MedR 8.0%
[21/04/26 02:16:37][src.callback.progress][INFO] - Epoch 238 step 45700/192: loss 1.304e-01
[21/04/26 02:16:47][src.callback.progress][INFO] - Epoch 238 step 45750/192: loss 1.318e-01
[21/04/26 02:16:57][src.callback.progress][INFO] - Epoch 238 step 45800/192: loss 1.155e-01
[21/04/26 02:17:07][src.callback.progress][INFO] - Epoch 238 step 45850/192: loss 1.351e-01
[21/04/26 02:17:16][src.callback.progress][INFO] - Epoch 238: v_recons 1.797e-01  recons 1.062e-01  v_loss 3.620e-01  loss 1.243e-01  v_latent 1.037e+00  latent 6.507e-01  v_kl 5.711e+01  kl 2.756e+01  v_contrastive 1.817e+00  contrastive 1.784e-01  v_t2m/len 1530  v_t2m/R01 17.57%  v_t2m/R02 22.61%  v_t2m/R03 30.45%  v_t2m/R05 40.65%  v_t2m/R10 56.72%  v_t2m/MedR 8.0%  v_m2t/len 1530  v_m2t/R01 19.87%  v_m2t/R02 22.87%  v_m2t/R03 31.95%  v_m2t/R05 40.97%  v_m2t/R10 54.11%  v_m2t/MedR 9.0%
[21/04/26 02:17:24][src.callback.progress][INFO] - Epoch 239 step 45900/192: loss 1.232e-01
[21/04/26 02:17:34][src.callback.progress][INFO] - Epoch 239 step 45950/192: loss 1.364e-01
[21/04/26 02:17:44][src.callback.progress][INFO] - Epoch 239 step 46000/192: loss 1.122e-01
[21/04/26 02:17:54][src.callback.progress][INFO] - Epoch 239 step 46050/192: loss 1.402e-01
[21/04/26 02:18:02][src.callback.progress][INFO] - Epoch 239: v_recons 1.811e-01  recons 1.055e-01  v_loss 3.637e-01  loss 1.231e-01  v_latent 1.038e+00  latent 6.496e-01  v_kl 5.693e+01  kl 2.739e+01  v_contrastive 1.820e+00  contrastive 1.725e-01  v_t2m/len 1530  v_t2m/R01 18.88%  v_t2m/R02 23.53%  v_t2m/R03 31.5%  v_t2m/R05 40.77%  v_t2m/R10 54.77%  v_t2m/MedR 8.0%  v_m2t/len 1530  v_m2t/R01 20.26%  v_m2t/R02 23.72%  v_m2t/R03 32.34%  v_m2t/R05 41.5%  v_m2t/R10 52.88%  v_m2t/MedR 9.0%
[21/04/26 02:18:11][src.callback.progress][INFO] - Epoch 240 step 46100/192: loss 1.295e-01
[21/04/26 02:18:21][src.callback.progress][INFO] - Epoch 240 step 46150/192: loss 1.202e-01
[21/04/26 02:18:31][src.callback.progress][INFO] - Epoch 240 step 46200/192: loss 1.329e-01
[21/04/26 02:18:42][src.callback.progress][INFO] - Epoch 240 step 46250/192: loss 1.359e-01
[21/04/26 02:18:48][src.callback.progress][INFO] - Epoch 240: v_recons 1.806e-01  recons 1.056e-01  v_loss 3.632e-01  loss 1.235e-01  v_latent 1.043e+00  latent 6.490e-01  v_kl 5.758e+01  kl 2.743e+01  v_contrastive 1.821e+00  contrastive 1.757e-01  v_t2m/len 1530  v_t2m/R01 18.95%  v_t2m/R02 25.42%  v_t2m/R03 31.11%  v_t2m/R05 41.04%  v_t2m/R10 55.41%  v_t2m/MedR 8.0%  v_m2t/len 1530  v_m2t/R01 19.73%  v_m2t/R02 23.13%  v_m2t/R03 31.89%  v_m2t/R05 42.09%  v_m2t/R10 53.72%  v_m2t/MedR 9.0%
[21/04/26 02:18:59][src.callback.progress][INFO] - Epoch 241 step 46300/192: loss 1.359e-01
[21/04/26 02:19:09][src.callback.progress][INFO] - Epoch 241 step 46350/192: loss 1.260e-01
[21/04/26 02:19:19][src.callback.progress][INFO] - Epoch 241 step 46400/192: loss 1.353e-01
[21/04/26 02:19:29][src.callback.progress][INFO] - Epoch 241 step 46450/192: loss 1.203e-01
[21/04/26 02:19:33][src.callback.progress][INFO] - Epoch 241: v_recons 1.802e-01  recons 1.053e-01  v_loss 3.601e-01  loss 1.231e-01  v_latent 1.035e+00  latent 6.506e-01  v_kl 5.762e+01  kl 2.776e+01  v_contrastive 1.794e+00  contrastive 1.761e-01  v_t2m/len 1530  v_t2m/R01 18.37%  v_t2m/R02 24.04%  v_t2m/R03 30.78%  v_t2m/R05 41.36%  v_t2m/R10 56.54%  v_t2m/MedR 8.0%  v_m2t/len 1530  v_m2t/R01 19.73%  v_m2t/R02 22.61%  v_m2t/R03 32.93%  v_m2t/R05 42.09%  v_m2t/R10 54.43%  v_m2t/MedR 8.0%
[21/04/26 02:19:45][src.callback.progress][INFO] - Epoch 242 step 46500/192: loss 1.332e-01
[21/04/26 02:19:55][src.callback.progress][INFO] - Epoch 242 step 46550/192: loss 1.248e-01
[21/04/26 02:20:05][src.callback.progress][INFO] - Epoch 242 step 46600/192: loss 1.423e-01
[21/04/26 02:20:16][src.callback.progress][INFO] - Epoch 242 step 46650/192: loss 1.223e-01
[21/04/26 02:20:18][src.callback.progress][INFO] - Epoch 242: v_recons 1.807e-01  recons 1.052e-01  v_loss 3.648e-01  loss 1.226e-01  v_latent 1.044e+00  latent 6.482e-01  v_kl 5.792e+01  kl 2.764e+01  v_contrastive 1.835e+00  contrastive 1.714e-01  v_t2m/len 1530  v_t2m/R01 19.14%  v_t2m/R02 24.57%  v_t2m/R03 31.76%  v_t2m/R05 40.33%  v_t2m/R10 56.47%  v_t2m/MedR 8.0%  v_m2t/len 1530  v_m2t/R01 21.23%  v_m2t/R02 24.63%  v_m2t/R03 32.41%  v_m2t/R05 40.91%  v_m2t/R10 54.58%  v_m2t/MedR 9.0%
[21/04/26 02:20:32][src.callback.progress][INFO] - Epoch 243 step 46700/192: loss 1.409e-01
[21/04/26 02:20:42][src.callback.progress][INFO] - Epoch 243 step 46750/192: loss 1.321e-01
[21/04/26 02:20:52][src.callback.progress][INFO] - Epoch 243 step 46800/192: loss 1.221e-01
[21/04/26 02:21:04][src.callback.progress][INFO] - Epoch 243: v_recons 1.812e-01  recons 1.048e-01  v_loss 3.642e-01  loss 1.223e-01  v_latent 1.049e+00  latent 6.501e-01  v_kl 5.882e+01  kl 2.772e+01  v_contrastive 1.824e+00  contrastive 1.721e-01  v_t2m/len 1530  v_t2m/R01 18.69%  v_t2m/R02 24.12%  v_t2m/R03 32.22%  v_t2m/R05 41.31%  v_t2m/R10 56.54%  v_t2m/MedR 8.0%  v_m2t/len 1530  v_m2t/R01 20.52%  v_m2t/R02 24.12%  v_m2t/R03 32.88%  v_m2t/R05 41.7%  v_m2t/R10 52.75%  v_m2t/MedR 9.0%
[21/04/26 02:21:09][src.callback.progress][INFO] - Epoch 244 step 46850/192: loss 1.192e-01
[21/04/26 02:21:19][src.callback.progress][INFO] - Epoch 244 step 46900/192: loss 1.185e-01
[21/04/26 02:21:29][src.callback.progress][INFO] - Epoch 244 step 46950/192: loss 1.202e-01
[21/04/26 02:21:39][src.callback.progress][INFO] - Epoch 244 step 47000/192: loss 1.148e-01
[21/04/26 02:21:49][src.callback.progress][INFO] - Epoch 244: v_recons 1.798e-01  recons 1.050e-01  v_loss 3.629e-01  loss 1.225e-01  v_latent 1.050e+00  latent 6.518e-01  v_kl 5.802e+01  kl 2.784e+01  v_contrastive 1.825e+00  contrastive 1.723e-01  v_t2m/len 1530  v_t2m/R01 18.1%  v_t2m/R02 23.98%  v_t2m/R03 30.92%  v_t2m/R05 40.59%  v_t2m/R10 56.72%  v_t2m/MedR 8.0%  v_m2t/len 1530  v_m2t/R01 20.0%  v_m2t/R02 23.32%  v_m2t/R03 32.34%  v_m2t/R05 41.95%  v_m2t/R10 54.5%  v_m2t/MedR 8.0%
[21/04/26 02:21:56][src.callback.progress][INFO] - Epoch 245 step 47050/192: loss 1.145e-01
[21/04/26 02:22:06][src.callback.progress][INFO] - Epoch 245 step 47100/192: loss 1.171e-01
[21/04/26 02:22:17][src.callback.progress][INFO] - Epoch 245 step 47150/192: loss 1.324e-01
[21/04/26 02:22:27][src.callback.progress][INFO] - Epoch 245 step 47200/192: loss 1.311e-01
[21/04/26 02:22:35][src.callback.progress][INFO] - Epoch 245: v_recons 1.794e-01  recons 1.049e-01  v_loss 3.600e-01  loss 1.223e-01  v_latent 1.049e+00  latent 6.518e-01  v_kl 5.807e+01  kl 2.799e+01  v_contrastive 1.800e+00  contrastive 1.715e-01  v_t2m/len 1530  v_t2m/R01 18.81%  v_t2m/R02 24.18%  v_t2m/R03 31.44%  v_t2m/R05 41.56%  v_t2m/R10 56.4%  v_t2m/MedR 8.0%  v_m2t/len 1530  v_m2t/R01 20.32%  v_m2t/R02 23.32%  v_m2t/R03 33.99%  v_m2t/R05 42.61%  v_m2t/R10 53.4%  v_m2t/MedR 9.0%
[21/04/26 02:22:44][src.callback.progress][INFO] - Epoch 246 step 47250/192: loss 1.307e-01
[21/04/26 02:22:54][src.callback.progress][INFO] - Epoch 246 step 47300/192: loss 1.279e-01
[21/04/26 02:23:04][src.callback.progress][INFO] - Epoch 246 step 47350/192: loss 1.119e-01
[21/04/26 02:23:14][src.callback.progress][INFO] - Epoch 246 step 47400/192: loss 1.237e-01
[21/04/26 02:23:20][src.callback.progress][INFO] - Epoch 246: v_recons 1.807e-01  recons 1.046e-01  v_loss 3.638e-01  loss 1.216e-01  v_latent 1.050e+00  latent 6.511e-01  v_kl 5.894e+01  kl 2.792e+01  v_contrastive 1.825e+00  contrastive 1.672e-01  v_t2m/len 1530  v_t2m/R01 18.1%  v_t2m/R02 23.59%  v_t2m/R03 31.89%  v_t2m/R05 41.43%  v_t2m/R10 54.9%  v_t2m/MedR 9.0%  v_m2t/len 1530  v_m2t/R01 20.26%  v_m2t/R02 23.45%  v_m2t/R03 32.34%  v_m2t/R05 41.56%  v_m2t/R10 52.22%  v_m2t/MedR 9.0%
[21/04/26 02:23:31][src.callback.progress][INFO] - Epoch 247 step 47450/192: loss 1.120e-01
[21/04/26 02:23:41][src.callback.progress][INFO] - Epoch 247 step 47500/192: loss 1.271e-01
[21/04/26 02:23:52][src.callback.progress][INFO] - Epoch 247 step 47550/192: loss 1.357e-01
[21/04/26 02:24:02][src.callback.progress][INFO] - Epoch 247 step 47600/192: loss 1.313e-01
[21/04/26 02:24:07][src.callback.progress][INFO] - Epoch 247: v_recons 1.805e-01  recons 1.043e-01  v_loss 3.635e-01  loss 1.217e-01  v_latent 1.056e+00  latent 6.514e-01  v_kl 5.933e+01  kl 2.807e+01  v_contrastive 1.824e+00  contrastive 1.719e-01  v_t2m/len 1530  v_t2m/R01 17.31%  v_t2m/R02 22.61%  v_t2m/R03 30.52%  v_t2m/R05 40.65%  v_t2m/R10 55.75%  v_t2m/MedR 9.0%  v_m2t/len 1530  v_m2t/R01 19.28%  v_m2t/R02 22.68%  v_m2t/R03 31.7%  v_m2t/R05 40.33%  v_m2t/R10 53.2%  v_m2t/MedR 9.0%
[21/04/26 02:24:19][src.callback.progress][INFO] - Epoch 248 step 47650/192: loss 1.194e-01
[21/04/26 02:24:29][src.callback.progress][INFO] - Epoch 248 step 47700/192: loss 1.167e-01
[21/04/26 02:24:39][src.callback.progress][INFO] - Epoch 248 step 47750/192: loss 1.200e-01
[21/04/26 02:24:49][src.callback.progress][INFO] - Epoch 248 step 47800/192: loss 1.080e-01
[21/04/26 02:24:52][src.callback.progress][INFO] - Epoch 248: v_recons 1.833e-01  recons 1.044e-01  v_loss 3.634e-01  loss 1.218e-01  v_latent 1.052e+00  latent 6.519e-01  v_kl 5.843e+01  kl 2.806e+01  v_contrastive 1.795e+00  contrastive 1.705e-01  v_t2m/len 1530  v_t2m/R01 18.43%  v_t2m/R02 24.44%  v_t2m/R03 32.22%  v_t2m/R05 42.15%  v_t2m/R10 55.09%  v_t2m/MedR 8.0%  v_m2t/len 1530  v_m2t/R01 20.0%  v_m2t/R02 23.01%  v_m2t/R03 33.27%  v_m2t/R05 42.29%  v_m2t/R10 54.25%  v_m2t/MedR 9.0%
[21/04/26 02:25:06][src.callback.progress][INFO] - Epoch 249 step 47850/192: loss 1.113e-01
[21/04/26 02:25:16][src.callback.progress][INFO] - Epoch 249 step 47900/192: loss 1.103e-01
[21/04/26 02:25:26][src.callback.progress][INFO] - Epoch 249 step 47950/192: loss 1.318e-01
[21/04/26 02:25:36][src.callback.progress][INFO] - Epoch 249 step 48000/192: loss 1.123e-01
[21/04/26 02:25:38][src.callback.progress][INFO] - Epoch 249: v_recons 1.818e-01  recons 1.041e-01  v_loss 3.662e-01  loss 1.213e-01  v_latent 1.059e+00  latent 6.517e-01  v_kl 6.018e+01  kl 2.815e+01  v_contrastive 1.838e+00  contrastive 1.692e-01  v_t2m/len 1530  v_t2m/R01 17.9%  v_t2m/R02 23.13%  v_t2m/R03 30.2%  v_t2m/R05 41.43%  v_t2m/R10 55.56%  v_t2m/MedR 8.0%  v_m2t/len 1530  v_m2t/R01 20.52%  v_m2t/R02 22.61%  v_m2t/R03 32.61%  v_m2t/R05 40.0%  v_m2t/R10 52.81%  v_m2t/MedR 9.0%
[21/04/26 02:25:53][src.callback.progress][INFO] - Epoch 250 step 48050/192: loss 1.214e-01
[21/04/26 02:26:03][src.callback.progress][INFO] - Epoch 250 step 48100/192: loss 1.086e-01
[21/04/26 02:26:14][src.callback.progress][INFO] - Epoch 250 step 48150/192: loss 1.365e-01
[21/04/26 02:26:24][src.callback.progress][INFO] - Epoch 250: v_recons 1.821e-01  recons 1.039e-01  v_loss 3.673e-01  loss 1.210e-01  v_latent 1.054e+00  latent 6.518e-01  v_kl 5.943e+01  kl 2.814e+01  v_contrastive 1.846e+00  contrastive 1.687e-01  v_t2m/len 1530  v_t2m/R01 17.96%  v_t2m/R02 23.65%  v_t2m/R03 31.23%  v_t2m/R05 41.18%  v_t2m/R10 56.13%  v_t2m/MedR 8.0%  v_m2t/len 1530  v_m2t/R01 21.3%  v_m2t/R02 24.57%  v_m2t/R03 32.81%  v_m2t/R05 41.7%  v_m2t/R10 53.33%  v_m2t/MedR 9.0%
[21/04/26 02:26:31][src.callback.progress][INFO] - Epoch 251 step 48200/192: loss 1.235e-01
[21/04/26 02:26:41][src.callback.progress][INFO] - Epoch 251 step 48250/192: loss 1.330e-01
[21/04/26 02:26:51][src.callback.progress][INFO] - Epoch 251 step 48300/192: loss 1.167e-01
[21/04/26 02:27:01][src.callback.progress][INFO] - Epoch 251 step 48350/192: loss 1.371e-01
[21/04/26 02:27:10][src.callback.progress][INFO] - Epoch 251: v_recons 1.826e-01  recons 1.036e-01  v_loss 3.667e-01  loss 1.205e-01  v_latent 1.061e+00  latent 6.502e-01  v_kl 6.033e+01  kl 2.810e+01  v_contrastive 1.835e+00  contrastive 1.663e-01  v_t2m/len 1530  v_t2m/R01 18.55%  v_t2m/R02 24.25%  v_t2m/R03 31.89%  v_t2m/R05 41.7%  v_t2m/R10 54.7%  v_t2m/MedR 9.0%  v_m2t/len 1530  v_m2t/R01 19.47%  v_m2t/R02 23.06%  v_m2t/R03 32.29%  v_m2t/R05 40.59%  v_m2t/R10 52.09%  v_m2t/MedR 9.0%
[21/04/26 02:27:18][src.callback.progress][INFO] - Epoch 252 step 48400/192: loss 1.136e-01
[21/04/26 02:27:28][src.callback.progress][INFO] - Epoch 252 step 48450/192: loss 1.120e-01
[21/04/26 02:27:38][src.callback.progress][INFO] - Epoch 252 step 48500/192: loss 1.225e-01
[21/04/26 02:27:48][src.callback.progress][INFO] - Epoch 252 step 48550/192: loss 1.127e-01
[21/04/26 02:27:55][src.callback.progress][INFO] - Epoch 252: v_recons 1.826e-01  recons 1.037e-01  v_loss 3.660e-01  loss 1.205e-01  v_latent 1.065e+00  latent 6.519e-01  v_kl 6.068e+01  kl 2.831e+01  v_contrastive 1.828e+00  contrastive 1.650e-01  v_t2m/len 1530  v_t2m/R01 18.5%  v_t2m/R02 23.65%  v_t2m/R03 30.92%  v_t2m/R05 41.63%  v_t2m/R10 55.22%  v_t2m/MedR 9.0%  v_m2t/len 1530  v_m2t/R01 20.64%  v_m2t/R02 23.92%  v_m2t/R03 32.29%  v_m2t/R05 41.83%  v_m2t/R10 53.4%  v_m2t/MedR 9.0%
[21/04/26 02:28:05][src.callback.progress][INFO] - Epoch 253 step 48600/192: loss 1.209e-01
[21/04/26 02:28:15][src.callback.progress][INFO] - Epoch 253 step 48650/192: loss 1.372e-01
[21/04/26 02:28:25][src.callback.progress][INFO] - Epoch 253 step 48700/192: loss 1.198e-01
[21/04/26 02:28:35][src.callback.progress][INFO] - Epoch 253 step 48750/192: loss 1.207e-01
[21/04/26 02:28:41][src.callback.progress][INFO] - Epoch 253: v_recons 1.806e-01  recons 1.035e-01  v_loss 3.610e-01  loss 1.203e-01  v_latent 1.053e+00  latent 6.515e-01  v_kl 5.923e+01  kl 2.832e+01  v_contrastive 1.798e+00  contrastive 1.657e-01  v_t2m/len 1530  v_t2m/R01 19.79%  v_t2m/R02 23.72%  v_t2m/R03 32.81%  v_t2m/R05 41.24%  v_t2m/R10 55.36%  v_t2m/MedR 8.0%  v_m2t/len 1530  v_m2t/R01 21.62%  v_m2t/R02 24.96%  v_m2t/R03 33.33%  v_m2t/R05 42.75%  v_m2t/R10 52.93%  v_m2t/MedR 9.0%
[21/04/26 02:28:52][src.callback.progress][INFO] - Epoch 254 step 48800/192: loss 1.213e-01
[21/04/26 02:29:02][src.callback.progress][INFO] - Epoch 254 step 48850/192: loss 1.051e-01
[21/04/26 02:29:13][src.callback.progress][INFO] - Epoch 254 step 48900/192: loss 1.102e-01
[21/04/26 02:29:23][src.callback.progress][INFO] - Epoch 254 step 48950/192: loss 1.209e-01
[21/04/26 02:29:27][src.callback.progress][INFO] - Epoch 254: v_recons 1.808e-01  recons 1.032e-01  v_loss 3.643e-01  loss 1.201e-01  v_latent 1.069e+00  latent 6.518e-01  v_kl 6.069e+01  kl 2.831e+01  v_contrastive 1.829e+00  contrastive 1.666e-01  v_t2m/len 1530  v_t2m/R01 18.17%  v_t2m/R02 23.72%  v_t2m/R03 32.09%  v_t2m/R05 42.02%  v_t2m/R10 56.99%  v_t2m/MedR 8.0%  v_m2t/len 1530  v_m2t/R01 19.61%  v_m2t/R02 23.59%  v_m2t/R03 33.0%  v_m2t/R05 42.88%  v_m2t/R10 53.4%  v_m2t/MedR 9.0%
[21/04/26 02:29:40][src.callback.progress][INFO] - Epoch 255 step 49000/192: loss 1.247e-01
[21/04/26 02:29:50][src.callback.progress][INFO] - Epoch 255 step 49050/192: loss 1.209e-01
[21/04/26 02:30:00][src.callback.progress][INFO] - Epoch 255 step 49100/192: loss 1.406e-01
[21/04/26 02:30:10][src.callback.progress][INFO] - Epoch 255 step 49150/192: loss 1.237e-01
[21/04/26 02:30:12][src.callback.progress][INFO] - Epoch 255: v_recons 1.810e-01  recons 1.031e-01  v_loss 3.636e-01  loss 1.200e-01  v_latent 1.064e+00  latent 6.528e-01  v_kl 5.980e+01  kl 2.830e+01  v_contrastive 1.820e+00  contrastive 1.663e-01  v_t2m/len 1530  v_t2m/R01 18.29%  v_t2m/R02 23.86%  v_t2m/R03 31.56%  v_t2m/R05 42.81%  v_t2m/R10 56.54%  v_t2m/MedR 8.0%  v_m2t/len 1530  v_m2t/R01 20.45%  v_m2t/R02 23.72%  v_m2t/R03 33.27%  v_m2t/R05 42.34%  v_m2t/R10 53.72%  v_m2t/MedR 9.0%
[21/04/26 02:30:27][src.callback.progress][INFO] - Epoch 256 step 49200/192: loss 1.180e-01
[21/04/26 02:30:37][src.callback.progress][INFO] - Epoch 256 step 49250/192: loss 1.331e-01
[21/04/26 02:30:47][src.callback.progress][INFO] - Epoch 256 step 49300/192: loss 1.187e-01
[21/04/26 02:30:58][src.callback.progress][INFO] - Epoch 256: v_recons 1.796e-01  recons 1.030e-01  v_loss 3.622e-01  loss 1.198e-01  v_latent 1.065e+00  latent 6.524e-01  v_kl 6.031e+01  kl 2.843e+01  v_contrastive 1.820e+00  contrastive 1.646e-01  v_t2m/len 1530  v_t2m/R01 17.84%  v_t2m/R02 23.79%  v_t2m/R03 31.56%  v_t2m/R05 41.7%  v_t2m/R10 56.99%  v_t2m/MedR 8.0%  v_m2t/len 1530  v_m2t/R01 21.18%  v_m2t/R02 23.53%  v_m2t/R03 34.04%  v_m2t/R05 41.7%  v_m2t/R10 53.45%  v_m2t/MedR 9.0%
[21/04/26 02:31:04][src.callback.progress][INFO] - Epoch 257 step 49350/192: loss 1.256e-01
[21/04/26 02:31:14][src.callback.progress][INFO] - Epoch 257 step 49400/192: loss 1.366e-01
[21/04/26 02:31:24][src.callback.progress][INFO] - Epoch 257 step 49450/192: loss 1.263e-01
[21/04/26 02:31:34][src.callback.progress][INFO] - Epoch 257 step 49500/192: loss 1.220e-01
[21/04/26 02:31:43][src.callback.progress][INFO] - Epoch 257: v_recons 1.815e-01  recons 1.027e-01  v_loss 3.633e-01  loss 1.193e-01  v_latent 1.063e+00  latent 6.513e-01  v_kl 6.148e+01  kl 2.831e+01  v_contrastive 1.811e+00  contrastive 1.637e-01  v_t2m/len 1530  v_t2m/R01 17.9%  v_t2m/R02 23.98%  v_t2m/R03 31.7%  v_t2m/R05 41.43%  v_t2m/R10 55.56%  v_t2m/MedR 8.0%  v_m2t/len 1530  v_m2t/R01 21.44%  v_m2t/R02 23.79%  v_m2t/R03 33.4%  v_m2t/R05 42.22%  v_m2t/R10 53.72%  v_m2t/MedR 9.0%
[21/04/26 02:31:51][src.callback.progress][INFO] - Epoch 258 step 49550/192: loss 1.159e-01
[21/04/26 02:32:01][src.callback.progress][INFO] - Epoch 258 step 49600/192: loss 1.268e-01
[21/04/26 02:32:11][src.callback.progress][INFO] - Epoch 258 step 49650/192: loss 1.202e-01
[21/04/26 02:32:22][src.callback.progress][INFO] - Epoch 258 step 49700/192: loss 1.330e-01
[21/04/26 02:32:29][src.callback.progress][INFO] - Epoch 258: v_recons 1.806e-01  recons 1.025e-01  v_loss 3.626e-01  loss 1.188e-01  v_latent 1.067e+00  latent 6.521e-01  v_kl 6.181e+01  kl 2.851e+01  v_contrastive 1.814e+00  contrastive 1.596e-01  v_t2m/len 1530  v_t2m/R01 17.9%  v_t2m/R02 23.53%  v_t2m/R03 31.44%  v_t2m/R05 41.31%  v_t2m/R10 55.22%  v_t2m/MedR 8.0%  v_m2t/len 1530  v_m2t/R01 19.93%  v_m2t/R02 22.35%  v_m2t/R03 31.62%  v_m2t/R05 41.83%  v_m2t/R10 53.79%  v_m2t/MedR 9.0%
[21/04/26 02:32:38][src.callback.progress][INFO] - Epoch 259 step 49750/192: loss 1.210e-01
[21/04/26 02:32:49][src.callback.progress][INFO] - Epoch 259 step 49800/192: loss 1.132e-01
[21/04/26 02:32:59][src.callback.progress][INFO] - Epoch 259 step 49850/192: loss 1.235e-01
[21/04/26 02:33:09][src.callback.progress][INFO] - Epoch 259 step 49900/192: loss 1.201e-01
[21/04/26 02:33:15][src.callback.progress][INFO] - Epoch 259: v_recons 1.815e-01  recons 1.026e-01  v_loss 3.653e-01  loss 1.190e-01  v_latent 1.070e+00  latent 6.535e-01  v_kl 6.097e+01  kl 2.859e+01  v_contrastive 1.831e+00  contrastive 1.615e-01  v_t2m/len 1530  v_t2m/R01 18.88%  v_t2m/R02 23.45%  v_t2m/R03 31.5%  v_t2m/R05 40.65%  v_t2m/R10 55.41%  v_t2m/MedR 8.0%  v_m2t/len 1530  v_m2t/R01 20.52%  v_m2t/R02 23.06%  v_m2t/R03 33.13%  v_m2t/R05 41.63%  v_m2t/R10 53.45%  v_m2t/MedR 9.0%
[21/04/26 02:33:26][src.callback.progress][INFO] - Epoch 260 step 49950/192: loss 1.106e-01
[21/04/26 02:33:36][src.callback.progress][INFO] - Epoch 260 step 50000/192: loss 1.116e-01
[21/04/26 02:33:46][src.callback.progress][INFO] - Epoch 260 step 50050/192: loss 1.187e-01
[21/04/26 02:33:57][src.callback.progress][INFO] - Epoch 260 step 50100/192: loss 1.309e-01
[21/04/26 02:34:01][src.callback.progress][INFO] - Epoch 260: v_recons 1.820e-01  recons 1.022e-01  v_loss 3.649e-01  loss 1.186e-01  v_latent 1.071e+00  latent 6.514e-01  v_kl 6.167e+01  kl 2.850e+01  v_contrastive 1.823e+00  contrastive 1.618e-01  v_t2m/len 1530  v_t2m/R01 18.55%  v_t2m/R02 24.44%  v_t2m/R03 31.89%  v_t2m/R05 42.15%  v_t2m/R10 54.97%  v_t2m/MedR 8.0%  v_m2t/len 1530  v_m2t/R01 19.21%  v_m2t/R02 21.82%  v_m2t/R03 31.62%  v_m2t/R05 40.52%  v_m2t/R10 52.61%  v_m2t/MedR 9.0%
[21/04/26 02:34:14][src.callback.progress][INFO] - Epoch 261 step 50150/192: loss 1.150e-01
[21/04/26 02:34:25][src.callback.progress][INFO] - Epoch 261 step 50200/192: loss 1.172e-01
[21/04/26 02:34:35][src.callback.progress][INFO] - Epoch 261 step 50250/192: loss 1.159e-01
[21/04/26 02:34:45][src.callback.progress][INFO] - Epoch 261 step 50300/192: loss 1.182e-01
[21/04/26 02:34:48][src.callback.progress][INFO] - Epoch 261: v_recons 1.825e-01  recons 1.020e-01  v_loss 3.684e-01  loss 1.189e-01  v_latent 1.077e+00  latent 6.546e-01  v_kl 6.194e+01  kl 2.879e+01  v_contrastive 1.853e+00  contrastive 1.655e-01  v_t2m/len 1530  v_t2m/R01 18.5%  v_t2m/R02 23.2%  v_t2m/R03 31.3%  v_t2m/R05 41.75%  v_t2m/R10 55.75%  v_t2m/MedR 8.0%  v_m2t/len 1530  v_m2t/R01 20.92%  v_m2t/R02 23.53%  v_m2t/R03 32.61%  v_m2t/R05 41.04%  v_m2t/R10 54.25%  v_m2t/MedR 9.0%
[21/04/26 02:35:02][src.callback.progress][INFO] - Epoch 262 step 50350/192: loss 1.273e-01
[21/04/26 02:35:13][src.callback.progress][INFO] - Epoch 262 step 50400/192: loss 1.130e-01
[21/04/26 02:35:23][src.callback.progress][INFO] - Epoch 262 step 50450/192: loss 1.339e-01
[21/04/26 02:35:34][src.callback.progress][INFO] - Epoch 262: v_recons 1.800e-01  recons 1.017e-01  v_loss 3.652e-01  loss 1.181e-01  v_latent 1.078e+00  latent 6.513e-01  v_kl 6.221e+01  kl 2.853e+01  v_contrastive 1.845e+00  contrastive 1.614e-01  v_t2m/len 1530  v_t2m/R01 18.04%  v_t2m/R02 23.86%  v_t2m/R03 32.34%  v_t2m/R05 41.75%  v_t2m/R10 54.63%  v_t2m/MedR 8.0%  v_m2t/len 1530  v_m2t/R01 20.97%  v_m2t/R02 23.98%  v_m2t/R03 34.11%  v_m2t/R05 41.75%  v_m2t/R10 53.33%  v_m2t/MedR 9.0%
[21/04/26 02:35:40][src.callback.progress][INFO] - Epoch 263 step 50500/192: loss 1.072e-01
[21/04/26 02:35:50][src.callback.progress][INFO] - Epoch 263 step 50550/192: loss 1.161e-01
[21/04/26 02:36:00][src.callback.progress][INFO] - Epoch 263 step 50600/192: loss 1.196e-01
[21/04/26 02:36:10][src.callback.progress][INFO] - Epoch 263 step 50650/192: loss 1.083e-01
[21/04/26 02:36:20][src.callback.progress][INFO] - Epoch 263: v_recons 1.818e-01  recons 1.018e-01  v_loss 3.654e-01  loss 1.181e-01  v_latent 1.078e+00  latent 6.536e-01  v_kl 6.188e+01  kl 2.881e+01  v_contrastive 1.829e+00  contrastive 1.599e-01  v_t2m/len 1530  v_t2m/R01 19.02%  v_t2m/R02 23.86%  v_t2m/R03 31.76%  v_t2m/R05 41.83%  v_t2m/R10 55.02%  v_t2m/MedR 8.0%  v_m2t/len 1530  v_m2t/R01 21.04%  v_m2t/R02 23.65%  v_m2t/R03 32.47%  v_m2t/R05 41.56%  v_m2t/R10 52.41%  v_m2t/MedR 9.0%
[21/04/26 02:36:28][src.callback.progress][INFO] - Epoch 264 step 50700/192: loss 1.187e-01
[21/04/26 02:36:38][src.callback.progress][INFO] - Epoch 264 step 50750/192: loss 1.113e-01
[21/04/26 02:36:48][src.callback.progress][INFO] - Epoch 264 step 50800/192: loss 1.270e-01
[21/04/26 02:36:58][src.callback.progress][INFO] - Epoch 264 step 50850/192: loss 1.386e-01
[21/04/26 02:37:06][src.callback.progress][INFO] - Epoch 264: v_recons 1.800e-01  recons 1.016e-01  v_loss 3.638e-01  loss 1.177e-01  v_latent 1.081e+00  latent 6.524e-01  v_kl 6.233e+01  kl 2.878e+01  v_contrastive 1.832e+00  contrastive 1.584e-01  v_t2m/len 1530  v_t2m/R01 18.04%  v_t2m/R02 23.39%  v_t2m/R03 33.06%  v_t2m/R05 41.95%  v_t2m/R10 56.0%  v_t2m/MedR 8.0%  v_m2t/len 1530  v_m2t/R01 21.37%  v_m2t/R02 24.37%  v_m2t/R03 32.68%  v_m2t/R05 42.34%  v_m2t/R10 54.43%  v_m2t/MedR 9.0%
[21/04/26 02:37:15][src.callback.progress][INFO] - Epoch 265 step 50900/192: loss 1.212e-01
[21/04/26 02:37:26][src.callback.progress][INFO] - Epoch 265 step 50950/192: loss 1.241e-01
[21/04/26 02:37:36][src.callback.progress][INFO] - Epoch 265 step 51000/192: loss 1.169e-01
[21/04/26 02:37:47][src.callback.progress][INFO] - Epoch 265 step 51050/192: loss 1.048e-01
[21/04/26 02:37:53][src.callback.progress][INFO] - Epoch 265: v_recons 1.805e-01  recons 1.015e-01  v_loss 3.631e-01  loss 1.178e-01  v_latent 1.080e+00  latent 6.532e-01  v_kl 6.157e+01  kl 2.881e+01  v_contrastive 1.819e+00  contrastive 1.603e-01  v_t2m/len 1530  v_t2m/R01 17.45%  v_t2m/R02 23.2%  v_t2m/R03 31.82%  v_t2m/R05 41.11%  v_t2m/R10 55.49%  v_t2m/MedR 8.0%  v_m2t/len 1530  v_m2t/R01 20.38%  v_m2t/R02 22.68%  v_m2t/R03 32.29%  v_m2t/R05 41.75%  v_m2t/R10 53.59%  v_m2t/MedR 9.0%
[21/04/26 02:38:04][src.callback.progress][INFO] - Epoch 266 step 51100/192: loss 1.174e-01
[21/04/26 02:38:14][src.callback.progress][INFO] - Epoch 266 step 51150/192: loss 1.248e-01
[21/04/26 02:38:24][src.callback.progress][INFO] - Epoch 266 step 51200/192: loss 1.175e-01
[21/04/26 02:38:35][src.callback.progress][INFO] - Epoch 266 step 51250/192: loss 1.076e-01
[21/04/26 02:38:39][src.callback.progress][INFO] - Epoch 266: v_recons 1.807e-01  recons 1.013e-01  v_loss 3.622e-01  loss 1.173e-01  v_latent 1.076e+00  latent 6.523e-01  v_kl 6.203e+01  kl 2.878e+01  v_contrastive 1.809e+00  contrastive 1.573e-01  v_t2m/len 1530  v_t2m/R01 18.17%  v_t2m/R02 24.44%  v_t2m/R03 32.15%  v_t2m/R05 40.72%  v_t2m/R10 55.36%  v_t2m/MedR 8.0%  v_m2t/len 1530  v_m2t/R01 20.85%  v_m2t/R02 23.39%  v_m2t/R03 32.22%  v_m2t/R05 41.5%  v_m2t/R10 55.09%  v_m2t/MedR 8.0%
[21/04/26 02:38:52][src.callback.progress][INFO] - Epoch 267 step 51300/192: loss 1.152e-01
[21/04/26 02:39:02][src.callback.progress][INFO] - Epoch 267 step 51350/192: loss 1.034e-01
[21/04/26 02:39:13][src.callback.progress][INFO] - Epoch 267 step 51400/192: loss 1.088e-01
[21/04/26 02:39:23][src.callback.progress][INFO] - Epoch 267 step 51450/192: loss 1.270e-01
[21/04/26 02:39:26][src.callback.progress][INFO] - Epoch 267: v_recons 1.815e-01  recons 1.012e-01  v_loss 3.630e-01  loss 1.171e-01  v_latent 1.078e+00  latent 6.532e-01  v_kl 6.233e+01  kl 2.894e+01  v_contrastive 1.809e+00  contrastive 1.563e-01  v_t2m/len 1530  v_t2m/R01 17.78%  v_t2m/R02 23.72%  v_t2m/R03 33.0%  v_t2m/R05 43.0%  v_t2m/R10 55.22%  v_t2m/MedR 8.0%  v_m2t/len 1530  v_m2t/R01 21.18%  v_m2t/R02 25.1%  v_m2t/R03 34.31%  v_m2t/R05 43.65%  v_m2t/R10 54.43%  v_m2t/MedR 8.0%
[21/04/26 02:39:41][src.callback.progress][INFO] - Epoch 268 step 51500/192: loss 1.201e-01
[21/04/26 02:39:51][src.callback.progress][INFO] - Epoch 268 step 51550/192: loss 1.098e-01
[21/04/26 02:40:01][src.callback.progress][INFO] - Epoch 268 step 51600/192: loss 1.091e-01
[21/04/26 02:40:13][src.callback.progress][INFO] - Epoch 268: v_recons 1.812e-01  recons 1.010e-01  v_loss 3.647e-01  loss 1.166e-01  v_latent 1.075e+00  latent 6.515e-01  v_kl 6.084e+01  kl 2.882e+01  v_contrastive 1.829e+00  contrastive 1.529e-01  v_t2m/len 1530  v_t2m/R01 17.96%  v_t2m/R02 23.86%  v_t2m/R03 30.64%  v_t2m/R05 41.83%  v_t2m/R10 55.95%  v_t2m/MedR 8.0%  v_m2t/len 1530  v_m2t/R01 20.0%  v_m2t/R02 24.18%  v_m2t/R03 33.52%  v_m2t/R05 42.61%  v_m2t/R10 54.5%  v_m2t/MedR 8.0%
[21/04/26 02:40:18][src.callback.progress][INFO] - Epoch 269 step 51650/192: loss 1.212e-01
[21/04/26 02:40:29][src.callback.progress][INFO] - Epoch 269 step 51700/192: loss 1.081e-01
[21/04/26 02:40:39][src.callback.progress][INFO] - Epoch 269 step 51750/192: loss 1.175e-01
[21/04/26 02:40:49][src.callback.progress][INFO] - Epoch 269 step 51800/192: loss 1.166e-01
[21/04/26 02:40:59][src.callback.progress][INFO] - Epoch 269: v_recons 1.810e-01  recons 1.010e-01  v_loss 3.649e-01  loss 1.168e-01  v_latent 1.088e+00  latent 6.521e-01  v_kl 6.298e+01  kl 2.873e+01  v_contrastive 1.833e+00  contrastive 1.548e-01  v_t2m/len 1530  v_t2m/R01 19.21%  v_t2m/R02 25.03%  v_t2m/R03 31.76%  v_t2m/R05 39.93%  v_t2m/R10 55.41%  v_t2m/MedR 9.0%  v_m2t/len 1530  v_m2t/R01 19.73%  v_m2t/R02 22.68%  v_m2t/R03 31.7%  v_m2t/R05 40.33%  v_m2t/R10 53.86%  v_m2t/MedR 9.0%
[21/04/26 02:41:06][src.callback.progress][INFO] - Epoch 270 step 51850/192: loss 1.166e-01
[21/04/26 02:41:17][src.callback.progress][INFO] - Epoch 270 step 51900/192: loss 1.137e-01
[21/04/26 02:41:27][src.callback.progress][INFO] - Epoch 270 step 51950/192: loss 1.234e-01
[21/04/26 02:41:37][src.callback.progress][INFO] - Epoch 270 step 52000/192: loss 9.860e-02
[21/04/26 02:41:46][src.callback.progress][INFO] - Epoch 270: v_recons 1.807e-01  recons 1.006e-01  v_loss 3.621e-01  loss 1.162e-01  v_latent 1.081e+00  latent 6.523e-01  v_kl 6.260e+01  kl 2.896e+01  v_contrastive 1.808e+00  contrastive 1.535e-01  v_t2m/len 1530  v_t2m/R01 17.96%  v_t2m/R02 24.37%  v_t2m/R03 32.47%  v_t2m/R05 42.29%  v_t2m/R10 56.08%  v_t2m/MedR 8.0%  v_m2t/len 1530  v_m2t/R01 20.71%  v_m2t/R02 22.87%  v_m2t/R03 33.13%  v_m2t/R05 42.75%  v_m2t/R10 54.77%  v_m2t/MedR 8.0%
[21/04/26 02:41:54][src.callback.progress][INFO] - Epoch 271 step 52050/192: loss 1.077e-01
[21/04/26 02:42:05][src.callback.progress][INFO] - Epoch 271 step 52100/192: loss 1.275e-01
[21/04/26 02:42:15][src.callback.progress][INFO] - Epoch 271 step 52150/192: loss 1.062e-01
[21/04/26 02:42:25][src.callback.progress][INFO] - Epoch 271 step 52200/192: loss 1.082e-01
[21/04/26 02:42:32][src.callback.progress][INFO] - Epoch 271: v_recons 1.820e-01  recons 1.005e-01  v_loss 3.650e-01  loss 1.162e-01  v_latent 1.084e+00  latent 6.537e-01  v_kl 6.306e+01  kl 2.905e+01  v_contrastive 1.823e+00  contrastive 1.543e-01  v_t2m/len 1530  v_t2m/R01 19.02%  v_t2m/R02 24.25%  v_t2m/R03 32.61%  v_t2m/R05 42.09%  v_t2m/R10 56.13%  v_t2m/MedR 9.0%  v_m2t/len 1530  v_m2t/R01 20.12%  v_m2t/R02 23.92%  v_m2t/R03 33.45%  v_m2t/R05 41.24%  v_m2t/R10 54.11%  v_m2t/MedR 8.0%
[21/04/26 02:42:43][src.callback.progress][INFO] - Epoch 272 step 52250/192: loss 1.181e-01
[21/04/26 02:42:53][src.callback.progress][INFO] - Epoch 272 step 52300/192: loss 1.188e-01
[21/04/26 02:43:03][src.callback.progress][INFO] - Epoch 272 step 52350/192: loss 1.154e-01
[21/04/26 02:43:14][src.callback.progress][INFO] - Epoch 272 step 52400/192: loss 1.134e-01
[21/04/26 02:43:19][src.callback.progress][INFO] - Epoch 272: v_recons 1.818e-01  recons 1.003e-01  v_loss 3.652e-01  loss 1.159e-01  v_latent 1.089e+00  latent 6.513e-01  v_kl 6.358e+01  kl 2.904e+01  v_contrastive 1.828e+00  contrastive 1.536e-01  v_t2m/len 1530  v_t2m/R01 18.23%  v_t2m/R02 24.18%  v_t2m/R03 32.54%  v_t2m/R05 41.75%  v_t2m/R10 55.61%  v_t2m/MedR 8.0%  v_m2t/len 1530  v_m2t/R01 22.03%  v_m2t/R02 24.63%  v_m2t/R03 34.25%  v_m2t/R05 41.83%  v_m2t/R10 53.99%  v_m2t/MedR 9.0%
[21/04/26 02:43:31][src.callback.progress][INFO] - Epoch 273 step 52450/192: loss 1.119e-01
[21/04/26 02:43:41][src.callback.progress][INFO] - Epoch 273 step 52500/192: loss 1.201e-01
[21/04/26 02:43:51][src.callback.progress][INFO] - Epoch 273 step 52550/192: loss 1.283e-01
[21/04/26 02:44:02][src.callback.progress][INFO] - Epoch 273 step 52600/192: loss 1.179e-01
[21/04/26 02:44:05][src.callback.progress][INFO] - Epoch 273: v_recons 1.810e-01  recons 1.004e-01  v_loss 3.623e-01  loss 1.160e-01  v_latent 1.087e+00  latent 6.533e-01  v_kl 6.241e+01  kl 2.911e+01  v_contrastive 1.807e+00  contrastive 1.532e-01  v_t2m/len 1530  v_t2m/R01 18.17%  v_t2m/R02 24.44%  v_t2m/R03 32.15%  v_t2m/R05 41.95%  v_t2m/R10 55.29%  v_t2m/MedR 8.0%  v_m2t/len 1530  v_m2t/R01 21.5%  v_m2t/R02 24.51%  v_m2t/R03 33.91%  v_m2t/R05 42.41%  v_m2t/R10 54.43%  v_m2t/MedR 9.0%
[21/04/26 02:44:19][src.callback.progress][INFO] - Epoch 274 step 52650/192: loss 1.151e-01
[21/04/26 02:44:29][src.callback.progress][INFO] - Epoch 274 step 52700/192: loss 1.181e-01
[21/04/26 02:44:40][src.callback.progress][INFO] - Epoch 274 step 52750/192: loss 1.172e-01
[21/04/26 02:44:50][src.callback.progress][INFO] - Epoch 274 step 52800/192: loss 1.156e-01
[21/04/26 02:44:52][src.callback.progress][INFO] - Epoch 274: v_recons 1.828e-01  recons 1.002e-01  v_loss 3.690e-01  loss 1.158e-01  v_latent 1.093e+00  latent 6.534e-01  v_kl 6.391e+01  kl 2.911e+01  v_contrastive 1.855e+00  contrastive 1.530e-01  v_t2m/len 1530  v_t2m/R01 18.81%  v_t2m/R02 24.51%  v_t2m/R03 31.82%  v_t2m/R05 41.56%  v_t2m/R10 54.5%  v_t2m/MedR 9.0%  v_m2t/len 1530  v_m2t/R01 21.04%  v_m2t/R02 24.04%  v_m2t/R03 33.27%  v_m2t/R05 41.56%  v_m2t/R10 53.79%  v_m2t/MedR 9.0%
[21/04/26 02:45:07][src.callback.progress][INFO] - Epoch 275 step 52850/192: loss 1.082e-01
[21/04/26 02:45:18][src.callback.progress][INFO] - Epoch 275 step 52900/192: loss 1.170e-01
[21/04/26 02:45:28][src.callback.progress][INFO] - Epoch 275 step 52950/192: loss 1.223e-01
[21/04/26 02:45:38][src.callback.progress][INFO] - Epoch 275: v_recons 1.814e-01  recons 1.003e-01  v_loss 3.671e-01  loss 1.160e-01  v_latent 1.097e+00  latent 6.568e-01  v_kl 6.415e+01  kl 2.932e+01  v_contrastive 1.851e+00  contrastive 1.538e-01  v_t2m/len 1530  v_t2m/R01 17.38%  v_t2m/R02 23.53%  v_t2m/R03 31.11%  v_t2m/R05 40.91%  v_t2m/R10 53.99%  v_t2m/MedR 8.5%  v_m2t/len 1530  v_m2t/R01 21.23%  v_m2t/R02 24.3%  v_m2t/R03 33.72%  v_m2t/R05 42.02%  v_m2t/R10 53.99%  v_m2t/MedR 8.0%
[21/04/26 02:45:45][src.callback.progress][INFO] - Epoch 276 step 53000/192: loss 1.110e-01
[21/04/26 02:45:55][src.callback.progress][INFO] - Epoch 276 step 53050/192: loss 1.141e-01
[21/04/26 02:46:06][src.callback.progress][INFO] - Epoch 276 step 53100/192: loss 1.123e-01
[21/04/26 02:46:16][src.callback.progress][INFO] - Epoch 276 step 53150/192: loss 1.158e-01
[21/04/26 02:46:25][src.callback.progress][INFO] - Epoch 276: v_recons 1.831e-01  recons 1.004e-01  v_loss 3.669e-01  loss 1.161e-01  v_latent 1.095e+00  latent 6.586e-01  v_kl 6.383e+01  kl 2.949e+01  v_contrastive 1.832e+00  contrastive 1.540e-01  v_t2m/len 1530  v_t2m/R01 19.07%  v_t2m/R02 24.51%  v_t2m/R03 31.5%  v_t2m/R05 40.72%  v_t2m/R10 55.49%  v_t2m/MedR 8.0%  v_m2t/len 1530  v_m2t/R01 21.11%  v_m2t/R02 24.25%  v_m2t/R03 33.06%  v_m2t/R05 40.84%  v_m2t/R10 53.79%  v_m2t/MedR 9.0%
[21/04/26 02:46:33][src.callback.progress][INFO] - Epoch 277 step 53200/192: loss 1.135e-01
[21/04/26 02:46:43][src.callback.progress][INFO] - Epoch 277 step 53250/192: loss 1.122e-01
[21/04/26 02:46:53][src.callback.progress][INFO] - Epoch 277 step 53300/192: loss 1.107e-01
[21/04/26 02:47:04][src.callback.progress][INFO] - Epoch 277 step 53350/192: loss 1.111e-01
[21/04/26 02:47:11][src.callback.progress][INFO] - Epoch 277: v_recons 1.838e-01  recons 9.983e-02  v_loss 3.662e-01  loss 1.153e-01  v_latent 1.096e+00  latent 6.547e-01  v_kl 6.373e+01  kl 2.934e+01  v_contrastive 1.818e+00  contrastive 1.516e-01  v_t2m/len 1530  v_t2m/R01 17.9%  v_t2m/R02 23.06%  v_t2m/R03 31.76%  v_t2m/R05 40.91%  v_t2m/R10 54.63%  v_t2m/MedR 8.0%  v_m2t/len 1530  v_m2t/R01 20.59%  v_m2t/R02 24.04%  v_m2t/R03 32.47%  v_m2t/R05 41.43%  v_m2t/R10 54.5%  v_m2t/MedR 9.0%
[21/04/26 02:47:21][src.callback.progress][INFO] - Epoch 278 step 53400/192: loss 1.029e-01
[21/04/26 02:47:31][src.callback.progress][INFO] - Epoch 278 step 53450/192: loss 1.312e-01
[21/04/26 02:47:41][src.callback.progress][INFO] - Epoch 278 step 53500/192: loss 1.179e-01
[21/04/26 02:47:52][src.callback.progress][INFO] - Epoch 278 step 53550/192: loss 1.083e-01
[21/04/26 02:47:57][src.callback.progress][INFO] - Epoch 278: v_recons 1.817e-01  recons 9.946e-02  v_loss 3.660e-01  loss 1.151e-01  v_latent 1.100e+00  latent 6.540e-01  v_kl 6.458e+01  kl 2.934e+01  v_contrastive 1.836e+00  contrastive 1.530e-01  v_t2m/len 1530  v_t2m/R01 18.55%  v_t2m/R02 24.25%  v_t2m/R03 32.47%  v_t2m/R05 42.02%  v_t2m/R10 53.33%  v_t2m/MedR 9.0%  v_m2t/len 1530  v_m2t/R01 20.59%  v_m2t/R02 23.45%  v_m2t/R03 32.88%  v_m2t/R05 41.11%  v_m2t/R10 54.04%  v_m2t/MedR 8.0%
[21/04/26 02:48:09][src.callback.progress][INFO] - Epoch 279 step 53600/192: loss 1.064e-01
[21/04/26 02:48:19][src.callback.progress][INFO] - Epoch 279 step 53650/192: loss 1.260e-01
[21/04/26 02:48:30][src.callback.progress][INFO] - Epoch 279 step 53700/192: loss 1.187e-01
[21/04/26 02:48:40][src.callback.progress][INFO] - Epoch 279 step 53750/192: loss 1.025e-01
[21/04/26 02:48:44][src.callback.progress][INFO] - Epoch 279: v_recons 1.823e-01  recons 9.935e-02  v_loss 3.652e-01  loss 1.143e-01  v_latent 1.101e+00  latent 6.516e-01  v_kl 6.478e+01  kl 2.925e+01  v_contrastive 1.822e+00  contrastive 1.463e-01  v_t2m/len 1530  v_t2m/R01 18.17%  v_t2m/R02 24.18%  v_t2m/R03 31.56%  v_t2m/R05 42.02%  v_t2m/R10 54.7%  v_t2m/MedR 8.0%  v_m2t/len 1530  v_m2t/R01 19.61%  v_m2t/R02 23.06%  v_m2t/R03 33.27%  v_m2t/R05 41.56%  v_m2t/R10 53.06%  v_m2t/MedR 9.0%
[21/04/26 02:48:57][src.callback.progress][INFO] - Epoch 280 step 53800/192: loss 1.007e-01
[21/04/26 02:49:07][src.callback.progress][INFO] - Epoch 280 step 53850/192: loss 1.080e-01
[21/04/26 02:49:17][src.callback.progress][INFO] - Epoch 280 step 53900/192: loss 1.167e-01
[21/04/26 02:49:28][src.callback.progress][INFO] - Epoch 280 step 53950/192: loss 1.056e-01
[21/04/26 02:49:30][src.callback.progress][INFO] - Epoch 280: v_recons 1.828e-01  recons 9.929e-02  v_loss 3.664e-01  loss 1.148e-01  v_latent 1.101e+00  latent 6.551e-01  v_kl 6.397e+01  kl 2.947e+01  v_contrastive 1.829e+00  contrastive 1.518e-01  v_t2m/len 1530  v_t2m/R01 18.23%  v_t2m/R02 23.32%  v_t2m/R03 30.64%  v_t2m/R05 40.52%  v_t2m/R10 55.22%  v_t2m/MedR 8.0%  v_m2t/len 1530  v_m2t/R01 20.06%  v_m2t/R02 22.61%  v_m2t/R03 32.15%  v_m2t/R05 41.63%  v_m2t/R10 53.13%  v_m2t/MedR 9.0%
[21/04/26 02:49:45][src.callback.progress][INFO] - Epoch 281 step 54000/192: loss 1.093e-01
[21/04/26 02:49:55][src.callback.progress][INFO] - Epoch 281 step 54050/192: loss 1.102e-01
[21/04/26 02:50:06][src.callback.progress][INFO] - Epoch 281 step 54100/192: loss 1.090e-01
[21/04/26 02:50:17][src.callback.progress][INFO] - Epoch 281: v_recons 1.826e-01  recons 9.897e-02  v_loss 3.667e-01  loss 1.144e-01  v_latent 1.100e+00  latent 6.547e-01  v_kl 6.442e+01  kl 2.954e+01  v_contrastive 1.835e+00  contrastive 1.513e-01  v_t2m/len 1530  v_t2m/R01 17.57%  v_t2m/R02 22.8%  v_t2m/R03 31.11%  v_t2m/R05 41.11%  v_t2m/R10 55.49%  v_t2m/MedR 8.0%  v_m2t/len 1530  v_m2t/R01 20.2%  v_m2t/R02 22.75%  v_m2t/R03 31.95%  v_m2t/R05 40.84%  v_m2t/R10 53.45%  v_m2t/MedR 9.0%
[21/04/26 02:50:23][src.callback.progress][INFO] - Epoch 282 step 54150/192: loss 1.147e-01
[21/04/26 02:50:33][src.callback.progress][INFO] - Epoch 282 step 54200/192: loss 1.224e-01
[21/04/26 02:50:44][src.callback.progress][INFO] - Epoch 282 step 54250/192: loss 1.188e-01
[21/04/26 02:50:54][src.callback.progress][INFO] - Epoch 282 step 54300/192: loss 1.057e-01
[21/04/26 02:51:04][src.callback.progress][INFO] - Epoch 282: v_recons 1.814e-01  recons 9.920e-02  v_loss 3.652e-01  loss 1.144e-01  v_latent 1.106e+00  latent 6.553e-01  v_kl 6.527e+01  kl 2.957e+01  v_contrastive 1.832e+00  contrastive 1.487e-01  v_t2m/len 1530  v_t2m/R01 20.38%  v_t2m/R02 25.42%  v_t2m/R03 31.37%  v_t2m/R05 40.38%  v_t2m/R10 53.65%  v_t2m/MedR 9.0%  v_m2t/len 1530  v_m2t/R01 20.12%  v_m2t/R02 23.01%  v_m2t/R03 33.91%  v_m2t/R05 41.9%  v_m2t/R10 54.11%  v_m2t/MedR 9.0%
[21/04/26 02:51:12][src.callback.progress][INFO] - Epoch 283 step 54350/192: loss 9.501e-02
[21/04/26 02:51:23][src.callback.progress][INFO] - Epoch 283 step 54400/192: loss 1.166e-01
[21/04/26 02:51:33][src.callback.progress][INFO] - Epoch 283 step 54450/192: loss 1.131e-01
[21/04/26 02:51:43][src.callback.progress][INFO] - Epoch 283 step 54500/192: loss 1.023e-01
[21/04/26 02:51:51][src.callback.progress][INFO] - Epoch 283: v_recons 1.826e-01  recons 9.895e-02  v_loss 3.635e-01  loss 1.142e-01  v_latent 1.098e+00  latent 6.561e-01  v_kl 6.485e+01  kl 2.968e+01  v_contrastive 1.802e+00  contrastive 1.491e-01  v_t2m/len 1530  v_t2m/R01 20.52%  v_t2m/R02 25.81%  v_t2m/R03 32.47%  v_t2m/R05 42.81%  v_t2m/R10 55.09%  v_t2m/MedR 8.0%  v_m2t/len 1530  v_m2t/R01 20.38%  v_m2t/R02 23.39%  v_m2t/R03 33.0%  v_m2t/R05 42.88%  v_m2t/R10 53.86%  v_m2t/MedR 9.0%
[21/04/26 02:52:00][src.callback.progress][INFO] - Epoch 284 step 54550/192: loss 1.174e-01
[21/04/26 02:52:11][src.callback.progress][INFO] - Epoch 284 step 54600/192: loss 1.192e-01
[21/04/26 02:52:21][src.callback.progress][INFO] - Epoch 284 step 54650/192: loss 1.061e-01
[21/04/26 02:52:31][src.callback.progress][INFO] - Epoch 284 step 54700/192: loss 1.187e-01
[21/04/26 02:52:37][src.callback.progress][INFO] - Epoch 284: v_recons 1.823e-01  recons 9.865e-02  v_loss 3.649e-01  loss 1.139e-01  v_latent 1.105e+00  latent 6.549e-01  v_kl 6.511e+01  kl 2.962e+01  v_contrastive 1.819e+00  contrastive 1.497e-01  v_t2m/len 1530  v_t2m/R01 17.96%  v_t2m/R02 24.18%  v_t2m/R03 31.82%  v_t2m/R05 41.36%  v_t2m/R10 56.0%  v_t2m/MedR 8.0%  v_m2t/len 1530  v_m2t/R01 20.2%  v_m2t/R02 23.27%  v_m2t/R03 32.88%  v_m2t/R05 42.22%  v_m2t/R10 53.13%  v_m2t/MedR 9.0%
[21/04/26 02:52:49][src.callback.progress][INFO] - Epoch 285 step 54750/192: loss 1.012e-01
[21/04/26 02:52:59][src.callback.progress][INFO] - Epoch 285 step 54800/192: loss 1.201e-01
[21/04/26 02:53:10][src.callback.progress][INFO] - Epoch 285 step 54850/192: loss 1.253e-01
[21/04/26 02:53:20][src.callback.progress][INFO] - Epoch 285 step 54900/192: loss 1.231e-01
[21/04/26 02:53:24][src.callback.progress][INFO] - Epoch 285: v_recons 1.830e-01  recons 9.883e-02  v_loss 3.658e-01  loss 1.140e-01  v_latent 1.106e+00  latent 6.558e-01  v_kl 6.509e+01  kl 2.973e+01  v_contrastive 1.821e+00  contrastive 1.482e-01  v_t2m/len 1530  v_t2m/R01 17.9%  v_t2m/R02 23.39%  v_t2m/R03 31.11%  v_t2m/R05 40.38%  v_t2m/R10 56.34%  v_t2m/MedR 8.0%  v_m2t/len 1530  v_m2t/R01 19.73%  v_m2t/R02 23.45%  v_m2t/R03 32.93%  v_m2t/R05 41.36%  v_m2t/R10 53.2%  v_m2t/MedR 9.0%
[21/04/26 02:53:37][src.callback.progress][INFO] - Epoch 286 step 54950/192: loss 1.201e-01
[21/04/26 02:53:48][src.callback.progress][INFO] - Epoch 286 step 55000/192: loss 1.066e-01
[21/04/26 02:53:58][src.callback.progress][INFO] - Epoch 286 step 55050/192: loss 1.191e-01
[21/04/26 02:54:08][src.callback.progress][INFO] - Epoch 286 step 55100/192: loss 1.236e-01
[21/04/26 02:54:11][src.callback.progress][INFO] - Epoch 286: v_recons 1.832e-01  recons 9.886e-02  v_loss 3.685e-01  loss 1.139e-01  v_latent 1.109e+00  latent 6.554e-01  v_kl 6.543e+01  kl 2.971e+01  v_contrastive 1.846e+00  contrastive 1.473e-01  v_t2m/len 1530  v_t2m/R01 17.78%  v_t2m/R02 23.79%  v_t2m/R03 30.64%  v_t2m/R05 40.97%  v_t2m/R10 54.63%  v_t2m/MedR 8.0%  v_m2t/len 1530  v_m2t/R01 19.21%  v_m2t/R02 22.68%  v_m2t/R03 32.15%  v_m2t/R05 43.13%  v_m2t/R10 54.38%  v_m2t/MedR 8.0%
[21/04/26 02:54:26][src.callback.progress][INFO] - Epoch 287 step 55150/192: loss 1.246e-01
[21/04/26 02:54:36][src.callback.progress][INFO] - Epoch 287 step 55200/192: loss 1.086e-01
[21/04/26 02:54:47][src.callback.progress][INFO] - Epoch 287 step 55250/192: loss 1.342e-01
[21/04/26 02:54:58][src.callback.progress][INFO] - Epoch 287: v_recons 1.832e-01  recons 9.850e-02  v_loss 3.680e-01  loss 1.135e-01  v_latent 1.114e+00  latent 6.569e-01  v_kl 6.691e+01  kl 2.985e+01  v_contrastive 1.842e+00  contrastive 1.475e-01  v_t2m/len 1530  v_t2m/R01 17.9%  v_t2m/R02 24.3%  v_t2m/R03 31.37%  v_t2m/R05 40.91%  v_t2m/R10 54.5%  v_t2m/MedR 9.0%  v_m2t/len 1530  v_m2t/R01 20.2%  v_m2t/R02 23.06%  v_m2t/R03 32.81%  v_m2t/R05 41.31%  v_m2t/R10 53.33%  v_m2t/MedR 9.0%
[21/04/26 02:55:04][src.callback.progress][INFO] - Epoch 288 step 55300/192: loss 1.086e-01
[21/04/26 02:55:14][src.callback.progress][INFO] - Epoch 288 step 55350/192: loss 9.541e-02
[21/04/26 02:55:25][src.callback.progress][INFO] - Epoch 288 step 55400/192: loss 1.075e-01
[21/04/26 02:55:35][src.callback.progress][INFO] - Epoch 288 step 55450/192: loss 1.105e-01
[21/04/26 02:55:44][src.callback.progress][INFO] - Epoch 288: v_recons 1.829e-01  recons 9.799e-02  v_loss 3.650e-01  loss 1.127e-01  v_latent 1.109e+00  latent 6.539e-01  v_kl 6.520e+01  kl 2.954e+01  v_contrastive 1.815e+00  contrastive 1.444e-01  v_t2m/len 1530  v_t2m/R01 19.02%  v_t2m/R02 24.63%  v_t2m/R03 33.4%  v_t2m/R05 42.22%  v_t2m/R10 55.61%  v_t2m/MedR 8.0%  v_m2t/len 1530  v_m2t/R01 20.32%  v_m2t/R02 23.65%  v_m2t/R03 33.4%  v_m2t/R05 42.34%  v_m2t/R10 54.9%  v_m2t/MedR 9.0%
[21/04/26 02:55:52][src.callback.progress][INFO] - Epoch 289 step 55500/192: loss 1.111e-01
[21/04/26 02:56:02][src.callback.progress][INFO] - Epoch 289 step 55550/192: loss 1.203e-01
[21/04/26 02:56:13][src.callback.progress][INFO] - Epoch 289 step 55600/192: loss 1.074e-01
[21/04/26 02:56:23][src.callback.progress][INFO] - Epoch 289 step 55650/192: loss 1.208e-01
[21/04/26 02:56:31][src.callback.progress][INFO] - Epoch 289: v_recons 1.821e-01  recons 9.799e-02  v_loss 3.658e-01  loss 1.126e-01  v_latent 1.111e+00  latent 6.528e-01  v_kl 6.625e+01  kl 2.965e+01  v_contrastive 1.831e+00  contrastive 1.433e-01  v_t2m/len 1530  v_t2m/R01 18.37%  v_t2m/R02 23.39%  v_t2m/R03 31.18%  v_t2m/R05 41.36%  v_t2m/R10 55.09%  v_t2m/MedR 8.0%  v_m2t/len 1530  v_m2t/R01 20.52%  v_m2t/R02 23.79%  v_m2t/R03 32.81%  v_m2t/R05 40.77%  v_m2t/R10 52.61%  v_m2t/MedR 9.0%
[21/04/26 02:56:40][src.callback.progress][INFO] - Epoch 290 step 55700/192: loss 1.028e-01
[21/04/26 02:56:51][src.callback.progress][INFO] - Epoch 290 step 55750/192: loss 1.074e-01
[21/04/26 02:57:01][src.callback.progress][INFO] - Epoch 290 step 55800/192: loss 1.094e-01
[21/04/26 02:57:11][src.callback.progress][INFO] - Epoch 290 step 55850/192: loss 1.070e-01
[21/04/26 02:57:17][src.callback.progress][INFO] - Epoch 290: v_recons 1.809e-01  recons 9.784e-02  v_loss 3.618e-01  loss 1.128e-01  v_latent 1.108e+00  latent 6.553e-01  v_kl 6.607e+01  kl 2.990e+01  v_contrastive 1.802e+00  contrastive 1.469e-01  v_t2m/len 1530  v_t2m/R01 18.55%  v_t2m/R02 24.57%  v_t2m/R03 33.13%  v_t2m/R05 41.83%  v_t2m/R10 54.84%  v_t2m/MedR 8.0%  v_m2t/len 1530  v_m2t/R01 21.95%  v_m2t/R02 24.57%  v_m2t/R03 33.27%  v_m2t/R05 42.41%  v_m2t/R10 54.31%  v_m2t/MedR 9.0%
[21/04/26 02:57:28][src.callback.progress][INFO] - Epoch 291 step 55900/192: loss 1.080e-01
[21/04/26 02:57:39][src.callback.progress][INFO] - Epoch 291 step 55950/192: loss 1.173e-01
[21/04/26 02:57:49][src.callback.progress][INFO] - Epoch 291 step 56000/192: loss 1.130e-01
[21/04/26 02:57:59][src.callback.progress][INFO] - Epoch 291 step 56050/192: loss 1.058e-01
[21/04/26 02:58:04][src.callback.progress][INFO] - Epoch 291: v_recons 1.815e-01  recons 9.750e-02  v_loss 3.640e-01  loss 1.122e-01  v_latent 1.111e+00  latent 6.549e-01  v_kl 6.655e+01  kl 2.990e+01  v_contrastive 1.818e+00  contrastive 1.441e-01  v_t2m/len 1530  v_t2m/R01 19.07%  v_t2m/R02 24.44%  v_t2m/R03 32.54%  v_t2m/R05 42.29%  v_t2m/R10 54.97%  v_t2m/MedR 8.0%  v_m2t/len 1530  v_m2t/R01 20.12%  v_m2t/R02 23.01%  v_m2t/R03 33.33%  v_m2t/R05 41.56%  v_m2t/R10 53.79%  v_m2t/MedR 9.0%
[21/04/26 02:58:16][src.callback.progress][INFO] - Epoch 292 step 56100/192: loss 1.016e-01
[21/04/26 02:58:27][src.callback.progress][INFO] - Epoch 292 step 56150/192: loss 1.241e-01
[21/04/26 02:58:37][src.callback.progress][INFO] - Epoch 292 step 56200/192: loss 1.106e-01
[21/04/26 02:58:47][src.callback.progress][INFO] - Epoch 292 step 56250/192: loss 9.980e-02
[21/04/26 02:58:50][src.callback.progress][INFO] - Epoch 292: v_recons 1.819e-01  recons 9.752e-02  v_loss 3.664e-01  loss 1.123e-01  v_latent 1.116e+00  latent 6.544e-01  v_kl 6.642e+01  kl 2.987e+01  v_contrastive 1.838e+00  contrastive 1.451e-01  v_t2m/len 1530  v_t2m/R01 18.69%  v_t2m/R02 24.44%  v_t2m/R03 31.62%  v_t2m/R05 40.38%  v_t2m/R10 54.43%  v_t2m/MedR 9.0%  v_m2t/len 1530  v_m2t/R01 20.59%  v_m2t/R02 24.18%  v_m2t/R03 33.33%  v_m2t/R05 41.18%  v_m2t/R10 54.43%  v_m2t/MedR 9.0%
[21/04/26 02:59:05][src.callback.progress][INFO] - Epoch 293 step 56300/192: loss 1.154e-01
[21/04/26 02:59:15][src.callback.progress][INFO] - Epoch 293 step 56350/192: loss 1.125e-01
[21/04/26 02:59:25][src.callback.progress][INFO] - Epoch 293 step 56400/192: loss 1.016e-01
[21/04/26 02:59:37][src.callback.progress][INFO] - Epoch 293: v_recons 1.809e-01  recons 9.732e-02  v_loss 3.622e-01  loss 1.118e-01  v_latent 1.116e+00  latent 6.548e-01  v_kl 6.691e+01  kl 2.992e+01  v_contrastive 1.807e+00  contrastive 1.413e-01  v_t2m/len 1530  v_t2m/R01 18.43%  v_t2m/R02 24.18%  v_t2m/R03 32.34%  v_t2m/R05 41.9%  v_t2m/R10 54.77%  v_t2m/MedR 9.0%  v_m2t/len 1530  v_m2t/R01 18.55%  v_m2t/R02 22.35%  v_m2t/R03 33.0%  v_m2t/R05 40.97%  v_m2t/R10 53.2%  v_m2t/MedR 9.0%
[21/04/26 02:59:42][src.callback.progress][INFO] - Epoch 294 step 56450/192: loss 1.142e-01
[21/04/26 02:59:52][src.callback.progress][INFO] - Epoch 294 step 56500/192: loss 1.078e-01
[21/04/26 03:00:03][src.callback.progress][INFO] - Epoch 294 step 56550/192: loss 1.125e-01
[21/04/26 03:00:13][src.callback.progress][INFO] - Epoch 294 step 56600/192: loss 1.030e-01
[21/04/26 03:00:23][src.callback.progress][INFO] - Epoch 294: v_recons 1.805e-01  recons 9.732e-02  v_loss 3.627e-01  loss 1.121e-01  v_latent 1.115e+00  latent 6.571e-01  v_kl 6.648e+01  kl 3.010e+01  v_contrastive 1.815e+00  contrastive 1.447e-01  v_t2m/len 1530  v_t2m/R01 16.93%  v_t2m/R02 23.01%  v_t2m/R03 31.89%  v_t2m/R05 41.31%  v_t2m/R10 55.68%  v_t2m/MedR 9.0%  v_m2t/len 1530  v_m2t/R01 19.28%  v_m2t/R02 22.35%  v_m2t/R03 32.88%  v_m2t/R05 41.5%  v_m2t/R10 54.63%  v_m2t/MedR 9.0%
[21/04/26 03:00:30][src.callback.progress][INFO] - Epoch 295 step 56650/192: loss 1.100e-01
[21/04/26 03:00:40][src.callback.progress][INFO] - Epoch 295 step 56700/192: loss 1.110e-01
[21/04/26 03:00:51][src.callback.progress][INFO] - Epoch 295 step 56750/192: loss 1.372e-01
[21/04/26 03:01:01][src.callback.progress][INFO] - Epoch 295 step 56800/192: loss 1.142e-01
[21/04/26 03:01:09][src.callback.progress][INFO] - Epoch 295: v_recons 1.825e-01  recons 9.704e-02  v_loss 3.645e-01  loss 1.114e-01  v_latent 1.117e+00  latent 6.538e-01  v_kl 6.674e+01  kl 2.999e+01  v_contrastive 1.813e+00  contrastive 1.403e-01  v_t2m/len 1530  v_t2m/R01 18.55%  v_t2m/R02 23.79%  v_t2m/R03 31.3%  v_t2m/R05 41.11%  v_t2m/R10 55.36%  v_t2m/MedR 8.0%  v_m2t/len 1530  v_m2t/R01 20.97%  v_m2t/R02 22.87%  v_m2t/R03 32.54%  v_m2t/R05 41.11%  v_m2t/R10 54.31%  v_m2t/MedR 9.0%
[21/04/26 03:01:18][src.callback.progress][INFO] - Epoch 296 step 56850/192: loss 1.123e-01
[21/04/26 03:01:28][src.callback.progress][INFO] - Epoch 296 step 56900/192: loss 1.064e-01
[21/04/26 03:01:39][src.callback.progress][INFO] - Epoch 296 step 56950/192: loss 9.953e-02
[21/04/26 03:01:49][src.callback.progress][INFO] - Epoch 296 step 57000/192: loss 1.158e-01
[21/04/26 03:01:56][src.callback.progress][INFO] - Epoch 296: v_recons 1.810e-01  recons 9.710e-02  v_loss 3.671e-01  loss 1.115e-01  v_latent 1.123e+00  latent 6.546e-01  v_kl 6.657e+01  kl 3.007e+01  v_contrastive 1.854e+00  contrastive 1.410e-01  v_t2m/len 1530  v_t2m/R01 18.81%  v_t2m/R02 23.72%  v_t2m/R03 31.95%  v_t2m/R05 40.91%  v_t2m/R10 55.68%  v_t2m/MedR 8.0%  v_m2t/len 1530  v_m2t/R01 19.73%  v_m2t/R02 22.94%  v_m2t/R03 31.95%  v_m2t/R05 41.18%  v_m2t/R10 54.25%  v_m2t/MedR 9.0%
[21/04/26 03:02:06][src.callback.progress][INFO] - Epoch 297 step 57050/192: loss 1.153e-01
[21/04/26 03:02:16][src.callback.progress][INFO] - Epoch 297 step 57100/192: loss 1.047e-01
[21/04/26 03:02:27][src.callback.progress][INFO] - Epoch 297 step 57150/192: loss 1.031e-01
[21/04/26 03:02:37][src.callback.progress][INFO] - Epoch 297 step 57200/192: loss 1.195e-01
[21/04/26 03:02:42][src.callback.progress][INFO] - Epoch 297: v_recons 1.826e-01  recons 9.694e-02  v_loss 3.658e-01  loss 1.114e-01  v_latent 1.118e+00  latent 6.550e-01  v_kl 6.695e+01  kl 3.017e+01  v_contrastive 1.825e+00  contrastive 1.418e-01  v_t2m/len 1530  v_t2m/R01 18.69%  v_t2m/R02 24.89%  v_t2m/R03 33.0%  v_t2m/R05 42.47%  v_t2m/R10 55.36%  v_t2m/MedR 8.0%  v_m2t/len 1530  v_m2t/R01 20.2%  v_m2t/R02 23.32%  v_m2t/R03 33.59%  v_m2t/R05 42.81%  v_m2t/R10 54.9%  v_m2t/MedR 9.0%
[21/04/26 03:02:54][src.callback.progress][INFO] - Epoch 298 step 57250/192: loss 9.926e-02
[21/04/26 03:03:04][src.callback.progress][INFO] - Epoch 298 step 57300/192: loss 1.150e-01
[21/04/26 03:03:14][src.callback.progress][INFO] - Epoch 298 step 57350/192: loss 9.753e-02
[21/04/26 03:03:25][src.callback.progress][INFO] - Epoch 298 step 57400/192: loss 1.084e-01
[21/04/26 03:03:28][src.callback.progress][INFO] - Epoch 298: v_recons 1.823e-01  recons 9.673e-02  v_loss 3.669e-01  loss 1.112e-01  v_latent 1.123e+00  latent 6.556e-01  v_kl 6.699e+01  kl 3.008e+01  v_contrastive 1.840e+00  contrastive 1.413e-01  v_t2m/len 1530  v_t2m/R01 19.73%  v_t2m/R02 25.15%  v_t2m/R03 33.0%  v_t2m/R05 41.83%  v_t2m/R10 54.5%  v_t2m/MedR 8.0%  v_m2t/len 1530  v_m2t/R01 21.04%  v_m2t/R02 23.45%  v_m2t/R03 32.15%  v_m2t/R05 42.15%  v_m2t/R10 55.09%  v_m2t/MedR 8.0%
[21/04/26 03:03:41][src.callback.progress][INFO] - Epoch 299 step 57450/192: loss 9.405e-02
[21/04/26 03:03:52][src.callback.progress][INFO] - Epoch 299 step 57500/192: loss 1.120e-01
[21/04/26 03:04:02][src.callback.progress][INFO] - Epoch 299 step 57550/192: loss 1.255e-01
[21/04/26 03:04:12][src.callback.progress][INFO] - Epoch 299 step 57600/192: loss 1.047e-01
[21/04/26 03:04:14][src.callback.progress][INFO] - Epoch 299: v_recons 1.824e-01  recons 9.659e-02  v_loss 3.665e-01  loss 1.106e-01  v_latent 1.123e+00  latent 6.538e-01  v_kl 6.817e+01  kl 3.006e+01  v_contrastive 1.834e+00  contrastive 1.369e-01  v_t2m/len 1530  v_t2m/R01 18.23%  v_t2m/R02 24.57%  v_t2m/R03 32.75%  v_t2m/R05 42.47%  v_t2m/R10 57.45%  v_t2m/MedR 7.0%  v_m2t/len 1530  v_m2t/R01 20.26%  v_m2t/R02 22.68%  v_m2t/R03 32.47%  v_m2t/R05 42.29%  v_m2t/R10 55.22%  v_m2t/MedR 8.0%
[21/04/26 03:04:30][src.callback.progress][INFO] - Epoch 300 step 57650/192: loss 1.144e-01
[21/04/26 03:04:40][src.callback.progress][INFO] - Epoch 300 step 57700/192: loss 1.131e-01
[21/04/26 03:04:50][src.callback.progress][INFO] - Epoch 300 step 57750/192: loss 1.061e-01
[21/04/26 03:05:01][src.callback.progress][INFO] - Epoch 300: v_recons 1.829e-01  recons 9.685e-02  v_loss 3.680e-01  loss 1.111e-01  v_latent 1.129e+00  latent 6.580e-01  v_kl 6.794e+01  kl 3.046e+01  v_contrastive 1.844e+00  contrastive 1.399e-01  v_t2m/len 1530  v_t2m/R01 17.45%  v_t2m/R02 23.53%  v_t2m/R03 30.78%  v_t2m/R05 41.95%  v_t2m/R10 56.0%  v_t2m/MedR 8.0%  v_m2t/len 1530  v_m2t/R01 20.64%  v_m2t/R02 23.39%  v_m2t/R03 32.47%  v_m2t/R05 42.34%  v_m2t/R10 53.65%  v_m2t/MedR 9.0%
[21/04/26 03:05:07][src.callback.progress][INFO] - Epoch 301 step 57800/192: loss 1.145e-01
[21/04/26 03:05:18][src.callback.progress][INFO] - Epoch 301 step 57850/192: loss 1.102e-01
[21/04/26 03:05:28][src.callback.progress][INFO] - Epoch 301 step 57900/192: loss 1.158e-01
[21/04/26 03:05:39][src.callback.progress][INFO] - Epoch 301 step 57950/192: loss 1.042e-01
[21/04/26 03:05:48][src.callback.progress][INFO] - Epoch 301: v_recons 1.824e-01  recons 9.658e-02  v_loss 3.703e-01  loss 1.111e-01  v_latent 1.131e+00  latent 6.585e-01  v_kl 6.830e+01  kl 3.043e+01  v_contrastive 1.872e+00  contrastive 1.421e-01  v_t2m/len 1530  v_t2m/R01 17.52%  v_t2m/R02 22.94%  v_t2m/R03 31.7%  v_t2m/R05 41.63%  v_t2m/R10 54.97%  v_t2m/MedR 8.0%  v_m2t/len 1530  v_m2t/R01 20.78%  v_m2t/R02 23.65%  v_m2t/R03 32.68%  v_m2t/R05 41.04%  v_m2t/R10 53.45%  v_m2t/MedR 9.0%
[21/04/26 03:05:56][src.callback.progress][INFO] - Epoch 302 step 58000/192: loss 1.065e-01
[21/04/26 03:06:06][src.callback.progress][INFO] - Epoch 302 step 58050/192: loss 9.137e-02
[21/04/26 03:06:16][src.callback.progress][INFO] - Epoch 302 step 58100/192: loss 1.077e-01
[21/04/26 03:06:26][src.callback.progress][INFO] - Epoch 302 step 58150/192: loss 1.091e-01
[21/04/26 03:06:33][src.callback.progress][INFO] - Epoch 302: v_recons 1.825e-01  recons 9.598e-02  v_loss 3.691e-01  loss 1.101e-01  v_latent 1.133e+00  latent 6.534e-01  v_kl 6.897e+01  kl 3.026e+01  v_contrastive 1.859e+00  contrastive 1.382e-01  v_t2m/len 1530  v_t2m/R01 18.23%  v_t2m/R02 23.79%  v_t2m/R03 31.18%  v_t2m/R05 41.18%  v_t2m/R10 55.36%  v_t2m/MedR 8.0%  v_m2t/len 1530  v_m2t/R01 20.59%  v_m2t/R02 23.65%  v_m2t/R03 33.0%  v_m2t/R05 42.02%  v_m2t/R10 54.43%  v_m2t/MedR 8.0%
[21/04/26 03:06:44][src.callback.progress][INFO] - Epoch 303 step 58200/192: loss 1.094e-01
[21/04/26 03:06:54][src.callback.progress][INFO] - Epoch 303 step 58250/192: loss 1.085e-01
[21/04/26 03:07:04][src.callback.progress][INFO] - Epoch 303 step 58300/192: loss 1.086e-01
[21/04/26 03:07:15][src.callback.progress][INFO] - Epoch 303 step 58350/192: loss 1.031e-01
[21/04/26 03:07:20][src.callback.progress][INFO] - Epoch 303: v_recons 1.829e-01  recons 9.600e-02  v_loss 3.661e-01  loss 1.100e-01  v_latent 1.129e+00  latent 6.540e-01  v_kl 6.815e+01  kl 3.030e+01  v_contrastive 1.825e+00  contrastive 1.369e-01  v_t2m/len 1530  v_t2m/R01 18.69%  v_t2m/R02 24.12%  v_t2m/R03 31.62%  v_t2m/R05 41.9%  v_t2m/R10 56.2%  v_t2m/MedR 8.0%  v_m2t/len 1530  v_m2t/R01 20.0%  v_m2t/R02 22.61%  v_m2t/R03 32.47%  v_m2t/R05 41.5%  v_m2t/R10 54.77%  v_m2t/MedR 8.0%
[21/04/26 03:07:32][src.callback.progress][INFO] - Epoch 304 step 58400/192: loss 1.136e-01
[21/04/26 03:07:42][src.callback.progress][INFO] - Epoch 304 step 58450/192: loss 1.101e-01
[21/04/26 03:07:53][src.callback.progress][INFO] - Epoch 304 step 58500/192: loss 1.258e-01
[21/04/26 03:08:03][src.callback.progress][INFO] - Epoch 304 step 58550/192: loss 1.320e-01
[21/04/26 03:08:07][src.callback.progress][INFO] - Epoch 304: v_recons 1.812e-01  recons 9.631e-02  v_loss 3.631e-01  loss 1.104e-01  v_latent 1.131e+00  latent 6.544e-01  v_kl 6.812e+01  kl 3.035e+01  v_contrastive 1.812e+00  contrastive 1.382e-01  v_t2m/len 1530  v_t2m/R01 18.76%  v_t2m/R02 23.98%  v_t2m/R03 31.56%  v_t2m/R05 42.41%  v_t2m/R10 54.63%  v_t2m/MedR 9.0%  v_m2t/len 1530  v_m2t/R01 20.92%  v_m2t/R02 23.45%  v_m2t/R03 33.0%  v_m2t/R05 43.27%  v_m2t/R10 53.33%  v_m2t/MedR 8.5%
[21/04/26 03:08:21][src.callback.progress][INFO] - Epoch 305 step 58600/192: loss 9.360e-02
[21/04/26 03:08:31][src.callback.progress][INFO] - Epoch 305 step 58650/192: loss 1.216e-01
[21/04/26 03:08:41][src.callback.progress][INFO] - Epoch 305 step 58700/192: loss 1.307e-01
[21/04/26 03:08:52][src.callback.progress][INFO] - Epoch 305 step 58750/192: loss 1.025e-01
[21/04/26 03:08:54][src.callback.progress][INFO] - Epoch 305: v_recons 1.819e-01  recons 9.588e-02  v_loss 3.658e-01  loss 1.103e-01  v_latent 1.135e+00  latent 6.568e-01  v_kl 6.856e+01  kl 3.053e+01  v_contrastive 1.832e+00  contrastive 1.412e-01  v_t2m/len 1530  v_t2m/R01 19.73%  v_t2m/R02 24.3%  v_t2m/R03 31.44%  v_t2m/R05 42.47%  v_t2m/R10 55.56%  v_t2m/MedR 8.0%  v_m2t/len 1530  v_m2t/R01 20.52%  v_m2t/R02 23.79%  v_m2t/R03 32.93%  v_m2t/R05 42.88%  v_m2t/R10 53.86%  v_m2t/MedR 9.0%
[21/04/26 03:09:09][src.callback.progress][INFO] - Epoch 306 step 58800/192: loss 1.067e-01
[21/04/26 03:09:20][src.callback.progress][INFO] - Epoch 306 step 58850/192: loss 1.045e-01
[21/04/26 03:09:30][src.callback.progress][INFO] - Epoch 306 step 58900/192: loss 1.084e-01
[21/04/26 03:09:41][src.callback.progress][INFO] - Epoch 306: v_recons 1.822e-01  recons 9.566e-02  v_loss 3.657e-01  loss 1.098e-01  v_latent 1.131e+00  latent 6.572e-01  v_kl 6.804e+01  kl 3.055e+01  v_contrastive 1.829e+00  contrastive 1.385e-01  v_t2m/len 1530  v_t2m/R01 18.69%  v_t2m/R02 23.65%  v_t2m/R03 31.3%  v_t2m/R05 40.45%  v_t2m/R10 54.97%  v_t2m/MedR 9.0%  v_m2t/len 1530  v_m2t/R01 21.18%  v_m2t/R02 23.86%  v_m2t/R03 33.33%  v_m2t/R05 42.02%  v_m2t/R10 53.0%  v_m2t/MedR 9.0%
[21/04/26 03:09:47][src.callback.progress][INFO] - Epoch 307 step 58950/192: loss 1.017e-01
[21/04/26 03:09:57][src.callback.progress][INFO] - Epoch 307 step 59000/192: loss 1.207e-01
[21/04/26 03:10:08][src.callback.progress][INFO] - Epoch 307 step 59050/192: loss 1.077e-01
[21/04/26 03:10:18][src.callback.progress][INFO] - Epoch 307 step 59100/192: loss 9.639e-02
[21/04/26 03:10:27][src.callback.progress][INFO] - Epoch 307: v_recons 1.816e-01  recons 9.553e-02  v_loss 3.659e-01  loss 1.095e-01  v_latent 1.132e+00  latent 6.555e-01  v_kl 6.812e+01  kl 3.047e+01  v_contrastive 1.837e+00  contrastive 1.365e-01  v_t2m/len 1530  v_t2m/R01 18.5%  v_t2m/R02 22.68%  v_t2m/R03 30.71%  v_t2m/R05 41.18%  v_t2m/R10 55.02%  v_t2m/MedR 9.0%  v_m2t/len 1530  v_m2t/R01 19.47%  v_m2t/R02 22.09%  v_m2t/R03 31.89%  v_m2t/R05 41.75%  v_m2t/R10 53.86%  v_m2t/MedR 9.0%
[21/04/26 03:10:35][src.callback.progress][INFO] - Epoch 308 step 59150/192: loss 1.093e-01
[21/04/26 03:10:46][src.callback.progress][INFO] - Epoch 308 step 59200/192: loss 1.251e-01
[21/04/26 03:10:56][src.callback.progress][INFO] - Epoch 308 step 59250/192: loss 1.047e-01
[21/04/26 03:11:06][src.callback.progress][INFO] - Epoch 308 step 59300/192: loss 1.050e-01
[21/04/26 03:11:14][src.callback.progress][INFO] - Epoch 308: v_recons 1.830e-01  recons 9.536e-02  v_loss 3.685e-01  loss 1.092e-01  v_latent 1.140e+00  latent 6.546e-01  v_kl 6.885e+01  kl 3.039e+01  v_contrastive 1.848e+00  contrastive 1.354e-01  v_t2m/len 1530  v_t2m/R01 19.21%  v_t2m/R02 24.12%  v_t2m/R03 32.02%  v_t2m/R05 41.04%  v_t2m/R10 54.97%  v_t2m/MedR 8.0%  v_m2t/len 1530  v_m2t/R01 20.78%  v_m2t/R02 23.39%  v_m2t/R03 33.2%  v_m2t/R05 42.47%  v_m2t/R10 53.65%  v_m2t/MedR 8.0%
[21/04/26 03:11:23][src.callback.progress][INFO] - Epoch 309 step 59350/192: loss 1.049e-01
[21/04/26 03:11:34][src.callback.progress][INFO] - Epoch 309 step 59400/192: loss 1.084e-01
[21/04/26 03:11:44][src.callback.progress][INFO] - Epoch 309 step 59450/192: loss 1.121e-01
[21/04/26 03:11:54][src.callback.progress][INFO] - Epoch 309 step 59500/192: loss 1.096e-01
[21/04/26 03:12:00][src.callback.progress][INFO] - Epoch 309: v_recons 1.835e-01  recons 9.552e-02  v_loss 3.686e-01  loss 1.095e-01  v_latent 1.140e+00  latent 6.568e-01  v_kl 6.878e+01  kl 3.067e+01  v_contrastive 1.843e+00  contrastive 1.369e-01  v_t2m/len 1530  v_t2m/R01 18.76%  v_t2m/R02 23.86%  v_t2m/R03 31.23%  v_t2m/R05 42.29%  v_t2m/R10 55.81%  v_t2m/MedR 8.0%  v_m2t/len 1530  v_m2t/R01 20.85%  v_m2t/R02 24.25%  v_m2t/R03 33.0%  v_m2t/R05 41.56%  v_m2t/R10 53.79%  v_m2t/MedR 9.0%
[21/04/26 03:12:12][src.callback.progress][INFO] - Epoch 310 step 59550/192: loss 1.061e-01
[21/04/26 03:12:22][src.callback.progress][INFO] - Epoch 310 step 59600/192: loss 1.082e-01
[21/04/26 03:12:32][src.callback.progress][INFO] - Epoch 310 step 59650/192: loss 1.246e-01
[21/04/26 03:12:42][src.callback.progress][INFO] - Epoch 310 step 59700/192: loss 1.097e-01
[21/04/26 03:12:47][src.callback.progress][INFO] - Epoch 310: v_recons 1.838e-01  recons 9.525e-02  v_loss 3.687e-01  loss 1.090e-01  v_latent 1.137e+00  latent 6.545e-01  v_kl 6.913e+01  kl 3.039e+01  v_contrastive 1.842e+00  contrastive 1.344e-01  v_t2m/len 1530  v_t2m/R01 18.95%  v_t2m/R02 24.63%  v_t2m/R03 32.09%  v_t2m/R05 41.36%  v_t2m/R10 55.49%  v_t2m/MedR 8.0%  v_m2t/len 1530  v_m2t/R01 21.37%  v_m2t/R02 23.72%  v_m2t/R03 33.45%  v_m2t/R05 41.36%  v_m2t/R10 53.33%  v_m2t/MedR 9.0%
[21/04/26 03:13:00][src.callback.progress][INFO] - Epoch 311 step 59750/192: loss 9.605e-02
[21/04/26 03:13:10][src.callback.progress][INFO] - Epoch 311 step 59800/192: loss 1.047e-01
[21/04/26 03:13:21][src.callback.progress][INFO] - Epoch 311 step 59850/192: loss 1.118e-01
[21/04/26 03:13:31][src.callback.progress][INFO] - Epoch 311 step 59900/192: loss 9.326e-02
[21/04/26 03:13:34][src.callback.progress][INFO] - Epoch 311: v_recons 1.854e-01  recons 9.508e-02  v_loss 3.711e-01  loss 1.088e-01  v_latent 1.143e+00  latent 6.570e-01  v_kl 6.909e+01  kl 3.065e+01  v_contrastive 1.850e+00  contrastive 1.340e-01  v_t2m/len 1530  v_t2m/R01 18.69%  v_t2m/R02 24.57%  v_t2m/R03 31.76%  v_t2m/R05 41.75%  v_t2m/R10 55.09%  v_t2m/MedR 8.0%  v_m2t/len 1530  v_m2t/R01 20.64%  v_m2t/R02 23.79%  v_m2t/R03 33.52%  v_m2t/R05 41.36%  v_m2t/R10 53.59%  v_m2t/MedR 9.0%
[21/04/26 03:13:48][src.callback.progress][INFO] - Epoch 312 step 59950/192: loss 1.126e-01
[21/04/26 03:13:59][src.callback.progress][INFO] - Epoch 312 step 60000/192: loss 9.823e-02
[21/04/26 03:14:09][src.callback.progress][INFO] - Epoch 312 step 60050/192: loss 9.412e-02
[21/04/26 03:14:20][src.callback.progress][INFO] - Epoch 312: v_recons 1.835e-01  recons 9.498e-02  v_loss 3.666e-01  loss 1.089e-01  v_latent 1.137e+00  latent 6.574e-01  v_kl 6.899e+01  kl 3.078e+01  v_contrastive 1.824e+00  contrastive 1.358e-01  v_t2m/len 1530  v_t2m/R01 17.84%  v_t2m/R02 23.59%  v_t2m/R03 31.89%  v_t2m/R05 43.2%  v_t2m/R10 55.56%  v_t2m/MedR 8.0%  v_m2t/len 1530  v_m2t/R01 20.38%  v_m2t/R02 23.2%  v_m2t/R03 32.34%  v_m2t/R05 43.06%  v_m2t/R10 54.11%  v_m2t/MedR 8.0%
[21/04/26 03:14:26][src.callback.progress][INFO] - Epoch 313 step 60100/192: loss 8.867e-02
[21/04/26 03:14:36][src.callback.progress][INFO] - Epoch 313 step 60150/192: loss 1.013e-01
[21/04/26 03:14:46][src.callback.progress][INFO] - Epoch 313 step 60200/192: loss 1.106e-01
[21/04/26 03:14:57][src.callback.progress][INFO] - Epoch 313 step 60250/192: loss 9.818e-02
[21/04/26 03:15:06][src.callback.progress][INFO] - Epoch 313: v_recons 1.835e-01  recons 9.461e-02  v_loss 3.690e-01  loss 1.081e-01  v_latent 1.143e+00  latent 6.540e-01  v_kl 6.986e+01  kl 3.070e+01  v_contrastive 1.848e+00  contrastive 1.316e-01  v_t2m/len 1530  v_t2m/R01 18.1%  v_t2m/R02 23.53%  v_t2m/R03 32.68%  v_t2m/R05 41.75%  v_t2m/R10 56.08%  v_t2m/MedR 8.0%  v_m2t/len 1530  v_m2t/R01 20.52%  v_m2t/R02 23.72%  v_m2t/R03 33.0%  v_m2t/R05 42.75%  v_m2t/R10 53.13%  v_m2t/MedR 9.0%
[21/04/26 03:15:14][src.callback.progress][INFO] - Epoch 314 step 60300/192: loss 1.127e-01
[21/04/26 03:15:25][src.callback.progress][INFO] - Epoch 314 step 60350/192: loss 1.220e-01
[21/04/26 03:15:35][src.callback.progress][INFO] - Epoch 314 step 60400/192: loss 1.228e-01
[21/04/26 03:15:45][src.callback.progress][INFO] - Epoch 314 step 60450/192: loss 1.165e-01
[21/04/26 03:15:53][src.callback.progress][INFO] - Epoch 314: v_recons 1.837e-01  recons 9.442e-02  v_loss 3.681e-01  loss 1.077e-01  v_latent 1.142e+00  latent 6.536e-01  v_kl 6.938e+01  kl 3.064e+01  v_contrastive 1.837e+00  contrastive 1.301e-01  v_t2m/len 1530  v_t2m/R01 18.04%  v_t2m/R02 22.75%  v_t2m/R03 31.04%  v_t2m/R05 42.41%  v_t2m/R10 55.81%  v_t2m/MedR 8.0%  v_m2t/len 1530  v_m2t/R01 19.54%  v_m2t/R02 22.21%  v_m2t/R03 32.09%  v_m2t/R05 41.7%  v_m2t/R10 54.58%  v_m2t/MedR 8.0%
[21/04/26 03:16:03][src.callback.progress][INFO] - Epoch 315 step 60500/192: loss 1.253e-01
[21/04/26 03:16:14][src.callback.progress][INFO] - Epoch 315 step 60550/192: loss 1.051e-01
[21/04/26 03:16:24][src.callback.progress][INFO] - Epoch 315 step 60600/192: loss 1.103e-01
[21/04/26 03:16:34][src.callback.progress][INFO] - Epoch 315 step 60650/192: loss 1.014e-01
[21/04/26 03:16:40][src.callback.progress][INFO] - Epoch 315: v_recons 1.840e-01  recons 9.447e-02  v_loss 3.687e-01  loss 1.080e-01  v_latent 1.145e+00  latent 6.550e-01  v_kl 7.049e+01  kl 3.076e+01  v_contrastive 1.840e+00  contrastive 1.326e-01  v_t2m/len 1530  v_t2m/R01 18.04%  v_t2m/R02 23.01%  v_t2m/R03 32.09%  v_t2m/R05 43.0%  v_t2m/R10 56.34%  v_t2m/MedR 8.0%  v_m2t/len 1530  v_m2t/R01 20.85%  v_m2t/R02 23.92%  v_m2t/R03 33.65%  v_m2t/R05 43.45%  v_m2t/R10 54.38%  v_m2t/MedR 8.0%
[21/04/26 03:16:51][src.callback.progress][INFO] - Epoch 316 step 60700/192: loss 1.133e-01
[21/04/26 03:17:01][src.callback.progress][INFO] - Epoch 316 step 60750/192: loss 1.075e-01
[21/04/26 03:17:12][src.callback.progress][INFO] - Epoch 316 step 60800/192: loss 1.027e-01
[21/04/26 03:17:22][src.callback.progress][INFO] - Epoch 316 step 60850/192: loss 1.128e-01
[21/04/26 03:17:27][src.callback.progress][INFO] - Epoch 316: v_recons 1.831e-01  recons 9.468e-02  v_loss 3.675e-01  loss 1.081e-01  v_latent 1.147e+00  latent 6.566e-01  v_kl 7.023e+01  kl 3.100e+01  v_contrastive 1.836e+00  contrastive 1.308e-01  v_t2m/len 1530  v_t2m/R01 18.55%  v_t2m/R02 24.44%  v_t2m/R03 31.3%  v_t2m/R05 40.77%  v_t2m/R10 56.0%  v_t2m/MedR 8.0%  v_m2t/len 1530  v_m2t/R01 19.4%  v_m2t/R02 22.21%  v_m2t/R03 31.95%  v_m2t/R05 41.31%  v_m2t/R10 54.31%  v_m2t/MedR 9.0%
[21/04/26 03:17:39][src.callback.progress][INFO] - Epoch 317 step 60900/192: loss 1.159e-01
[21/04/26 03:17:50][src.callback.progress][INFO] - Epoch 317 step 60950/192: loss 1.033e-01
[21/04/26 03:18:00][src.callback.progress][INFO] - Epoch 317 step 61000/192: loss 9.995e-02
[21/04/26 03:18:10][src.callback.progress][INFO] - Epoch 317 step 61050/192: loss 1.109e-01
[21/04/26 03:18:13][src.callback.progress][INFO] - Epoch 317: v_recons 1.835e-01  recons 9.433e-02  v_loss 3.681e-01  loss 1.081e-01  v_latent 1.152e+00  latent 6.571e-01  v_kl 7.050e+01  kl 3.108e+01  v_contrastive 1.839e+00  contrastive 1.340e-01  v_t2m/len 1530  v_t2m/R01 18.5%  v_t2m/R02 23.86%  v_t2m/R03 32.15%  v_t2m/R05 42.61%  v_t2m/R10 56.47%  v_t2m/MedR 8.0%  v_m2t/len 1530  v_m2t/R01 20.32%  v_m2t/R02 23.45%  v_m2t/R03 34.04%  v_m2t/R05 43.2%  v_m2t/R10 53.91%  v_m2t/MedR 8.0%
[21/04/26 03:18:27][src.callback.progress][INFO] - Epoch 318 step 61100/192: loss 1.088e-01
[21/04/26 03:18:37][src.callback.progress][INFO] - Epoch 318 step 61150/192: loss 9.967e-02
[21/04/26 03:18:48][src.callback.progress][INFO] - Epoch 318 step 61200/192: loss 1.190e-01
[21/04/26 03:19:00][src.callback.progress][INFO] - Epoch 318: v_recons 1.818e-01  recons 9.427e-02  v_loss 3.660e-01  loss 1.079e-01  v_latent 1.149e+00  latent 6.560e-01  v_kl 7.101e+01  kl 3.088e+01  v_contrastive 1.835e+00  contrastive 1.328e-01  v_t2m/len 1530  v_t2m/R01 19.93%  v_t2m/R02 25.62%  v_t2m/R03 33.27%  v_t2m/R05 42.68%  v_t2m/R10 57.18%  v_t2m/MedR 7.5%  v_m2t/len 1530  v_m2t/R01 20.92%  v_m2t/R02 24.25%  v_m2t/R03 34.18%  v_m2t/R05 43.06%  v_m2t/R10 54.84%  v_m2t/MedR 7.0%
[21/04/26 03:19:05][src.callback.progress][INFO] - Epoch 319 step 61250/192: loss 1.038e-01
[21/04/26 03:19:16][src.callback.progress][INFO] - Epoch 319 step 61300/192: loss 1.091e-01
[21/04/26 03:19:26][src.callback.progress][INFO] - Epoch 319 step 61350/192: loss 1.163e-01
[21/04/26 03:19:36][src.callback.progress][INFO] - Epoch 319 step 61400/192: loss 9.599e-02
[21/04/26 03:19:46][src.callback.progress][INFO] - Epoch 319: v_recons 1.832e-01  recons 9.412e-02  v_loss 3.707e-01  loss 1.078e-01  v_latent 1.158e+00  latent 6.563e-01  v_kl 7.147e+01  kl 3.093e+01  v_contrastive 1.867e+00  contrastive 1.337e-01  v_t2m/len 1530  v_t2m/R01 18.76%  v_t2m/R02 23.53%  v_t2m/R03 32.09%  v_t2m/R05 41.56%  v_t2m/R10 55.15%  v_t2m/MedR 8.0%  v_m2t/len 1530  v_m2t/R01 20.59%  v_m2t/R02 23.65%  v_m2t/R03 33.13%  v_m2t/R05 41.56%  v_m2t/R10 53.4%  v_m2t/MedR 9.0%
[21/04/26 03:19:53][src.callback.progress][INFO] - Epoch 320 step 61450/192: loss 1.125e-01
[21/04/26 03:20:03][src.callback.progress][INFO] - Epoch 320 step 61500/192: loss 1.158e-01
[21/04/26 03:20:14][src.callback.progress][INFO] - Epoch 320 step 61550/192: loss 1.180e-01
[21/04/26 03:20:24][src.callback.progress][INFO] - Epoch 320 step 61600/192: loss 9.704e-02
[21/04/26 03:20:33][src.callback.progress][INFO] - Epoch 320: v_recons 1.828e-01  recons 9.446e-02  v_loss 3.689e-01  loss 1.081e-01  v_latent 1.151e+00  latent 6.601e-01  v_kl 7.060e+01  kl 3.127e+01  v_contrastive 1.854e+00  contrastive 1.335e-01  v_t2m/len 1530  v_t2m/R01 20.0%  v_t2m/R02 25.36%  v_t2m/R03 32.02%  v_t2m/R05 41.63%  v_t2m/R10 54.63%  v_t2m/MedR 8.0%  v_m2t/len 1530  v_m2t/R01 20.38%  v_m2t/R02 22.54%  v_m2t/R03 32.81%  v_m2t/R05 41.18%  v_m2t/R10 54.18%  v_m2t/MedR 9.0%
[21/04/26 03:20:41][src.callback.progress][INFO] - Epoch 321 step 61650/192: loss 1.056e-01
[21/04/26 03:20:52][src.callback.progress][INFO] - Epoch 321 step 61700/192: loss 1.018e-01
[21/04/26 03:21:02][src.callback.progress][INFO] - Epoch 321 step 61750/192: loss 1.035e-01
[21/04/26 03:21:12][src.callback.progress][INFO] - Epoch 321 step 61800/192: loss 1.164e-01
[21/04/26 03:21:19][src.callback.progress][INFO] - Epoch 321: v_recons 1.821e-01  recons 9.407e-02  v_loss 3.659e-01  loss 1.075e-01  v_latent 1.153e+00  latent 6.566e-01  v_kl 7.075e+01  kl 3.099e+01  v_contrastive 1.830e+00  contrastive 1.309e-01  v_t2m/len 1530  v_t2m/R01 18.81%  v_t2m/R02 24.51%  v_t2m/R03 33.13%  v_t2m/R05 42.47%  v_t2m/R10 56.08%  v_t2m/MedR 8.0%  v_m2t/len 1530  v_m2t/R01 19.47%  v_m2t/R02 22.8%  v_m2t/R03 32.88%  v_m2t/R05 42.15%  v_m2t/R10 53.79%  v_m2t/MedR 8.5%
[21/04/26 03:21:29][src.callback.progress][INFO] - Epoch 322 step 61850/192: loss 1.118e-01
[21/04/26 03:21:39][src.callback.progress][INFO] - Epoch 322 step 61900/192: loss 9.813e-02
[21/04/26 03:21:50][src.callback.progress][INFO] - Epoch 322 step 61950/192: loss 1.121e-01
[21/04/26 03:22:00][src.callback.progress][INFO] - Epoch 322 step 62000/192: loss 1.175e-01
[21/04/26 03:22:05][src.callback.progress][INFO] - Epoch 322: v_recons 1.831e-01  recons 9.382e-02  v_loss 3.684e-01  loss 1.073e-01  v_latent 1.158e+00  latent 6.566e-01  v_kl 7.103e+01  kl 3.103e+01  v_contrastive 1.845e+00  contrastive 1.319e-01  v_t2m/len 1530  v_t2m/R01 18.55%  v_t2m/R02 23.92%  v_t2m/R03 31.62%  v_t2m/R05 41.75%  v_t2m/R10 56.2%  v_t2m/MedR 8.0%  v_m2t/len 1530  v_m2t/R01 21.7%  v_m2t/R02 25.1%  v_m2t/R03 33.33%  v_m2t/R05 41.43%  v_m2t/R10 53.86%  v_m2t/MedR 9.0%
[21/04/26 03:22:17][src.callback.progress][INFO] - Epoch 323 step 62050/192: loss 9.630e-02
[21/04/26 03:22:28][src.callback.progress][INFO] - Epoch 323 step 62100/192: loss 9.934e-02
[21/04/26 03:22:38][src.callback.progress][INFO] - Epoch 323 step 62150/192: loss 9.391e-02
[21/04/26 03:22:48][src.callback.progress][INFO] - Epoch 323 step 62200/192: loss 9.986e-02
[21/04/26 03:22:52][src.callback.progress][INFO] - Epoch 323: v_recons 1.841e-01  recons 9.328e-02  v_loss 3.711e-01  loss 1.065e-01  v_latent 1.159e+00  latent 6.549e-01  v_kl 7.172e+01  kl 3.105e+01  v_contrastive 1.862e+00  contrastive 1.287e-01  v_t2m/len 1530  v_t2m/R01 17.57%  v_t2m/R02 23.2%  v_t2m/R03 31.3%  v_t2m/R05 41.7%  v_t2m/R10 55.36%  v_t2m/MedR 8.0%  v_m2t/len 1530  v_m2t/R01 20.59%  v_m2t/R02 23.45%  v_m2t/R03 32.22%  v_m2t/R05 41.56%  v_m2t/R10 53.99%  v_m2t/MedR 9.0%
[21/04/26 03:23:05][src.callback.progress][INFO] - Epoch 324 step 62250/192: loss 1.092e-01
[21/04/26 03:23:15][src.callback.progress][INFO] - Epoch 324 step 62300/192: loss 1.070e-01
[21/04/26 03:23:25][src.callback.progress][INFO] - Epoch 324 step 62350/192: loss 1.150e-01
[21/04/26 03:23:36][src.callback.progress][INFO] - Epoch 324 step 62400/192: loss 1.131e-01
[21/04/26 03:23:38][src.callback.progress][INFO] - Epoch 324: v_recons 1.819e-01  recons 9.351e-02  v_loss 3.667e-01  loss 1.065e-01  v_latent 1.154e+00  latent 6.563e-01  v_kl 7.088e+01  kl 3.112e+01  v_contrastive 1.841e+00  contrastive 1.270e-01  v_t2m/len 1530  v_t2m/R01 18.69%  v_t2m/R02 23.65%  v_t2m/R03 31.62%  v_t2m/R05 41.56%  v_t2m/R10 55.61%  v_t2m/MedR 8.0%  v_m2t/len 1530  v_m2t/R01 21.62%  v_m2t/R02 24.3%  v_m2t/R03 33.33%  v_m2t/R05 41.7%  v_m2t/R10 54.04%  v_m2t/MedR 9.0%
[21/04/26 03:23:53][src.callback.progress][INFO] - Epoch 325 step 62450/192: loss 1.259e-01
[21/04/26 03:24:03][src.callback.progress][INFO] - Epoch 325 step 62500/192: loss 1.136e-01
[21/04/26 03:24:14][src.callback.progress][INFO] - Epoch 325 step 62550/192: loss 1.198e-01
[21/04/26 03:24:24][src.callback.progress][INFO] - Epoch 325: v_recons 1.838e-01  recons 9.383e-02  v_loss 3.715e-01  loss 1.074e-01  v_latent 1.158e+00  latent 6.594e-01  v_kl 7.248e+01  kl 3.138e+01  v_contrastive 1.870e+00  contrastive 1.324e-01  v_t2m/len 1530  v_t2m/R01 18.37%  v_t2m/R02 22.8%  v_t2m/R03 31.82%  v_t2m/R05 41.04%  v_t2m/R10 54.5%  v_t2m/MedR 9.0%  v_m2t/len 1530  v_m2t/R01 21.89%  v_m2t/R02 24.3%  v_m2t/R03 33.4%  v_m2t/R05 41.95%  v_m2t/R10 52.68%  v_m2t/MedR 9.0%
[21/04/26 03:24:31][src.callback.progress][INFO] - Epoch 326 step 62600/192: loss 1.079e-01
[21/04/26 03:24:41][src.callback.progress][INFO] - Epoch 326 step 62650/192: loss 9.283e-02
[21/04/26 03:24:51][src.callback.progress][INFO] - Epoch 326 step 62700/192: loss 1.009e-01
[21/04/26 03:25:02][src.callback.progress][INFO] - Epoch 326 step 62750/192: loss 1.007e-01
[21/04/26 03:25:10][src.callback.progress][INFO] - Epoch 326: v_recons 1.854e-01  recons 9.346e-02  v_loss 3.725e-01  loss 1.067e-01  v_latent 1.160e+00  latent 6.588e-01  v_kl 7.173e+01  kl 3.144e+01  v_contrastive 1.863e+00  contrastive 1.293e-01  v_t2m/len 1530  v_t2m/R01 18.62%  v_t2m/R02 24.44%  v_t2m/R03 31.82%  v_t2m/R05 41.63%  v_t2m/R10 53.79%  v_t2m/MedR 9.0%  v_m2t/len 1530  v_m2t/R01 21.44%  v_m2t/R02 23.53%  v_m2t/R03 32.88%  v_m2t/R05 41.9%  v_m2t/R10 52.81%  v_m2t/MedR 9.0%
[21/04/26 03:25:18][src.callback.progress][INFO] - Epoch 327 step 62800/192: loss 9.886e-02
[21/04/26 03:25:29][src.callback.progress][INFO] - Epoch 327 step 62850/192: loss 1.043e-01
[21/04/26 03:25:39][src.callback.progress][INFO] - Epoch 327 step 62900/192: loss 1.106e-01
[21/04/26 03:25:49][src.callback.progress][INFO] - Epoch 327 step 62950/192: loss 1.053e-01
[21/04/26 03:25:56][src.callback.progress][INFO] - Epoch 327: v_recons 1.832e-01  recons 9.309e-02  v_loss 3.706e-01  loss 1.065e-01  v_latent 1.159e+00  latent 6.574e-01  v_kl 7.139e+01  kl 3.126e+01  v_contrastive 1.867e+00  contrastive 1.305e-01  v_t2m/len 1530  v_t2m/R01 17.57%  v_t2m/R02 22.94%  v_t2m/R03 31.89%  v_t2m/R05 42.09%  v_t2m/R10 56.2%  v_t2m/MedR 8.0%  v_m2t/len 1530  v_m2t/R01 22.21%  v_m2t/R02 24.7%  v_m2t/R03 32.34%  v_m2t/R05 41.9%  v_m2t/R10 54.5%  v_m2t/MedR 8.0%
[21/04/26 03:26:06][src.callback.progress][INFO] - Epoch 328 step 63000/192: loss 1.169e-01
[21/04/26 03:26:17][src.callback.progress][INFO] - Epoch 328 step 63050/192: loss 9.397e-02
[21/04/26 03:26:27][src.callback.progress][INFO] - Epoch 328 step 63100/192: loss 9.849e-02
[21/04/26 03:26:37][src.callback.progress][INFO] - Epoch 328 step 63150/192: loss 1.177e-01
[21/04/26 03:26:43][src.callback.progress][INFO] - Epoch 328: v_recons 1.846e-01  recons 9.316e-02  v_loss 3.714e-01  loss 1.064e-01  v_latent 1.161e+00  latent 6.564e-01  v_kl 7.256e+01  kl 3.133e+01  v_contrastive 1.861e+00  contrastive 1.294e-01  v_t2m/len 1530  v_t2m/R01 17.96%  v_t2m/R02 23.2%  v_t2m/R03 33.45%  v_t2m/R05 42.15%  v_t2m/R10 55.22%  v_t2m/MedR 8.0%  v_m2t/len 1530  v_m2t/R01 20.64%  v_m2t/R02 23.45%  v_m2t/R03 32.41%  v_m2t/R05 41.43%  v_m2t/R10 53.0%  v_m2t/MedR 9.0%
[21/04/26 03:26:55][src.callback.progress][INFO] - Epoch 329 step 63200/192: loss 1.082e-01
[21/04/26 03:27:05][src.callback.progress][INFO] - Epoch 329 step 63250/192: loss 1.091e-01
[21/04/26 03:27:15][src.callback.progress][INFO] - Epoch 329 step 63300/192: loss 1.128e-01
[21/04/26 03:27:26][src.callback.progress][INFO] - Epoch 329 step 63350/192: loss 1.111e-01
[21/04/26 03:27:30][src.callback.progress][INFO] - Epoch 329: v_recons 1.849e-01  recons 9.295e-02  v_loss 3.705e-01  loss 1.062e-01  v_latent 1.165e+00  latent 6.562e-01  v_kl 7.180e+01  kl 3.130e+01  v_contrastive 1.849e+00  contrastive 1.296e-01  v_t2m/len 1530  v_t2m/R01 17.31%  v_t2m/R02 23.59%  v_t2m/R03 32.47%  v_t2m/R05 41.9%  v_t2m/R10 55.56%  v_t2m/MedR 8.0%  v_m2t/len 1530  v_m2t/R01 20.78%  v_m2t/R02 23.65%  v_m2t/R03 31.5%  v_m2t/R05 41.5%  v_m2t/R10 53.13%  v_m2t/MedR 9.0%
[21/04/26 03:27:43][src.callback.progress][INFO] - Epoch 330 step 63400/192: loss 9.568e-02
[21/04/26 03:27:53][src.callback.progress][INFO] - Epoch 330 step 63450/192: loss 1.075e-01
[21/04/26 03:28:04][src.callback.progress][INFO] - Epoch 330 step 63500/192: loss 1.072e-01
[21/04/26 03:28:14][src.callback.progress][INFO] - Epoch 330 step 63550/192: loss 1.171e-01
[21/04/26 03:28:16][src.callback.progress][INFO] - Epoch 330: v_recons 1.849e-01  recons 9.270e-02  v_loss 3.721e-01  loss 1.057e-01  v_latent 1.163e+00  latent 6.562e-01  v_kl 7.073e+01  kl 3.112e+01  v_contrastive 1.865e+00  contrastive 1.266e-01  v_t2m/len 1530  v_t2m/R01 18.23%  v_t2m/R02 23.86%  v_t2m/R03 33.0%  v_t2m/R05 42.41%  v_t2m/R10 55.15%  v_t2m/MedR 9.0%  v_m2t/len 1530  v_m2t/R01 21.23%  v_m2t/R02 24.25%  v_m2t/R03 33.13%  v_m2t/R05 41.63%  v_m2t/R10 53.06%  v_m2t/MedR 9.0%
[21/04/26 03:28:31][src.callback.progress][INFO] - Epoch 331 step 63600/192: loss 1.061e-01
[21/04/26 03:28:42][src.callback.progress][INFO] - Epoch 331 step 63650/192: loss 1.148e-01
[21/04/26 03:28:52][src.callback.progress][INFO] - Epoch 331 step 63700/192: loss 1.047e-01
[21/04/26 03:29:03][src.callback.progress][INFO] - Epoch 331: v_recons 1.854e-01  recons 9.313e-02  v_loss 3.708e-01  loss 1.062e-01  v_latent 1.162e+00  latent 6.597e-01  v_kl 7.229e+01  kl 3.157e+01  v_contrastive 1.846e+00  contrastive 1.278e-01  v_t2m/len 1530  v_t2m/R01 17.38%  v_t2m/R02 22.75%  v_t2m/R03 31.82%  v_t2m/R05 42.02%  v_t2m/R10 55.56%  v_t2m/MedR 8.0%  v_m2t/len 1530  v_m2t/R01 21.04%  v_m2t/R02 23.79%  v_m2t/R03 32.81%  v_m2t/R05 41.63%  v_m2t/R10 54.25%  v_m2t/MedR 9.0%
[21/04/26 03:29:09][src.callback.progress][INFO] - Epoch 332 step 63750/192: loss 1.016e-01
[21/04/26 03:29:20][src.callback.progress][INFO] - Epoch 332 step 63800/192: loss 1.101e-01
[21/04/26 03:29:30][src.callback.progress][INFO] - Epoch 332 step 63850/192: loss 1.071e-01
[21/04/26 03:29:40][src.callback.progress][INFO] - Epoch 332 step 63900/192: loss 1.084e-01
[21/04/26 03:29:49][src.callback.progress][INFO] - Epoch 332: v_recons 1.839e-01  recons 9.287e-02  v_loss 3.718e-01  loss 1.058e-01  v_latent 1.168e+00  latent 6.569e-01  v_kl 7.255e+01  kl 3.140e+01  v_contrastive 1.871e+00  contrastive 1.259e-01  v_t2m/len 1530  v_t2m/R01 16.98%  v_t2m/R02 22.68%  v_t2m/R03 31.89%  v_t2m/R05 40.97%  v_t2m/R10 55.02%  v_t2m/MedR 8.0%  v_m2t/len 1530  v_m2t/R01 20.06%  v_m2t/R02 23.13%  v_m2t/R03 32.54%  v_m2t/R05 41.9%  v_m2t/R10 54.11%  v_m2t/MedR 8.0%
[21/04/26 03:29:57][src.callback.progress][INFO] - Epoch 333 step 63950/192: loss 1.010e-01
[21/04/26 03:30:08][src.callback.progress][INFO] - Epoch 333 step 64000/192: loss 1.141e-01
[21/04/26 03:30:18][src.callback.progress][INFO] - Epoch 333 step 64050/192: loss 1.019e-01
[21/04/26 03:30:28][src.callback.progress][INFO] - Epoch 333 step 64100/192: loss 1.082e-01
[21/04/26 03:30:36][src.callback.progress][INFO] - Epoch 333: v_recons 1.853e-01  recons 9.252e-02  v_loss 3.718e-01  loss 1.052e-01  v_latent 1.169e+00  latent 6.576e-01  v_kl 7.180e+01  kl 3.147e+01  v_contrastive 1.858e+00  contrastive 1.241e-01  v_t2m/len 1530  v_t2m/R01 18.17%  v_t2m/R02 23.32%  v_t2m/R03 32.81%  v_t2m/R05 42.88%  v_t2m/R10 56.13%  v_t2m/MedR 8.0%  v_m2t/len 1530  v_m2t/R01 20.2%  v_m2t/R02 22.8%  v_m2t/R03 32.34%  v_m2t/R05 42.81%  v_m2t/R10 53.65%  v_m2t/MedR 8.0%
[21/04/26 03:30:45][src.callback.progress][INFO] - Epoch 334 step 64150/192: loss 1.105e-01
[21/04/26 03:30:55][src.callback.progress][INFO] - Epoch 334 step 64200/192: loss 1.024e-01
[21/04/26 03:31:06][src.callback.progress][INFO] - Epoch 334 step 64250/192: loss 1.108e-01
[21/04/26 03:31:16][src.callback.progress][INFO] - Epoch 334 step 64300/192: loss 1.161e-01
[21/04/26 03:31:22][src.callback.progress][INFO] - Epoch 334: v_recons 1.858e-01  recons 9.242e-02  v_loss 3.728e-01  loss 1.051e-01  v_latent 1.170e+00  latent 6.566e-01  v_kl 7.301e+01  kl 3.148e+01  v_contrastive 1.863e+00  contrastive 1.237e-01  v_t2m/len 1530  v_t2m/R01 18.1%  v_t2m/R02 23.98%  v_t2m/R03 32.34%  v_t2m/R05 40.91%  v_t2m/R10 54.63%  v_t2m/MedR 9.0%  v_m2t/len 1530  v_m2t/R01 21.18%  v_m2t/R02 23.92%  v_m2t/R03 32.15%  v_m2t/R05 40.0%  v_m2t/R10 51.36%  v_m2t/MedR 9.0%
[21/04/26 03:31:33][src.callback.progress][INFO] - Epoch 335 step 64350/192: loss 9.877e-02
[21/04/26 03:31:44][src.callback.progress][INFO] - Epoch 335 step 64400/192: loss 1.136e-01
[21/04/26 03:31:54][src.callback.progress][INFO] - Epoch 335 step 64450/192: loss 1.028e-01
[21/04/26 03:32:04][src.callback.progress][INFO] - Epoch 335 step 64500/192: loss 9.750e-02
[21/04/26 03:32:08][src.callback.progress][INFO] - Epoch 335: v_recons 1.849e-01  recons 9.223e-02  v_loss 3.730e-01  loss 1.048e-01  v_latent 1.169e+00  latent 6.529e-01  v_kl 7.263e+01  kl 3.127e+01  v_contrastive 1.873e+00  contrastive 1.223e-01  v_t2m/len 1530  v_t2m/R01 17.96%  v_t2m/R02 24.37%  v_t2m/R03 32.15%  v_t2m/R05 41.5%  v_t2m/R10 53.99%  v_t2m/MedR 8.0%  v_m2t/len 1530  v_m2t/R01 20.45%  v_m2t/R02 23.2%  v_m2t/R03 32.41%  v_m2t/R05 41.7%  v_m2t/R10 53.33%  v_m2t/MedR 9.0%
[21/04/26 03:32:21][src.callback.progress][INFO] - Epoch 336 step 64550/192: loss 9.650e-02
[21/04/26 03:32:32][src.callback.progress][INFO] - Epoch 336 step 64600/192: loss 9.812e-02
[21/04/26 03:32:42][src.callback.progress][INFO] - Epoch 336 step 64650/192: loss 1.097e-01
[21/04/26 03:32:52][src.callback.progress][INFO] - Epoch 336 step 64700/192: loss 1.040e-01
[21/04/26 03:32:55][src.callback.progress][INFO] - Epoch 336: v_recons 1.844e-01  recons 9.182e-02  v_loss 3.714e-01  loss 1.046e-01  v_latent 1.168e+00  latent 6.555e-01  v_kl 7.317e+01  kl 3.150e+01  v_contrastive 1.862e+00  contrastive 1.250e-01  v_t2m/len 1530  v_t2m/R01 18.29%  v_t2m/R02 23.53%  v_t2m/R03 32.88%  v_t2m/R05 43.65%  v_t2m/R10 55.68%  v_t2m/MedR 8.0%  v_m2t/len 1530  v_m2t/R01 20.64%  v_m2t/R02 23.72%  v_m2t/R03 33.59%  v_m2t/R05 41.43%  v_m2t/R10 53.99%  v_m2t/MedR 9.0%
[21/04/26 03:33:09][src.callback.progress][INFO] - Epoch 337 step 64750/192: loss 9.140e-02
[21/04/26 03:33:19][src.callback.progress][INFO] - Epoch 337 step 64800/192: loss 1.060e-01
[21/04/26 03:33:30][src.callback.progress][INFO] - Epoch 337 step 64850/192: loss 1.072e-01
[21/04/26 03:33:41][src.callback.progress][INFO] - Epoch 337: v_recons 1.838e-01  recons 9.196e-02  v_loss 3.736e-01  loss 1.049e-01  v_latent 1.183e+00  latent 6.570e-01  v_kl 7.402e+01  kl 3.154e+01  v_contrastive 1.891e+00  contrastive 1.257e-01  v_t2m/len 1530  v_t2m/R01 18.04%  v_t2m/R02 24.25%  v_t2m/R03 32.88%  v_t2m/R05 41.7%  v_t2m/R10 54.38%  v_t2m/MedR 9.0%  v_m2t/len 1530  v_m2t/R01 20.2%  v_m2t/R02 22.03%  v_m2t/R03 31.95%  v_m2t/R05 41.63%  v_m2t/R10 53.4%  v_m2t/MedR 9.0%
[21/04/26 03:33:46][src.callback.progress][INFO] - Epoch 338 step 64900/192: loss 1.044e-01
[21/04/26 03:33:57][src.callback.progress][INFO] - Epoch 338 step 64950/192: loss 1.151e-01
[21/04/26 03:34:07][src.callback.progress][INFO] - Epoch 338 step 65000/192: loss 1.027e-01
[21/04/26 03:34:18][src.callback.progress][INFO] - Epoch 338 step 65050/192: loss 1.067e-01
[21/04/26 03:34:27][src.callback.progress][INFO] - Epoch 338: v_recons 1.838e-01  recons 9.214e-02  v_loss 3.719e-01  loss 1.049e-01  v_latent 1.175e+00  latent 6.572e-01  v_kl 7.291e+01  kl 3.158e+01  v_contrastive 1.873e+00  contrastive 1.241e-01  v_t2m/len 1530  v_t2m/R01 18.23%  v_t2m/R02 23.65%  v_t2m/R03 31.18%  v_t2m/R05 41.7%  v_t2m/R10 54.9%  v_t2m/MedR 8.0%  v_m2t/len 1530  v_m2t/R01 21.23%  v_m2t/R02 23.06%  v_m2t/R03 32.29%  v_m2t/R05 40.91%  v_m2t/R10 53.33%  v_m2t/MedR 9.0%
[21/04/26 03:34:35][src.callback.progress][INFO] - Epoch 339 step 65100/192: loss 1.045e-01
[21/04/26 03:34:45][src.callback.progress][INFO] - Epoch 339 step 65150/192: loss 1.031e-01
[21/04/26 03:34:55][src.callback.progress][INFO] - Epoch 339 step 65200/192: loss 1.156e-01
[21/04/26 03:35:06][src.callback.progress][INFO] - Epoch 339 step 65250/192: loss 1.002e-01
[21/04/26 03:35:14][src.callback.progress][INFO] - Epoch 339: v_recons 1.845e-01  recons 9.177e-02  v_loss 3.696e-01  loss 1.042e-01  v_latent 1.165e+00  latent 6.544e-01  v_kl 7.194e+01  kl 3.144e+01  v_contrastive 1.844e+00  contrastive 1.211e-01  v_t2m/len 1530  v_t2m/R01 17.45%  v_t2m/R02 22.8%  v_t2m/R03 31.76%  v_t2m/R05 41.5%  v_t2m/R10 55.29%  v_t2m/MedR 8.0%  v_m2t/len 1530  v_m2t/R01 20.85%  v_m2t/R02 23.32%  v_m2t/R03 33.06%  v_m2t/R05 42.02%  v_m2t/R10 53.91%  v_m2t/MedR 9.0%
[21/04/26 03:35:23][src.callback.progress][INFO] - Epoch 340 step 65300/192: loss 1.207e-01
[21/04/26 03:35:33][src.callback.progress][INFO] - Epoch 340 step 65350/192: loss 9.673e-02
[21/04/26 03:35:44][src.callback.progress][INFO] - Epoch 340 step 65400/192: loss 9.624e-02
[21/04/26 03:35:54][src.callback.progress][INFO] - Epoch 340 step 65450/192: loss 1.038e-01
[21/04/26 03:36:01][src.callback.progress][INFO] - Epoch 340: v_recons 1.861e-01  recons 9.195e-02  v_loss 3.740e-01  loss 1.047e-01  v_latent 1.174e+00  latent 6.565e-01  v_kl 7.348e+01  kl 3.167e+01  v_contrastive 1.872e+00  contrastive 1.240e-01  v_t2m/len 1530  v_t2m/R01 18.88%  v_t2m/R02 23.86%  v_t2m/R03 32.22%  v_t2m/R05 41.43%  v_t2m/R10 54.04%  v_t2m/MedR 9.0%  v_m2t/len 1530  v_m2t/R01 21.5%  v_m2t/R02 23.65%  v_m2t/R03 32.88%  v_m2t/R05 40.72%  v_m2t/R10 53.4%  v_m2t/MedR 9.0%
[21/04/26 03:36:11][src.callback.progress][INFO] - Epoch 341 step 65500/192: loss 1.007e-01
[21/04/26 03:36:22][src.callback.progress][INFO] - Epoch 341 step 65550/192: loss 9.417e-02
[21/04/26 03:36:32][src.callback.progress][INFO] - Epoch 341 step 65600/192: loss 1.082e-01
[21/04/26 03:36:42][src.callback.progress][INFO] - Epoch 341 step 65650/192: loss 1.080e-01
[21/04/26 03:36:47][src.callback.progress][INFO] - Epoch 341: v_recons 1.850e-01  recons 9.173e-02  v_loss 3.751e-01  loss 1.045e-01  v_latent 1.178e+00  latent 6.559e-01  v_kl 7.355e+01  kl 3.165e+01  v_contrastive 1.893e+00  contrastive 1.240e-01  v_t2m/len 1530  v_t2m/R01 18.43%  v_t2m/R02 24.25%  v_t2m/R03 31.56%  v_t2m/R05 40.52%  v_t2m/R10 54.77%  v_t2m/MedR 9.0%  v_m2t/len 1530  v_m2t/R01 21.7%  v_m2t/R02 24.57%  v_m2t/R03 33.4%  v_m2t/R05 41.18%  v_m2t/R10 53.45%  v_m2t/MedR 9.0%
[21/04/26 03:37:00][src.callback.progress][INFO] - Epoch 342 step 65700/192: loss 9.503e-02
[21/04/26 03:37:10][src.callback.progress][INFO] - Epoch 342 step 65750/192: loss 1.127e-01
[21/04/26 03:37:20][src.callback.progress][INFO] - Epoch 342 step 65800/192: loss 1.220e-01
[21/04/26 03:37:31][src.callback.progress][INFO] - Epoch 342 step 65850/192: loss 9.568e-02
[21/04/26 03:37:34][src.callback.progress][INFO] - Epoch 342: v_recons 1.842e-01  recons 9.145e-02  v_loss 3.725e-01  loss 1.039e-01  v_latent 1.183e+00  latent 6.549e-01  v_kl 7.386e+01  kl 3.164e+01  v_contrastive 1.876e+00  contrastive 1.208e-01  v_t2m/len 1530  v_t2m/R01 19.02%  v_t2m/R02 23.92%  v_t2m/R03 32.15%  v_t2m/R05 41.95%  v_t2m/R10 54.97%  v_t2m/MedR 9.0%  v_m2t/len 1530  v_m2t/R01 20.2%  v_m2t/R02 22.35%  v_m2t/R03 33.2%  v_m2t/R05 41.9%  v_m2t/R10 53.86%  v_m2t/MedR 9.0%
[21/04/26 03:37:48][src.callback.progress][INFO] - Epoch 343 step 65900/192: loss 1.002e-01
[21/04/26 03:37:58][src.callback.progress][INFO] - Epoch 343 step 65950/192: loss 1.351e-01
[21/04/26 03:38:08][src.callback.progress][INFO] - Epoch 343 step 66000/192: loss 9.788e-02
[21/04/26 03:38:20][src.callback.progress][INFO] - Epoch 343: v_recons 1.832e-01  recons 9.168e-02  v_loss 3.688e-01  loss 1.043e-01  v_latent 1.172e+00  latent 6.574e-01  v_kl 7.334e+01  kl 3.186e+01  v_contrastive 1.848e+00  contrastive 1.228e-01  v_t2m/len 1530  v_t2m/R01 18.81%  v_t2m/R02 24.12%  v_t2m/R03 33.0%  v_t2m/R05 43.33%  v_t2m/R10 56.27%  v_t2m/MedR 8.0%  v_m2t/len 1530  v_m2t/R01 20.0%  v_m2t/R02 22.54%  v_m2t/R03 32.68%  v_m2t/R05 42.54%  v_m2t/R10 55.41%  v_m2t/MedR 8.0%
[21/04/26 03:38:25][src.callback.progress][INFO] - Epoch 344 step 66050/192: loss 1.192e-01
[21/04/26 03:38:36][src.callback.progress][INFO] - Epoch 344 step 66100/192: loss 1.144e-01
[21/04/26 03:38:46][src.callback.progress][INFO] - Epoch 344 step 66150/192: loss 9.375e-02
[21/04/26 03:38:56][src.callback.progress][INFO] - Epoch 344 step 66200/192: loss 9.002e-02
[21/04/26 03:39:06][src.callback.progress][INFO] - Epoch 344: v_recons 1.850e-01  recons 9.183e-02  v_loss 3.727e-01  loss 1.046e-01  v_latent 1.183e+00  latent 6.601e-01  v_kl 7.376e+01  kl 3.193e+01  v_contrastive 1.870e+00  contrastive 1.241e-01  v_t2m/len 1530  v_t2m/R01 18.17%  v_t2m/R02 23.92%  v_t2m/R03 31.5%  v_t2m/R05 41.7%  v_t2m/R10 55.81%  v_t2m/MedR 8.0%  v_m2t/len 1530  v_m2t/R01 20.12%  v_m2t/R02 23.13%  v_m2t/R03 33.4%  v_m2t/R05 42.41%  v_m2t/R10 53.33%  v_m2t/MedR 9.0%
[21/04/26 03:39:13][src.callback.progress][INFO] - Epoch 345 step 66250/192: loss 9.664e-02
[21/04/26 03:39:23][src.callback.progress][INFO] - Epoch 345 step 66300/192: loss 1.255e-01
[21/04/26 03:39:34][src.callback.progress][INFO] - Epoch 345 step 66350/192: loss 1.031e-01
[21/04/26 03:39:44][src.callback.progress][INFO] - Epoch 345 step 66400/192: loss 1.084e-01
[21/04/26 03:39:52][src.callback.progress][INFO] - Epoch 345: v_recons 1.841e-01  recons 9.132e-02  v_loss 3.712e-01  loss 1.038e-01  v_latent 1.182e+00  latent 6.576e-01  v_kl 7.484e+01  kl 3.184e+01  v_contrastive 1.864e+00  contrastive 1.219e-01  v_t2m/len 1530  v_t2m/R01 17.57%  v_t2m/R02 23.2%  v_t2m/R03 31.23%  v_t2m/R05 41.56%  v_t2m/R10 55.81%  v_t2m/MedR 8.0%  v_m2t/len 1530  v_m2t/R01 19.47%  v_m2t/R02 22.87%  v_m2t/R03 31.82%  v_m2t/R05 41.43%  v_m2t/R10 53.33%  v_m2t/MedR 9.0%
[21/04/26 03:40:01][src.callback.progress][INFO] - Epoch 346 step 66450/192: loss 9.391e-02
[21/04/26 03:40:11][src.callback.progress][INFO] - Epoch 346 step 66500/192: loss 1.109e-01
[21/04/26 03:40:22][src.callback.progress][INFO] - Epoch 346 step 66550/192: loss 1.140e-01
[21/04/26 03:40:32][src.callback.progress][INFO] - Epoch 346 step 66600/192: loss 1.188e-01
[21/04/26 03:40:39][src.callback.progress][INFO] - Epoch 346: v_recons 1.857e-01  recons 9.160e-02  v_loss 3.730e-01  loss 1.044e-01  v_latent 1.181e+00  latent 6.612e-01  v_kl 7.469e+01  kl 3.216e+01  v_contrastive 1.865e+00  contrastive 1.243e-01  v_t2m/len 1530  v_t2m/R01 19.35%  v_t2m/R02 24.44%  v_t2m/R03 31.89%  v_t2m/R05 42.61%  v_t2m/R10 56.13%  v_t2m/MedR 8.0%  v_m2t/len 1530  v_m2t/R01 18.76%  v_m2t/R02 22.03%  v_m2t/R03 32.22%  v_m2t/R05 42.54%  v_m2t/R10 53.72%  v_m2t/MedR 9.0%
[21/04/26 03:40:49][src.callback.progress][INFO] - Epoch 347 step 66650/192: loss 8.980e-02
[21/04/26 03:40:59][src.callback.progress][INFO] - Epoch 347 step 66700/192: loss 1.039e-01
[21/04/26 03:41:10][src.callback.progress][INFO] - Epoch 347 step 66750/192: loss 1.072e-01
[21/04/26 03:41:20][src.callback.progress][INFO] - Epoch 347 step 66800/192: loss 9.846e-02
[21/04/26 03:41:25][src.callback.progress][INFO] - Epoch 347: v_recons 1.863e-01  recons 9.135e-02  v_loss 3.735e-01  loss 1.038e-01  v_latent 1.186e+00  latent 6.554e-01  v_kl 7.537e+01  kl 3.184e+01  v_contrastive 1.864e+00  contrastive 1.208e-01  v_t2m/len 1530  v_t2m/R01 18.23%  v_t2m/R02 24.18%  v_t2m/R03 32.75%  v_t2m/R05 41.56%  v_t2m/R10 55.68%  v_t2m/MedR 8.0%  v_m2t/len 1530  v_m2t/R01 20.12%  v_m2t/R02 22.61%  v_m2t/R03 32.68%  v_m2t/R05 41.9%  v_m2t/R10 53.52%  v_m2t/MedR 9.0%
[21/04/26 03:41:37][src.callback.progress][INFO] - Epoch 348 step 66850/192: loss 1.072e-01
[21/04/26 03:41:47][src.callback.progress][INFO] - Epoch 348 step 66900/192: loss 1.039e-01
[21/04/26 03:41:58][src.callback.progress][INFO] - Epoch 348 step 66950/192: loss 1.130e-01
[21/04/26 03:42:08][src.callback.progress][INFO] - Epoch 348 step 67000/192: loss 9.672e-02
[21/04/26 03:42:11][src.callback.progress][INFO] - Epoch 348: v_recons 1.855e-01  recons 9.092e-02  v_loss 3.732e-01  loss 1.034e-01  v_latent 1.184e+00  latent 6.577e-01  v_kl 7.515e+01  kl 3.204e+01  v_contrastive 1.869e+00  contrastive 1.216e-01  v_t2m/len 1530  v_t2m/R01 18.04%  v_t2m/R02 24.04%  v_t2m/R03 33.4%  v_t2m/R05 41.95%  v_t2m/R10 54.25%  v_t2m/MedR 9.0%  v_m2t/len 1530  v_m2t/R01 20.52%  v_m2t/R02 22.54%  v_m2t/R03 32.81%  v_m2t/R05 41.04%  v_m2t/R10 53.72%  v_m2t/MedR 9.0%
[21/04/26 03:42:25][src.callback.progress][INFO] - Epoch 349 step 67050/192: loss 9.515e-02
[21/04/26 03:42:35][src.callback.progress][INFO] - Epoch 349 step 67100/192: loss 1.073e-01
[21/04/26 03:42:46][src.callback.progress][INFO] - Epoch 349 step 67150/192: loss 9.503e-02
[21/04/26 03:42:56][src.callback.progress][INFO] - Epoch 349 step 67200/192: loss 1.005e-01
[21/04/26 03:42:58][src.callback.progress][INFO] - Epoch 349: v_recons 1.848e-01  recons 9.063e-02  v_loss 3.701e-01  loss 1.029e-01  v_latent 1.183e+00  latent 6.547e-01  v_kl 7.473e+01  kl 3.184e+01  v_contrastive 1.846e+00  contrastive 1.192e-01  v_t2m/len 1530  v_t2m/R01 18.37%  v_t2m/R02 23.65%  v_t2m/R03 31.82%  v_t2m/R05 41.36%  v_t2m/R10 54.84%  v_t2m/MedR 8.0%  v_m2t/len 1530  v_m2t/R01 19.79%  v_m2t/R02 22.94%  v_m2t/R03 32.09%  v_m2t/R05 42.29%  v_m2t/R10 54.7%  v_m2t/MedR 9.0%
[21/04/26 03:43:13][src.callback.progress][INFO] - Epoch 350 step 67250/192: loss 1.061e-01
[21/04/26 03:43:24][src.callback.progress][INFO] - Epoch 350 step 67300/192: loss 1.047e-01
[21/04/26 03:43:34][src.callback.progress][INFO] - Epoch 350 step 67350/192: loss 1.023e-01
[21/04/26 03:43:44][src.callback.progress][INFO] - Epoch 350: v_recons 1.871e-01  recons 9.046e-02  v_loss 3.754e-01  loss 1.027e-01  v_latent 1.193e+00  latent 6.537e-01  v_kl 7.554e+01  kl 3.178e+01  v_contrastive 1.875e+00  contrastive 1.195e-01  v_t2m/len 1530  v_t2m/R01 17.9%  v_t2m/R02 23.27%  v_t2m/R03 32.15%  v_t2m/R05 41.9%  v_t2m/R10 54.7%  v_t2m/MedR 9.0%  v_m2t/len 1530  v_m2t/R01 20.71%  v_m2t/R02 23.39%  v_m2t/R03 32.02%  v_m2t/R05 41.5%  v_m2t/R10 52.68%  v_m2t/MedR 9.0%
[21/04/26 03:43:51][src.callback.progress][INFO] - Epoch 351 step 67400/192: loss 9.883e-02
[21/04/26 03:44:01][src.callback.progress][INFO] - Epoch 351 step 67450/192: loss 1.005e-01
[21/04/26 03:44:12][src.callback.progress][INFO] - Epoch 351 step 67500/192: loss 1.144e-01
[21/04/26 03:44:22][src.callback.progress][INFO] - Epoch 351 step 67550/192: loss 9.608e-02
[21/04/26 03:44:31][src.callback.progress][INFO] - Epoch 351: v_recons 1.854e-01  recons 9.090e-02  v_loss 3.754e-01  loss 1.033e-01  v_latent 1.196e+00  latent 6.590e-01  v_kl 7.590e+01  kl 3.221e+01  v_contrastive 1.892e+00  contrastive 1.206e-01  v_t2m/len 1530  v_t2m/R01 17.7%  v_t2m/R02 23.2%  v_t2m/R03 32.34%  v_t2m/R05 40.91%  v_t2m/R10 55.81%  v_t2m/MedR 9.0%  v_m2t/len 1530  v_m2t/R01 20.85%  v_m2t/R02 24.04%  v_m2t/R03 33.06%  v_m2t/R05 42.09%  v_m2t/R10 54.04%  v_m2t/MedR 8.0%
[21/04/26 03:44:39][src.callback.progress][INFO] - Epoch 352 step 67600/192: loss 1.140e-01
[21/04/26 03:44:50][src.callback.progress][INFO] - Epoch 352 step 67650/192: loss 9.088e-02
[21/04/26 03:45:00][src.callback.progress][INFO] - Epoch 352 step 67700/192: loss 9.701e-02
[21/04/26 03:45:10][src.callback.progress][INFO] - Epoch 352 step 67750/192: loss 1.152e-01
[21/04/26 03:45:17][src.callback.progress][INFO] - Epoch 352: v_recons 1.844e-01  recons 9.053e-02  v_loss 3.701e-01  loss 1.029e-01  v_latent 1.186e+00  latent 6.557e-01  v_kl 7.472e+01  kl 3.202e+01  v_contrastive 1.849e+00  contrastive 1.203e-01  v_t2m/len 1530  v_t2m/R01 18.95%  v_t2m/R02 23.72%  v_t2m/R03 31.82%  v_t2m/R05 41.83%  v_t2m/R10 56.47%  v_t2m/MedR 8.0%  v_m2t/len 1530  v_m2t/R01 21.89%  v_m2t/R02 24.44%  v_m2t/R03 33.33%  v_m2t/R05 42.75%  v_m2t/R10 55.36%  v_m2t/MedR 8.0%
[21/04/26 03:45:28][src.callback.progress][INFO] - Epoch 353 step 67800/192: loss 9.710e-02
[21/04/26 03:45:38][src.callback.progress][INFO] - Epoch 353 step 67850/192: loss 1.010e-01
[21/04/26 03:45:48][src.callback.progress][INFO] - Epoch 353 step 67900/192: loss 9.601e-02
[21/04/26 03:45:59][src.callback.progress][INFO] - Epoch 353 step 67950/192: loss 9.612e-02
[21/04/26 03:46:04][src.callback.progress][INFO] - Epoch 353: v_recons 1.853e-01  recons 9.030e-02  v_loss 3.715e-01  loss 1.024e-01  v_latent 1.185e+00  latent 6.541e-01  v_kl 7.458e+01  kl 3.187e+01  v_contrastive 1.855e+00  contrastive 1.182e-01  v_t2m/len 1530  v_t2m/R01 18.88%  v_t2m/R02 24.18%  v_t2m/R03 31.95%  v_t2m/R05 42.09%  v_t2m/R10 55.56%  v_t2m/MedR 8.0%  v_m2t/len 1530  v_m2t/R01 20.97%  v_m2t/R02 23.86%  v_m2t/R03 33.4%  v_m2t/R05 42.29%  v_m2t/R10 54.58%  v_m2t/MedR 8.0%
[21/04/26 03:46:16][src.callback.progress][INFO] - Epoch 354 step 68000/192: loss 1.031e-01
[21/04/26 03:46:27][src.callback.progress][INFO] - Epoch 354 step 68050/192: loss 1.008e-01
[21/04/26 03:46:37][src.callback.progress][INFO] - Epoch 354 step 68100/192: loss 9.945e-02
[21/04/26 03:46:47][src.callback.progress][INFO] - Epoch 354 step 68150/192: loss 9.428e-02
[21/04/26 03:46:51][src.callback.progress][INFO] - Epoch 354: v_recons 1.860e-01  recons 9.014e-02  v_loss 3.731e-01  loss 1.023e-01  v_latent 1.192e+00  latent 6.557e-01  v_kl 7.563e+01  kl 3.204e+01  v_contrastive 1.863e+00  contrastive 1.183e-01  v_t2m/len 1530  v_t2m/R01 18.5%  v_t2m/R02 22.42%  v_t2m/R03 30.38%  v_t2m/R05 41.18%  v_t2m/R10 55.95%  v_t2m/MedR 8.0%  v_m2t/len 1530  v_m2t/R01 21.04%  v_m2t/R02 23.79%  v_m2t/R03 33.33%  v_m2t/R05 41.75%  v_m2t/R10 54.7%  v_m2t/MedR 8.0%
[21/04/26 03:47:04][src.callback.progress][INFO] - Epoch 355 step 68200/192: loss 9.184e-02
[21/04/26 03:47:14][src.callback.progress][INFO] - Epoch 355 step 68250/192: loss 1.068e-01
[21/04/26 03:47:25][src.callback.progress][INFO] - Epoch 355 step 68300/192: loss 9.379e-02
[21/04/26 03:47:35][src.callback.progress][INFO] - Epoch 355 step 68350/192: loss 1.096e-01
[21/04/26 03:47:37][src.callback.progress][INFO] - Epoch 355: v_recons 1.856e-01  recons 8.988e-02  v_loss 3.754e-01  loss 1.020e-01  v_latent 1.198e+00  latent 6.523e-01  v_kl 7.742e+01  kl 3.191e+01  v_contrastive 1.891e+00  contrastive 1.178e-01  v_t2m/len 1530  v_t2m/R01 17.52%  v_t2m/R02 22.54%  v_t2m/R03 31.89%  v_t2m/R05 42.29%  v_t2m/R10 54.63%  v_t2m/MedR 8.0%  v_m2t/len 1530  v_m2t/R01 20.78%  v_m2t/R02 23.39%  v_m2t/R03 32.15%  v_m2t/R05 40.2%  v_m2t/R10 52.68%  v_m2t/MedR 9.0%
[21/04/26 03:47:52][src.callback.progress][INFO] - Epoch 356 step 68400/192: loss 1.160e-01
[21/04/26 03:48:02][src.callback.progress][INFO] - Epoch 356 step 68450/192: loss 1.019e-01
[21/04/26 03:48:12][src.callback.progress][INFO] - Epoch 356 step 68500/192: loss 1.010e-01
[21/04/26 03:48:23][src.callback.progress][INFO] - Epoch 356: v_recons 1.868e-01  recons 9.005e-02  v_loss 3.732e-01  loss 1.022e-01  v_latent 1.191e+00  latent 6.566e-01  v_kl 7.523e+01  kl 3.215e+01  v_contrastive 1.856e+00  contrastive 1.179e-01  v_t2m/len 1530  v_t2m/R01 17.9%  v_t2m/R02 23.53%  v_t2m/R03 31.7%  v_t2m/R05 40.59%  v_t2m/R10 55.09%  v_t2m/MedR 9.0%  v_m2t/len 1530  v_m2t/R01 19.93%  v_m2t/R02 22.61%  v_m2t/R03 31.11%  v_m2t/R05 41.9%  v_m2t/R10 53.59%  v_m2t/MedR 9.0%
[21/04/26 03:48:29][src.callback.progress][INFO] - Epoch 357 step 68550/192: loss 1.088e-01
[21/04/26 03:48:40][src.callback.progress][INFO] - Epoch 357 step 68600/192: loss 9.513e-02
[21/04/26 03:48:50][src.callback.progress][INFO] - Epoch 357 step 68650/192: loss 9.480e-02
[21/04/26 03:49:00][src.callback.progress][INFO] - Epoch 357 step 68700/192: loss 9.864e-02
[21/04/26 03:49:09][src.callback.progress][INFO] - Epoch 357: v_recons 1.863e-01  recons 8.977e-02  v_loss 3.746e-01  loss 1.018e-01  v_latent 1.194e+00  latent 6.541e-01  v_kl 7.606e+01  kl 3.207e+01  v_contrastive 1.875e+00  contrastive 1.166e-01  v_t2m/len 1530  v_t2m/R01 17.64%  v_t2m/R02 22.87%  v_t2m/R03 32.02%  v_t2m/R05 41.36%  v_t2m/R10 55.49%  v_t2m/MedR 8.0%  v_m2t/len 1530  v_m2t/R01 21.23%  v_m2t/R02 23.53%  v_m2t/R03 32.02%  v_m2t/R05 40.59%  v_m2t/R10 53.65%  v_m2t/MedR 9.0%
[21/04/26 03:49:17][src.callback.progress][INFO] - Epoch 358 step 68750/192: loss 9.488e-02
[21/04/26 03:49:27][src.callback.progress][INFO] - Epoch 358 step 68800/192: loss 9.949e-02
[21/04/26 03:49:38][src.callback.progress][INFO] - Epoch 358 step 68850/192: loss 9.554e-02
[21/04/26 03:49:48][src.callback.progress][INFO] - Epoch 358 step 68900/192: loss 1.039e-01
[21/04/26 03:49:56][src.callback.progress][INFO] - Epoch 358: v_recons 1.865e-01  recons 8.960e-02  v_loss 3.772e-01  loss 1.017e-01  v_latent 1.201e+00  latent 6.556e-01  v_kl 7.705e+01  kl 3.212e+01  v_contrastive 1.899e+00  contrastive 1.181e-01  v_t2m/len 1530  v_t2m/R01 18.5%  v_t2m/R02 23.01%  v_t2m/R03 31.89%  v_t2m/R05 41.9%  v_t2m/R10 55.68%  v_t2m/MedR 8.0%  v_m2t/len 1530  v_m2t/R01 20.71%  v_m2t/R02 23.53%  v_m2t/R03 31.82%  v_m2t/R05 41.36%  v_m2t/R10 53.99%  v_m2t/MedR 9.0%
[21/04/26 03:50:05][src.callback.progress][INFO] - Epoch 359 step 68950/192: loss 1.000e-01
[21/04/26 03:50:15][src.callback.progress][INFO] - Epoch 359 step 69000/192: loss 1.058e-01
[21/04/26 03:50:26][src.callback.progress][INFO] - Epoch 359 step 69050/192: loss 9.333e-02
[21/04/26 03:50:36][src.callback.progress][INFO] - Epoch 359 step 69100/192: loss 9.259e-02
[21/04/26 03:50:42][src.callback.progress][INFO] - Epoch 359: v_recons 1.875e-01  recons 8.967e-02  v_loss 3.761e-01  loss 1.016e-01  v_latent 1.199e+00  latent 6.540e-01  v_kl 7.622e+01  kl 3.200e+01  v_contrastive 1.879e+00  contrastive 1.158e-01  v_t2m/len 1530  v_t2m/R01 17.96%  v_t2m/R02 22.8%  v_t2m/R03 30.85%  v_t2m/R05 41.24%  v_t2m/R10 55.22%  v_t2m/MedR 8.0%  v_m2t/len 1530  v_m2t/R01 20.64%  v_m2t/R02 22.68%  v_m2t/R03 32.41%  v_m2t/R05 41.7%  v_m2t/R10 53.65%  v_m2t/MedR 8.5%
[21/04/26 03:50:53][src.callback.progress][INFO] - Epoch 360 step 69150/192: loss 9.377e-02
[21/04/26 03:51:03][src.callback.progress][INFO] - Epoch 360 step 69200/192: loss 9.336e-02
[21/04/26 03:51:13][src.callback.progress][INFO] - Epoch 360 step 69250/192: loss 1.009e-01
[21/04/26 03:51:24][src.callback.progress][INFO] - Epoch 360 step 69300/192: loss 1.149e-01
[21/04/26 03:51:28][src.callback.progress][INFO] - Epoch 360: v_recons 1.863e-01  recons 8.952e-02  v_loss 3.744e-01  loss 1.014e-01  v_latent 1.194e+00  latent 6.535e-01  v_kl 7.587e+01  kl 3.209e+01  v_contrastive 1.873e+00  contrastive 1.155e-01  v_t2m/len 1530  v_t2m/R01 18.17%  v_t2m/R02 25.15%  v_t2m/R03 33.13%  v_t2m/R05 42.75%  v_t2m/R10 55.95%  v_t2m/MedR 8.0%  v_m2t/len 1530  v_m2t/R01 21.3%  v_m2t/R02 23.98%  v_m2t/R03 32.93%  v_m2t/R05 42.68%  v_m2t/R10 54.43%  v_m2t/MedR 8.0%
[21/04/26 03:51:41][src.callback.progress][INFO] - Epoch 361 step 69350/192: loss 9.254e-02
[21/04/26 03:51:51][src.callback.progress][INFO] - Epoch 361 step 69400/192: loss 1.052e-01
[21/04/26 03:52:02][src.callback.progress][INFO] - Epoch 361 step 69450/192: loss 1.036e-01
[21/04/26 03:52:12][src.callback.progress][INFO] - Epoch 361 step 69500/192: loss 9.832e-02
[21/04/26 03:52:15][src.callback.progress][INFO] - Epoch 361: v_recons 1.869e-01  recons 8.962e-02  v_loss 3.746e-01  loss 1.014e-01  v_latent 1.203e+00  latent 6.538e-01  v_kl 7.680e+01  kl 3.212e+01  v_contrastive 1.869e+00  contrastive 1.147e-01  v_t2m/len 1530  v_t2m/R01 16.79%  v_t2m/R02 22.61%  v_t2m/R03 30.38%  v_t2m/R05 40.38%  v_t2m/R10 55.95%  v_t2m/MedR 8.0%  v_m2t/len 1530  v_m2t/R01 19.54%  v_m2t/R02 22.47%  v_m2t/R03 32.15%  v_m2t/R05 41.83%  v_m2t/R10 53.0%  v_m2t/MedR 9.0%
[21/04/26 03:52:29][src.callback.progress][INFO] - Epoch 362 step 69550/192: loss 1.087e-01
[21/04/26 03:52:39][src.callback.progress][INFO] - Epoch 362 step 69600/192: loss 1.086e-01
[21/04/26 03:52:50][src.callback.progress][INFO] - Epoch 362 step 69650/192: loss 9.533e-02
[21/04/26 03:53:01][src.callback.progress][INFO] - Epoch 362: v_recons 1.884e-01  recons 8.934e-02  v_loss 3.746e-01  loss 1.011e-01  v_latent 1.200e+00  latent 6.528e-01  v_kl 7.716e+01  kl 3.225e+01  v_contrastive 1.854e+00  contrastive 1.142e-01  v_t2m/len 1530  v_t2m/R01 18.43%  v_t2m/R02 23.45%  v_t2m/R03 32.34%  v_t2m/R05 42.68%  v_t2m/R10 56.0%  v_t2m/MedR 8.0%  v_m2t/len 1530  v_m2t/R01 20.52%  v_m2t/R02 23.72%  v_m2t/R03 32.81%  v_m2t/R05 43.4%  v_m2t/R10 54.9%  v_m2t/MedR 8.0%
[21/04/26 03:53:07][src.callback.progress][INFO] - Epoch 363 step 69700/192: loss 1.056e-01
[21/04/26 03:53:17][src.callback.progress][INFO] - Epoch 363 step 69750/192: loss 1.021e-01
[21/04/26 03:53:28][src.callback.progress][INFO] - Epoch 363 step 69800/192: loss 9.329e-02
[21/04/26 03:53:38][src.callback.progress][INFO] - Epoch 363 step 69850/192: loss 1.085e-01
[21/04/26 03:53:47][src.callback.progress][INFO] - Epoch 363: v_recons 1.873e-01  recons 8.959e-02  v_loss 3.770e-01  loss 1.016e-01  v_latent 1.204e+00  latent 6.595e-01  v_kl 7.712e+01  kl 3.261e+01  v_contrastive 1.889e+00  contrastive 1.171e-01  v_t2m/len 1530  v_t2m/R01 18.55%  v_t2m/R02 24.51%  v_t2m/R03 32.09%  v_t2m/R05 41.75%  v_t2m/R10 54.31%  v_t2m/MedR 9.0%  v_m2t/len 1530  v_m2t/R01 19.87%  v_m2t/R02 23.27%  v_m2t/R03 31.89%  v_m2t/R05 42.09%  v_m2t/R10 52.68%  v_m2t/MedR 9.0%
[21/04/26 03:53:55][src.callback.progress][INFO] - Epoch 364 step 69900/192: loss 1.110e-01
[21/04/26 03:54:05][src.callback.progress][INFO] - Epoch 364 step 69950/192: loss 1.040e-01
[21/04/26 03:54:16][src.callback.progress][INFO] - Epoch 364 step 70000/192: loss 1.020e-01
[21/04/26 03:54:26][src.callback.progress][INFO] - Epoch 364 step 70050/192: loss 8.369e-02
[21/04/26 03:54:34][src.callback.progress][INFO] - Epoch 364: v_recons 1.876e-01  recons 8.943e-02  v_loss 3.786e-01  loss 1.013e-01  v_latent 1.209e+00  latent 6.551e-01  v_kl 7.736e+01  kl 3.225e+01  v_contrastive 1.902e+00  contrastive 1.157e-01  v_t2m/len 1530  v_t2m/R01 17.96%  v_t2m/R02 23.86%  v_t2m/R03 31.7%  v_t2m/R05 40.97%  v_t2m/R10 55.15%  v_t2m/MedR 9.0%  v_m2t/len 1530  v_m2t/R01 20.38%  v_m2t/R02 23.39%  v_m2t/R03 32.34%  v_m2t/R05 41.63%  v_m2t/R10 53.2%  v_m2t/MedR 9.0%
[21/04/26 03:54:43][src.callback.progress][INFO] - Epoch 365 step 70100/192: loss 9.855e-02
[21/04/26 03:54:53][src.callback.progress][INFO] - Epoch 365 step 70150/192: loss 9.753e-02
[21/04/26 03:55:04][src.callback.progress][INFO] - Epoch 365 step 70200/192: loss 9.629e-02
[21/04/26 03:55:14][src.callback.progress][INFO] - Epoch 365 step 70250/192: loss 1.058e-01
[21/04/26 03:55:20][src.callback.progress][INFO] - Epoch 365: v_recons 1.868e-01  recons 8.899e-02  v_loss 3.741e-01  loss 1.010e-01  v_latent 1.207e+00  latent 6.550e-01  v_kl 7.712e+01  kl 3.229e+01  v_contrastive 1.865e+00  contrastive 1.166e-01  v_t2m/len 1530  v_t2m/R01 18.37%  v_t2m/R02 23.53%  v_t2m/R03 31.56%  v_t2m/R05 41.5%  v_t2m/R10 55.22%  v_t2m/MedR 8.0%  v_m2t/len 1530  v_m2t/R01 19.79%  v_m2t/R02 23.01%  v_m2t/R03 33.2%  v_m2t/R05 42.88%  v_m2t/R10 53.79%  v_m2t/MedR 8.0%
[21/04/26 03:55:31][src.callback.progress][INFO] - Epoch 366 step 70300/192: loss 9.356e-02
[21/04/26 03:55:41][src.callback.progress][INFO] - Epoch 366 step 70350/192: loss 1.016e-01
[21/04/26 03:55:52][src.callback.progress][INFO] - Epoch 366 step 70400/192: loss 1.081e-01
[21/04/26 03:56:02][src.callback.progress][INFO] - Epoch 366 step 70450/192: loss 9.448e-02
[21/04/26 03:56:07][src.callback.progress][INFO] - Epoch 366: v_recons 1.848e-01  recons 8.892e-02  v_loss 3.733e-01  loss 1.005e-01  v_latent 1.210e+00  latent 6.547e-01  v_kl 7.815e+01  kl 3.233e+01  v_contrastive 1.877e+00  contrastive 1.126e-01  v_t2m/len 1530  v_t2m/R01 18.37%  v_t2m/R02 24.04%  v_t2m/R03 32.93%  v_t2m/R05 40.91%  v_t2m/R10 55.15%  v_t2m/MedR 9.0%  v_m2t/len 1530  v_m2t/R01 20.59%  v_m2t/R02 22.87%  v_m2t/R03 32.02%  v_m2t/R05 40.97%  v_m2t/R10 53.65%  v_m2t/MedR 9.0%
[21/04/26 03:56:19][src.callback.progress][INFO] - Epoch 367 step 70500/192: loss 1.015e-01
[21/04/26 03:56:30][src.callback.progress][INFO] - Epoch 367 step 70550/192: loss 9.324e-02
[21/04/26 03:56:40][src.callback.progress][INFO] - Epoch 367 step 70600/192: loss 9.572e-02
[21/04/26 03:56:50][src.callback.progress][INFO] - Epoch 367 step 70650/192: loss 8.646e-02
[21/04/26 03:56:53][src.callback.progress][INFO] - Epoch 367: v_recons 1.863e-01  recons 8.918e-02  v_loss 3.757e-01  loss 1.008e-01  v_latent 1.200e+00  latent 6.544e-01  v_kl 7.726e+01  kl 3.239e+01  v_contrastive 1.886e+00  contrastive 1.126e-01  v_t2m/len 1530  v_t2m/R01 18.29%  v_t2m/R02 23.06%  v_t2m/R03 32.54%  v_t2m/R05 41.43%  v_t2m/R10 54.77%  v_t2m/MedR 8.0%  v_m2t/len 1530  v_m2t/R01 20.78%  v_m2t/R02 23.53%  v_m2t/R03 33.06%  v_m2t/R05 42.15%  v_m2t/R10 53.72%  v_m2t/MedR 9.0%
[21/04/26 03:57:08][src.callback.progress][INFO] - Epoch 368 step 70700/192: loss 9.348e-02
[21/04/26 03:57:18][src.callback.progress][INFO] - Epoch 368 step 70750/192: loss 9.516e-02
[21/04/26 03:57:28][src.callback.progress][INFO] - Epoch 368 step 70800/192: loss 9.616e-02
[21/04/26 03:57:40][src.callback.progress][INFO] - Epoch 368: v_recons 1.878e-01  recons 8.935e-02  v_loss 3.771e-01  loss 1.009e-01  v_latent 1.207e+00  latent 6.539e-01  v_kl 7.708e+01  kl 3.242e+01  v_contrastive 1.885e+00  contrastive 1.120e-01  v_t2m/len 1530  v_t2m/R01 19.35%  v_t2m/R02 24.96%  v_t2m/R03 32.02%  v_t2m/R05 41.24%  v_t2m/R10 54.43%  v_t2m/MedR 8.0%  v_m2t/len 1530  v_m2t/R01 20.32%  v_m2t/R02 23.27%  v_m2t/R03 32.34%  v_m2t/R05 42.02%  v_m2t/R10 53.52%  v_m2t/MedR 9.0%
[21/04/26 03:57:46][src.callback.progress][INFO] - Epoch 369 step 70850/192: loss 9.043e-02
[21/04/26 03:57:56][src.callback.progress][INFO] - Epoch 369 step 70900/192: loss 1.061e-01
[21/04/26 03:58:06][src.callback.progress][INFO] - Epoch 369 step 70950/192: loss 1.041e-01
[21/04/26 03:58:17][src.callback.progress][INFO] - Epoch 369 step 71000/192: loss 1.004e-01
[21/04/26 03:58:27][src.callback.progress][INFO] - Epoch 369: v_recons 1.858e-01  recons 8.907e-02  v_loss 3.752e-01  loss 1.009e-01  v_latent 1.210e+00  latent 6.563e-01  v_kl 7.781e+01  kl 3.260e+01  v_contrastive 1.885e+00  contrastive 1.152e-01  v_t2m/len 1530  v_t2m/R01 18.29%  v_t2m/R02 22.87%  v_t2m/R03 31.5%  v_t2m/R05 40.97%  v_t2m/R10 54.77%  v_t2m/MedR 8.0%  v_m2t/len 1530  v_m2t/R01 19.21%  v_m2t/R02 21.89%  v_m2t/R03 31.62%  v_m2t/R05 41.56%  v_m2t/R10 53.4%  v_m2t/MedR 9.0%
[21/04/26 03:58:34][src.callback.progress][INFO] - Epoch 370 step 71050/192: loss 1.219e-01
[21/04/26 03:58:44][src.callback.progress][INFO] - Epoch 370 step 71100/192: loss 9.736e-02
[21/04/26 03:58:54][src.callback.progress][INFO] - Epoch 370 step 71150/192: loss 9.729e-02
[21/04/26 03:59:04][src.callback.progress][INFO] - Epoch 370 step 71200/192: loss 8.980e-02
[21/04/26 03:59:13][src.callback.progress][INFO] - Epoch 370: v_recons 1.877e-01  recons 8.887e-02  v_loss 3.731e-01  loss 1.008e-01  v_latent 1.205e+00  latent 6.555e-01  v_kl 7.712e+01  kl 3.248e+01  v_contrastive 1.847e+00  contrastive 1.159e-01  v_t2m/len 1530  v_t2m/R01 16.67%  v_t2m/R02 21.7%  v_t2m/R03 31.5%  v_t2m/R05 40.33%  v_t2m/R10 54.25%  v_t2m/MedR 8.0%  v_m2t/len 1530  v_m2t/R01 20.0%  v_m2t/R02 23.06%  v_m2t/R03 31.82%  v_m2t/R05 41.75%  v_m2t/R10 53.52%  v_m2t/MedR 9.0%
[21/04/26 03:59:22][src.callback.progress][INFO] - Epoch 371 step 71250/192: loss 1.184e-01
[21/04/26 03:59:32][src.callback.progress][INFO] - Epoch 371 step 71300/192: loss 1.044e-01
[21/04/26 03:59:42][src.callback.progress][INFO] - Epoch 371 step 71350/192: loss 9.909e-02
[21/04/26 03:59:53][src.callback.progress][INFO] - Epoch 371 step 71400/192: loss 8.898e-02
[21/04/26 03:59:59][src.callback.progress][INFO] - Epoch 371: v_recons 1.872e-01  recons 8.824e-02  v_loss 3.728e-01  loss 9.983e-02  v_latent 1.203e+00  latent 6.542e-01  v_kl 7.767e+01  kl 3.243e+01  v_contrastive 1.849e+00  contrastive 1.126e-01  v_t2m/len 1530  v_t2m/R01 18.29%  v_t2m/R02 23.2%  v_t2m/R03 31.04%  v_t2m/R05 40.97%  v_t2m/R10 53.79%  v_t2m/MedR 9.0%  v_m2t/len 1530  v_m2t/R01 19.79%  v_m2t/R02 22.21%  v_m2t/R03 31.5%  v_m2t/R05 40.77%  v_m2t/R10 53.65%  v_m2t/MedR 9.0%
[21/04/26 04:00:10][src.callback.progress][INFO] - Epoch 372 step 71450/192: loss 9.795e-02
[21/04/26 04:00:20][src.callback.progress][INFO] - Epoch 372 step 71500/192: loss 1.047e-01
[21/04/26 04:00:30][src.callback.progress][INFO] - Epoch 372 step 71550/192: loss 1.067e-01
[21/04/26 04:00:41][src.callback.progress][INFO] - Epoch 372 step 71600/192: loss 1.067e-01
[21/04/26 04:00:46][src.callback.progress][INFO] - Epoch 372: v_recons 1.875e-01  recons 8.838e-02  v_loss 3.746e-01  loss 9.992e-02  v_latent 1.210e+00  latent 6.522e-01  v_kl 7.698e+01  kl 3.241e+01  v_contrastive 1.863e+00  contrastive 1.121e-01  v_t2m/len 1530  v_t2m/R01 17.25%  v_t2m/R02 22.68%  v_t2m/R03 31.04%  v_t2m/R05 41.75%  v_t2m/R10 54.84%  v_t2m/MedR 8.0%  v_m2t/len 1530  v_m2t/R01 20.45%  v_m2t/R02 23.32%  v_m2t/R03 31.7%  v_m2t/R05 41.31%  v_m2t/R10 53.52%  v_m2t/MedR 9.0%
[21/04/26 04:00:58][src.callback.progress][INFO] - Epoch 373 step 71650/192: loss 9.553e-02
[21/04/26 04:01:09][src.callback.progress][INFO] - Epoch 373 step 71700/192: loss 1.075e-01
[21/04/26 04:01:19][src.callback.progress][INFO] - Epoch 373 step 71750/192: loss 1.066e-01
[21/04/26 04:01:29][src.callback.progress][INFO] - Epoch 373 step 71800/192: loss 9.496e-02
[21/04/26 04:01:32][src.callback.progress][INFO] - Epoch 373: v_recons 1.867e-01  recons 8.810e-02  v_loss 3.761e-01  loss 9.941e-02  v_latent 1.213e+00  latent 6.532e-01  v_kl 7.816e+01  kl 3.256e+01  v_contrastive 1.887e+00  contrastive 1.098e-01  v_t2m/len 1530  v_t2m/R01 19.14%  v_t2m/R02 23.79%  v_t2m/R03 32.29%  v_t2m/R05 41.56%  v_t2m/R10 53.79%  v_t2m/MedR 9.0%  v_m2t/len 1530  v_m2t/R01 20.45%  v_m2t/R02 23.79%  v_m2t/R03 32.88%  v_m2t/R05 41.56%  v_m2t/R10 53.65%  v_m2t/MedR 9.0%
[21/04/26 04:01:46][src.callback.progress][INFO] - Epoch 374 step 71850/192: loss 1.093e-01
[21/04/26 04:01:57][src.callback.progress][INFO] - Epoch 374 step 71900/192: loss 1.161e-01
[21/04/26 04:02:07][src.callback.progress][INFO] - Epoch 374 step 71950/192: loss 1.019e-01
[21/04/26 04:02:17][src.callback.progress][INFO] - Epoch 374 step 72000/192: loss 9.147e-02
[21/04/26 04:02:19][src.callback.progress][INFO] - Epoch 374: v_recons 1.870e-01  recons 8.889e-02  v_loss 3.737e-01  loss 1.007e-01  v_latent 1.209e+00  latent 6.577e-01  v_kl 7.829e+01  kl 3.275e+01  v_contrastive 1.859e+00  contrastive 1.143e-01  v_t2m/len 1530  v_t2m/R01 16.93%  v_t2m/R02 23.06%  v_t2m/R03 31.37%  v_t2m/R05 40.84%  v_t2m/R10 55.75%  v_t2m/MedR 8.0%  v_m2t/len 1530  v_m2t/R01 21.37%  v_m2t/R02 24.63%  v_m2t/R03 33.91%  v_m2t/R05 41.95%  v_m2t/R10 54.04%  v_m2t/MedR 9.0%
[21/04/26 04:02:34][src.callback.progress][INFO] - Epoch 375 step 72050/192: loss 9.318e-02
[21/04/26 04:02:45][src.callback.progress][INFO] - Epoch 375 step 72100/192: loss 8.390e-02
[21/04/26 04:02:55][src.callback.progress][INFO] - Epoch 375 step 72150/192: loss 1.085e-01
[21/04/26 04:03:05][src.callback.progress][INFO] - Epoch 375: v_recons 1.881e-01  recons 8.798e-02  v_loss 3.741e-01  loss 9.938e-02  v_latent 1.210e+00  latent 6.535e-01  v_kl 7.854e+01  kl 3.248e+01  v_contrastive 1.852e+00  contrastive 1.107e-01  v_t2m/len 1530  v_t2m/R01 18.29%  v_t2m/R02 25.1%  v_t2m/R03 31.5%  v_t2m/R05 42.29%  v_t2m/R10 55.49%  v_t2m/MedR 8.0%  v_m2t/len 1530  v_m2t/R01 20.32%  v_m2t/R02 22.94%  v_m2t/R03 31.18%  v_m2t/R05 41.31%  v_m2t/R10 53.45%  v_m2t/MedR 9.0%
[21/04/26 04:03:13][src.callback.progress][INFO] - Epoch 376 step 72200/192: loss 9.975e-02
[21/04/26 04:03:23][src.callback.progress][INFO] - Epoch 376 step 72250/192: loss 8.478e-02
[21/04/26 04:03:33][src.callback.progress][INFO] - Epoch 376 step 72300/192: loss 1.039e-01
[21/04/26 04:03:44][src.callback.progress][INFO] - Epoch 376 step 72350/192: loss 1.090e-01
[21/04/26 04:03:53][src.callback.progress][INFO] - Epoch 376: v_recons 1.884e-01  recons 8.778e-02  v_loss 3.762e-01  loss 9.907e-02  v_latent 1.213e+00  latent 6.507e-01  v_kl 7.812e+01  kl 3.256e+01  v_contrastive 1.871e+00  contrastive 1.096e-01  v_t2m/len 1530  v_t2m/R01 19.35%  v_t2m/R02 23.65%  v_t2m/R03 31.89%  v_t2m/R05 41.63%  v_t2m/R10 56.2%  v_t2m/MedR 8.0%  v_m2t/len 1530  v_m2t/R01 19.87%  v_m2t/R02 22.42%  v_m2t/R03 31.7%  v_m2t/R05 40.72%  v_m2t/R10 53.65%  v_m2t/MedR 9.0%
[21/04/26 04:04:01][src.callback.progress][INFO] - Epoch 377 step 72400/192: loss 9.853e-02
[21/04/26 04:04:11][src.callback.progress][INFO] - Epoch 377 step 72450/192: loss 1.143e-01
[21/04/26 04:04:22][src.callback.progress][INFO] - Epoch 377 step 72500/192: loss 1.001e-01
[21/04/26 04:04:32][src.callback.progress][INFO] - Epoch 377 step 72550/192: loss 1.048e-01
[21/04/26 04:04:39][src.callback.progress][INFO] - Epoch 377: v_recons 1.892e-01  recons 8.785e-02  v_loss 3.778e-01  loss 9.931e-02  v_latent 1.218e+00  latent 6.518e-01  v_kl 7.863e+01  kl 3.255e+01  v_contrastive 1.878e+00  contrastive 1.113e-01  v_t2m/len 1530  v_t2m/R01 18.95%  v_t2m/R02 23.45%  v_t2m/R03 31.7%  v_t2m/R05 41.75%  v_t2m/R10 55.15%  v_t2m/MedR 9.0%  v_m2t/len 1530  v_m2t/R01 19.47%  v_m2t/R02 23.01%  v_m2t/R03 32.54%  v_m2t/R05 41.04%  v_m2t/R10 53.45%  v_m2t/MedR 9.0%
[21/04/26 04:04:49][src.callback.progress][INFO] - Epoch 378 step 72600/192: loss 1.026e-01
[21/04/26 04:04:59][src.callback.progress][INFO] - Epoch 378 step 72650/192: loss 9.588e-02
[21/04/26 04:05:10][src.callback.progress][INFO] - Epoch 378 step 72700/192: loss 1.064e-01
[21/04/26 04:05:20][src.callback.progress][INFO] - Epoch 378 step 72750/192: loss 9.907e-02
[21/04/26 04:05:25][src.callback.progress][INFO] - Epoch 378: v_recons 1.890e-01  recons 8.813e-02  v_loss 3.781e-01  loss 9.956e-02  v_latent 1.224e+00  latent 6.549e-01  v_kl 7.911e+01  kl 3.267e+01  v_contrastive 1.883e+00  contrastive 1.110e-01  v_t2m/len 1530  v_t2m/R01 17.9%  v_t2m/R02 24.04%  v_t2m/R03 31.82%  v_t2m/R05 40.2%  v_t2m/R10 54.38%  v_t2m/MedR 9.0%  v_m2t/len 1530  v_m2t/R01 21.04%  v_m2t/R02 24.25%  v_m2t/R03 32.93%  v_m2t/R05 41.75%  v_m2t/R10 53.72%  v_m2t/MedR 9.0%
[21/04/26 04:05:37][src.callback.progress][INFO] - Epoch 379 step 72800/192: loss 9.579e-02
[21/04/26 04:05:48][src.callback.progress][INFO] - Epoch 379 step 72850/192: loss 9.276e-02
[21/04/26 04:05:58][src.callback.progress][INFO] - Epoch 379 step 72900/192: loss 1.064e-01
[21/04/26 04:06:08][src.callback.progress][INFO] - Epoch 379 step 72950/192: loss 9.842e-02
[21/04/26 04:06:12][src.callback.progress][INFO] - Epoch 379: v_recons 1.883e-01  recons 8.769e-02  v_loss 3.792e-01  loss 9.909e-02  v_latent 1.223e+00  latent 6.545e-01  v_kl 7.921e+01  kl 3.278e+01  v_contrastive 1.901e+00  contrastive 1.107e-01  v_t2m/len 1530  v_t2m/R01 16.67%  v_t2m/R02 22.03%  v_t2m/R03 31.56%  v_t2m/R05 40.97%  v_t2m/R10 54.38%  v_t2m/MedR 9.0%  v_m2t/len 1530  v_m2t/R01 21.11%  v_m2t/R02 23.65%  v_m2t/R03 32.22%  v_m2t/R05 40.77%  v_m2t/R10 53.86%  v_m2t/MedR 9.0%
[21/04/26 04:06:26][src.callback.progress][INFO] - Epoch 380 step 73000/192: loss 1.057e-01
[21/04/26 04:06:36][src.callback.progress][INFO] - Epoch 380 step 73050/192: loss 8.583e-02
[21/04/26 04:06:46][src.callback.progress][INFO] - Epoch 380 step 73100/192: loss 1.123e-01
[21/04/26 04:06:57][src.callback.progress][INFO] - Epoch 380 step 73150/192: loss 1.037e-01
[21/04/26 04:06:59][src.callback.progress][INFO] - Epoch 380: v_recons 1.875e-01  recons 8.766e-02  v_loss 3.756e-01  loss 9.895e-02  v_latent 1.219e+00  latent 6.517e-01  v_kl 7.934e+01  kl 3.257e+01  v_contrastive 1.873e+00  contrastive 1.096e-01  v_t2m/len 1530  v_t2m/R01 17.25%  v_t2m/R02 22.47%  v_t2m/R03 30.64%  v_t2m/R05 41.24%  v_t2m/R10 54.77%  v_t2m/MedR 8.0%  v_m2t/len 1530  v_m2t/R01 20.38%  v_m2t/R02 22.47%  v_m2t/R03 31.76%  v_m2t/R05 40.91%  v_m2t/R10 52.93%  v_m2t/MedR 9.0%
[21/04/26 04:07:14][src.callback.progress][INFO] - Epoch 381 step 73200/192: loss 9.852e-02
[21/04/26 04:07:24][src.callback.progress][INFO] - Epoch 381 step 73250/192: loss 9.909e-02
[21/04/26 04:07:34][src.callback.progress][INFO] - Epoch 381 step 73300/192: loss 1.037e-01
[21/04/26 04:07:45][src.callback.progress][INFO] - Epoch 381: v_recons 1.875e-01  recons 8.762e-02  v_loss 3.767e-01  loss 9.910e-02  v_latent 1.224e+00  latent 6.549e-01  v_kl 7.922e+01  kl 3.280e+01  v_contrastive 1.884e+00  contrastive 1.115e-01  v_t2m/len 1530  v_t2m/R01 16.98%  v_t2m/R02 22.35%  v_t2m/R03 31.62%  v_t2m/R05 41.5%  v_t2m/R10 54.97%  v_t2m/MedR 8.0%  v_m2t/len 1530  v_m2t/R01 20.06%  v_m2t/R02 22.61%  v_m2t/R03 31.56%  v_m2t/R05 41.18%  v_m2t/R10 52.54%  v_m2t/MedR 9.0%
[21/04/26 04:07:52][src.callback.progress][INFO] - Epoch 382 step 73350/192: loss 9.069e-02
[21/04/26 04:08:02][src.callback.progress][INFO] - Epoch 382 step 73400/192: loss 1.030e-01
[21/04/26 04:08:13][src.callback.progress][INFO] - Epoch 382 step 73450/192: loss 9.099e-02
[21/04/26 04:08:23][src.callback.progress][INFO] - Epoch 382 step 73500/192: loss 1.095e-01
[21/04/26 04:08:32][src.callback.progress][INFO] - Epoch 382: v_recons 1.877e-01  recons 8.734e-02  v_loss 3.802e-01  loss 9.861e-02  v_latent 1.230e+00  latent 6.526e-01  v_kl 8.028e+01  kl 3.271e+01  v_contrastive 1.917e+00  contrastive 1.094e-01  v_t2m/len 1530  v_t2m/R01 18.76%  v_t2m/R02 23.92%  v_t2m/R03 31.89%  v_t2m/R05 42.09%  v_t2m/R10 55.41%  v_t2m/MedR 8.0%  v_m2t/len 1530  v_m2t/R01 20.92%  v_m2t/R02 23.13%  v_m2t/R03 32.41%  v_m2t/R05 40.97%  v_m2t/R10 52.93%  v_m2t/MedR 9.0%
[21/04/26 04:08:40][src.callback.progress][INFO] - Epoch 383 step 73550/192: loss 9.463e-02
[21/04/26 04:08:51][src.callback.progress][INFO] - Epoch 383 step 73600/192: loss 8.876e-02
[21/04/26 04:09:01][src.callback.progress][INFO] - Epoch 383 step 73650/192: loss 9.253e-02
[21/04/26 04:09:11][src.callback.progress][INFO] - Epoch 383 step 73700/192: loss 9.791e-02
[21/04/26 04:09:19][src.callback.progress][INFO] - Epoch 383: v_recons 1.869e-01  recons 8.739e-02  v_loss 3.762e-01  loss 9.850e-02  v_latent 1.228e+00  latent 6.531e-01  v_kl 7.995e+01  kl 3.276e+01  v_contrastive 1.885e+00  contrastive 1.078e-01  v_t2m/len 1530  v_t2m/R01 18.04%  v_t2m/R02 22.75%  v_t2m/R03 32.47%  v_t2m/R05 42.81%  v_t2m/R10 55.15%  v_t2m/MedR 8.0%  v_m2t/len 1530  v_m2t/R01 20.64%  v_m2t/R02 23.79%  v_m2t/R03 32.29%  v_m2t/R05 40.72%  v_m2t/R10 52.93%  v_m2t/MedR 9.0%
[21/04/26 04:09:29][src.callback.progress][INFO] - Epoch 384 step 73750/192: loss 1.055e-01
[21/04/26 04:09:39][src.callback.progress][INFO] - Epoch 384 step 73800/192: loss 1.051e-01
[21/04/26 04:09:49][src.callback.progress][INFO] - Epoch 384 step 73850/192: loss 9.887e-02
[21/04/26 04:10:00][src.callback.progress][INFO] - Epoch 384 step 73900/192: loss 1.087e-01
[21/04/26 04:10:06][src.callback.progress][INFO] - Epoch 384: v_recons 1.877e-01  recons 8.766e-02  v_loss 3.767e-01  loss 9.913e-02  v_latent 1.224e+00  latent 6.556e-01  v_kl 7.985e+01  kl 3.303e+01  v_contrastive 1.881e+00  contrastive 1.114e-01  v_t2m/len 1530  v_t2m/R01 18.43%  v_t2m/R02 23.06%  v_t2m/R03 32.75%  v_t2m/R05 42.22%  v_t2m/R10 55.41%  v_t2m/MedR 8.0%  v_m2t/len 1530  v_m2t/R01 20.59%  v_m2t/R02 23.72%  v_m2t/R03 33.0%  v_m2t/R05 41.11%  v_m2t/R10 54.11%  v_m2t/MedR 9.0%
[21/04/26 04:10:17][src.callback.progress][INFO] - Epoch 385 step 73950/192: loss 9.757e-02
[21/04/26 04:10:27][src.callback.progress][INFO] - Epoch 385 step 74000/192: loss 9.787e-02
[21/04/26 04:10:37][src.callback.progress][INFO] - Epoch 385 step 74050/192: loss 1.105e-01
[21/04/26 04:10:48][src.callback.progress][INFO] - Epoch 385 step 74100/192: loss 9.300e-02
[21/04/26 04:10:52][src.callback.progress][INFO] - Epoch 385: v_recons 1.888e-01  recons 8.775e-02  v_loss 3.777e-01  loss 9.910e-02  v_latent 1.224e+00  latent 6.575e-01  v_kl 8.006e+01  kl 3.318e+01  v_contrastive 1.881e+00  contrastive 1.101e-01  v_t2m/len 1530  v_t2m/R01 17.64%  v_t2m/R02 23.32%  v_t2m/R03 33.13%  v_t2m/R05 43.06%  v_t2m/R10 54.9%  v_t2m/MedR 8.0%  v_m2t/len 1530  v_m2t/R01 20.45%  v_m2t/R02 23.39%  v_m2t/R03 32.75%  v_m2t/R05 41.9%  v_m2t/R10 54.84%  v_m2t/MedR 9.0%
[21/04/26 04:11:05][src.callback.progress][INFO] - Epoch 386 step 74150/192: loss 9.275e-02
[21/04/26 04:11:15][src.callback.progress][INFO] - Epoch 386 step 74200/192: loss 9.532e-02
[21/04/26 04:11:25][src.callback.progress][INFO] - Epoch 386 step 74250/192: loss 1.034e-01
[21/04/26 04:11:35][src.callback.progress][INFO] - Epoch 386 step 74300/192: loss 1.034e-01
[21/04/26 04:11:38][src.callback.progress][INFO] - Epoch 386: v_recons 1.883e-01  recons 8.741e-02  v_loss 3.777e-01  loss 9.865e-02  v_latent 1.225e+00  latent 6.549e-01  v_kl 7.953e+01  kl 3.303e+01  v_contrastive 1.887e+00  contrastive 1.090e-01  v_t2m/len 1530  v_t2m/R01 18.23%  v_t2m/R02 23.53%  v_t2m/R03 31.7%  v_t2m/R05 40.97%  v_t2m/R10 53.99%  v_t2m/MedR 9.0%  v_m2t/len 1530  v_m2t/R01 20.06%  v_m2t/R02 23.27%  v_m2t/R03 32.41%  v_m2t/R05 41.9%  v_m2t/R10 54.5%  v_m2t/MedR 8.0%
[21/04/26 04:11:53][src.callback.progress][INFO] - Epoch 387 step 74350/192: loss 8.804e-02
[21/04/26 04:12:03][src.callback.progress][INFO] - Epoch 387 step 74400/192: loss 1.008e-01
[21/04/26 04:12:13][src.callback.progress][INFO] - Epoch 387 step 74450/192: loss 8.716e-02
[21/04/26 04:12:25][src.callback.progress][INFO] - Epoch 387: v_recons 1.881e-01  recons 8.733e-02  v_loss 3.798e-01  loss 9.875e-02  v_latent 1.232e+00  latent 6.576e-01  v_kl 8.030e+01  kl 3.326e+01  v_contrastive 1.908e+00  contrastive 1.108e-01  v_t2m/len 1530  v_t2m/R01 17.84%  v_t2m/R02 23.2%  v_t2m/R03 31.23%  v_t2m/R05 41.36%  v_t2m/R10 54.7%  v_t2m/MedR 9.0%  v_m2t/len 1530  v_m2t/R01 20.38%  v_m2t/R02 23.45%  v_m2t/R03 32.75%  v_m2t/R05 42.02%  v_m2t/R10 53.72%  v_m2t/MedR 8.0%
[21/04/26 04:12:30][src.callback.progress][INFO] - Epoch 388 step 74500/192: loss 1.011e-01
[21/04/26 04:12:41][src.callback.progress][INFO] - Epoch 388 step 74550/192: loss 9.594e-02
[21/04/26 04:12:51][src.callback.progress][INFO] - Epoch 388 step 74600/192: loss 8.812e-02
[21/04/26 04:13:01][src.callback.progress][INFO] - Epoch 388 step 74650/192: loss 9.827e-02
[21/04/26 04:13:11][src.callback.progress][INFO] - Epoch 388: v_recons 1.882e-01  recons 8.743e-02  v_loss 3.785e-01  loss 9.899e-02  v_latent 1.230e+00  latent 6.585e-01  v_kl 7.959e+01  kl 3.328e+01  v_contrastive 1.895e+00  contrastive 1.122e-01  v_t2m/len 1530  v_t2m/R01 17.31%  v_t2m/R02 22.35%  v_t2m/R03 31.95%  v_t2m/R05 42.22%  v_t2m/R10 55.95%  v_t2m/MedR 8.0%  v_m2t/len 1530  v_m2t/R01 19.67%  v_m2t/R02 22.87%  v_m2t/R03 33.13%  v_m2t/R05 42.75%  v_m2t/R10 54.04%  v_m2t/MedR 9.0%
[21/04/26 04:13:18][src.callback.progress][INFO] - Epoch 389 step 74700/192: loss 1.020e-01
[21/04/26 04:13:29][src.callback.progress][INFO] - Epoch 389 step 74750/192: loss 1.149e-01
[21/04/26 04:13:39][src.callback.progress][INFO] - Epoch 389 step 74800/192: loss 9.867e-02
[21/04/26 04:13:50][src.callback.progress][INFO] - Epoch 389 step 74850/192: loss 1.019e-01
[21/04/26 04:13:58][src.callback.progress][INFO] - Epoch 389: v_recons 1.872e-01  recons 8.701e-02  v_loss 3.769e-01  loss 9.805e-02  v_latent 1.229e+00  latent 6.538e-01  v_kl 8.046e+01  kl 3.294e+01  v_contrastive 1.890e+00  contrastive 1.071e-01  v_t2m/len 1530  v_t2m/R01 18.43%  v_t2m/R02 23.92%  v_t2m/R03 33.33%  v_t2m/R05 42.47%  v_t2m/R10 57.25%  v_t2m/MedR 8.0%  v_m2t/len 1530  v_m2t/R01 20.06%  v_m2t/R02 22.68%  v_m2t/R03 32.34%  v_m2t/R05 42.41%  v_m2t/R10 55.88%  v_m2t/MedR 8.0%
[21/04/26 04:14:07][src.callback.progress][INFO] - Epoch 390 step 74900/192: loss 1.001e-01
[21/04/26 04:14:18][src.callback.progress][INFO] - Epoch 390 step 74950/192: loss 9.281e-02
[21/04/26 04:14:28][src.callback.progress][INFO] - Epoch 390 step 75000/192: loss 1.028e-01
[21/04/26 04:14:38][src.callback.progress][INFO] - Epoch 390 step 75050/192: loss 9.164e-02
[21/04/26 04:14:45][src.callback.progress][INFO] - Epoch 390: v_recons 1.877e-01  recons 8.659e-02  v_loss 3.769e-01  loss 9.761e-02  v_latent 1.227e+00  latent 6.494e-01  v_kl 8.112e+01  kl 3.286e+01  v_contrastive 1.884e+00  contrastive 1.068e-01  v_t2m/len 1530  v_t2m/R01 17.19%  v_t2m/R02 23.13%  v_t2m/R03 32.09%  v_t2m/R05 41.75%  v_t2m/R10 56.59%  v_t2m/MedR 8.0%  v_m2t/len 1530  v_m2t/R01 20.38%  v_m2t/R02 23.32%  v_m2t/R03 32.34%  v_m2t/R05 41.5%  v_m2t/R10 53.06%  v_m2t/MedR 9.0%
[21/04/26 04:14:56][src.callback.progress][INFO] - Epoch 391 step 75100/192: loss 9.338e-02
[21/04/26 04:15:06][src.callback.progress][INFO] - Epoch 391 step 75150/192: loss 9.015e-02
[21/04/26 04:15:17][src.callback.progress][INFO] - Epoch 391 step 75200/192: loss 8.799e-02
[21/04/26 04:15:27][src.callback.progress][INFO] - Epoch 391 step 75250/192: loss 9.996e-02
[21/04/26 04:15:32][src.callback.progress][INFO] - Epoch 391: v_recons 1.886e-01  recons 8.657e-02  v_loss 3.776e-01  loss 9.758e-02  v_latent 1.229e+00  latent 6.522e-01  v_kl 8.003e+01  kl 3.295e+01  v_contrastive 1.882e+00  contrastive 1.068e-01  v_t2m/len 1530  v_t2m/R01 17.12%  v_t2m/R02 22.35%  v_t2m/R03 32.29%  v_t2m/R05 40.72%  v_t2m/R10 55.41%  v_t2m/MedR 8.5%  v_m2t/len 1530  v_m2t/R01 20.2%  v_m2t/R02 22.87%  v_m2t/R03 32.61%  v_m2t/R05 42.22%  v_m2t/R10 53.59%  v_m2t/MedR 9.0%
[21/04/26 04:15:45][src.callback.progress][INFO] - Epoch 392 step 75300/192: loss 9.610e-02
[21/04/26 04:15:55][src.callback.progress][INFO] - Epoch 392 step 75350/192: loss 9.373e-02
[21/04/26 04:16:06][src.callback.progress][INFO] - Epoch 392 step 75400/192: loss 1.045e-01
[21/04/26 04:16:16][src.callback.progress][INFO] - Epoch 392 step 75450/192: loss 9.876e-02
[21/04/26 04:16:19][src.callback.progress][INFO] - Epoch 392: v_recons 1.882e-01  recons 8.670e-02  v_loss 3.788e-01  loss 9.792e-02  v_latent 1.233e+00  latent 6.537e-01  v_kl 8.083e+01  kl 3.291e+01  v_contrastive 1.897e+00  contrastive 1.088e-01  v_t2m/len 1530  v_t2m/R01 17.78%  v_t2m/R02 23.32%  v_t2m/R03 32.29%  v_t2m/R05 41.24%  v_t2m/R10 54.97%  v_t2m/MedR 8.0%  v_m2t/len 1530  v_m2t/R01 20.45%  v_m2t/R02 22.54%  v_m2t/R03 32.09%  v_m2t/R05 41.75%  v_m2t/R10 54.63%  v_m2t/MedR 8.0%
[21/04/26 04:16:33][src.callback.progress][INFO] - Epoch 393 step 75500/192: loss 9.167e-02
[21/04/26 04:16:44][src.callback.progress][INFO] - Epoch 393 step 75550/192: loss 9.254e-02
[21/04/26 04:16:54][src.callback.progress][INFO] - Epoch 393 step 75600/192: loss 1.019e-01
[21/04/26 04:17:05][src.callback.progress][INFO] - Epoch 393: v_recons 1.883e-01  recons 8.716e-02  v_loss 3.794e-01  loss 9.816e-02  v_latent 1.232e+00  latent 6.558e-01  v_kl 8.115e+01  kl 3.319e+01  v_contrastive 1.903e+00  contrastive 1.066e-01  v_t2m/len 1530  v_t2m/R01 16.98%  v_t2m/R02 23.13%  v_t2m/R03 32.54%  v_t2m/R05 41.9%  v_t2m/R10 55.56%  v_t2m/MedR 8.0%  v_m2t/len 1530  v_m2t/R01 20.59%  v_m2t/R02 23.98%  v_m2t/R03 33.52%  v_m2t/R05 42.81%  v_m2t/R10 53.33%  v_m2t/MedR 9.0%
[21/04/26 04:17:11][src.callback.progress][INFO] - Epoch 394 step 75650/192: loss 9.568e-02
[21/04/26 04:17:22][src.callback.progress][INFO] - Epoch 394 step 75700/192: loss 1.025e-01
[21/04/26 04:17:32][src.callback.progress][INFO] - Epoch 394 step 75750/192: loss 9.640e-02
[21/04/26 04:17:42][src.callback.progress][INFO] - Epoch 394 step 75800/192: loss 9.224e-02
[21/04/26 04:17:52][src.callback.progress][INFO] - Epoch 394: v_recons 1.891e-01  recons 8.655e-02  v_loss 3.823e-01  loss 9.746e-02  v_latent 1.243e+00  latent 6.532e-01  v_kl 8.173e+01  kl 3.308e+01  v_contrastive 1.924e+00  contrastive 1.057e-01  v_t2m/len 1530  v_t2m/R01 17.25%  v_t2m/R02 21.82%  v_t2m/R03 30.71%  v_t2m/R05 41.31%  v_t2m/R10 53.91%  v_t2m/MedR 9.0%  v_m2t/len 1530  v_m2t/R01 20.78%  v_m2t/R02 24.04%  v_m2t/R03 33.33%  v_m2t/R05 41.31%  v_m2t/R10 52.09%  v_m2t/MedR 9.0%
[21/04/26 04:17:59][src.callback.progress][INFO] - Epoch 395 step 75850/192: loss 9.412e-02
[21/04/26 04:18:10][src.callback.progress][INFO] - Epoch 395 step 75900/192: loss 1.032e-01
[21/04/26 04:18:20][src.callback.progress][INFO] - Epoch 395 step 75950/192: loss 1.041e-01
[21/04/26 04:18:30][src.callback.progress][INFO] - Epoch 395 step 76000/192: loss 9.900e-02
[21/04/26 04:18:38][src.callback.progress][INFO] - Epoch 395: v_recons 1.878e-01  recons 8.623e-02  v_loss 3.766e-01  loss 9.716e-02  v_latent 1.235e+00  latent 6.496e-01  v_kl 8.062e+01  kl 3.281e+01  v_contrastive 1.879e+00  contrastive 1.060e-01  v_t2m/len 1530  v_t2m/R01 17.96%  v_t2m/R02 23.13%  v_t2m/R03 31.76%  v_t2m/R05 41.43%  v_t2m/R10 54.9%  v_t2m/MedR 8.0%  v_m2t/len 1530  v_m2t/R01 20.64%  v_m2t/R02 23.53%  v_m2t/R03 32.61%  v_m2t/R05 42.41%  v_m2t/R10 53.79%  v_m2t/MedR 9.0%
[21/04/26 04:18:47][src.callback.progress][INFO] - Epoch 396 step 76050/192: loss 1.069e-01
[21/04/26 04:18:57][src.callback.progress][INFO] - Epoch 396 step 76100/192: loss 9.676e-02
[21/04/26 04:19:08][src.callback.progress][INFO] - Epoch 396 step 76150/192: loss 9.298e-02
[21/04/26 04:19:18][src.callback.progress][INFO] - Epoch 396 step 76200/192: loss 8.715e-02
[21/04/26 04:19:25][src.callback.progress][INFO] - Epoch 396: v_recons 1.876e-01  recons 8.613e-02  v_loss 3.776e-01  loss 9.719e-02  v_latent 1.239e+00  latent 6.536e-01  v_kl 8.185e+01  kl 3.316e+01  v_contrastive 1.892e+00  contrastive 1.072e-01  v_t2m/len 1530  v_t2m/R01 17.64%  v_t2m/R02 22.54%  v_t2m/R03 32.09%  v_t2m/R05 41.11%  v_t2m/R10 54.63%  v_t2m/MedR 8.0%  v_m2t/len 1530  v_m2t/R01 19.79%  v_m2t/R02 21.56%  v_m2t/R03 32.81%  v_m2t/R05 41.04%  v_m2t/R10 52.54%  v_m2t/MedR 9.0%
[21/04/26 04:19:35][src.callback.progress][INFO] - Epoch 397 step 76250/192: loss 1.075e-01
[21/04/26 04:19:46][src.callback.progress][INFO] - Epoch 397 step 76300/192: loss 1.000e-01
[21/04/26 04:19:56][src.callback.progress][INFO] - Epoch 397 step 76350/192: loss 9.274e-02
[21/04/26 04:20:06][src.callback.progress][INFO] - Epoch 397 step 76400/192: loss 1.099e-01
[21/04/26 04:20:11][src.callback.progress][INFO] - Epoch 397: v_recons 1.879e-01  recons 8.606e-02  v_loss 3.772e-01  loss 9.669e-02  v_latent 1.235e+00  latent 6.508e-01  v_kl 8.173e+01  kl 3.305e+01  v_contrastive 1.885e+00  contrastive 1.029e-01  v_t2m/len 1530  v_t2m/R01 17.96%  v_t2m/R02 24.04%  v_t2m/R03 32.68%  v_t2m/R05 42.93%  v_t2m/R10 56.59%  v_t2m/MedR 8.0%  v_m2t/len 1530  v_m2t/R01 19.79%  v_m2t/R02 22.87%  v_m2t/R03 32.93%  v_m2t/R05 43.06%  v_m2t/R10 53.06%  v_m2t/MedR 9.0%
[21/04/26 04:20:23][src.callback.progress][INFO] - Epoch 398 step 76450/192: loss 9.803e-02
[21/04/26 04:20:34][src.callback.progress][INFO] - Epoch 398 step 76500/192: loss 9.308e-02
[21/04/26 04:20:44][src.callback.progress][INFO] - Epoch 398 step 76550/192: loss 9.536e-02
[21/04/26 04:20:54][src.callback.progress][INFO] - Epoch 398 step 76600/192: loss 1.076e-01
[21/04/26 04:20:58][src.callback.progress][INFO] - Epoch 398: v_recons 1.879e-01  recons 8.718e-02  v_loss 3.798e-01  loss 9.882e-02  v_latent 1.238e+00  latent 6.648e-01  v_kl 8.228e+01  kl 3.438e+01  v_contrastive 1.911e+00  contrastive 1.129e-01  v_t2m/len 1530  v_t2m/R01 17.25%  v_t2m/R02 22.42%  v_t2m/R03 30.85%  v_t2m/R05 41.36%  v_t2m/R10 54.9%  v_t2m/MedR 8.0%  v_m2t/len 1530  v_m2t/R01 20.71%  v_m2t/R02 23.59%  v_m2t/R03 32.93%  v_m2t/R05 41.7%  v_m2t/R10 53.4%  v_m2t/MedR 9.0%
[21/04/26 04:21:11][src.callback.progress][INFO] - Epoch 399 step 76650/192: loss 1.146e-01
[21/04/26 04:21:22][src.callback.progress][INFO] - Epoch 399 step 76700/192: loss 1.053e-01
[21/04/26 04:21:32][src.callback.progress][INFO] - Epoch 399 step 76750/192: loss 8.284e-02
[21/04/26 04:21:42][src.callback.progress][INFO] - Epoch 399 step 76800/192: loss 1.092e-01
[21/04/26 04:21:44][src.callback.progress][INFO] - Epoch 399: v_recons 1.880e-01  recons 8.617e-02  v_loss 3.800e-01  loss 9.693e-02  v_latent 1.239e+00  latent 6.543e-01  v_kl 8.259e+01  kl 3.338e+01  v_contrastive 1.912e+00  contrastive 1.043e-01  v_t2m/len 1530  v_t2m/R01 18.23%  v_t2m/R02 24.18%  v_t2m/R03 32.54%  v_t2m/R05 42.34%  v_t2m/R10 55.56%  v_t2m/MedR 8.0%  v_m2t/len 1530  v_m2t/R01 21.5%  v_m2t/R02 24.25%  v_m2t/R03 31.5%  v_m2t/R05 42.02%  v_m2t/R10 53.33%  v_m2t/MedR 9.0%
[21/04/26 04:22:00][src.callback.progress][INFO] - Epoch 400 step 76850/192: loss 9.886e-02
[21/04/26 04:22:10][src.callback.progress][INFO] - Epoch 400 step 76900/192: loss 9.369e-02
[21/04/26 04:22:21][src.callback.progress][INFO] - Epoch 400 step 76950/192: loss 1.001e-01
[21/04/26 04:22:31][src.callback.progress][INFO] - Epoch 400: v_recons 1.899e-01  recons 8.596e-02  v_loss 3.803e-01  loss 9.682e-02  v_latent 1.244e+00  latent 6.520e-01  v_kl 8.173e+01  kl 3.323e+01  v_contrastive 1.895e+00  contrastive 1.053e-01  v_t2m/len 1530  v_t2m/R01 18.17%  v_t2m/R02 22.61%  v_t2m/R03 31.11%  v_t2m/R05 41.36%  v_t2m/R10 54.63%  v_t2m/MedR 8.0%  v_m2t/len 1530  v_m2t/R01 20.06%  v_m2t/R02 22.94%  v_m2t/R03 32.68%  v_m2t/R05 40.65%  v_m2t/R10 53.06%  v_m2t/MedR 9.0%
[21/04/26 04:22:38][src.callback.progress][INFO] - Epoch 401 step 77000/192: loss 1.118e-01
[21/04/26 04:22:48][src.callback.progress][INFO] - Epoch 401 step 77050/192: loss 9.921e-02
[21/04/26 04:22:58][src.callback.progress][INFO] - Epoch 401 step 77100/192: loss 9.533e-02
[21/04/26 04:23:09][src.callback.progress][INFO] - Epoch 401 step 77150/192: loss 8.575e-02
[21/04/26 04:23:17][src.callback.progress][INFO] - Epoch 401: v_recons 1.881e-01  recons 8.576e-02  v_loss 3.777e-01  loss 9.641e-02  v_latent 1.236e+00  latent 6.502e-01  v_kl 8.169e+01  kl 3.310e+01  v_contrastive 1.887e+00  contrastive 1.031e-01  v_t2m/len 1530  v_t2m/R01 19.21%  v_t2m/R02 23.86%  v_t2m/R03 32.29%  v_t2m/R05 43.4%  v_t2m/R10 54.97%  v_t2m/MedR 8.0%  v_m2t/len 1530  v_m2t/R01 21.18%  v_m2t/R02 24.18%  v_m2t/R03 33.86%  v_m2t/R05 41.9%  v_m2t/R10 52.68%  v_m2t/MedR 9.0%
[21/04/26 04:23:26][src.callback.progress][INFO] - Epoch 402 step 77200/192: loss 9.719e-02
[21/04/26 04:23:36][src.callback.progress][INFO] - Epoch 402 step 77250/192: loss 1.107e-01
[21/04/26 04:23:47][src.callback.progress][INFO] - Epoch 402 step 77300/192: loss 1.016e-01
[21/04/26 04:23:57][src.callback.progress][INFO] - Epoch 402 step 77350/192: loss 1.063e-01
[21/04/26 04:24:04][src.callback.progress][INFO] - Epoch 402: v_recons 1.879e-01  recons 8.546e-02  v_loss 3.792e-01  loss 9.617e-02  v_latent 1.237e+00  latent 6.488e-01  v_kl 8.188e+01  kl 3.305e+01  v_contrastive 1.905e+00  contrastive 1.037e-01  v_t2m/len 1530  v_t2m/R01 18.17%  v_t2m/R02 23.2%  v_t2m/R03 32.75%  v_t2m/R05 42.02%  v_t2m/R10 54.9%  v_t2m/MedR 8.0%  v_m2t/len 1530  v_m2t/R01 21.23%  v_m2t/R02 23.32%  v_m2t/R03 32.34%  v_m2t/R05 41.75%  v_m2t/R10 53.2%  v_m2t/MedR 9.0%
[21/04/26 04:24:14][src.callback.progress][INFO] - Epoch 403 step 77400/192: loss 8.820e-02
[21/04/26 04:24:24][src.callback.progress][INFO] - Epoch 403 step 77450/192: loss 9.145e-02
[21/04/26 04:24:35][src.callback.progress][INFO] - Epoch 403 step 77500/192: loss 8.935e-02
[21/04/26 04:24:45][src.callback.progress][INFO] - Epoch 403 step 77550/192: loss 9.280e-02
[21/04/26 04:24:50][src.callback.progress][INFO] - Epoch 403: v_recons 1.873e-01  recons 8.572e-02  v_loss 3.771e-01  loss 9.658e-02  v_latent 1.244e+00  latent 6.526e-01  v_kl 8.344e+01  kl 3.350e+01  v_contrastive 1.889e+00  contrastive 1.052e-01  v_t2m/len 1530  v_t2m/R01 18.62%  v_t2m/R02 24.25%  v_t2m/R03 33.0%  v_t2m/R05 42.54%  v_t2m/R10 56.13%  v_t2m/MedR 8.0%  v_m2t/len 1530  v_m2t/R01 21.5%  v_m2t/R02 24.18%  v_m2t/R03 33.72%  v_m2t/R05 42.75%  v_m2t/R10 52.41%  v_m2t/MedR 9.0%
[21/04/26 04:25:03][src.callback.progress][INFO] - Epoch 404 step 77600/192: loss 9.101e-02
[21/04/26 04:25:13][src.callback.progress][INFO] - Epoch 404 step 77650/192: loss 9.847e-02
[21/04/26 04:25:23][src.callback.progress][INFO] - Epoch 404 step 77700/192: loss 8.943e-02
[21/04/26 04:25:33][src.callback.progress][INFO] - Epoch 404 step 77750/192: loss 8.964e-02
[21/04/26 04:25:37][src.callback.progress][INFO] - Epoch 404: v_recons 1.886e-01  recons 8.513e-02  v_loss 3.809e-01  loss 9.570e-02  v_latent 1.245e+00  latent 6.485e-01  v_kl 8.260e+01  kl 3.314e+01  v_contrastive 1.914e+00  contrastive 1.023e-01  v_t2m/len 1530  v_t2m/R01 17.78%  v_t2m/R02 23.72%  v_t2m/R03 31.89%  v_t2m/R05 42.54%  v_t2m/R10 54.38%  v_t2m/MedR 8.0%  v_m2t/len 1530  v_m2t/R01 20.85%  v_m2t/R02 23.01%  v_m2t/R03 32.54%  v_m2t/R05 40.84%  v_m2t/R10 53.27%  v_m2t/MedR 9.0%
[21/04/26 04:25:50][src.callback.progress][INFO] - Epoch 405 step 77800/192: loss 1.025e-01
[21/04/26 04:26:01][src.callback.progress][INFO] - Epoch 405 step 77850/192: loss 8.619e-02
[21/04/26 04:26:11][src.callback.progress][INFO] - Epoch 405 step 77900/192: loss 8.402e-02
[21/04/26 04:26:21][src.callback.progress][INFO] - Epoch 405 step 77950/192: loss 9.897e-02
[21/04/26 04:26:23][src.callback.progress][INFO] - Epoch 405: v_recons 1.896e-01  recons 8.537e-02  v_loss 3.814e-01  loss 9.593e-02  v_latent 1.246e+00  latent 6.490e-01  v_kl 8.336e+01  kl 3.321e+01  v_contrastive 1.910e+00  contrastive 1.022e-01  v_t2m/len 1530  v_t2m/R01 17.96%  v_t2m/R02 24.37%  v_t2m/R03 31.95%  v_t2m/R05 42.75%  v_t2m/R10 54.77%  v_t2m/MedR 8.0%  v_m2t/len 1530  v_m2t/R01 20.71%  v_m2t/R02 22.68%  v_m2t/R03 33.06%  v_m2t/R05 42.15%  v_m2t/R10 52.75%  v_m2t/MedR 9.0%
[21/04/26 04:26:39][src.callback.progress][INFO] - Epoch 406 step 78000/192: loss 9.116e-02
[21/04/26 04:26:49][src.callback.progress][INFO] - Epoch 406 step 78050/192: loss 8.887e-02
[21/04/26 04:26:59][src.callback.progress][INFO] - Epoch 406 step 78100/192: loss 8.741e-02
[21/04/26 04:27:10][src.callback.progress][INFO] - Epoch 406: v_recons 1.892e-01  recons 8.520e-02  v_loss 3.818e-01  loss 9.601e-02  v_latent 1.247e+00  latent 6.497e-01  v_kl 8.276e+01  kl 3.338e+01  v_contrastive 1.918e+00  contrastive 1.046e-01  v_t2m/len 1530  v_t2m/R01 19.4%  v_t2m/R02 24.3%  v_t2m/R03 32.09%  v_t2m/R05 41.18%  v_t2m/R10 54.5%  v_t2m/MedR 8.0%  v_m2t/len 1530  v_m2t/R01 20.97%  v_m2t/R02 23.39%  v_m2t/R03 32.41%  v_m2t/R05 41.5%  v_m2t/R10 53.4%  v_m2t/MedR 9.0%
[21/04/26 04:27:16][src.callback.progress][INFO] - Epoch 407 step 78150/192: loss 9.314e-02
[21/04/26 04:27:27][src.callback.progress][INFO] - Epoch 407 step 78200/192: loss 9.087e-02
[21/04/26 04:27:37][src.callback.progress][INFO] - Epoch 407 step 78250/192: loss 9.092e-02
[21/04/26 04:27:47][src.callback.progress][INFO] - Epoch 407 step 78300/192: loss 9.654e-02
[21/04/26 04:27:56][src.callback.progress][INFO] - Epoch 407: v_recons 1.906e-01  recons 8.518e-02  v_loss 3.810e-01  loss 9.589e-02  v_latent 1.246e+00  latent 6.515e-01  v_kl 8.288e+01  kl 3.345e+01  v_contrastive 1.896e+00  contrastive 1.037e-01  v_t2m/len 1530  v_t2m/R01 19.73%  v_t2m/R02 25.36%  v_t2m/R03 32.54%  v_t2m/R05 41.83%  v_t2m/R10 54.38%  v_t2m/MedR 9.0%  v_m2t/len 1530  v_m2t/R01 21.04%  v_m2t/R02 23.32%  v_m2t/R03 31.5%  v_m2t/R05 40.25%  v_m2t/R10 53.59%  v_m2t/MedR 9.0%
[21/04/26 04:28:04][src.callback.progress][INFO] - Epoch 408 step 78350/192: loss 8.619e-02
[21/04/26 04:28:15][src.callback.progress][INFO] - Epoch 408 step 78400/192: loss 1.040e-01
[21/04/26 04:28:25][src.callback.progress][INFO] - Epoch 408 step 78450/192: loss 8.779e-02
[21/04/26 04:28:35][src.callback.progress][INFO] - Epoch 408 step 78500/192: loss 1.087e-01
[21/04/26 04:28:43][src.callback.progress][INFO] - Epoch 408: v_recons 1.887e-01  recons 8.513e-02  v_loss 3.796e-01  loss 9.571e-02  v_latent 1.245e+00  latent 6.514e-01  v_kl 8.232e+01  kl 3.334e+01  v_contrastive 1.900e+00  contrastive 1.024e-01  v_t2m/len 1530  v_t2m/R01 18.88%  v_t2m/R02 24.04%  v_t2m/R03 32.41%  v_t2m/R05 40.91%  v_t2m/R10 54.5%  v_t2m/MedR 9.0%  v_m2t/len 1530  v_m2t/R01 21.62%  v_m2t/R02 24.18%  v_m2t/R03 33.72%  v_m2t/R05 42.68%  v_m2t/R10 53.72%  v_m2t/MedR 9.0%
[21/04/26 04:28:53][src.callback.progress][INFO] - Epoch 409 step 78550/192: loss 8.292e-02
[21/04/26 04:29:03][src.callback.progress][INFO] - Epoch 409 step 78600/192: loss 9.446e-02
[21/04/26 04:29:13][src.callback.progress][INFO] - Epoch 409 step 78650/192: loss 1.030e-01
[21/04/26 04:29:23][src.callback.progress][INFO] - Epoch 409 step 78700/192: loss 1.058e-01
[21/04/26 04:29:29][src.callback.progress][INFO] - Epoch 409: v_recons 1.893e-01  recons 8.515e-02  v_loss 3.815e-01  loss 9.592e-02  v_latent 1.250e+00  latent 6.525e-01  v_kl 8.266e+01  kl 3.342e+01  v_contrastive 1.914e+00  contrastive 1.043e-01  v_t2m/len 1530  v_t2m/R01 18.37%  v_t2m/R02 23.65%  v_t2m/R03 33.0%  v_t2m/R05 41.75%  v_t2m/R10 55.29%  v_t2m/MedR 8.5%  v_m2t/len 1530  v_m2t/R01 20.0%  v_m2t/R02 22.75%  v_m2t/R03 33.13%  v_m2t/R05 42.02%  v_m2t/R10 53.59%  v_m2t/MedR 9.0%
[21/04/26 04:29:41][src.callback.progress][INFO] - Epoch 410 step 78750/192: loss 9.264e-02
[21/04/26 04:29:51][src.callback.progress][INFO] - Epoch 410 step 78800/192: loss 9.869e-02
[21/04/26 04:30:01][src.callback.progress][INFO] - Epoch 410 step 78850/192: loss 9.924e-02
[21/04/26 04:30:12][src.callback.progress][INFO] - Epoch 410 step 78900/192: loss 9.907e-02
[21/04/26 04:30:16][src.callback.progress][INFO] - Epoch 410: v_recons 1.881e-01  recons 8.553e-02  v_loss 3.802e-01  loss 9.618e-02  v_latent 1.253e+00  latent 6.560e-01  v_kl 8.278e+01  kl 3.369e+01  v_contrastive 1.913e+00  contrastive 1.031e-01  v_t2m/len 1530  v_t2m/R01 18.04%  v_t2m/R02 23.59%  v_t2m/R03 32.22%  v_t2m/R05 40.91%  v_t2m/R10 54.11%  v_t2m/MedR 9.0%  v_m2t/len 1530  v_m2t/R01 21.04%  v_m2t/R02 23.06%  v_m2t/R03 32.15%  v_m2t/R05 40.97%  v_m2t/R10 53.33%  v_m2t/MedR 9.0%
[21/04/26 04:30:29][src.callback.progress][INFO] - Epoch 411 step 78950/192: loss 8.753e-02
[21/04/26 04:30:39][src.callback.progress][INFO] - Epoch 411 step 79000/192: loss 9.568e-02
[21/04/26 04:30:50][src.callback.progress][INFO] - Epoch 411 step 79050/192: loss 1.010e-01
[21/04/26 04:31:00][src.callback.progress][INFO] - Epoch 411 step 79100/192: loss 9.361e-02
[21/04/26 04:31:02][src.callback.progress][INFO] - Epoch 411: v_recons 1.883e-01  recons 8.541e-02  v_loss 3.784e-01  loss 9.640e-02  v_latent 1.251e+00  latent 6.554e-01  v_kl 8.296e+01  kl 3.367e+01  v_contrastive 1.892e+00  contrastive 1.065e-01  v_t2m/len 1530  v_t2m/R01 19.02%  v_t2m/R02 23.65%  v_t2m/R03 32.68%  v_t2m/R05 41.5%  v_t2m/R10 54.58%  v_t2m/MedR 9.0%  v_m2t/len 1530  v_m2t/R01 20.71%  v_m2t/R02 23.39%  v_m2t/R03 32.81%  v_m2t/R05 41.43%  v_m2t/R10 52.61%  v_m2t/MedR 9.0%
[21/04/26 04:31:17][src.callback.progress][INFO] - Epoch 412 step 79150/192: loss 9.555e-02
[21/04/26 04:31:27][src.callback.progress][INFO] - Epoch 412 step 79200/192: loss 1.026e-01
[21/04/26 04:31:38][src.callback.progress][INFO] - Epoch 412 step 79250/192: loss 9.079e-02
[21/04/26 04:31:49][src.callback.progress][INFO] - Epoch 412: v_recons 1.887e-01  recons 8.646e-02  v_loss 3.781e-01  loss 9.767e-02  v_latent 1.246e+00  latent 6.634e-01  v_kl 8.310e+01  kl 3.415e+01  v_contrastive 1.885e+00  contrastive 1.086e-01  v_t2m/len 1530  v_t2m/R01 18.62%  v_t2m/R02 23.2%  v_t2m/R03 30.85%  v_t2m/R05 41.11%  v_t2m/R10 55.36%  v_t2m/MedR 8.0%  v_m2t/len 1530  v_m2t/R01 20.64%  v_m2t/R02 23.32%  v_m2t/R03 32.68%  v_m2t/R05 41.56%  v_m2t/R10 53.27%  v_m2t/MedR 9.0%
[21/04/26 04:31:55][src.callback.progress][INFO] - Epoch 413 step 79300/192: loss 8.966e-02
[21/04/26 04:32:05][src.callback.progress][INFO] - Epoch 413 step 79350/192: loss 9.176e-02
[21/04/26 04:32:16][src.callback.progress][INFO] - Epoch 413 step 79400/192: loss 8.673e-02
[21/04/26 04:32:26][src.callback.progress][INFO] - Epoch 413 step 79450/192: loss 1.111e-01
[21/04/26 04:32:36][src.callback.progress][INFO] - Epoch 413: v_recons 1.889e-01  recons 8.542e-02  v_loss 3.785e-01  loss 9.635e-02  v_latent 1.252e+00  latent 6.574e-01  v_kl 8.380e+01  kl 3.383e+01  v_contrastive 1.888e+00  contrastive 1.058e-01  v_t2m/len 1530  v_t2m/R01 18.29%  v_t2m/R02 23.59%  v_t2m/R03 32.61%  v_t2m/R05 42.54%  v_t2m/R10 54.7%  v_t2m/MedR 8.0%  v_m2t/len 1530  v_m2t/R01 20.45%  v_m2t/R02 24.04%  v_m2t/R03 33.4%  v_m2t/R05 41.56%  v_m2t/R10 52.93%  v_m2t/MedR 9.0%
[21/04/26 04:32:44][src.callback.progress][INFO] - Epoch 414 step 79500/192: loss 9.065e-02
[21/04/26 04:32:54][src.callback.progress][INFO] - Epoch 414 step 79550/192: loss 1.017e-01
[21/04/26 04:33:04][src.callback.progress][INFO] - Epoch 414 step 79600/192: loss 8.444e-02
[21/04/26 04:33:15][src.callback.progress][INFO] - Epoch 414 step 79650/192: loss 9.900e-02
[21/04/26 04:33:23][src.callback.progress][INFO] - Epoch 414: v_recons 1.864e-01  recons 8.492e-02  v_loss 3.748e-01  loss 9.542e-02  v_latent 1.244e+00  latent 6.536e-01  v_kl 8.272e+01  kl 3.367e+01  v_contrastive 1.876e+00  contrastive 1.016e-01  v_t2m/len 1530  v_t2m/R01 18.37%  v_t2m/R02 24.44%  v_t2m/R03 34.11%  v_t2m/R05 42.29%  v_t2m/R10 56.0%  v_t2m/MedR 8.0%  v_m2t/len 1530  v_m2t/R01 20.97%  v_m2t/R02 23.45%  v_m2t/R03 34.18%  v_m2t/R05 42.34%  v_m2t/R10 52.81%  v_m2t/MedR 9.0%
[21/04/26 04:33:32][src.callback.progress][INFO] - Epoch 415 step 79700/192: loss 8.881e-02
[21/04/26 04:33:42][src.callback.progress][INFO] - Epoch 415 step 79750/192: loss 8.969e-02
[21/04/26 04:33:53][src.callback.progress][INFO] - Epoch 415 step 79800/192: loss 1.040e-01
[21/04/26 04:34:03][src.callback.progress][INFO] - Epoch 415 step 79850/192: loss 1.138e-01
[21/04/26 04:34:09][src.callback.progress][INFO] - Epoch 415: v_recons 1.894e-01  recons 8.463e-02  v_loss 3.782e-01  loss 9.521e-02  v_latent 1.243e+00  latent 6.521e-01  v_kl 8.356e+01  kl 3.363e+01  v_contrastive 1.879e+00  contrastive 1.024e-01  v_t2m/len 1530  v_t2m/R01 18.43%  v_t2m/R02 22.75%  v_t2m/R03 31.82%  v_t2m/R05 42.68%  v_t2m/R10 56.72%  v_t2m/MedR 8.0%  v_m2t/len 1530  v_m2t/R01 20.38%  v_m2t/R02 23.13%  v_m2t/R03 33.4%  v_m2t/R05 41.83%  v_m2t/R10 53.91%  v_m2t/MedR 8.0%
[21/04/26 04:34:20][src.callback.progress][INFO] - Epoch 416 step 79900/192: loss 9.701e-02
[21/04/26 04:34:30][src.callback.progress][INFO] - Epoch 416 step 79950/192: loss 1.020e-01
[21/04/26 04:34:41][src.callback.progress][INFO] - Epoch 416 step 80000/192: loss 9.325e-02
[21/04/26 04:34:51][src.callback.progress][INFO] - Epoch 416 step 80050/192: loss 9.109e-02
[21/04/26 04:34:56][src.callback.progress][INFO] - Epoch 416: v_recons 1.887e-01  recons 8.426e-02  v_loss 3.773e-01  loss 9.459e-02  v_latent 1.249e+00  latent 6.480e-01  v_kl 8.318e+01  kl 3.347e+01  v_contrastive 1.878e+00  contrastive 9.987e-02  v_t2m/len 1530  v_t2m/R01 19.93%  v_t2m/R02 25.22%  v_t2m/R03 33.59%  v_t2m/R05 42.54%  v_t2m/R10 55.41%  v_t2m/MedR 8.0%  v_m2t/len 1530  v_m2t/R01 20.92%  v_m2t/R02 23.65%  v_m2t/R03 34.58%  v_m2t/R05 41.75%  v_m2t/R10 53.72%  v_m2t/MedR 8.0%
[21/04/26 04:35:08][src.callback.progress][INFO] - Epoch 417 step 80100/192: loss 9.076e-02
[21/04/26 04:35:18][src.callback.progress][INFO] - Epoch 417 step 80150/192: loss 8.712e-02
[21/04/26 04:35:29][src.callback.progress][INFO] - Epoch 417 step 80200/192: loss 9.135e-02
[21/04/26 04:35:39][src.callback.progress][INFO] - Epoch 417 step 80250/192: loss 9.590e-02
[21/04/26 04:35:42][src.callback.progress][INFO] - Epoch 417: v_recons 1.891e-01  recons 8.445e-02  v_loss 3.783e-01  loss 9.489e-02  v_latent 1.249e+00  latent 6.471e-01  v_kl 8.291e+01  kl 3.338e+01  v_contrastive 1.884e+00  contrastive 1.010e-01  v_t2m/len 1530  v_t2m/R01 18.88%  v_t2m/R02 24.3%  v_t2m/R03 32.29%  v_t2m/R05 42.09%  v_t2m/R10 55.41%  v_t2m/MedR 8.0%  v_m2t/len 1530  v_m2t/R01 20.78%  v_m2t/R02 23.39%  v_m2t/R03 33.0%  v_m2t/R05 42.54%  v_m2t/R10 53.52%  v_m2t/MedR 9.0%
[21/04/26 04:35:57][src.callback.progress][INFO] - Epoch 418 step 80300/192: loss 1.087e-01
[21/04/26 04:36:07][src.callback.progress][INFO] - Epoch 418 step 80350/192: loss 9.678e-02
[21/04/26 04:36:17][src.callback.progress][INFO] - Epoch 418 step 80400/192: loss 9.900e-02
[21/04/26 04:36:29][src.callback.progress][INFO] - Epoch 418: v_recons 1.890e-01  recons 8.450e-02  v_loss 3.813e-01  loss 9.477e-02  v_latent 1.253e+00  latent 6.501e-01  v_kl 8.370e+01  kl 3.352e+01  v_contrastive 1.914e+00  contrastive 9.931e-02  v_t2m/len 1530  v_t2m/R01 19.67%  v_t2m/R02 24.7%  v_t2m/R03 34.5%  v_t2m/R05 42.54%  v_t2m/R10 55.75%  v_t2m/MedR 8.0%  v_m2t/len 1530  v_m2t/R01 20.92%  v_m2t/R02 24.25%  v_m2t/R03 33.45%  v_m2t/R05 42.75%  v_m2t/R10 53.4%  v_m2t/MedR 9.0%
[21/04/26 04:36:35][src.callback.progress][INFO] - Epoch 419 step 80450/192: loss 9.273e-02
[21/04/26 04:36:45][src.callback.progress][INFO] - Epoch 419 step 80500/192: loss 9.243e-02
[21/04/26 04:36:56][src.callback.progress][INFO] - Epoch 419 step 80550/192: loss 8.735e-02
[21/04/26 04:37:06][src.callback.progress][INFO] - Epoch 419 step 80600/192: loss 8.844e-02
[21/04/26 04:37:16][src.callback.progress][INFO] - Epoch 419: v_recons 1.885e-01  recons 8.448e-02  v_loss 3.755e-01  loss 9.478e-02  v_latent 1.243e+00  latent 6.522e-01  v_kl 8.376e+01  kl 3.387e+01  v_contrastive 1.861e+00  contrastive 9.953e-02  v_t2m/len 1530  v_t2m/R01 18.81%  v_t2m/R02 23.72%  v_t2m/R03 33.99%  v_t2m/R05 43.99%  v_t2m/R10 56.54%  v_t2m/MedR 7.0%  v_m2t/len 1530  v_m2t/R01 22.03%  v_m2t/R02 25.03%  v_m2t/R03 32.93%  v_m2t/R05 41.95%  v_m2t/R10 53.99%  v_m2t/MedR 9.0%
[21/04/26 04:37:23][src.callback.progress][INFO] - Epoch 420 step 80650/192: loss 1.043e-01
[21/04/26 04:37:34][src.callback.progress][INFO] - Epoch 420 step 80700/192: loss 9.399e-02
[21/04/26 04:37:44][src.callback.progress][INFO] - Epoch 420 step 80750/192: loss 9.876e-02
[21/04/26 04:37:54][src.callback.progress][INFO] - Epoch 420 step 80800/192: loss 9.678e-02
[21/04/26 04:38:03][src.callback.progress][INFO] - Epoch 420: v_recons 1.888e-01  recons 8.452e-02  v_loss 3.787e-01  loss 9.495e-02  v_latent 1.253e+00  latent 6.526e-01  v_kl 8.351e+01  kl 3.384e+01  v_contrastive 1.890e+00  contrastive 1.009e-01  v_t2m/len 1530  v_t2m/R01 18.81%  v_t2m/R02 24.77%  v_t2m/R03 33.27%  v_t2m/R05 42.88%  v_t2m/R10 55.88%  v_t2m/MedR 8.0%  v_m2t/len 1530  v_m2t/R01 21.04%  v_m2t/R02 23.53%  v_m2t/R03 32.81%  v_m2t/R05 41.56%  v_m2t/R10 54.38%  v_m2t/MedR 8.0%
[21/04/26 04:38:12][src.callback.progress][INFO] - Epoch 421 step 80850/192: loss 9.061e-02
[21/04/26 04:38:22][src.callback.progress][INFO] - Epoch 421 step 80900/192: loss 9.272e-02
[21/04/26 04:38:33][src.callback.progress][INFO] - Epoch 421 step 80950/192: loss 8.041e-02
[21/04/26 04:38:43][src.callback.progress][INFO] - Epoch 421 step 81000/192: loss 9.554e-02
[21/04/26 04:38:50][src.callback.progress][INFO] - Epoch 421: v_recons 1.903e-01  recons 8.420e-02  v_loss 3.804e-01  loss 9.464e-02  v_latent 1.254e+00  latent 6.525e-01  v_kl 8.479e+01  kl 3.391e+01  v_contrastive 1.892e+00  contrastive 1.010e-01  v_t2m/len 1530  v_t2m/R01 17.84%  v_t2m/R02 23.2%  v_t2m/R03 32.68%  v_t2m/R05 42.09%  v_t2m/R10 55.56%  v_t2m/MedR 8.0%  v_m2t/len 1530  v_m2t/R01 20.64%  v_m2t/R02 22.94%  v_m2t/R03 32.47%  v_m2t/R05 41.7%  v_m2t/R10 54.63%  v_m2t/MedR 9.0%
[21/04/26 04:39:01][src.callback.progress][INFO] - Epoch 422 step 81050/192: loss 8.363e-02
[21/04/26 04:39:11][src.callback.progress][INFO] - Epoch 422 step 81100/192: loss 1.028e-01
[21/04/26 04:39:21][src.callback.progress][INFO] - Epoch 422 step 81150/192: loss 7.687e-02
[21/04/26 04:39:31][src.callback.progress][INFO] - Epoch 422 step 81200/192: loss 9.427e-02
[21/04/26 04:39:37][src.callback.progress][INFO] - Epoch 422: v_recons 1.892e-01  recons 8.460e-02  v_loss 3.792e-01  loss 9.502e-02  v_latent 1.256e+00  latent 6.526e-01  v_kl 8.453e+01  kl 3.392e+01  v_contrastive 1.891e+00  contrastive 1.007e-01  v_t2m/len 1530  v_t2m/R01 19.35%  v_t2m/R02 24.12%  v_t2m/R03 32.68%  v_t2m/R05 41.31%  v_t2m/R10 54.84%  v_t2m/MedR 8.0%  v_m2t/len 1530  v_m2t/R01 21.3%  v_m2t/R02 23.2%  v_m2t/R03 32.41%  v_m2t/R05 42.54%  v_m2t/R10 53.59%  v_m2t/MedR 9.0%
[21/04/26 04:39:49][src.callback.progress][INFO] - Epoch 423 step 81250/192: loss 1.058e-01
[21/04/26 04:39:59][src.callback.progress][INFO] - Epoch 423 step 81300/192: loss 1.023e-01
[21/04/26 04:40:10][src.callback.progress][INFO] - Epoch 423 step 81350/192: loss 8.651e-02
[21/04/26 04:40:20][src.callback.progress][INFO] - Epoch 423 step 81400/192: loss 8.006e-02
[21/04/26 04:40:23][src.callback.progress][INFO] - Epoch 423: v_recons 1.888e-01  recons 8.400e-02  v_loss 3.774e-01  loss 9.435e-02  v_latent 1.255e+00  latent 6.509e-01  v_kl 8.399e+01  kl 3.362e+01  v_contrastive 1.878e+00  contrastive 1.000e-01  v_t2m/len 1530  v_t2m/R01 17.96%  v_t2m/R02 23.13%  v_t2m/R03 32.68%  v_t2m/R05 41.83%  v_t2m/R10 55.15%  v_t2m/MedR 8.0%  v_m2t/len 1530  v_m2t/R01 20.85%  v_m2t/R02 23.72%  v_m2t/R03 32.61%  v_m2t/R05 40.06%  v_m2t/R10 53.79%  v_m2t/MedR 9.0%
[21/04/26 04:40:38][src.callback.progress][INFO] - Epoch 424 step 81450/192: loss 8.962e-02
[21/04/26 04:40:48][src.callback.progress][INFO] - Epoch 424 step 81500/192: loss 8.887e-02
[21/04/26 04:40:58][src.callback.progress][INFO] - Epoch 424 step 81550/192: loss 1.007e-01
[21/04/26 04:41:08][src.callback.progress][INFO] - Epoch 424 step 81600/192: loss 9.014e-02
[21/04/26 04:41:10][src.callback.progress][INFO] - Epoch 424: v_recons 1.895e-01  recons 8.397e-02  v_loss 3.781e-01  loss 9.417e-02  v_latent 1.256e+00  latent 6.471e-01  v_kl 8.481e+01  kl 3.353e+01  v_contrastive 1.878e+00  contrastive 9.857e-02  v_t2m/len 1530  v_t2m/R01 18.81%  v_t2m/R02 23.92%  v_t2m/R03 32.54%  v_t2m/R05 43.13%  v_t2m/R10 55.02%  v_t2m/MedR 8.0%  v_m2t/len 1530  v_m2t/R01 20.92%  v_m2t/R02 23.65%  v_m2t/R03 32.61%  v_m2t/R05 41.63%  v_m2t/R10 53.2%  v_m2t/MedR 9.0%
[21/04/26 04:41:26][src.callback.progress][INFO] - Epoch 425 step 81650/192: loss 9.881e-02
[21/04/26 04:41:36][src.callback.progress][INFO] - Epoch 425 step 81700/192: loss 9.574e-02
[21/04/26 04:41:47][src.callback.progress][INFO] - Epoch 425 step 81750/192: loss 9.107e-02
[21/04/26 04:41:57][src.callback.progress][INFO] - Epoch 425: v_recons 1.882e-01  recons 8.361e-02  v_loss 3.773e-01  loss 9.393e-02  v_latent 1.262e+00  latent 6.489e-01  v_kl 8.474e+01  kl 3.369e+01  v_contrastive 1.883e+00  contrastive 9.975e-02  v_t2m/len 1530  v_t2m/R01 18.04%  v_t2m/R02 23.39%  v_t2m/R03 32.02%  v_t2m/R05 41.56%  v_t2m/R10 55.61%  v_t2m/MedR 9.0%  v_m2t/len 1530  v_m2t/R01 20.64%  v_m2t/R02 23.72%  v_m2t/R03 33.06%  v_m2t/R05 42.02%  v_m2t/R10 53.13%  v_m2t/MedR 9.0%
[21/04/26 04:42:04][src.callback.progress][INFO] - Epoch 426 step 81800/192: loss 9.015e-02
[21/04/26 04:42:14][src.callback.progress][INFO] - Epoch 426 step 81850/192: loss 8.974e-02
[21/04/26 04:42:25][src.callback.progress][INFO] - Epoch 426 step 81900/192: loss 8.834e-02
[21/04/26 04:42:35][src.callback.progress][INFO] - Epoch 426 step 81950/192: loss 9.467e-02
[21/04/26 04:42:44][src.callback.progress][INFO] - Epoch 426: v_recons 1.904e-01  recons 8.370e-02  v_loss 3.799e-01  loss 9.392e-02  v_latent 1.262e+00  latent 6.489e-01  v_kl 8.528e+01  kl 3.376e+01  v_contrastive 1.886e+00  contrastive 9.878e-02  v_t2m/len 1530  v_t2m/R01 19.28%  v_t2m/R02 24.57%  v_t2m/R03 33.45%  v_t2m/R05 42.34%  v_t2m/R10 54.18%  v_t2m/MedR 9.0%  v_m2t/len 1530  v_m2t/R01 20.52%  v_m2t/R02 23.72%  v_m2t/R03 32.22%  v_m2t/R05 41.43%  v_m2t/R10 53.65%  v_m2t/MedR 9.0%
[21/04/26 04:42:52][src.callback.progress][INFO] - Epoch 427 step 82000/192: loss 8.644e-02
[21/04/26 04:43:02][src.callback.progress][INFO] - Epoch 427 step 82050/192: loss 9.370e-02
[21/04/26 04:43:13][src.callback.progress][INFO] - Epoch 427 step 82100/192: loss 8.430e-02
[21/04/26 04:43:23][src.callback.progress][INFO] - Epoch 427 step 82150/192: loss 9.514e-02
[21/04/26 04:43:30][src.callback.progress][INFO] - Epoch 427: v_recons 1.896e-01  recons 8.339e-02  v_loss 3.796e-01  loss 9.352e-02  v_latent 1.265e+00  latent 6.470e-01  v_kl 8.565e+01  kl 3.365e+01  v_contrastive 1.891e+00  contrastive 9.781e-02  v_t2m/len 1530  v_t2m/R01 16.34%  v_t2m/R02 22.03%  v_t2m/R03 31.11%  v_t2m/R05 40.97%  v_t2m/R10 54.31%  v_t2m/MedR 9.0%  v_m2t/len 1530  v_m2t/R01 19.73%  v_m2t/R02 22.09%  v_m2t/R03 31.3%  v_m2t/R05 40.38%  v_m2t/R10 53.33%  v_m2t/MedR 9.0%
[21/04/26 04:43:40][src.callback.progress][INFO] - Epoch 428 step 82200/192: loss 9.921e-02
[21/04/26 04:43:50][src.callback.progress][INFO] - Epoch 428 step 82250/192: loss 1.087e-01
[21/04/26 04:44:01][src.callback.progress][INFO] - Epoch 428 step 82300/192: loss 8.064e-02
[21/04/26 04:44:11][src.callback.progress][INFO] - Epoch 428 step 82350/192: loss 8.439e-02
[21/04/26 04:44:16][src.callback.progress][INFO] - Epoch 428: v_recons 1.892e-01  recons 8.338e-02  v_loss 3.777e-01  loss 9.363e-02  v_latent 1.262e+00  latent 6.487e-01  v_kl 8.563e+01  kl 3.385e+01  v_contrastive 1.876e+00  contrastive 9.905e-02  v_t2m/len 1530  v_t2m/R01 17.52%  v_t2m/R02 24.12%  v_t2m/R03 32.47%  v_t2m/R05 41.24%  v_t2m/R10 55.02%  v_t2m/MedR 8.0%  v_m2t/len 1530  v_m2t/R01 20.64%  v_m2t/R02 23.27%  v_m2t/R03 32.81%  v_m2t/R05 41.5%  v_m2t/R10 53.91%  v_m2t/MedR 9.0%
[21/04/26 04:44:28][src.callback.progress][INFO] - Epoch 429 step 82400/192: loss 9.967e-02
[21/04/26 04:44:38][src.callback.progress][INFO] - Epoch 429 step 82450/192: loss 8.992e-02
[21/04/26 04:44:49][src.callback.progress][INFO] - Epoch 429 step 82500/192: loss 9.804e-02
[21/04/26 04:44:59][src.callback.progress][INFO] - Epoch 429 step 82550/192: loss 9.929e-02
[21/04/26 04:45:03][src.callback.progress][INFO] - Epoch 429: v_recons 1.890e-01  recons 8.338e-02  v_loss 3.768e-01  loss 9.371e-02  v_latent 1.261e+00  latent 6.485e-01  v_kl 8.599e+01  kl 3.391e+01  v_contrastive 1.870e+00  contrastive 9.981e-02  v_t2m/len 1530  v_t2m/R01 18.23%  v_t2m/R02 24.04%  v_t2m/R03 32.41%  v_t2m/R05 41.36%  v_t2m/R10 55.81%  v_t2m/MedR 8.0%  v_m2t/len 1530  v_m2t/R01 18.76%  v_m2t/R02 21.82%  v_m2t/R03 32.41%  v_m2t/R05 41.18%  v_m2t/R10 54.04%  v_m2t/MedR 9.0%
[21/04/26 04:45:16][src.callback.progress][INFO] - Epoch 430 step 82600/192: loss 9.239e-02
[21/04/26 04:45:27][src.callback.progress][INFO] - Epoch 430 step 82650/192: loss 8.539e-02
[21/04/26 04:45:37][src.callback.progress][INFO] - Epoch 430 step 82700/192: loss 9.708e-02
[21/04/26 04:45:47][src.callback.progress][INFO] - Epoch 430 step 82750/192: loss 9.460e-02
[21/04/26 04:45:50][src.callback.progress][INFO] - Epoch 430: v_recons 1.899e-01  recons 8.342e-02  v_loss 3.841e-01  loss 9.363e-02  v_latent 1.278e+00  latent 6.487e-01  v_kl 8.709e+01  kl 3.386e+01  v_contrastive 1.934e+00  contrastive 9.861e-02  v_t2m/len 1530  v_t2m/R01 17.9%  v_t2m/R02 21.7%  v_t2m/R03 32.22%  v_t2m/R05 41.43%  v_t2m/R10 55.09%  v_t2m/MedR 9.0%  v_m2t/len 1530  v_m2t/R01 20.92%  v_m2t/R02 23.65%  v_m2t/R03 32.15%  v_m2t/R05 41.63%  v_m2t/R10 54.04%  v_m2t/MedR 9.0%
[21/04/26 04:46:05][src.callback.progress][INFO] - Epoch 431 step 82800/192: loss 9.709e-02
[21/04/26 04:46:15][src.callback.progress][INFO] - Epoch 431 step 82850/192: loss 1.085e-01
[21/04/26 04:46:25][src.callback.progress][INFO] - Epoch 431 step 82900/192: loss 1.053e-01
[21/04/26 04:46:36][src.callback.progress][INFO] - Epoch 431: v_recons 1.899e-01  recons 8.343e-02  v_loss 3.796e-01  loss 9.338e-02  v_latent 1.265e+00  latent 6.479e-01  v_kl 8.552e+01  kl 3.388e+01  v_contrastive 1.888e+00  contrastive 9.601e-02  v_t2m/len 1530  v_t2m/R01 17.78%  v_t2m/R02 22.68%  v_t2m/R03 31.82%  v_t2m/R05 42.02%  v_t2m/R10 54.97%  v_t2m/MedR 9.0%  v_m2t/len 1530  v_m2t/R01 20.06%  v_m2t/R02 23.13%  v_m2t/R03 32.15%  v_m2t/R05 40.97%  v_m2t/R10 53.79%  v_m2t/MedR 9.0%
[21/04/26 04:46:43][src.callback.progress][INFO] - Epoch 432 step 82950/192: loss 8.722e-02
[21/04/26 04:46:53][src.callback.progress][INFO] - Epoch 432 step 83000/192: loss 9.987e-02
[21/04/26 04:47:03][src.callback.progress][INFO] - Epoch 432 step 83050/192: loss 9.607e-02
[21/04/26 04:47:14][src.callback.progress][INFO] - Epoch 432 step 83100/192: loss 1.122e-01
[21/04/26 04:47:23][src.callback.progress][INFO] - Epoch 432: v_recons 1.893e-01  recons 8.340e-02  v_loss 3.811e-01  loss 9.353e-02  v_latent 1.271e+00  latent 6.506e-01  v_kl 8.573e+01  kl 3.408e+01  v_contrastive 1.910e+00  contrastive 9.786e-02  v_t2m/len 1530  v_t2m/R01 18.17%  v_t2m/R02 23.65%  v_t2m/R03 33.65%  v_t2m/R05 42.29%  v_t2m/R10 55.61%  v_t2m/MedR 8.0%  v_m2t/len 1530  v_m2t/R01 20.26%  v_m2t/R02 22.21%  v_m2t/R03 31.62%  v_m2t/R05 41.31%  v_m2t/R10 53.91%  v_m2t/MedR 9.0%
[21/04/26 04:47:31][src.callback.progress][INFO] - Epoch 433 step 83150/192: loss 1.018e-01
[21/04/26 04:47:41][src.callback.progress][INFO] - Epoch 433 step 83200/192: loss 9.415e-02
[21/04/26 04:47:51][src.callback.progress][INFO] - Epoch 433 step 83250/192: loss 9.663e-02
[21/04/26 04:48:02][src.callback.progress][INFO] - Epoch 433 step 83300/192: loss 9.644e-02
[21/04/26 04:48:09][src.callback.progress][INFO] - Epoch 433: v_recons 1.897e-01  recons 8.318e-02  v_loss 3.790e-01  loss 9.340e-02  v_latent 1.265e+00  latent 6.507e-01  v_kl 8.510e+01  kl 3.401e+01  v_contrastive 1.884e+00  contrastive 9.874e-02  v_t2m/len 1530  v_t2m/R01 19.35%  v_t2m/R02 24.51%  v_t2m/R03 32.81%  v_t2m/R05 43.91%  v_t2m/R10 55.02%  v_t2m/MedR 8.0%  v_m2t/len 1530  v_m2t/R01 21.04%  v_m2t/R02 22.8%  v_m2t/R03 33.79%  v_m2t/R05 42.15%  v_m2t/R10 53.99%  v_m2t/MedR 9.0%
[21/04/26 04:48:19][src.callback.progress][INFO] - Epoch 434 step 83350/192: loss 8.978e-02
[21/04/26 04:48:29][src.callback.progress][INFO] - Epoch 434 step 83400/192: loss 1.009e-01
[21/04/26 04:48:40][src.callback.progress][INFO] - Epoch 434 step 83450/192: loss 8.971e-02
[21/04/26 04:48:50][src.callback.progress][INFO] - Epoch 434 step 83500/192: loss 8.976e-02
[21/04/26 04:48:56][src.callback.progress][INFO] - Epoch 434: v_recons 1.887e-01  recons 8.293e-02  v_loss 3.781e-01  loss 9.290e-02  v_latent 1.266e+00  latent 6.491e-01  v_kl 8.532e+01  kl 3.398e+01  v_contrastive 1.885e+00  contrastive 9.623e-02  v_t2m/len 1530  v_t2m/R01 18.5%  v_t2m/R02 23.01%  v_t2m/R03 31.76%  v_t2m/R05 41.18%  v_t2m/R10 55.22%  v_t2m/MedR 8.0%  v_m2t/len 1530  v_m2t/R01 20.26%  v_m2t/R02 23.27%  v_m2t/R03 33.0%  v_m2t/R05 42.29%  v_m2t/R10 53.52%  v_m2t/MedR 9.0%
[21/04/26 04:49:07][src.callback.progress][INFO] - Epoch 435 step 83550/192: loss 8.268e-02
[21/04/26 04:49:18][src.callback.progress][INFO] - Epoch 435 step 83600/192: loss 9.879e-02
[21/04/26 04:49:28][src.callback.progress][INFO] - Epoch 435 step 83650/192: loss 8.866e-02
[21/04/26 04:49:38][src.callback.progress][INFO] - Epoch 435 step 83700/192: loss 8.239e-02
[21/04/26 04:49:42][src.callback.progress][INFO] - Epoch 435: v_recons 1.905e-01  recons 8.293e-02  v_loss 3.829e-01  loss 9.292e-02  v_latent 1.269e+00  latent 6.471e-01  v_kl 8.611e+01  kl 3.385e+01  v_contrastive 1.915e+00  contrastive 9.640e-02  v_t2m/len 1530  v_t2m/R01 18.76%  v_t2m/R02 22.8%  v_t2m/R03 31.95%  v_t2m/R05 40.84%  v_t2m/R10 53.72%  v_t2m/MedR 9.0%  v_m2t/len 1530  v_m2t/R01 21.11%  v_m2t/R02 23.59%  v_m2t/R03 33.2%  v_m2t/R05 41.36%  v_m2t/R10 53.27%  v_m2t/MedR 9.0%
[21/04/26 04:49:55][src.callback.progress][INFO] - Epoch 436 step 83750/192: loss 8.831e-02
[21/04/26 04:50:06][src.callback.progress][INFO] - Epoch 436 step 83800/192: loss 9.421e-02
[21/04/26 04:50:16][src.callback.progress][INFO] - Epoch 436 step 83850/192: loss 9.385e-02
[21/04/26 04:50:26][src.callback.progress][INFO] - Epoch 436 step 83900/192: loss 7.900e-02
[21/04/26 04:50:29][src.callback.progress][INFO] - Epoch 436: v_recons 1.919e-01  recons 8.347e-02  v_loss 3.849e-01  loss 9.372e-02  v_latent 1.268e+00  latent 6.514e-01  v_kl 8.565e+01  kl 3.414e+01  v_contrastive 1.921e+00  contrastive 9.899e-02  v_t2m/len 1530  v_t2m/R01 18.04%  v_t2m/R02 22.94%  v_t2m/R03 32.61%  v_t2m/R05 41.7%  v_t2m/R10 54.38%  v_t2m/MedR 8.0%  v_m2t/len 1530  v_m2t/R01 20.45%  v_m2t/R02 22.8%  v_m2t/R03 33.79%  v_m2t/R05 42.09%  v_m2t/R10 52.15%  v_m2t/MedR 9.0%
[21/04/26 04:50:43][src.callback.progress][INFO] - Epoch 437 step 83950/192: loss 1.046e-01
[21/04/26 04:50:54][src.callback.progress][INFO] - Epoch 437 step 84000/192: loss 8.149e-02
[21/04/26 04:51:04][src.callback.progress][INFO] - Epoch 437 step 84050/192: loss 9.363e-02
[21/04/26 04:51:15][src.callback.progress][INFO] - Epoch 437: v_recons 1.908e-01  recons 8.285e-02  v_loss 3.804e-01  loss 9.278e-02  v_latent 1.265e+00  latent 6.487e-01  v_kl 8.574e+01  kl 3.407e+01  v_contrastive 1.887e+00  contrastive 9.582e-02  v_t2m/len 1530  v_t2m/R01 19.87%  v_t2m/R02 23.92%  v_t2m/R03 33.13%  v_t2m/R05 42.54%  v_t2m/R10 55.02%  v_t2m/MedR 8.0%  v_m2t/len 1530  v_m2t/R01 21.37%  v_m2t/R02 23.39%  v_m2t/R03 33.86%  v_m2t/R05 41.7%  v_m2t/R10 52.93%  v_m2t/MedR 9.0%
[21/04/26 04:51:21][src.callback.progress][INFO] - Epoch 438 step 84100/192: loss 8.243e-02
[21/04/26 04:51:32][src.callback.progress][INFO] - Epoch 438 step 84150/192: loss 9.442e-02
[21/04/26 04:51:42][src.callback.progress][INFO] - Epoch 438 step 84200/192: loss 1.008e-01
[21/04/26 04:51:52][src.callback.progress][INFO] - Epoch 438 step 84250/192: loss 9.223e-02
[21/04/26 04:52:02][src.callback.progress][INFO] - Epoch 438: v_recons 1.903e-01  recons 8.312e-02  v_loss 3.814e-01  loss 9.321e-02  v_latent 1.271e+00  latent 6.513e-01  v_kl 8.600e+01  kl 3.418e+01  v_contrastive 1.902e+00  contrastive 9.740e-02  v_t2m/len 1530  v_t2m/R01 18.37%  v_t2m/R02 23.86%  v_t2m/R03 33.06%  v_t2m/R05 42.34%  v_t2m/R10 55.88%  v_t2m/MedR 8.0%  v_m2t/len 1530  v_m2t/R01 20.45%  v_m2t/R02 23.65%  v_m2t/R03 34.11%  v_m2t/R05 41.95%  v_m2t/R10 53.0%  v_m2t/MedR 9.0%
[21/04/26 04:52:10][src.callback.progress][INFO] - Epoch 439 step 84300/192: loss 9.468e-02
[21/04/26 04:52:20][src.callback.progress][INFO] - Epoch 439 step 84350/192: loss 9.239e-02
[21/04/26 04:52:30][src.callback.progress][INFO] - Epoch 439 step 84400/192: loss 8.992e-02
[21/04/26 04:52:41][src.callback.progress][INFO] - Epoch 439 step 84450/192: loss 9.841e-02
[21/04/26 04:52:49][src.callback.progress][INFO] - Epoch 439: v_recons 1.905e-01  recons 8.301e-02  v_loss 3.819e-01  loss 9.315e-02  v_latent 1.273e+00  latent 6.517e-01  v_kl 8.761e+01  kl 3.419e+01  v_contrastive 1.905e+00  contrastive 9.793e-02  v_t2m/len 1530  v_t2m/R01 18.1%  v_t2m/R02 23.13%  v_t2m/R03 31.56%  v_t2m/R05 41.18%  v_t2m/R10 54.84%  v_t2m/MedR 9.0%  v_m2t/len 1530  v_m2t/R01 20.06%  v_m2t/R02 22.15%  v_m2t/R03 31.89%  v_m2t/R05 42.47%  v_m2t/R10 53.52%  v_m2t/MedR 8.0%
[21/04/26 04:52:59][src.callback.progress][INFO] - Epoch 440 step 84500/192: loss 8.895e-02
[21/04/26 04:53:09][src.callback.progress][INFO] - Epoch 440 step 84550/192: loss 8.760e-02
[21/04/26 04:53:19][src.callback.progress][INFO] - Epoch 440 step 84600/192: loss 9.367e-02
[21/04/26 04:53:30][src.callback.progress][INFO] - Epoch 440 step 84650/192: loss 8.168e-02
[21/04/26 04:53:36][src.callback.progress][INFO] - Epoch 440: v_recons 1.903e-01  recons 8.276e-02  v_loss 3.834e-01  loss 9.267e-02  v_latent 1.276e+00  latent 6.483e-01  v_kl 8.618e+01  kl 3.410e+01  v_contrastive 1.922e+00  contrastive 9.567e-02  v_t2m/len 1530  v_t2m/R01 17.38%  v_t2m/R02 23.06%  v_t2m/R03 31.5%  v_t2m/R05 40.52%  v_t2m/R10 56.27%  v_t2m/MedR 8.0%  v_m2t/len 1530  v_m2t/R01 19.61%  v_m2t/R02 21.82%  v_m2t/R03 31.95%  v_m2t/R05 42.41%  v_m2t/R10 53.65%  v_m2t/MedR 9.0%
[21/04/26 04:53:47][src.callback.progress][INFO] - Epoch 441 step 84700/192: loss 8.891e-02
[21/04/26 04:53:57][src.callback.progress][INFO] - Epoch 441 step 84750/192: loss 9.228e-02
[21/04/26 04:54:07][src.callback.progress][INFO] - Epoch 441 step 84800/192: loss 9.414e-02
[21/04/26 04:54:18][src.callback.progress][INFO] - Epoch 441 step 84850/192: loss 8.964e-02
[21/04/26 04:54:22][src.callback.progress][INFO] - Epoch 441: v_recons 1.900e-01  recons 8.276e-02  v_loss 3.814e-01  loss 9.291e-02  v_latent 1.278e+00  latent 6.504e-01  v_kl 8.707e+01  kl 3.424e+01  v_contrastive 1.906e+00  contrastive 9.800e-02  v_t2m/len 1530  v_t2m/R01 18.5%  v_t2m/R02 23.72%  v_t2m/R03 31.62%  v_t2m/R05 41.56%  v_t2m/R10 54.9%  v_t2m/MedR 9.0%  v_m2t/len 1530  v_m2t/R01 19.87%  v_m2t/R02 22.21%  v_m2t/R03 32.09%  v_m2t/R05 41.7%  v_m2t/R10 53.59%  v_m2t/MedR 9.0%
[21/04/26 04:54:35][src.callback.progress][INFO] - Epoch 442 step 84900/192: loss 9.182e-02
[21/04/26 04:54:45][src.callback.progress][INFO] - Epoch 442 step 84950/192: loss 9.188e-02
[21/04/26 04:54:56][src.callback.progress][INFO] - Epoch 442 step 85000/192: loss 1.171e-01
[21/04/26 04:55:06][src.callback.progress][INFO] - Epoch 442 step 85050/192: loss 9.542e-02
[21/04/26 04:55:09][src.callback.progress][INFO] - Epoch 442: v_recons 1.909e-01  recons 8.271e-02  v_loss 3.858e-01  loss 9.272e-02  v_latent 1.284e+00  latent 6.482e-01  v_kl 8.830e+01  kl 3.411e+01  v_contrastive 1.939e+00  contrastive 9.662e-02  v_t2m/len 1530  v_t2m/R01 18.23%  v_t2m/R02 23.2%  v_t2m/R03 32.15%  v_t2m/R05 40.45%  v_t2m/R10 55.02%  v_t2m/MedR 8.0%  v_m2t/len 1530  v_m2t/R01 18.88%  v_m2t/R02 21.76%  v_m2t/R03 31.56%  v_m2t/R05 41.36%  v_m2t/R10 54.04%  v_m2t/MedR 9.0%
[21/04/26 04:55:23][src.callback.progress][INFO] - Epoch 443 step 85100/192: loss 8.801e-02
[21/04/26 04:55:33][src.callback.progress][INFO] - Epoch 443 step 85150/192: loss 9.199e-02
[21/04/26 04:55:44][src.callback.progress][INFO] - Epoch 443 step 85200/192: loss 8.273e-02
[21/04/26 04:55:55][src.callback.progress][INFO] - Epoch 443: v_recons 1.897e-01  recons 8.250e-02  v_loss 3.839e-01  loss 9.259e-02  v_latent 1.277e+00  latent 6.496e-01  v_kl 8.705e+01  kl 3.427e+01  v_contrastive 1.933e+00  contrastive 9.740e-02  v_t2m/len 1530  v_t2m/R01 17.45%  v_t2m/R02 23.27%  v_t2m/R03 32.09%  v_t2m/R05 41.83%  v_t2m/R10 53.99%  v_t2m/MedR 8.5%  v_m2t/len 1530  v_m2t/R01 20.71%  v_m2t/R02 22.94%  v_m2t/R03 32.34%  v_m2t/R05 41.95%  v_m2t/R10 53.27%  v_m2t/MedR 9.0%
[21/04/26 04:56:01][src.callback.progress][INFO] - Epoch 444 step 85250/192: loss 8.936e-02
[21/04/26 04:56:11][src.callback.progress][INFO] - Epoch 444 step 85300/192: loss 9.691e-02
[21/04/26 04:56:22][src.callback.progress][INFO] - Epoch 444 step 85350/192: loss 9.707e-02
[21/04/26 04:56:32][src.callback.progress][INFO] - Epoch 444 step 85400/192: loss 8.434e-02
[21/04/26 04:56:42][src.callback.progress][INFO] - Epoch 444: v_recons 1.886e-01  recons 8.237e-02  v_loss 3.790e-01  loss 9.236e-02  v_latent 1.273e+00  latent 6.505e-01  v_kl 8.651e+01  kl 3.426e+01  v_contrastive 1.896e+00  contrastive 9.640e-02  v_t2m/len 1530  v_t2m/R01 19.02%  v_t2m/R02 23.86%  v_t2m/R03 32.34%  v_t2m/R05 42.02%  v_t2m/R10 54.9%  v_t2m/MedR 8.0%  v_m2t/len 1530  v_m2t/R01 20.64%  v_m2t/R02 23.13%  v_m2t/R03 32.09%  v_m2t/R05 41.18%  v_m2t/R10 54.04%  v_m2t/MedR 9.0%
[21/04/26 04:56:49][src.callback.progress][INFO] - Epoch 445 step 85450/192: loss 9.539e-02
[21/04/26 04:57:00][src.callback.progress][INFO] - Epoch 445 step 85500/192: loss 9.185e-02
[21/04/26 04:57:10][src.callback.progress][INFO] - Epoch 445 step 85550/192: loss 9.958e-02
[21/04/26 04:57:20][src.callback.progress][INFO] - Epoch 445 step 85600/192: loss 7.951e-02
[21/04/26 04:57:29][src.callback.progress][INFO] - Epoch 445: v_recons 1.901e-01  recons 8.243e-02  v_loss 3.809e-01  loss 9.234e-02  v_latent 1.275e+00  latent 6.496e-01  v_kl 8.687e+01  kl 3.424e+01  v_contrastive 1.899e+00  contrastive 9.560e-02  v_t2m/len 1530  v_t2m/R01 18.76%  v_t2m/R02 24.04%  v_t2m/R03 32.88%  v_t2m/R05 41.83%  v_t2m/R10 54.84%  v_t2m/MedR 8.0%  v_m2t/len 1530  v_m2t/R01 21.44%  v_m2t/R02 23.98%  v_m2t/R03 33.79%  v_m2t/R05 43.86%  v_m2t/R10 54.18%  v_m2t/MedR 8.0%
[21/04/26 04:57:38][src.callback.progress][INFO] - Epoch 446 step 85650/192: loss 8.691e-02
[21/04/26 04:57:49][src.callback.progress][INFO] - Epoch 446 step 85700/192: loss 8.932e-02
[21/04/26 04:57:59][src.callback.progress][INFO] - Epoch 446 step 85750/192: loss 1.077e-01
[21/04/26 04:58:09][src.callback.progress][INFO] - Epoch 446 step 85800/192: loss 9.206e-02
[21/04/26 04:58:16][src.callback.progress][INFO] - Epoch 446: v_recons 1.901e-01  recons 8.277e-02  v_loss 3.827e-01  loss 9.275e-02  v_latent 1.281e+00  latent 6.514e-01  v_kl 8.794e+01  kl 3.433e+01  v_contrastive 1.917e+00  contrastive 9.629e-02  v_t2m/len 1530  v_t2m/R01 16.93%  v_t2m/R02 22.8%  v_t2m/R03 31.18%  v_t2m/R05 40.72%  v_t2m/R10 54.84%  v_t2m/MedR 8.0%  v_m2t/len 1530  v_m2t/R01 20.64%  v_m2t/R02 23.86%  v_m2t/R03 32.61%  v_m2t/R05 41.56%  v_m2t/R10 53.91%  v_m2t/MedR 8.0%
[21/04/26 04:58:27][src.callback.progress][INFO] - Epoch 447 step 85850/192: loss 9.548e-02
[21/04/26 04:58:37][src.callback.progress][INFO] - Epoch 447 step 85900/192: loss 9.417e-02
[21/04/26 04:58:47][src.callback.progress][INFO] - Epoch 447 step 85950/192: loss 9.714e-02
[21/04/26 04:58:58][src.callback.progress][INFO] - Epoch 447 step 86000/192: loss 8.471e-02
[21/04/26 04:59:03][src.callback.progress][INFO] - Epoch 447: v_recons 1.905e-01  recons 8.225e-02  v_loss 3.828e-01  loss 9.224e-02  v_latent 1.282e+00  latent 6.503e-01  v_kl 8.727e+01  kl 3.436e+01  v_contrastive 1.915e+00  contrastive 9.645e-02  v_t2m/len 1530  v_t2m/R01 17.96%  v_t2m/R02 22.94%  v_t2m/R03 32.47%  v_t2m/R05 41.56%  v_t2m/R10 55.02%  v_t2m/MedR 8.0%  v_m2t/len 1530  v_m2t/R01 22.21%  v_m2t/R02 24.12%  v_m2t/R03 32.41%  v_m2t/R05 41.7%  v_m2t/R10 54.25%  v_m2t/MedR 9.0%
[21/04/26 04:59:15][src.callback.progress][INFO] - Epoch 448 step 86050/192: loss 8.954e-02
[21/04/26 04:59:26][src.callback.progress][INFO] - Epoch 448 step 86100/192: loss 9.524e-02
[21/04/26 04:59:36][src.callback.progress][INFO] - Epoch 448 step 86150/192: loss 9.300e-02
[21/04/26 04:59:46][src.callback.progress][INFO] - Epoch 448 step 86200/192: loss 9.388e-02
[21/04/26 04:59:50][src.callback.progress][INFO] - Epoch 448: v_recons 1.911e-01  recons 8.203e-02  v_loss 3.821e-01  loss 9.185e-02  v_latent 1.278e+00  latent 6.487e-01  v_kl 8.783e+01  kl 3.436e+01  v_contrastive 1.902e+00  contrastive 9.474e-02  v_t2m/len 1530  v_t2m/R01 17.25%  v_t2m/R02 22.47%  v_t2m/R03 32.09%  v_t2m/R05 41.63%  v_t2m/R10 54.43%  v_t2m/MedR 8.0%  v_m2t/len 1530  v_m2t/R01 20.52%  v_m2t/R02 23.86%  v_m2t/R03 33.2%  v_m2t/R05 41.11%  v_m2t/R10 53.91%  v_m2t/MedR 9.0%
[21/04/26 05:00:04][src.callback.progress][INFO] - Epoch 449 step 86250/192: loss 8.636e-02
[21/04/26 05:00:14][src.callback.progress][INFO] - Epoch 449 step 86300/192: loss 9.108e-02
[21/04/26 05:00:24][src.callback.progress][INFO] - Epoch 449 step 86350/192: loss 9.933e-02
[21/04/26 05:00:34][src.callback.progress][INFO] - Epoch 449 step 86400/192: loss 8.608e-02
[21/04/26 05:00:36][src.callback.progress][INFO] - Epoch 449: v_recons 1.908e-01  recons 8.233e-02  v_loss 3.801e-01  loss 9.228e-02  v_latent 1.279e+00  latent 6.481e-01  v_kl 8.766e+01  kl 3.424e+01  v_contrastive 1.884e+00  contrastive 9.602e-02  v_t2m/len 1530  v_t2m/R01 17.7%  v_t2m/R02 22.8%  v_t2m/R03 32.29%  v_t2m/R05 41.5%  v_t2m/R10 55.41%  v_t2m/MedR 8.0%  v_m2t/len 1530  v_m2t/R01 20.64%  v_m2t/R02 23.13%  v_m2t/R03 33.27%  v_m2t/R05 42.22%  v_m2t/R10 53.0%  v_m2t/MedR 9.0%
[21/04/26 05:00:52][src.callback.progress][INFO] - Epoch 450 step 86450/192: loss 1.009e-01
[21/04/26 05:01:02][src.callback.progress][INFO] - Epoch 450 step 86500/192: loss 9.414e-02
[21/04/26 05:01:12][src.callback.progress][INFO] - Epoch 450 step 86550/192: loss 8.078e-02
[21/04/26 05:01:23][src.callback.progress][INFO] - Epoch 450: v_recons 1.898e-01  recons 8.200e-02  v_loss 3.805e-01  loss 9.160e-02  v_latent 1.283e+00  latent 6.466e-01  v_kl 8.812e+01  kl 3.415e+01  v_contrastive 1.899e+00  contrastive 9.255e-02  v_t2m/len 1530  v_t2m/R01 18.17%  v_t2m/R02 22.47%  v_t2m/R03 30.92%  v_t2m/R05 40.84%  v_t2m/R10 54.63%  v_t2m/MedR 8.0%  v_m2t/len 1530  v_m2t/R01 21.44%  v_m2t/R02 23.45%  v_m2t/R03 32.02%  v_m2t/R05 41.75%  v_m2t/R10 53.86%  v_m2t/MedR 9.0%
[21/04/26 05:01:29][src.callback.progress][INFO] - Epoch 451 step 86600/192: loss 9.849e-02
[21/04/26 05:01:40][src.callback.progress][INFO] - Epoch 451 step 86650/192: loss 8.367e-02
[21/04/26 05:01:50][src.callback.progress][INFO] - Epoch 451 step 86700/192: loss 8.555e-02
[21/04/26 05:02:00][src.callback.progress][INFO] - Epoch 451 step 86750/192: loss 9.287e-02
[21/04/26 05:02:09][src.callback.progress][INFO] - Epoch 451: v_recons 1.917e-01  recons 8.206e-02  v_loss 3.820e-01  loss 9.192e-02  v_latent 1.285e+00  latent 6.493e-01  v_kl 8.912e+01  kl 3.429e+01  v_contrastive 1.895e+00  contrastive 9.517e-02  v_t2m/len 1530  v_t2m/R01 17.25%  v_t2m/R02 22.54%  v_t2m/R03 32.29%  v_t2m/R05 41.75%  v_t2m/R10 54.97%  v_t2m/MedR 8.0%  v_m2t/len 1530  v_m2t/R01 21.3%  v_m2t/R02 23.53%  v_m2t/R03 32.29%  v_m2t/R05 41.24%  v_m2t/R10 53.52%  v_m2t/MedR 9.0%
[21/04/26 05:02:17][src.callback.progress][INFO] - Epoch 452 step 86800/192: loss 9.324e-02
[21/04/26 05:02:28][src.callback.progress][INFO] - Epoch 452 step 86850/192: loss 8.861e-02
[21/04/26 05:02:38][src.callback.progress][INFO] - Epoch 452 step 86900/192: loss 9.397e-02
[21/04/26 05:02:48][src.callback.progress][INFO] - Epoch 452 step 86950/192: loss 9.024e-02
[21/04/26 05:02:55][src.callback.progress][INFO] - Epoch 452: v_recons 1.912e-01  recons 8.228e-02  v_loss 3.835e-01  loss 9.202e-02  v_latent 1.287e+00  latent 6.501e-01  v_kl 8.806e+01  kl 3.457e+01  v_contrastive 1.914e+00  contrastive 9.391e-02  v_t2m/len 1530  v_t2m/R01 18.1%  v_t2m/R02 22.8%  v_t2m/R03 31.56%  v_t2m/R05 40.33%  v_t2m/R10 53.99%  v_t2m/MedR 9.0%  v_m2t/len 1530  v_m2t/R01 19.79%  v_m2t/R02 21.95%  v_m2t/R03 31.23%  v_m2t/R05 40.84%  v_m2t/R10 53.52%  v_m2t/MedR 9.0%
[21/04/26 05:03:05][src.callback.progress][INFO] - Epoch 453 step 87000/192: loss 7.984e-02
[21/04/26 05:03:16][src.callback.progress][INFO] - Epoch 453 step 87050/192: loss 1.023e-01
[21/04/26 05:03:26][src.callback.progress][INFO] - Epoch 453 step 87100/192: loss 8.484e-02
[21/04/26 05:03:36][src.callback.progress][INFO] - Epoch 453 step 87150/192: loss 8.470e-02
[21/04/26 05:03:42][src.callback.progress][INFO] - Epoch 453: v_recons 1.916e-01  recons 8.201e-02  v_loss 3.844e-01  loss 9.164e-02  v_latent 1.285e+00  latent 6.482e-01  v_kl 8.851e+01  kl 3.437e+01  v_contrastive 1.919e+00  contrastive 9.281e-02  v_t2m/len 1530  v_t2m/R01 18.95%  v_t2m/R02 23.65%  v_t2m/R03 32.68%  v_t2m/R05 41.56%  v_t2m/R10 54.97%  v_t2m/MedR 8.0%  v_m2t/len 1530  v_m2t/R01 20.85%  v_m2t/R02 23.45%  v_m2t/R03 32.34%  v_m2t/R05 40.06%  v_m2t/R10 53.0%  v_m2t/MedR 9.0%
[21/04/26 05:03:54][src.callback.progress][INFO] - Epoch 454 step 87200/192: loss 9.302e-02
[21/04/26 05:04:05][src.callback.progress][INFO] - Epoch 454 step 87250/192: loss 9.523e-02
[21/04/26 05:04:15][src.callback.progress][INFO] - Epoch 454 step 87300/192: loss 1.047e-01
[21/04/26 05:04:25][src.callback.progress][INFO] - Epoch 454 step 87350/192: loss 8.795e-02
[21/04/26 05:04:29][src.callback.progress][INFO] - Epoch 454: v_recons 1.909e-01  recons 8.171e-02  v_loss 3.827e-01  loss 9.145e-02  v_latent 1.286e+00  latent 6.470e-01  v_kl 8.818e+01  kl 3.429e+01  v_contrastive 1.909e+00  contrastive 9.391e-02  v_t2m/len 1530  v_t2m/R01 19.14%  v_t2m/R02 23.39%  v_t2m/R03 31.62%  v_t2m/R05 40.65%  v_t2m/R10 55.75%  v_t2m/MedR 8.0%  v_m2t/len 1530  v_m2t/R01 20.78%  v_m2t/R02 22.47%  v_m2t/R03 32.15%  v_m2t/R05 41.95%  v_m2t/R10 53.06%  v_m2t/MedR 9.0%
[21/04/26 05:04:43][src.callback.progress][INFO] - Epoch 455 step 87400/192: loss 8.934e-02
[21/04/26 05:04:53][src.callback.progress][INFO] - Epoch 455 step 87450/192: loss 8.442e-02
[21/04/26 05:05:03][src.callback.progress][INFO] - Epoch 455 step 87500/192: loss 9.040e-02
[21/04/26 05:05:13][src.callback.progress][INFO] - Epoch 455 step 87550/192: loss 1.035e-01
[21/04/26 05:05:16][src.callback.progress][INFO] - Epoch 455: v_recons 1.901e-01  recons 8.166e-02  v_loss 3.828e-01  loss 9.157e-02  v_latent 1.292e+00  latent 6.519e-01  v_kl 8.889e+01  kl 3.465e+01  v_contrastive 1.918e+00  contrastive 9.560e-02  v_t2m/len 1530  v_t2m/R01 19.14%  v_t2m/R02 24.12%  v_t2m/R03 33.45%  v_t2m/R05 41.11%  v_t2m/R10 53.72%  v_t2m/MedR 8.0%  v_m2t/len 1530  v_m2t/R01 19.67%  v_m2t/R02 22.09%  v_m2t/R03 33.06%  v_m2t/R05 41.63%  v_m2t/R10 53.45%  v_m2t/MedR 9.0%
[21/04/26 05:05:31][src.callback.progress][INFO] - Epoch 456 step 87600/192: loss 8.675e-02
[21/04/26 05:05:41][src.callback.progress][INFO] - Epoch 456 step 87650/192: loss 8.781e-02
[21/04/26 05:05:52][src.callback.progress][INFO] - Epoch 456 step 87700/192: loss 7.980e-02
[21/04/26 05:06:02][src.callback.progress][INFO] - Epoch 456: v_recons 1.919e-01  recons 8.189e-02  v_loss 3.866e-01  loss 9.170e-02  v_latent 1.291e+00  latent 6.523e-01  v_kl 8.924e+01  kl 3.470e+01  v_contrastive 1.937e+00  contrastive 9.449e-02  v_t2m/len 1530  v_t2m/R01 17.45%  v_t2m/R02 22.75%  v_t2m/R03 32.34%  v_t2m/R05 41.11%  v_t2m/R10 54.38%  v_t2m/MedR 9.0%  v_m2t/len 1530  v_m2t/R01 19.47%  v_m2t/R02 22.75%  v_m2t/R03 33.0%  v_m2t/R05 41.56%  v_m2t/R10 52.54%  v_m2t/MedR 9.0%
[21/04/26 05:06:09][src.callback.progress][INFO] - Epoch 457 step 87750/192: loss 8.702e-02
[21/04/26 05:06:19][src.callback.progress][INFO] - Epoch 457 step 87800/192: loss 9.571e-02
[21/04/26 05:06:30][src.callback.progress][INFO] - Epoch 457 step 87850/192: loss 8.530e-02
[21/04/26 05:06:40][src.callback.progress][INFO] - Epoch 457 step 87900/192: loss 9.111e-02
[21/04/26 05:06:49][src.callback.progress][INFO] - Epoch 457: v_recons 1.911e-01  recons 8.166e-02  v_loss 3.847e-01  loss 9.122e-02  v_latent 1.284e+00  latent 6.468e-01  v_kl 8.783e+01  kl 3.433e+01  v_contrastive 1.927e+00  contrastive 9.211e-02  v_t2m/len 1530  v_t2m/R01 19.54%  v_t2m/R02 24.44%  v_t2m/R03 32.61%  v_t2m/R05 41.18%  v_t2m/R10 54.38%  v_t2m/MedR 8.5%  v_m2t/len 1530  v_m2t/R01 19.87%  v_m2t/R02 22.54%  v_m2t/R03 32.29%  v_m2t/R05 41.31%  v_m2t/R10 52.61%  v_m2t/MedR 9.0%
[21/04/26 05:06:57][src.callback.progress][INFO] - Epoch 458 step 87950/192: loss 9.536e-02
[21/04/26 05:07:08][src.callback.progress][INFO] - Epoch 458 step 88000/192: loss 9.413e-02
[21/04/26 05:07:18][src.callback.progress][INFO] - Epoch 458 step 88050/192: loss 8.288e-02
[21/04/26 05:07:28][src.callback.progress][INFO] - Epoch 458 step 88100/192: loss 8.514e-02
[21/04/26 05:07:36][src.callback.progress][INFO] - Epoch 458: v_recons 1.900e-01  recons 8.123e-02  v_loss 3.811e-01  loss 9.063e-02  v_latent 1.281e+00  latent 6.435e-01  v_kl 8.869e+01  kl 3.413e+01  v_contrastive 1.901e+00  contrastive 9.058e-02  v_t2m/len 1530  v_t2m/R01 16.86%  v_t2m/R02 21.7%  v_t2m/R03 31.23%  v_t2m/R05 41.7%  v_t2m/R10 55.75%  v_t2m/MedR 8.0%  v_m2t/len 1530  v_m2t/R01 20.12%  v_m2t/R02 22.8%  v_m2t/R03 32.47%  v_m2t/R05 41.5%  v_m2t/R10 53.59%  v_m2t/MedR 9.0%
[21/04/26 05:07:45][src.callback.progress][INFO] - Epoch 459 step 88150/192: loss 1.020e-01
[21/04/26 05:07:56][src.callback.progress][INFO] - Epoch 459 step 88200/192: loss 9.120e-02
[21/04/26 05:08:06][src.callback.progress][INFO] - Epoch 459 step 88250/192: loss 8.533e-02
[21/04/26 05:08:16][src.callback.progress][INFO] - Epoch 459 step 88300/192: loss 8.973e-02
[21/04/26 05:08:22][src.callback.progress][INFO] - Epoch 459: v_recons 1.917e-01  recons 8.112e-02  v_loss 3.848e-01  loss 9.080e-02  v_latent 1.293e+00  latent 6.455e-01  v_kl 8.895e+01  kl 3.432e+01  v_contrastive 1.922e+00  contrastive 9.329e-02  v_t2m/len 1530  v_t2m/R01 17.64%  v_t2m/R02 22.35%  v_t2m/R03 32.22%  v_t2m/R05 41.18%  v_t2m/R10 55.88%  v_t2m/MedR 8.0%  v_m2t/len 1530  v_m2t/R01 19.87%  v_m2t/R02 22.47%  v_m2t/R03 32.54%  v_m2t/R05 42.15%  v_m2t/R10 53.52%  v_m2t/MedR 9.0%
[21/04/26 05:08:34][src.callback.progress][INFO] - Epoch 460 step 88350/192: loss 8.821e-02
[21/04/26 05:08:44][src.callback.progress][INFO] - Epoch 460 step 88400/192: loss 8.845e-02
[21/04/26 05:08:54][src.callback.progress][INFO] - Epoch 460 step 88450/192: loss 9.219e-02
[21/04/26 05:09:05][src.callback.progress][INFO] - Epoch 460 step 88500/192: loss 8.461e-02
[21/04/26 05:09:09][src.callback.progress][INFO] - Epoch 460: v_recons 1.910e-01  recons 8.154e-02  v_loss 3.830e-01  loss 9.120e-02  v_latent 1.283e+00  latent 6.464e-01  v_kl 8.862e+01  kl 3.438e+01  v_contrastive 1.911e+00  contrastive 9.307e-02  v_t2m/len 1530  v_t2m/R01 18.29%  v_t2m/R02 23.39%  v_t2m/R03 31.3%  v_t2m/R05 41.24%  v_t2m/R10 55.61%  v_t2m/MedR 8.0%  v_m2t/len 1530  v_m2t/R01 20.12%  v_m2t/R02 22.87%  v_m2t/R03 33.2%  v_m2t/R05 41.31%  v_m2t/R10 53.0%  v_m2t/MedR 9.0%
[21/04/26 05:09:22][src.callback.progress][INFO] - Epoch 461 step 88550/192: loss 1.004e-01
[21/04/26 05:09:32][src.callback.progress][INFO] - Epoch 461 step 88600/192: loss 8.864e-02
[21/04/26 05:09:43][src.callback.progress][INFO] - Epoch 461 step 88650/192: loss 9.471e-02
[21/04/26 05:09:53][src.callback.progress][INFO] - Epoch 461 step 88700/192: loss 8.985e-02
[21/04/26 05:09:56][src.callback.progress][INFO] - Epoch 461: v_recons 1.901e-01  recons 8.131e-02  v_loss 3.842e-01  loss 9.111e-02  v_latent 1.291e+00  latent 6.479e-01  v_kl 8.955e+01  kl 3.448e+01  v_contrastive 1.932e+00  contrastive 9.450e-02  v_t2m/len 1530  v_t2m/R01 18.43%  v_t2m/R02 23.06%  v_t2m/R03 31.44%  v_t2m/R05 42.15%  v_t2m/R10 54.84%  v_t2m/MedR 8.0%  v_m2t/len 1530  v_m2t/R01 20.59%  v_m2t/R02 23.45%  v_m2t/R03 32.47%  v_m2t/R05 42.09%  v_m2t/R10 54.63%  v_m2t/MedR 8.0%
[21/04/26 05:10:10][src.callback.progress][INFO] - Epoch 462 step 88750/192: loss 9.311e-02
[21/04/26 05:10:21][src.callback.progress][INFO] - Epoch 462 step 88800/192: loss 8.904e-02
[21/04/26 05:10:31][src.callback.progress][INFO] - Epoch 462 step 88850/192: loss 9.134e-02
[21/04/26 05:10:42][src.callback.progress][INFO] - Epoch 462: v_recons 1.907e-01  recons 8.130e-02  v_loss 3.820e-01  loss 9.094e-02  v_latent 1.283e+00  latent 6.475e-01  v_kl 8.863e+01  kl 3.454e+01  v_contrastive 1.904e+00  contrastive 9.285e-02  v_t2m/len 1530  v_t2m/R01 18.55%  v_t2m/R02 23.32%  v_t2m/R03 32.15%  v_t2m/R05 41.75%  v_t2m/R10 55.68%  v_t2m/MedR 8.0%  v_m2t/len 1530  v_m2t/R01 21.04%  v_m2t/R02 23.86%  v_m2t/R03 31.89%  v_m2t/R05 42.15%  v_m2t/R10 54.18%  v_m2t/MedR 9.0%
[21/04/26 05:10:48][src.callback.progress][INFO] - Epoch 463 step 88900/192: loss 8.363e-02
[21/04/26 05:10:58][src.callback.progress][INFO] - Epoch 463 step 88950/192: loss 9.366e-02
[21/04/26 05:11:09][src.callback.progress][INFO] - Epoch 463 step 89000/192: loss 8.780e-02
[21/04/26 05:11:19][src.callback.progress][INFO] - Epoch 463 step 89050/192: loss 9.480e-02
[21/04/26 05:11:29][src.callback.progress][INFO] - Epoch 463: v_recons 1.901e-01  recons 8.162e-02  v_loss 3.844e-01  loss 9.133e-02  v_latent 1.294e+00  latent 6.490e-01  v_kl 8.957e+01  kl 3.466e+01  v_contrastive 1.934e+00  contrastive 9.356e-02  v_t2m/len 1530  v_t2m/R01 18.1%  v_t2m/R02 23.39%  v_t2m/R03 31.18%  v_t2m/R05 41.31%  v_t2m/R10 55.56%  v_t2m/MedR 8.0%  v_m2t/len 1530  v_m2t/R01 21.11%  v_m2t/R02 23.59%  v_m2t/R03 31.82%  v_m2t/R05 42.29%  v_m2t/R10 53.79%  v_m2t/MedR 8.5%
[21/04/26 05:11:36][src.callback.progress][INFO] - Epoch 464 step 89100/192: loss 8.314e-02
[21/04/26 05:11:47][src.callback.progress][INFO] - Epoch 464 step 89150/192: loss 9.148e-02
[21/04/26 05:11:57][src.callback.progress][INFO] - Epoch 464 step 89200/192: loss 9.379e-02
[21/04/26 05:12:07][src.callback.progress][INFO] - Epoch 464 step 89250/192: loss 8.795e-02
[21/04/26 05:12:15][src.callback.progress][INFO] - Epoch 464: v_recons 1.911e-01  recons 8.108e-02  v_loss 3.818e-01  loss 9.053e-02  v_latent 1.289e+00  latent 6.464e-01  v_kl 8.858e+01  kl 3.444e+01  v_contrastive 1.899e+00  contrastive 9.094e-02  v_t2m/len 1530  v_t2m/R01 17.9%  v_t2m/R02 22.75%  v_t2m/R03 31.18%  v_t2m/R05 40.97%  v_t2m/R10 55.81%  v_t2m/MedR 8.0%  v_m2t/len 1530  v_m2t/R01 21.18%  v_m2t/R02 23.98%  v_m2t/R03 32.81%  v_m2t/R05 41.95%  v_m2t/R10 53.13%  v_m2t/MedR 9.0%
[21/04/26 05:12:24][src.callback.progress][INFO] - Epoch 465 step 89300/192: loss 9.106e-02
[21/04/26 05:12:35][src.callback.progress][INFO] - Epoch 465 step 89350/192: loss 8.918e-02
[21/04/26 05:12:45][src.callback.progress][INFO] - Epoch 465 step 89400/192: loss 9.182e-02
[21/04/26 05:12:55][src.callback.progress][INFO] - Epoch 465 step 89450/192: loss 1.016e-01
[21/04/26 05:13:02][src.callback.progress][INFO] - Epoch 465: v_recons 1.913e-01  recons 8.092e-02  v_loss 3.842e-01  loss 9.028e-02  v_latent 1.295e+00  latent 6.440e-01  v_kl 9.000e+01  kl 3.437e+01  v_contrastive 1.919e+00  contrastive 9.003e-02  v_t2m/len 1530  v_t2m/R01 17.96%  v_t2m/R02 23.01%  v_t2m/R03 31.95%  v_t2m/R05 41.7%  v_t2m/R10 56.59%  v_t2m/MedR 8.0%  v_m2t/len 1530  v_m2t/R01 20.97%  v_m2t/R02 23.72%  v_m2t/R03 32.88%  v_m2t/R05 41.43%  v_m2t/R10 53.06%  v_m2t/MedR 9.0%
[21/04/26 05:13:12][src.callback.progress][INFO] - Epoch 466 step 89500/192: loss 9.695e-02
[21/04/26 05:13:23][src.callback.progress][INFO] - Epoch 466 step 89550/192: loss 8.646e-02
[21/04/26 05:13:33][src.callback.progress][INFO] - Epoch 466 step 89600/192: loss 8.837e-02
[21/04/26 05:13:43][src.callback.progress][INFO] - Epoch 466 step 89650/192: loss 8.108e-02
[21/04/26 05:13:48][src.callback.progress][INFO] - Epoch 466: v_recons 1.916e-01  recons 8.081e-02  v_loss 3.853e-01  loss 9.009e-02  v_latent 1.297e+00  latent 6.423e-01  v_kl 8.958e+01  kl 3.427e+01  v_contrastive 1.928e+00  contrastive 8.938e-02  v_t2m/len 1530  v_t2m/R01 17.57%  v_t2m/R02 22.21%  v_t2m/R03 32.68%  v_t2m/R05 41.36%  v_t2m/R10 55.36%  v_t2m/MedR 8.0%  v_m2t/len 1530  v_m2t/R01 21.18%  v_m2t/R02 23.72%  v_m2t/R03 32.81%  v_m2t/R05 42.61%  v_m2t/R10 52.93%  v_m2t/MedR 9.0%
[21/04/26 05:14:00][src.callback.progress][INFO] - Epoch 467 step 89700/192: loss 9.406e-02
[21/04/26 05:14:11][src.callback.progress][INFO] - Epoch 467 step 89750/192: loss 8.649e-02
[21/04/26 05:14:21][src.callback.progress][INFO] - Epoch 467 step 89800/192: loss 9.124e-02
[21/04/26 05:14:31][src.callback.progress][INFO] - Epoch 467 step 89850/192: loss 1.081e-01
[21/04/26 05:14:34][src.callback.progress][INFO] - Epoch 467: v_recons 1.911e-01  recons 8.058e-02  v_loss 3.837e-01  loss 9.000e-02  v_latent 1.292e+00  latent 6.455e-01  v_kl 9.011e+01  kl 3.448e+01  v_contrastive 1.917e+00  contrastive 9.075e-02  v_t2m/len 1530  v_t2m/R01 18.29%  v_t2m/R02 23.27%  v_t2m/R03 32.93%  v_t2m/R05 41.56%  v_t2m/R10 54.7%  v_t2m/MedR 8.0%  v_m2t/len 1530  v_m2t/R01 21.3%  v_m2t/R02 24.18%  v_m2t/R03 33.72%  v_m2t/R05 42.68%  v_m2t/R10 52.81%  v_m2t/MedR 9.0%
[21/04/26 05:14:48][src.callback.progress][INFO] - Epoch 468 step 89900/192: loss 8.829e-02
[21/04/26 05:14:59][src.callback.progress][INFO] - Epoch 468 step 89950/192: loss 1.001e-01
[21/04/26 05:15:09][src.callback.progress][INFO] - Epoch 468 step 90000/192: loss 9.324e-02
[21/04/26 05:15:20][src.callback.progress][INFO] - Epoch 468: v_recons 1.920e-01  recons 8.113e-02  v_loss 3.857e-01  loss 9.058e-02  v_latent 1.301e+00  latent 6.493e-01  v_kl 9.056e+01  kl 3.494e+01  v_contrastive 1.928e+00  contrastive 9.087e-02  v_t2m/len 1530  v_t2m/R01 17.45%  v_t2m/R02 23.27%  v_t2m/R03 32.61%  v_t2m/R05 40.33%  v_t2m/R10 55.29%  v_t2m/MedR 8.0%  v_m2t/len 1530  v_m2t/R01 20.71%  v_m2t/R02 23.65%  v_m2t/R03 32.34%  v_m2t/R05 41.04%  v_m2t/R10 53.13%  v_m2t/MedR 9.0%
[21/04/26 05:15:26][src.callback.progress][INFO] - Epoch 469 step 90050/192: loss 8.640e-02
[21/04/26 05:15:37][src.callback.progress][INFO] - Epoch 469 step 90100/192: loss 9.408e-02
[21/04/26 05:15:47][src.callback.progress][INFO] - Epoch 469 step 90150/192: loss 9.989e-02
[21/04/26 05:15:57][src.callback.progress][INFO] - Epoch 469 step 90200/192: loss 8.228e-02
[21/04/26 05:16:07][src.callback.progress][INFO] - Epoch 469: v_recons 1.926e-01  recons 8.058e-02  v_loss 3.873e-01  loss 9.003e-02  v_latent 1.296e+00  latent 6.464e-01  v_kl 9.031e+01  kl 3.464e+01  v_contrastive 1.937e+00  contrastive 9.094e-02  v_t2m/len 1530  v_t2m/R01 18.95%  v_t2m/R02 24.57%  v_t2m/R03 32.34%  v_t2m/R05 41.56%  v_t2m/R10 55.49%  v_t2m/MedR 8.0%  v_m2t/len 1530  v_m2t/R01 20.78%  v_m2t/R02 23.72%  v_m2t/R03 32.88%  v_m2t/R05 41.75%  v_m2t/R10 53.0%  v_m2t/MedR 9.0%
[21/04/26 05:16:15][src.callback.progress][INFO] - Epoch 470 step 90250/192: loss 7.801e-02
[21/04/26 05:16:25][src.callback.progress][INFO] - Epoch 470 step 90300/192: loss 7.233e-02
[21/04/26 05:16:35][src.callback.progress][INFO] - Epoch 470 step 90350/192: loss 8.745e-02
[21/04/26 05:16:46][src.callback.progress][INFO] - Epoch 470 step 90400/192: loss 7.545e-02
[21/04/26 05:16:54][src.callback.progress][INFO] - Epoch 470: v_recons 1.924e-01  recons 8.048e-02  v_loss 3.846e-01  loss 8.976e-02  v_latent 1.298e+00  latent 6.456e-01  v_kl 8.993e+01  kl 3.450e+01  v_contrastive 1.913e+00  contrastive 8.928e-02  v_t2m/len 1530  v_t2m/R01 19.61%  v_t2m/R02 24.51%  v_t2m/R03 32.81%  v_t2m/R05 41.31%  v_t2m/R10 55.22%  v_t2m/MedR 9.0%  v_m2t/len 1530  v_m2t/R01 20.52%  v_m2t/R02 22.29%  v_m2t/R03 32.41%  v_m2t/R05 41.31%  v_m2t/R10 52.41%  v_m2t/MedR 9.0%
[21/04/26 05:17:03][src.callback.progress][INFO] - Epoch 471 step 90450/192: loss 8.636e-02
[21/04/26 05:17:13][src.callback.progress][INFO] - Epoch 471 step 90500/192: loss 9.030e-02
[21/04/26 05:17:24][src.callback.progress][INFO] - Epoch 471 step 90550/192: loss 7.657e-02
[21/04/26 05:17:34][src.callback.progress][INFO] - Epoch 471 step 90600/192: loss 9.187e-02
[21/04/26 05:17:41][src.callback.progress][INFO] - Epoch 471: v_recons 1.922e-01  recons 8.028e-02  v_loss 3.868e-01  loss 8.949e-02  v_latent 1.304e+00  latent 6.450e-01  v_kl 9.043e+01  kl 3.459e+01  v_contrastive 1.936e+00  contrastive 8.856e-02  v_t2m/len 1530  v_t2m/R01 17.9%  v_t2m/R02 22.68%  v_t2m/R03 31.89%  v_t2m/R05 41.31%  v_t2m/R10 54.38%  v_t2m/MedR 8.0%  v_m2t/len 1530  v_m2t/R01 20.97%  v_m2t/R02 23.39%  v_m2t/R03 31.7%  v_m2t/R05 39.61%  v_m2t/R10 52.68%  v_m2t/MedR 9.0%
[21/04/26 05:17:51][src.callback.progress][INFO] - Epoch 472 step 90650/192: loss 8.646e-02
[21/04/26 05:18:02][src.callback.progress][INFO] - Epoch 472 step 90700/192: loss 1.062e-01
[21/04/26 05:18:12][src.callback.progress][INFO] - Epoch 472 step 90750/192: loss 8.858e-02
[21/04/26 05:18:22][src.callback.progress][INFO] - Epoch 472 step 90800/192: loss 9.554e-02
[21/04/26 05:18:27][src.callback.progress][INFO] - Epoch 472: v_recons 1.922e-01  recons 8.068e-02  v_loss 3.871e-01  loss 9.012e-02  v_latent 1.300e+00  latent 6.449e-01  v_kl 9.058e+01  kl 3.463e+01  v_contrastive 1.940e+00  contrastive 9.088e-02  v_t2m/len 1530  v_t2m/R01 19.02%  v_t2m/R02 23.32%  v_t2m/R03 32.29%  v_t2m/R05 42.09%  v_t2m/R10 55.36%  v_t2m/MedR 8.0%  v_m2t/len 1530  v_m2t/R01 20.64%  v_m2t/R02 23.32%  v_m2t/R03 31.7%  v_m2t/R05 41.31%  v_m2t/R10 52.22%  v_m2t/MedR 9.0%
[21/04/26 05:18:39][src.callback.progress][INFO] - Epoch 473 step 90850/192: loss 8.340e-02
[21/04/26 05:18:50][src.callback.progress][INFO] - Epoch 473 step 90900/192: loss 8.383e-02
[21/04/26 05:19:00][src.callback.progress][INFO] - Epoch 473 step 90950/192: loss 9.463e-02
[21/04/26 05:19:10][src.callback.progress][INFO] - Epoch 473 step 91000/192: loss 8.982e-02
[21/04/26 05:19:14][src.callback.progress][INFO] - Epoch 473: v_recons 1.925e-01  recons 8.063e-02  v_loss 3.868e-01  loss 9.001e-02  v_latent 1.303e+00  latent 6.460e-01  v_kl 9.144e+01  kl 3.475e+01  v_contrastive 1.933e+00  contrastive 9.024e-02  v_t2m/len 1530  v_t2m/R01 17.7%  v_t2m/R02 22.87%  v_t2m/R03 31.82%  v_t2m/R05 41.04%  v_t2m/R10 55.88%  v_t2m/MedR 8.0%  v_m2t/len 1530  v_m2t/R01 20.85%  v_m2t/R02 23.65%  v_m2t/R03 32.47%  v_m2t/R05 41.7%  v_m2t/R10 52.88%  v_m2t/MedR 9.0%
[21/04/26 05:19:27][src.callback.progress][INFO] - Epoch 474 step 91050/192: loss 8.831e-02
[21/04/26 05:19:38][src.callback.progress][INFO] - Epoch 474 step 91100/192: loss 9.435e-02
[21/04/26 05:19:48][src.callback.progress][INFO] - Epoch 474 step 91150/192: loss 9.220e-02
[21/04/26 05:19:58][src.callback.progress][INFO] - Epoch 474 step 91200/192: loss 8.753e-02
[21/04/26 05:20:00][src.callback.progress][INFO] - Epoch 474: v_recons 1.933e-01  recons 8.043e-02  v_loss 3.857e-01  loss 8.979e-02  v_latent 1.295e+00  latent 6.449e-01  v_kl 9.010e+01  kl 3.474e+01  v_contrastive 1.915e+00  contrastive 9.005e-02  v_t2m/len 1530  v_t2m/R01 18.04%  v_t2m/R02 24.51%  v_t2m/R03 32.34%  v_t2m/R05 42.34%  v_t2m/R10 54.63%  v_t2m/MedR 8.0%  v_m2t/len 1530  v_m2t/R01 20.97%  v_m2t/R02 23.06%  v_m2t/R03 32.41%  v_m2t/R05 41.36%  v_m2t/R10 53.86%  v_m2t/MedR 8.0%
[21/04/26 05:20:15][src.callback.progress][INFO] - Epoch 475 step 91250/192: loss 7.709e-02
[21/04/26 05:20:26][src.callback.progress][INFO] - Epoch 475 step 91300/192: loss 8.012e-02
[21/04/26 05:20:36][src.callback.progress][INFO] - Epoch 475 step 91350/192: loss 9.708e-02
[21/04/26 05:20:46][src.callback.progress][INFO] - Epoch 475: v_recons 1.914e-01  recons 8.039e-02  v_loss 3.833e-01  loss 8.969e-02  v_latent 1.299e+00  latent 6.435e-01  v_kl 9.000e+01  kl 3.457e+01  v_contrastive 1.910e+00  contrastive 8.951e-02  v_t2m/len 1530  v_t2m/R01 19.35%  v_t2m/R02 23.53%  v_t2m/R03 32.75%  v_t2m/R05 41.83%  v_t2m/R10 56.13%  v_t2m/MedR 8.0%  v_m2t/len 1530  v_m2t/R01 20.71%  v_m2t/R02 23.79%  v_m2t/R03 33.0%  v_m2t/R05 42.15%  v_m2t/R10 53.99%  v_m2t/MedR 8.0%
[21/04/26 05:20:53][src.callback.progress][INFO] - Epoch 476 step 91400/192: loss 1.042e-01
[21/04/26 05:21:04][src.callback.progress][INFO] - Epoch 476 step 91450/192: loss 7.940e-02
[21/04/26 05:21:14][src.callback.progress][INFO] - Epoch 476 step 91500/192: loss 8.117e-02
[21/04/26 05:21:24][src.callback.progress][INFO] - Epoch 476 step 91550/192: loss 9.160e-02
[21/04/26 05:21:33][src.callback.progress][INFO] - Epoch 476: v_recons 1.912e-01  recons 7.994e-02  v_loss 3.825e-01  loss 8.909e-02  v_latent 1.306e+00  latent 6.422e-01  v_kl 9.114e+01  kl 3.460e+01  v_contrastive 1.904e+00  contrastive 8.791e-02  v_t2m/len 1530  v_t2m/R01 19.14%  v_t2m/R02 23.01%  v_t2m/R03 31.7%  v_t2m/R05 41.63%  v_t2m/R10 55.88%  v_t2m/MedR 9.0%  v_m2t/len 1530  v_m2t/R01 21.11%  v_m2t/R02 24.12%  v_m2t/R03 32.93%  v_m2t/R05 43.06%  v_m2t/R10 53.27%  v_m2t/MedR 9.0%
[21/04/26 05:21:41][src.callback.progress][INFO] - Epoch 477 step 91600/192: loss 9.439e-02
[21/04/26 05:21:52][src.callback.progress][INFO] - Epoch 477 step 91650/192: loss 9.811e-02
[21/04/26 05:22:02][src.callback.progress][INFO] - Epoch 477 step 91700/192: loss 9.644e-02
[21/04/26 05:22:12][src.callback.progress][INFO] - Epoch 477 step 91750/192: loss 8.689e-02
[21/04/26 05:22:20][src.callback.progress][INFO] - Epoch 477: v_recons 1.914e-01  recons 7.988e-02  v_loss 3.830e-01  loss 8.898e-02  v_latent 1.296e+00  latent 6.419e-01  v_kl 9.015e+01  kl 3.443e+01  v_contrastive 1.907e+00  contrastive 8.751e-02  v_t2m/len 1530  v_t2m/R01 19.54%  v_t2m/R02 23.92%  v_t2m/R03 31.76%  v_t2m/R05 42.02%  v_t2m/R10 55.75%  v_t2m/MedR 8.0%  v_m2t/len 1530  v_m2t/R01 21.11%  v_m2t/R02 24.18%  v_m2t/R03 34.25%  v_m2t/R05 42.88%  v_m2t/R10 54.43%  v_m2t/MedR 9.0%
[21/04/26 05:22:30][src.callback.progress][INFO] - Epoch 478 step 91800/192: loss 8.227e-02
[21/04/26 05:22:40][src.callback.progress][INFO] - Epoch 478 step 91850/192: loss 9.089e-02
[21/04/26 05:22:50][src.callback.progress][INFO] - Epoch 478 step 91900/192: loss 9.426e-02
[21/04/26 05:23:01][src.callback.progress][INFO] - Epoch 478 step 91950/192: loss 8.528e-02
[21/04/26 05:23:06][src.callback.progress][INFO] - Epoch 478: v_recons 1.932e-01  recons 7.984e-02  v_loss 3.833e-01  loss 8.907e-02  v_latent 1.300e+00  latent 6.419e-01  v_kl 8.994e+01  kl 3.444e+01  v_contrastive 1.892e+00  contrastive 8.876e-02  v_t2m/len 1530  v_t2m/R01 18.37%  v_t2m/R02 22.8%  v_t2m/R03 31.82%  v_t2m/R05 41.75%  v_t2m/R10 57.18%  v_t2m/MedR 8.0%  v_m2t/len 1530  v_m2t/R01 20.92%  v_m2t/R02 23.2%  v_m2t/R03 33.79%  v_m2t/R05 42.93%  v_m2t/R10 54.31%  v_m2t/MedR 8.0%
[21/04/26 05:23:18][src.callback.progress][INFO] - Epoch 479 step 92000/192: loss 9.039e-02
[21/04/26 05:23:28][src.callback.progress][INFO] - Epoch 479 step 92050/192: loss 8.023e-02
[21/04/26 05:23:38][src.callback.progress][INFO] - Epoch 479 step 92100/192: loss 9.908e-02
[21/04/26 05:23:49][src.callback.progress][INFO] - Epoch 479 step 92150/192: loss 8.780e-02
[21/04/26 05:23:52][src.callback.progress][INFO] - Epoch 479: v_recons 1.923e-01  recons 7.997e-02  v_loss 3.841e-01  loss 8.925e-02  v_latent 1.303e+00  latent 6.422e-01  v_kl 9.194e+01  kl 3.465e+01  v_contrastive 1.908e+00  contrastive 8.931e-02  v_t2m/len 1530  v_t2m/R01 18.43%  v_t2m/R02 23.53%  v_t2m/R03 32.15%  v_t2m/R05 41.43%  v_t2m/R10 55.09%  v_t2m/MedR 8.0%  v_m2t/len 1530  v_m2t/R01 22.35%  v_m2t/R02 24.63%  v_m2t/R03 34.25%  v_m2t/R05 43.13%  v_m2t/R10 53.4%  v_m2t/MedR 9.0%
[21/04/26 05:24:06][src.callback.progress][INFO] - Epoch 480 step 92200/192: loss 8.080e-02
[21/04/26 05:24:16][src.callback.progress][INFO] - Epoch 480 step 92250/192: loss 9.101e-02
[21/04/26 05:24:26][src.callback.progress][INFO] - Epoch 480 step 92300/192: loss 9.081e-02
[21/04/26 05:24:36][src.callback.progress][INFO] - Epoch 480 step 92350/192: loss 9.110e-02
[21/04/26 05:24:39][src.callback.progress][INFO] - Epoch 480: v_recons 1.920e-01  recons 7.989e-02  v_loss 3.852e-01  loss 8.917e-02  v_latent 1.306e+00  latent 6.444e-01  v_kl 9.211e+01  kl 3.470e+01  v_contrastive 1.923e+00  contrastive 8.925e-02  v_t2m/len 1530  v_t2m/R01 19.14%  v_t2m/R02 24.37%  v_t2m/R03 33.59%  v_t2m/R05 41.7%  v_t2m/R10 55.22%  v_t2m/MedR 8.0%  v_m2t/len 1530  v_m2t/R01 21.95%  v_m2t/R02 24.84%  v_m2t/R03 34.43%  v_m2t/R05 42.68%  v_m2t/R10 52.88%  v_m2t/MedR 9.0%
[21/04/26 05:24:53][src.callback.progress][INFO] - Epoch 481 step 92400/192: loss 9.436e-02
[21/04/26 05:25:04][src.callback.progress][INFO] - Epoch 481 step 92450/192: loss 8.686e-02
[21/04/26 05:25:14][src.callback.progress][INFO] - Epoch 481 step 92500/192: loss 8.852e-02
[21/04/26 05:25:25][src.callback.progress][INFO] - Epoch 481: v_recons 1.922e-01  recons 8.012e-02  v_loss 3.828e-01  loss 8.920e-02  v_latent 1.298e+00  latent 6.448e-01  v_kl 9.157e+01  kl 3.481e+01  v_contrastive 1.897e+00  contrastive 8.724e-02  v_t2m/len 1530  v_t2m/R01 18.88%  v_t2m/R02 23.53%  v_t2m/R03 33.27%  v_t2m/R05 42.22%  v_t2m/R10 54.84%  v_t2m/MedR 8.0%  v_m2t/len 1530  v_m2t/R01 22.87%  v_m2t/R02 25.48%  v_m2t/R03 34.25%  v_m2t/R05 43.59%  v_m2t/R10 54.04%  v_m2t/MedR 9.0%
[21/04/26 05:25:31][src.callback.progress][INFO] - Epoch 482 step 92550/192: loss 8.089e-02
[21/04/26 05:25:41][src.callback.progress][INFO] - Epoch 482 step 92600/192: loss 8.306e-02
[21/04/26 05:25:52][src.callback.progress][INFO] - Epoch 482 step 92650/192: loss 8.718e-02
[21/04/26 05:26:02][src.callback.progress][INFO] - Epoch 482 step 92700/192: loss 8.792e-02
[21/04/26 05:26:11][src.callback.progress][INFO] - Epoch 482: v_recons 1.922e-01  recons 7.959e-02  v_loss 3.861e-01  loss 8.878e-02  v_latent 1.304e+00  latent 6.430e-01  v_kl 9.113e+01  kl 3.470e+01  v_contrastive 1.930e+00  contrastive 8.843e-02  v_t2m/len 1530  v_t2m/R01 18.43%  v_t2m/R02 24.63%  v_t2m/R03 33.65%  v_t2m/R05 41.95%  v_t2m/R10 54.9%  v_t2m/MedR 8.0%  v_m2t/len 1530  v_m2t/R01 20.97%  v_m2t/R02 23.72%  v_m2t/R03 34.04%  v_m2t/R05 44.77%  v_m2t/R10 54.11%  v_m2t/MedR 7.5%
[21/04/26 05:26:19][src.callback.progress][INFO] - Epoch 483 step 92750/192: loss 9.569e-02
[21/04/26 05:26:29][src.callback.progress][INFO] - Epoch 483 step 92800/192: loss 8.261e-02
[21/04/26 05:26:40][src.callback.progress][INFO] - Epoch 483 step 92850/192: loss 9.104e-02
[21/04/26 05:26:50][src.callback.progress][INFO] - Epoch 483 step 92900/192: loss 8.569e-02
[21/04/26 05:26:58][src.callback.progress][INFO] - Epoch 483: v_recons 1.940e-01  recons 7.994e-02  v_loss 3.889e-01  loss 8.916e-02  v_latent 1.314e+00  latent 6.432e-01  v_kl 9.304e+01  kl 3.484e+01  v_contrastive 1.940e+00  contrastive 8.871e-02  v_t2m/len 1530  v_t2m/R01 17.96%  v_t2m/R02 22.75%  v_t2m/R03 32.29%  v_t2m/R05 41.43%  v_t2m/R10 55.36%  v_t2m/MedR 8.0%  v_m2t/len 1530  v_m2t/R01 21.82%  v_m2t/R02 24.04%  v_m2t/R03 33.52%  v_m2t/R05 43.0%  v_m2t/R10 51.75%  v_m2t/MedR 9.0%
[21/04/26 05:27:07][src.callback.progress][INFO] - Epoch 484 step 92950/192: loss 8.490e-02
[21/04/26 05:27:17][src.callback.progress][INFO] - Epoch 484 step 93000/192: loss 8.536e-02
[21/04/26 05:27:28][src.callback.progress][INFO] - Epoch 484 step 93050/192: loss 1.051e-01
[21/04/26 05:27:38][src.callback.progress][INFO] - Epoch 484 step 93100/192: loss 7.899e-02
[21/04/26 05:27:44][src.callback.progress][INFO] - Epoch 484: v_recons 1.930e-01  recons 8.015e-02  v_loss 3.903e-01  loss 8.946e-02  v_latent 1.315e+00  latent 6.496e-01  v_kl 9.246e+01  kl 3.511e+01  v_contrastive 1.964e+00  contrastive 8.954e-02  v_t2m/len 1530  v_t2m/R01 18.69%  v_t2m/R02 24.37%  v_t2m/R03 33.72%  v_t2m/R05 42.68%  v_t2m/R10 55.61%  v_t2m/MedR 8.0%  v_m2t/len 1530  v_m2t/R01 20.06%  v_m2t/R02 22.75%  v_m2t/R03 31.89%  v_m2t/R05 41.56%  v_m2t/R10 53.72%  v_m2t/MedR 9.0%
[21/04/26 05:27:56][src.callback.progress][INFO] - Epoch 485 step 93150/192: loss 9.525e-02
[21/04/26 05:28:06][src.callback.progress][INFO] - Epoch 485 step 93200/192: loss 9.970e-02
[21/04/26 05:28:16][src.callback.progress][INFO] - Epoch 485 step 93250/192: loss 9.069e-02
[21/04/26 05:28:27][src.callback.progress][INFO] - Epoch 485 step 93300/192: loss 9.206e-02
[21/04/26 05:28:31][src.callback.progress][INFO] - Epoch 485: v_recons 1.924e-01  recons 7.990e-02  v_loss 3.856e-01  loss 8.912e-02  v_latent 1.307e+00  latent 6.453e-01  v_kl 9.214e+01  kl 3.490e+01  v_contrastive 1.923e+00  contrastive 8.856e-02  v_t2m/len 1530  v_t2m/R01 19.02%  v_t2m/R02 23.86%  v_t2m/R03 33.52%  v_t2m/R05 42.54%  v_t2m/R10 55.56%  v_t2m/MedR 8.0%  v_m2t/len 1530  v_m2t/R01 21.44%  v_m2t/R02 23.53%  v_m2t/R03 32.88%  v_m2t/R05 42.93%  v_m2t/R10 53.99%  v_m2t/MedR 9.0%
[21/04/26 05:28:44][src.callback.progress][INFO] - Epoch 486 step 93350/192: loss 8.622e-02
[21/04/26 05:28:54][src.callback.progress][INFO] - Epoch 486 step 93400/192: loss 8.696e-02
[21/04/26 05:29:04][src.callback.progress][INFO] - Epoch 486 step 93450/192: loss 8.785e-02
[21/04/26 05:29:14][src.callback.progress][INFO] - Epoch 486 step 93500/192: loss 8.156e-02
[21/04/26 05:29:17][src.callback.progress][INFO] - Epoch 486: v_recons 1.934e-01  recons 7.948e-02  v_loss 3.867e-01  loss 8.832e-02  v_latent 1.309e+00  latent 6.408e-01  v_kl 9.147e+01  kl 3.465e+01  v_contrastive 1.923e+00  contrastive 8.493e-02  v_t2m/len 1530  v_t2m/R01 19.47%  v_t2m/R02 24.44%  v_t2m/R03 33.4%  v_t2m/R05 41.63%  v_t2m/R10 54.31%  v_t2m/MedR 8.0%  v_m2t/len 1530  v_m2t/R01 21.23%  v_m2t/R02 23.45%  v_m2t/R03 33.59%  v_m2t/R05 42.41%  v_m2t/R10 54.11%  v_m2t/MedR 9.0%
[21/04/26 05:29:32][src.callback.progress][INFO] - Epoch 487 step 93550/192: loss 7.912e-02
[21/04/26 05:29:42][src.callback.progress][INFO] - Epoch 487 step 93600/192: loss 9.063e-02
[21/04/26 05:29:52][src.callback.progress][INFO] - Epoch 487 step 93650/192: loss 9.190e-02
[21/04/26 05:30:03][src.callback.progress][INFO] - Epoch 487: v_recons 1.929e-01  recons 7.936e-02  v_loss 3.878e-01  loss 8.864e-02  v_latent 1.308e+00  latent 6.424e-01  v_kl 9.169e+01  kl 3.476e+01  v_contrastive 1.939e+00  contrastive 8.920e-02  v_t2m/len 1530  v_t2m/R01 18.88%  v_t2m/R02 23.98%  v_t2m/R03 32.47%  v_t2m/R05 41.75%  v_t2m/R10 56.13%  v_t2m/MedR 8.0%  v_m2t/len 1530  v_m2t/R01 21.82%  v_m2t/R02 24.37%  v_m2t/R03 35.09%  v_m2t/R05 43.65%  v_m2t/R10 53.86%  v_m2t/MedR 8.0%
[21/04/26 05:30:09][src.callback.progress][INFO] - Epoch 488 step 93700/192: loss 7.905e-02
[21/04/26 05:30:19][src.callback.progress][INFO] - Epoch 488 step 93750/192: loss 8.584e-02
[21/04/26 05:30:30][src.callback.progress][INFO] - Epoch 488 step 93800/192: loss 1.028e-01
[21/04/26 05:30:40][src.callback.progress][INFO] - Epoch 488 step 93850/192: loss 9.245e-02
[21/04/26 05:30:50][src.callback.progress][INFO] - Epoch 488: v_recons 1.926e-01  recons 7.911e-02  v_loss 3.853e-01  loss 8.809e-02  v_latent 1.307e+00  latent 6.393e-01  v_kl 9.179e+01  kl 3.465e+01  v_contrastive 1.918e+00  contrastive 8.625e-02  v_t2m/len 1530  v_t2m/R01 17.64%  v_t2m/R02 22.87%  v_t2m/R03 31.7%  v_t2m/R05 42.22%  v_t2m/R10 56.13%  v_t2m/MedR 7.5%  v_m2t/len 1530  v_m2t/R01 21.04%  v_m2t/R02 23.2%  v_m2t/R03 34.58%  v_m2t/R05 43.52%  v_m2t/R10 53.27%  v_m2t/MedR 8.0%
[21/04/26 05:30:57][src.callback.progress][INFO] - Epoch 489 step 93900/192: loss 8.495e-02
[21/04/26 05:31:08][src.callback.progress][INFO] - Epoch 489 step 93950/192: loss 8.979e-02
[21/04/26 05:31:18][src.callback.progress][INFO] - Epoch 489 step 94000/192: loss 8.486e-02
[21/04/26 05:31:28][src.callback.progress][INFO] - Epoch 489 step 94050/192: loss 1.046e-01
[21/04/26 05:31:36][src.callback.progress][INFO] - Epoch 489: v_recons 1.928e-01  recons 7.907e-02  v_loss 3.851e-01  loss 8.801e-02  v_latent 1.315e+00  latent 6.404e-01  v_kl 9.248e+01  kl 3.477e+01  v_contrastive 1.914e+00  contrastive 8.592e-02  v_t2m/len 1530  v_t2m/R01 19.07%  v_t2m/R02 23.79%  v_t2m/R03 31.82%  v_t2m/R05 41.18%  v_t2m/R10 54.18%  v_t2m/MedR 9.0%  v_m2t/len 1530  v_m2t/R01 20.64%  v_m2t/R02 23.13%  v_m2t/R03 33.4%  v_m2t/R05 42.88%  v_m2t/R10 52.47%  v_m2t/MedR 9.0%
[21/04/26 05:31:45][src.callback.progress][INFO] - Epoch 490 step 94100/192: loss 8.956e-02
[21/04/26 05:31:56][src.callback.progress][INFO] - Epoch 490 step 94150/192: loss 7.765e-02
[21/04/26 05:32:06][src.callback.progress][INFO] - Epoch 490 step 94200/192: loss 9.758e-02
[21/04/26 05:32:17][src.callback.progress][INFO] - Epoch 490 step 94250/192: loss 8.197e-02
[21/04/26 05:32:23][src.callback.progress][INFO] - Epoch 490: v_recons 1.924e-01  recons 7.958e-02  v_loss 3.846e-01  loss 8.856e-02  v_latent 1.309e+00  latent 6.429e-01  v_kl 9.239e+01  kl 3.489e+01  v_contrastive 1.912e+00  contrastive 8.616e-02  v_t2m/len 1530  v_t2m/R01 18.81%  v_t2m/R02 23.98%  v_t2m/R03 32.15%  v_t2m/R05 42.41%  v_t2m/R10 55.15%  v_t2m/MedR 8.0%  v_m2t/len 1530  v_m2t/R01 20.71%  v_m2t/R02 22.8%  v_m2t/R03 33.06%  v_m2t/R05 41.7%  v_m2t/R10 53.27%  v_m2t/MedR 9.0%
[21/04/26 05:32:34][src.callback.progress][INFO] - Epoch 491 step 94300/192: loss 8.585e-02
[21/04/26 05:32:44][src.callback.progress][INFO] - Epoch 491 step 94350/192: loss 7.916e-02
[21/04/26 05:32:54][src.callback.progress][INFO] - Epoch 491 step 94400/192: loss 8.881e-02
[21/04/26 05:33:05][src.callback.progress][INFO] - Epoch 491 step 94450/192: loss 9.038e-02
[21/04/26 05:33:09][src.callback.progress][INFO] - Epoch 491: v_recons 1.917e-01  recons 7.924e-02  v_loss 3.856e-01  loss 8.817e-02  v_latent 1.311e+00  latent 6.405e-01  v_kl 9.167e+01  kl 3.480e+01  v_contrastive 1.930e+00  contrastive 8.576e-02  v_t2m/len 1530  v_t2m/R01 19.61%  v_t2m/R02 23.65%  v_t2m/R03 32.93%  v_t2m/R05 42.22%  v_t2m/R10 55.68%  v_t2m/MedR 8.0%  v_m2t/len 1530  v_m2t/R01 22.03%  v_m2t/R02 24.84%  v_m2t/R03 33.4%  v_m2t/R05 42.34%  v_m2t/R10 53.52%  v_m2t/MedR 9.0%
[21/04/26 05:33:22][src.callback.progress][INFO] - Epoch 492 step 94500/192: loss 9.406e-02
[21/04/26 05:33:32][src.callback.progress][INFO] - Epoch 492 step 94550/192: loss 7.793e-02
[21/04/26 05:33:42][src.callback.progress][INFO] - Epoch 492 step 94600/192: loss 9.564e-02
[21/04/26 05:33:53][src.callback.progress][INFO] - Epoch 492 step 94650/192: loss 9.800e-02
[21/04/26 05:33:56][src.callback.progress][INFO] - Epoch 492: v_recons 1.936e-01  recons 7.992e-02  v_loss 3.892e-01  loss 8.939e-02  v_latent 1.317e+00  latent 6.480e-01  v_kl 9.380e+01  kl 3.529e+01  v_contrastive 1.947e+00  contrastive 9.113e-02  v_t2m/len 1530  v_t2m/R01 19.4%  v_t2m/R02 23.92%  v_t2m/R03 32.15%  v_t2m/R05 40.72%  v_t2m/R10 54.5%  v_t2m/MedR 8.0%  v_m2t/len 1530  v_m2t/R01 20.52%  v_m2t/R02 23.86%  v_m2t/R03 33.33%  v_m2t/R05 43.06%  v_m2t/R10 53.65%  v_m2t/MedR 9.0%
[21/04/26 05:34:10][src.callback.progress][INFO] - Epoch 493 step 94700/192: loss 8.480e-02
[21/04/26 05:34:20][src.callback.progress][INFO] - Epoch 493 step 94750/192: loss 8.395e-02
[21/04/26 05:34:30][src.callback.progress][INFO] - Epoch 493 step 94800/192: loss 8.487e-02
[21/04/26 05:34:42][src.callback.progress][INFO] - Epoch 493: v_recons 1.931e-01  recons 7.979e-02  v_loss 3.866e-01  loss 8.910e-02  v_latent 1.313e+00  latent 6.495e-01  v_kl 9.244e+01  kl 3.539e+01  v_contrastive 1.926e+00  contrastive 8.947e-02  v_t2m/len 1530  v_t2m/R01 18.69%  v_t2m/R02 22.47%  v_t2m/R03 30.71%  v_t2m/R05 41.7%  v_t2m/R10 56.13%  v_t2m/MedR 8.0%  v_m2t/len 1530  v_m2t/R01 20.64%  v_m2t/R02 23.92%  v_m2t/R03 33.65%  v_m2t/R05 42.22%  v_m2t/R10 53.33%  v_m2t/MedR 8.0%
[21/04/26 05:34:47][src.callback.progress][INFO] - Epoch 494 step 94850/192: loss 1.124e-01
[21/04/26 05:34:58][src.callback.progress][INFO] - Epoch 494 step 94900/192: loss 8.522e-02
[21/04/26 05:35:08][src.callback.progress][INFO] - Epoch 494 step 94950/192: loss 1.086e-01
[21/04/26 05:35:19][src.callback.progress][INFO] - Epoch 494 step 95000/192: loss 8.654e-02
[21/04/26 05:35:29][src.callback.progress][INFO] - Epoch 494: v_recons 1.929e-01  recons 7.873e-02  v_loss 3.881e-01  loss 8.767e-02  v_latent 1.312e+00  latent 6.402e-01  v_kl 9.296e+01  kl 3.490e+01  v_contrastive 1.942e+00  contrastive 8.585e-02  v_t2m/len 1530  v_t2m/R01 18.55%  v_t2m/R02 23.53%  v_t2m/R03 32.15%  v_t2m/R05 41.11%  v_t2m/R10 55.56%  v_t2m/MedR 8.0%  v_m2t/len 1530  v_m2t/R01 21.11%  v_m2t/R02 23.72%  v_m2t/R03 33.13%  v_m2t/R05 43.33%  v_m2t/R10 52.68%  v_m2t/MedR 9.0%
[21/04/26 05:35:36][src.callback.progress][INFO] - Epoch 495 step 95050/192: loss 8.055e-02
[21/04/26 05:35:46][src.callback.progress][INFO] - Epoch 495 step 95100/192: loss 9.080e-02
[21/04/26 05:35:56][src.callback.progress][INFO] - Epoch 495 step 95150/192: loss 8.039e-02
[21/04/26 05:36:07][src.callback.progress][INFO] - Epoch 495 step 95200/192: loss 7.532e-02
[21/04/26 05:36:15][src.callback.progress][INFO] - Epoch 495: v_recons 1.926e-01  recons 7.883e-02  v_loss 3.869e-01  loss 8.785e-02  v_latent 1.318e+00  latent 6.418e-01  v_kl 9.329e+01  kl 3.499e+01  v_contrastive 1.934e+00  contrastive 8.663e-02  v_t2m/len 1530  v_t2m/R01 19.47%  v_t2m/R02 24.25%  v_t2m/R03 31.62%  v_t2m/R05 41.04%  v_t2m/R10 55.36%  v_t2m/MedR 8.0%  v_m2t/len 1530  v_m2t/R01 20.26%  v_m2t/R02 23.06%  v_m2t/R03 32.09%  v_m2t/R05 42.22%  v_m2t/R10 52.93%  v_m2t/MedR 9.0%
[21/04/26 05:36:24][src.callback.progress][INFO] - Epoch 496 step 95250/192: loss 8.439e-02
[21/04/26 05:36:34][src.callback.progress][INFO] - Epoch 496 step 95300/192: loss 8.791e-02
[21/04/26 05:36:45][src.callback.progress][INFO] - Epoch 496 step 95350/192: loss 8.392e-02
[21/04/26 05:36:55][src.callback.progress][INFO] - Epoch 496 step 95400/192: loss 8.575e-02
[21/04/26 05:37:02][src.callback.progress][INFO] - Epoch 496: v_recons 1.930e-01  recons 7.895e-02  v_loss 3.868e-01  loss 8.784e-02  v_latent 1.312e+00  latent 6.412e-01  v_kl 9.278e+01  kl 3.498e+01  v_contrastive 1.929e+00  contrastive 8.533e-02  v_t2m/len 1530  v_t2m/R01 18.81%  v_t2m/R02 24.12%  v_t2m/R03 33.2%  v_t2m/R05 42.81%  v_t2m/R10 55.22%  v_t2m/MedR 8.0%  v_m2t/len 1530  v_m2t/R01 20.52%  v_m2t/R02 23.53%  v_m2t/R03 32.34%  v_m2t/R05 42.88%  v_m2t/R10 53.79%  v_m2t/MedR 8.0%
[21/04/26 05:37:13][src.callback.progress][INFO] - Epoch 497 step 95450/192: loss 9.743e-02
[21/04/26 05:37:23][src.callback.progress][INFO] - Epoch 497 step 95500/192: loss 8.359e-02
[21/04/26 05:37:33][src.callback.progress][INFO] - Epoch 497 step 95550/192: loss 9.033e-02
[21/04/26 05:37:44][src.callback.progress][INFO] - Epoch 497 step 95600/192: loss 8.548e-02
[21/04/26 05:37:49][src.callback.progress][INFO] - Epoch 497: v_recons 1.931e-01  recons 7.897e-02  v_loss 3.863e-01  loss 8.796e-02  v_latent 1.313e+00  latent 6.430e-01  v_kl 9.213e+01  kl 3.509e+01  v_contrastive 1.923e+00  contrastive 8.626e-02  v_t2m/len 1530  v_t2m/R01 18.37%  v_t2m/R02 23.53%  v_t2m/R03 32.81%  v_t2m/R05 42.54%  v_t2m/R10 55.61%  v_t2m/MedR 8.0%  v_m2t/len 1530  v_m2t/R01 20.32%  v_m2t/R02 22.75%  v_m2t/R03 31.56%  v_m2t/R05 42.54%  v_m2t/R10 53.27%  v_m2t/MedR 9.0%
[21/04/26 05:38:00][src.callback.progress][INFO] - Epoch 498 step 95650/192: loss 8.490e-02
[21/04/26 05:38:11][src.callback.progress][INFO] - Epoch 498 step 95700/192: loss 8.130e-02
[21/04/26 05:38:21][src.callback.progress][INFO] - Epoch 498 step 95750/192: loss 8.594e-02
[21/04/26 05:38:31][src.callback.progress][INFO] - Epoch 498 step 95800/192: loss 9.590e-02
[21/04/26 05:38:35][src.callback.progress][INFO] - Epoch 498: v_recons 1.932e-01  recons 7.880e-02  v_loss 3.863e-01  loss 8.773e-02  v_latent 1.321e+00  latent 6.418e-01  v_kl 9.300e+01  kl 3.492e+01  v_contrastive 1.921e+00  contrastive 8.567e-02  v_t2m/len 1530  v_t2m/R01 18.76%  v_t2m/R02 23.32%  v_t2m/R03 32.29%  v_t2m/R05 42.41%  v_t2m/R10 54.58%  v_t2m/MedR 8.0%  v_m2t/len 1530  v_m2t/R01 20.0%  v_m2t/R02 23.01%  v_m2t/R03 33.65%  v_m2t/R05 42.34%  v_m2t/R10 52.61%  v_m2t/MedR 9.0%
[21/04/26 05:38:49][src.callback.progress][INFO] - Epoch 499 step 95850/192: loss 7.951e-02
[21/04/26 05:38:59][src.callback.progress][INFO] - Epoch 499 step 95900/192: loss 8.735e-02
[21/04/26 05:39:09][src.callback.progress][INFO] - Epoch 499 step 95950/192: loss 7.842e-02
[21/04/26 05:39:19][src.callback.progress][INFO] - Epoch 499 step 96000/192: loss 9.057e-02
[21/04/26 05:39:21][src.callback.progress][INFO] - Epoch 499: v_recons 1.919e-01  recons 7.965e-02  v_loss 3.857e-01  loss 8.877e-02  v_latent 1.317e+00  latent 6.502e-01  v_kl 9.353e+01  kl 3.551e+01  v_contrastive 1.929e+00  contrastive 8.752e-02  v_t2m/len 1530  v_t2m/R01 18.62%  v_t2m/R02 22.15%  v_t2m/R03 32.09%  v_t2m/R05 41.56%  v_t2m/R10 55.75%  v_t2m/MedR 8.0%  v_m2t/len 1530  v_m2t/R01 20.92%  v_m2t/R02 23.72%  v_m2t/R03 32.93%  v_m2t/R05 41.56%  v_m2t/R10 52.75%  v_m2t/MedR 9.0%
[21/04/26 05:39:26][pytorch_lightning.utilities.rank_zero][INFO] - `Trainer.fit` stopped: `max_epochs=500` reached.
[21/04/26 05:39:26][src.callback.progress][INFO] - Training done
