[20/04/26 16:35:15][__main__][INFO] - Training script
[20/04/26 16:35:15][__main__][INFO] - The config can be found here: 
outputs/humanml3d_e_mp_motion_repr_server/tmr/guo263/config.json
[20/04/26 16:35:17][lightning_fabric.utilities.seed][INFO] - Seed set to 1234
[20/04/26 16:35:17][__main__][INFO] - Loading the dataloaders
[20/04/26 16:35:28][__main__][INFO] - Loading the model
[20/04/26 16:35:28][__main__][INFO] - Training
[20/04/26 16:35:28][pytorch_lightning.utilities.rank_zero][INFO] - GPU available: True (cuda), used: True
[20/04/26 16:35:28][pytorch_lightning.utilities.rank_zero][INFO] - TPU available: False, using: 0 TPU cores
[20/04/26 16:35:28][pytorch_lightning.utilities.rank_zero][INFO] - HPU available: False, using: 0 HPUs
[20/04/26 16:35:28][pytorch_lightning.accelerators.cuda][INFO] - LOCAL_RANK: 0 - CUDA_VISIBLE_DEVICES: [0]
[20/04/26 16:35:28][pytorch_lightning.callbacks.model_summary][INFO] - 
  | Name                   | Type              | Params | Mode 
---------------------------------------------------------------------
0 | motion_encoder         | ACTORStyleEncoder | 4.8 M  | train
1 | text_encoder           | ACTORStyleEncoder | 4.9 M  | train
2 | motion_decoder         | ACTORStyleDecoder | 6.4 M  | train
3 | reconstruction_loss_fn | SmoothL1Loss      | 0      | train
4 | latent_loss_fn         | SmoothL1Loss      | 0      | train
---------------------------------------------------------------------
16.1 M    Trainable params
0         Non-trainable params
16.1 M    Total params
64.523    Total estimated model params size (MB)
224       Modules in train mode
0         Modules in eval mode
[20/04/26 16:35:29][src.callback.progress][INFO] - Training started
[20/04/26 16:35:41][src.callback.progress][INFO] - Epoch 0 step 50/192: loss 9.657e-01
[20/04/26 16:35:51][src.callback.progress][INFO] - Epoch 0 step 100/192: loss 9.071e-01
[20/04/26 16:36:02][src.callback.progress][INFO] - Epoch 0 step 150/192: loss 9.106e-01
[20/04/26 16:36:13][src.callback.progress][INFO] - Epoch 0: v_recons 4.491e-01  recons 4.837e-01  v_loss 8.682e-01  loss 9.419e-01  v_latent 1.164e+00  latent 1.244e+00  v_kl 6.253e+00  kl 7.544e+00  v_contrastive 4.190e+00  contrastive 4.581e+00  v_t2m/len 1530  v_t2m/R01 1.17%  v_t2m/R02 1.75%  v_t2m/R03 2.68%  v_t2m/R05 3.92%  v_t2m/R10 6.59%  v_t2m/MedR 176.0%  v_m2t/len 1530  v_m2t/R01 0.58%  v_m2t/R02 1.44%  v_m2t/R03 2.28%  v_m2t/R05 3.4%  v_m2t/R10 5.82%  v_m2t/MedR 177.0%
[20/04/26 16:36:19][src.callback.progress][INFO] - Epoch 1 step 200/192: loss 8.714e-01
[20/04/26 16:36:29][src.callback.progress][INFO] - Epoch 1 step 250/192: loss 8.665e-01
[20/04/26 16:36:39][src.callback.progress][INFO] - Epoch 1 step 300/192: loss 8.346e-01
[20/04/26 16:36:50][src.callback.progress][INFO] - Epoch 1 step 350/192: loss 8.300e-01
[20/04/26 16:36:59][src.callback.progress][INFO] - Epoch 1: v_recons 4.347e-01  recons 4.406e-01  v_loss 8.057e-01  loss 8.330e-01  v_latent 1.117e+00  latent 1.151e+00  v_kl 7.781e+00  kl 6.835e+00  v_contrastive 3.709e+00  contrastive 3.924e+00  v_t2m/len 1530  v_t2m/R01 1.17%  v_t2m/R02 2.34%  v_t2m/R03 3.26%  v_t2m/R05 5.03%  v_t2m/R10 10.59%  v_t2m/MedR 89.0%  v_m2t/len 1530  v_m2t/R01 1.17%  v_m2t/R02 2.68%  v_m2t/R03 3.73%  v_m2t/R05 6.21%  v_m2t/R10 11.76%  v_m2t/MedR 95.5%
[20/04/26 16:37:08][src.callback.progress][INFO] - Epoch 2 step 400/192: loss 7.758e-01
[20/04/26 16:37:19][src.callback.progress][INFO] - Epoch 2 step 450/192: loss 8.380e-01
[20/04/26 16:37:29][src.callback.progress][INFO] - Epoch 2 step 500/192: loss 8.515e-01
[20/04/26 16:37:39][src.callback.progress][INFO] - Epoch 2 step 550/192: loss 7.543e-01
[20/04/26 16:37:47][src.callback.progress][INFO] - Epoch 2: v_recons 4.223e-01  recons 4.271e-01  v_loss 7.711e-01  loss 7.842e-01  v_latent 1.047e+00  latent 1.090e+00  v_kl 1.913e+01  kl 1.401e+01  v_contrastive 3.487e+00  contrastive 3.569e+00  v_t2m/len 1530  v_t2m/R01 2.08%  v_t2m/R02 3.85%  v_t2m/R03 5.03%  v_t2m/R05 9.53%  v_t2m/R10 16.2%  v_t2m/MedR 70.0%  v_m2t/len 1530  v_m2t/R01 3.52%  v_m2t/R02 5.61%  v_m2t/R03 7.38%  v_m2t/R05 10.39%  v_m2t/R10 16.46%  v_m2t/MedR 73.0%
[20/04/26 16:37:57][src.callback.progress][INFO] - Epoch 3 step 600/192: loss 7.478e-01
[20/04/26 16:38:08][src.callback.progress][INFO] - Epoch 3 step 650/192: loss 7.348e-01
[20/04/26 16:38:18][src.callback.progress][INFO] - Epoch 3 step 700/192: loss 8.106e-01
[20/04/26 16:38:29][src.callback.progress][INFO] - Epoch 3 step 750/192: loss 8.210e-01
[20/04/26 16:38:35][src.callback.progress][INFO] - Epoch 3: v_recons 4.143e-01  recons 4.157e-01  v_loss 7.446e-01  loss 7.548e-01  v_latent 1.013e+00  latent 1.046e+00  v_kl 2.849e+01  kl 2.902e+01  v_contrastive 3.300e+00  contrastive 3.388e+00  v_t2m/len 1530  v_t2m/R01 2.75%  v_t2m/R02 4.57%  v_t2m/R03 6.8%  v_t2m/R05 10.85%  v_t2m/R10 18.1%  v_t2m/MedR 53.0%  v_m2t/len 1530  v_m2t/R01 2.42%  v_m2t/R02 4.71%  v_m2t/R03 7.19%  v_m2t/R05 11.1%  v_m2t/R10 18.43%  v_m2t/MedR 56.0%
[20/04/26 16:38:48][src.callback.progress][INFO] - Epoch 4 step 800/192: loss 7.540e-01
[20/04/26 16:38:58][src.callback.progress][INFO] - Epoch 4 step 850/192: loss 8.133e-01
[20/04/26 16:39:09][src.callback.progress][INFO] - Epoch 4 step 900/192: loss 7.200e-01
[20/04/26 16:39:19][src.callback.progress][INFO] - Epoch 4 step 950/192: loss 7.217e-01
[20/04/26 16:39:23][src.callback.progress][INFO] - Epoch 4: v_recons 4.010e-01  recons 4.066e-01  v_loss 7.182e-01  loss 7.288e-01  v_latent 9.960e-01  latent 1.016e+00  v_kl 3.825e+01  kl 4.121e+01  v_contrastive 3.169e+00  contrastive 3.218e+00  v_t2m/len 1530  v_t2m/R01 3.06%  v_t2m/R02 6.01%  v_t2m/R03 8.1%  v_t2m/R05 12.55%  v_t2m/R10 21.89%  v_t2m/MedR 44.5%  v_m2t/len 1530  v_m2t/R01 3.85%  v_m2t/R02 7.44%  v_m2t/R03 10.13%  v_m2t/R05 14.25%  v_m2t/R10 20.97%  v_m2t/MedR 44.0%
[20/04/26 16:39:38][src.callback.progress][INFO] - Epoch 5 step 1000/192: loss 6.997e-01
[20/04/26 16:39:48][src.callback.progress][INFO] - Epoch 5 step 1050/192: loss 7.197e-01
[20/04/26 16:39:59][src.callback.progress][INFO] - Epoch 5 step 1100/192: loss 6.604e-01
[20/04/26 16:40:09][src.callback.progress][INFO] - Epoch 5 step 1150/192: loss 7.028e-01
[20/04/26 16:40:12][src.callback.progress][INFO] - Epoch 5: v_recons 3.939e-01  recons 3.968e-01  v_loss 7.037e-01  loss 7.089e-01  v_latent 9.915e-01  latent 1.005e+00  v_kl 3.438e+01  kl 4.601e+01  v_contrastive 3.094e+00  contrastive 3.116e+00  v_t2m/len 1530  v_t2m/R01 3.52%  v_t2m/R02 6.73%  v_t2m/R03 10.26%  v_t2m/R05 14.84%  v_t2m/R10 23.13%  v_t2m/MedR 41.0%  v_m2t/len 1530  v_m2t/R01 3.58%  v_m2t/R02 6.98%  v_m2t/R03 9.6%  v_m2t/R05 13.27%  v_m2t/R10 23.65%  v_m2t/MedR 40.0%
[20/04/26 16:40:28][src.callback.progress][INFO] - Epoch 6 step 1200/192: loss 7.078e-01
[20/04/26 16:40:38][src.callback.progress][INFO] - Epoch 6 step 1250/192: loss 6.842e-01
[20/04/26 16:40:49][src.callback.progress][INFO] - Epoch 6 step 1300/192: loss 7.025e-01
[20/04/26 16:41:00][src.callback.progress][INFO] - Epoch 6: v_recons 3.880e-01  recons 3.907e-01  v_loss 6.877e-01  loss 6.919e-01  v_latent 9.788e-01  latent 9.944e-01  v_kl 3.954e+01  kl 4.828e+01  v_contrastive 2.993e+00  contrastive 3.007e+00  v_t2m/len 1530  v_t2m/R01 4.63%  v_t2m/R02 7.71%  v_t2m/R03 10.46%  v_t2m/R05 17.31%  v_t2m/R10 26.27%  v_t2m/MedR 38.0%  v_m2t/len 1530  v_m2t/R01 5.28%  v_m2t/R02 9.4%  v_m2t/R03 12.68%  v_m2t/R05 17.9%  v_m2t/R10 26.67%  v_m2t/MedR 38.0%
[20/04/26 16:41:08][src.callback.progress][INFO] - Epoch 7 step 1350/192: loss 7.184e-01
[20/04/26 16:41:19][src.callback.progress][INFO] - Epoch 7 step 1400/192: loss 6.573e-01
[20/04/26 16:41:29][src.callback.progress][INFO] - Epoch 7 step 1450/192: loss 6.656e-01
[20/04/26 16:41:39][src.callback.progress][INFO] - Epoch 7 step 1500/192: loss 7.120e-01
[20/04/26 16:41:49][src.callback.progress][INFO] - Epoch 7: v_recons 3.796e-01  recons 3.845e-01  v_loss 6.715e-01  loss 6.767e-01  v_latent 9.747e-01  latent 9.869e-01  v_kl 3.914e+01  kl 4.997e+01  v_contrastive 2.915e+00  contrastive 2.917e+00  v_t2m/len 1530  v_t2m/R01 5.55%  v_t2m/R02 9.67%  v_t2m/R03 12.75%  v_t2m/R05 18.88%  v_t2m/R10 27.96%  v_t2m/MedR 31.0%  v_m2t/len 1530  v_m2t/R01 5.69%  v_m2t/R02 10.32%  v_m2t/R03 14.11%  v_m2t/R05 19.28%  v_m2t/R10 28.37%  v_m2t/MedR 32.0%
[20/04/26 16:41:58][src.callback.progress][INFO] - Epoch 8 step 1550/192: loss 7.137e-01
[20/04/26 16:42:08][src.callback.progress][INFO] - Epoch 8 step 1600/192: loss 6.317e-01
[20/04/26 16:42:19][src.callback.progress][INFO] - Epoch 8 step 1650/192: loss 6.776e-01
[20/04/26 16:42:29][src.callback.progress][INFO] - Epoch 8 step 1700/192: loss 6.576e-01
[20/04/26 16:42:37][src.callback.progress][INFO] - Epoch 8: v_recons 3.771e-01  recons 3.781e-01  v_loss 6.611e-01  loss 6.632e-01  v_latent 9.763e-01  latent 9.847e-01  v_kl 3.870e+01  kl 4.906e+01  v_contrastive 2.836e+00  contrastive 2.846e+00  v_t2m/len 1530  v_t2m/R01 5.03%  v_t2m/R02 8.76%  v_t2m/R03 12.28%  v_t2m/R05 18.1%  v_t2m/R10 28.95%  v_t2m/MedR 28.0%  v_m2t/len 1530  v_m2t/R01 5.03%  v_m2t/R02 9.35%  v_m2t/R03 14.18%  v_m2t/R05 19.79%  v_m2t/R10 29.21%  v_m2t/MedR 31.0%
[20/04/26 16:42:48][src.callback.progress][INFO] - Epoch 9 step 1750/192: loss 6.573e-01
[20/04/26 16:42:58][src.callback.progress][INFO] - Epoch 9 step 1800/192: loss 6.322e-01
[20/04/26 16:43:08][src.callback.progress][INFO] - Epoch 9 step 1850/192: loss 6.162e-01
[20/04/26 16:43:19][src.callback.progress][INFO] - Epoch 9 step 1900/192: loss 6.573e-01
[20/04/26 16:43:25][src.callback.progress][INFO] - Epoch 9: v_recons 3.724e-01  recons 3.725e-01  v_loss 6.504e-01  loss 6.481e-01  v_latent 9.749e-01  latent 9.793e-01  v_kl 4.093e+01  kl 4.714e+01  v_contrastive 2.776e+00  contrastive 2.751e+00  v_t2m/len 1530  v_t2m/R01 6.53%  v_t2m/R02 10.97%  v_t2m/R03 13.65%  v_t2m/R05 20.0%  v_t2m/R10 29.67%  v_t2m/MedR 27.0%  v_m2t/len 1530  v_m2t/R01 5.61%  v_m2t/R02 10.06%  v_m2t/R03 14.11%  v_m2t/R05 19.79%  v_m2t/R10 29.93%  v_m2t/MedR 30.0%
[20/04/26 16:43:37][src.callback.progress][INFO] - Epoch 10 step 1950/192: loss 6.341e-01
[20/04/26 16:43:48][src.callback.progress][INFO] - Epoch 10 step 2000/192: loss 6.604e-01
[20/04/26 16:43:58][src.callback.progress][INFO] - Epoch 10 step 2050/192: loss 6.273e-01
[20/04/26 16:44:09][src.callback.progress][INFO] - Epoch 10 step 2100/192: loss 6.389e-01
[20/04/26 16:44:13][src.callback.progress][INFO] - Epoch 10: v_recons 3.670e-01  recons 3.675e-01  v_loss 6.407e-01  loss 6.375e-01  v_latent 9.660e-01  latent 9.767e-01  v_kl 3.908e+01  kl 4.567e+01  v_contrastive 2.732e+00  contrastive 2.695e+00  v_t2m/len 1530  v_t2m/R01 5.75%  v_t2m/R02 10.13%  v_t2m/R03 14.38%  v_t2m/R05 20.78%  v_t2m/R10 32.34%  v_t2m/MedR 24.0%  v_m2t/len 1530  v_m2t/R01 6.34%  v_m2t/R02 11.76%  v_m2t/R03 15.56%  v_m2t/R05 21.37%  v_m2t/R10 31.76%  v_m2t/MedR 30.0%
[20/04/26 16:44:27][src.callback.progress][INFO] - Epoch 11 step 2150/192: loss 6.196e-01
[20/04/26 16:44:37][src.callback.progress][INFO] - Epoch 11 step 2200/192: loss 6.837e-01
[20/04/26 16:44:48][src.callback.progress][INFO] - Epoch 11 step 2250/192: loss 5.679e-01
[20/04/26 16:44:58][src.callback.progress][INFO] - Epoch 11 step 2300/192: loss 6.599e-01
[20/04/26 16:45:01][src.callback.progress][INFO] - Epoch 11: v_recons 3.614e-01  recons 3.630e-01  v_loss 6.281e-01  loss 6.260e-01  v_latent 9.683e-01  latent 9.726e-01  v_kl 3.609e+01  kl 4.309e+01  v_contrastive 2.663e+00  contrastive 2.625e+00  v_t2m/len 1530  v_t2m/R01 7.38%  v_t2m/R02 11.76%  v_t2m/R03 15.81%  v_t2m/R05 23.01%  v_t2m/R10 35.36%  v_t2m/MedR 21.0%  v_m2t/len 1530  v_m2t/R01 7.11%  v_m2t/R02 12.15%  v_m2t/R03 16.07%  v_m2t/R05 22.21%  v_m2t/R10 33.2%  v_m2t/MedR 25.0%
[20/04/26 16:45:17][src.callback.progress][INFO] - Epoch 12 step 2350/192: loss 5.956e-01
[20/04/26 16:45:27][src.callback.progress][INFO] - Epoch 12 step 2400/192: loss 6.027e-01
[20/04/26 16:45:38][src.callback.progress][INFO] - Epoch 12 step 2450/192: loss 5.614e-01
[20/04/26 16:45:50][src.callback.progress][INFO] - Epoch 12: v_recons 3.597e-01  recons 3.596e-01  v_loss 6.206e-01  loss 6.146e-01  v_latent 9.642e-01  latent 9.668e-01  v_kl 3.384e+01  kl 4.134e+01  v_contrastive 2.605e+00  contrastive 2.547e+00  v_t2m/len 1530  v_t2m/R01 6.4%  v_t2m/R02 11.05%  v_t2m/R03 15.22%  v_t2m/R05 22.54%  v_t2m/R10 34.84%  v_t2m/MedR 22.0%  v_m2t/len 1530  v_m2t/R01 6.34%  v_m2t/R02 11.5%  v_m2t/R03 15.28%  v_m2t/R05 21.95%  v_m2t/R10 33.45%  v_m2t/MedR 24.0%
[20/04/26 16:45:57][src.callback.progress][INFO] - Epoch 13 step 2500/192: loss 5.979e-01
[20/04/26 16:46:08][src.callback.progress][INFO] - Epoch 13 step 2550/192: loss 5.946e-01
[20/04/26 16:46:19][src.callback.progress][INFO] - Epoch 13 step 2600/192: loss 6.267e-01
[20/04/26 16:46:29][src.callback.progress][INFO] - Epoch 13 step 2650/192: loss 6.378e-01
[20/04/26 16:46:39][src.callback.progress][INFO] - Epoch 13: v_recons 3.571e-01  recons 3.561e-01  v_loss 6.149e-01  loss 6.052e-01  v_latent 9.611e-01  latent 9.632e-01  v_kl 3.250e+01  kl 3.903e+01  v_contrastive 2.575e+00  contrastive 2.487e+00  v_t2m/len 1530  v_t2m/R01 7.78%  v_t2m/R02 13.27%  v_t2m/R03 17.45%  v_t2m/R05 24.3%  v_t2m/R10 35.36%  v_t2m/MedR 23.0%  v_m2t/len 1530  v_m2t/R01 7.32%  v_m2t/R02 13.01%  v_m2t/R03 16.6%  v_m2t/R05 23.53%  v_m2t/R10 34.84%  v_m2t/MedR 23.0%
[20/04/26 16:46:48][src.callback.progress][INFO] - Epoch 14 step 2700/192: loss 5.545e-01
[20/04/26 16:46:58][src.callback.progress][INFO] - Epoch 14 step 2750/192: loss 5.584e-01
[20/04/26 16:47:09][src.callback.progress][INFO] - Epoch 14 step 2800/192: loss 6.094e-01
[20/04/26 16:47:19][src.callback.progress][INFO] - Epoch 14 step 2850/192: loss 6.094e-01
[20/04/26 16:47:28][src.callback.progress][INFO] - Epoch 14: v_recons 3.531e-01  recons 3.534e-01  v_loss 6.057e-01  loss 5.955e-01  v_latent 9.515e-01  latent 9.576e-01  v_kl 3.079e+01  kl 3.785e+01  v_contrastive 2.523e+00  contrastive 2.417e+00  v_t2m/len 1530  v_t2m/R01 7.9%  v_t2m/R02 13.78%  v_t2m/R03 18.17%  v_t2m/R05 25.81%  v_t2m/R10 38.09%  v_t2m/MedR 19.0%  v_m2t/len 1530  v_m2t/R01 7.65%  v_m2t/R02 13.14%  v_m2t/R03 17.52%  v_m2t/R05 24.12%  v_m2t/R10 35.56%  v_m2t/MedR 21.0%
[20/04/26 16:47:37][src.callback.progress][INFO] - Epoch 15 step 2900/192: loss 5.867e-01
[20/04/26 16:47:48][src.callback.progress][INFO] - Epoch 15 step 2950/192: loss 5.542e-01
[20/04/26 16:47:58][src.callback.progress][INFO] - Epoch 15 step 3000/192: loss 5.510e-01
[20/04/26 16:48:09][src.callback.progress][INFO] - Epoch 15 step 3050/192: loss 5.549e-01
[20/04/26 16:48:15][src.callback.progress][INFO] - Epoch 15: v_recons 3.505e-01  recons 3.506e-01  v_loss 5.979e-01  loss 5.860e-01  v_latent 9.464e-01  latent 9.520e-01  v_kl 3.132e+01  kl 3.623e+01  v_contrastive 2.470e+00  contrastive 2.350e+00  v_t2m/len 1530  v_t2m/R01 7.57%  v_t2m/R02 14.05%  v_t2m/R03 18.1%  v_t2m/R05 25.22%  v_t2m/R10 37.65%  v_t2m/MedR 20.0%  v_m2t/len 1530  v_m2t/R01 8.5%  v_m2t/R02 13.72%  v_m2t/R03 18.81%  v_m2t/R05 25.55%  v_m2t/R10 37.06%  v_m2t/MedR 20.0%
[20/04/26 16:48:29][src.callback.progress][INFO] - Epoch 16 step 3100/192: loss 5.514e-01
[20/04/26 16:48:39][src.callback.progress][INFO] - Epoch 16 step 3150/192: loss 5.313e-01
[20/04/26 16:48:50][src.callback.progress][INFO] - Epoch 16 step 3200/192: loss 5.993e-01
[20/04/26 16:49:00][src.callback.progress][INFO] - Epoch 16 step 3250/192: loss 5.536e-01
[20/04/26 16:49:05][src.callback.progress][INFO] - Epoch 16: v_recons 3.483e-01  recons 3.485e-01  v_loss 5.911e-01  loss 5.794e-01  v_latent 9.465e-01  latent 9.484e-01  v_kl 2.866e+01  kl 3.478e+01  v_contrastive 2.425e+00  contrastive 2.305e+00  v_t2m/len 1530  v_t2m/R01 8.3%  v_t2m/R02 14.71%  v_t2m/R03 19.47%  v_t2m/R05 26.93%  v_t2m/R10 39.22%  v_t2m/MedR 17.5%  v_m2t/len 1530  v_m2t/R01 9.47%  v_m2t/R02 15.1%  v_m2t/R03 20.45%  v_m2t/R05 26.98%  v_m2t/R10 38.43%  v_m2t/MedR 19.0%
[20/04/26 16:49:19][src.callback.progress][INFO] - Epoch 17 step 3300/192: loss 6.145e-01
[20/04/26 16:49:30][src.callback.progress][INFO] - Epoch 17 step 3350/192: loss 5.677e-01
[20/04/26 16:49:40][src.callback.progress][INFO] - Epoch 17 step 3400/192: loss 5.768e-01
[20/04/26 16:49:51][src.callback.progress][INFO] - Epoch 17 step 3450/192: loss 5.552e-01
[20/04/26 16:49:54][src.callback.progress][INFO] - Epoch 17: v_recons 3.478e-01  recons 3.458e-01  v_loss 5.867e-01  loss 5.701e-01  v_latent 9.420e-01  latent 9.426e-01  v_kl 2.949e+01  kl 3.265e+01  v_contrastive 2.386e+00  contrastive 2.240e+00  v_t2m/len 1530  v_t2m/R01 8.68%  v_t2m/R02 14.38%  v_t2m/R03 19.28%  v_t2m/R05 27.64%  v_t2m/R10 39.61%  v_t2m/MedR 18.0%  v_m2t/len 1530  v_m2t/R01 8.63%  v_m2t/R02 14.31%  v_m2t/R03 18.76%  v_m2t/R05 26.13%  v_m2t/R10 39.02%  v_m2t/MedR 19.0%
[20/04/26 16:50:09][src.callback.progress][INFO] - Epoch 18 step 3500/192: loss 5.763e-01
[20/04/26 16:50:20][src.callback.progress][INFO] - Epoch 18 step 3550/192: loss 5.821e-01
[20/04/26 16:50:30][src.callback.progress][INFO] - Epoch 18 step 3600/192: loss 6.241e-01
[20/04/26 16:50:42][src.callback.progress][INFO] - Epoch 18: v_recons 3.443e-01  recons 3.438e-01  v_loss 5.811e-01  loss 5.618e-01  v_latent 9.358e-01  latent 9.350e-01  v_kl 2.591e+01  kl 2.997e+01  v_contrastive 2.365e+00  contrastive 2.176e+00  v_t2m/len 1530  v_t2m/R01 8.43%  v_t2m/R02 14.97%  v_t2m/R03 19.67%  v_t2m/R05 27.78%  v_t2m/R10 40.77%  v_t2m/MedR 16.0%  v_m2t/len 1530  v_m2t/R01 7.9%  v_m2t/R02 13.19%  v_m2t/R03 18.29%  v_m2t/R05 26.07%  v_m2t/R10 39.47%  v_m2t/MedR 17.0%
[20/04/26 16:50:49][src.callback.progress][INFO] - Epoch 19 step 3650/192: loss 5.652e-01
[20/04/26 16:50:59][src.callback.progress][INFO] - Epoch 19 step 3700/192: loss 5.659e-01
[20/04/26 16:51:10][src.callback.progress][INFO] - Epoch 19 step 3750/192: loss 5.929e-01
[20/04/26 16:51:21][src.callback.progress][INFO] - Epoch 19 step 3800/192: loss 5.171e-01
[20/04/26 16:51:31][src.callback.progress][INFO] - Epoch 19: v_recons 3.450e-01  recons 3.417e-01  v_loss 5.740e-01  loss 5.559e-01  v_latent 9.274e-01  latent 9.305e-01  v_kl 2.388e+01  kl 2.876e+01  v_contrastive 2.287e+00  contrastive 2.138e+00  v_t2m/len 1530  v_t2m/R01 8.68%  v_t2m/R02 14.57%  v_t2m/R03 20.59%  v_t2m/R05 28.17%  v_t2m/R10 40.97%  v_t2m/MedR 16.0%  v_m2t/len 1530  v_m2t/R01 10.32%  v_m2t/R02 16.07%  v_m2t/R03 20.64%  v_m2t/R05 27.64%  v_m2t/R10 39.79%  v_m2t/MedR 17.0%
[20/04/26 16:51:40][src.callback.progress][INFO] - Epoch 20 step 3850/192: loss 5.259e-01
[20/04/26 16:51:50][src.callback.progress][INFO] - Epoch 20 step 3900/192: loss 5.164e-01
[20/04/26 16:52:01][src.callback.progress][INFO] - Epoch 20 step 3950/192: loss 4.917e-01
[20/04/26 16:52:12][src.callback.progress][INFO] - Epoch 20 step 4000/192: loss 5.821e-01
[20/04/26 16:52:20][src.callback.progress][INFO] - Epoch 20: v_recons 3.423e-01  recons 3.399e-01  v_loss 5.680e-01  loss 5.481e-01  v_latent 9.262e-01  latent 9.248e-01  v_kl 2.295e+01  kl 2.712e+01  v_contrastive 2.254e+00  contrastive 2.079e+00  v_t2m/len 1530  v_t2m/R01 10.19%  v_t2m/R02 15.94%  v_t2m/R03 20.38%  v_t2m/R05 28.95%  v_t2m/R10 41.11%  v_t2m/MedR 16.0%  v_m2t/len 1530  v_m2t/R01 9.67%  v_m2t/R02 15.35%  v_m2t/R03 20.26%  v_m2t/R05 27.9%  v_m2t/R10 40.38%  v_m2t/MedR 17.0%
[20/04/26 16:52:30][src.callback.progress][INFO] - Epoch 21 step 4050/192: loss 5.664e-01
[20/04/26 16:52:40][src.callback.progress][INFO] - Epoch 21 step 4100/192: loss 5.147e-01
[20/04/26 16:52:51][src.callback.progress][INFO] - Epoch 21 step 4150/192: loss 5.167e-01
[20/04/26 16:53:01][src.callback.progress][INFO] - Epoch 21 step 4200/192: loss 5.894e-01
[20/04/26 16:53:09][src.callback.progress][INFO] - Epoch 21: v_recons 3.397e-01  recons 3.382e-01  v_loss 5.642e-01  loss 5.434e-01  v_latent 9.221e-01  latent 9.197e-01  v_kl 2.204e+01  kl 2.590e+01  v_contrastive 2.242e+00  contrastive 2.050e+00  v_t2m/len 1530  v_t2m/R01 9.53%  v_t2m/R02 15.68%  v_t2m/R03 21.18%  v_t2m/R05 29.28%  v_t2m/R10 41.24%  v_t2m/MedR 14.0%  v_m2t/len 1530  v_m2t/R01 10.32%  v_m2t/R02 16.34%  v_m2t/R03 20.97%  v_m2t/R05 27.96%  v_m2t/R10 39.79%  v_m2t/MedR 17.0%
[20/04/26 16:53:21][src.callback.progress][INFO] - Epoch 22 step 4250/192: loss 5.436e-01
[20/04/26 16:53:32][src.callback.progress][INFO] - Epoch 22 step 4300/192: loss 5.437e-01
[20/04/26 16:53:42][src.callback.progress][INFO] - Epoch 22 step 4350/192: loss 5.498e-01
[20/04/26 16:53:52][src.callback.progress][INFO] - Epoch 22 step 4400/192: loss 5.009e-01
[20/04/26 16:53:58][src.callback.progress][INFO] - Epoch 22: v_recons 3.392e-01  recons 3.356e-01  v_loss 5.623e-01  loss 5.353e-01  v_latent 9.172e-01  latent 9.143e-01  v_kl 2.391e+01  kl 2.529e+01  v_contrastive 2.229e+00  contrastive 1.994e+00  v_t2m/len 1530  v_t2m/R01 9.93%  v_t2m/R02 16.98%  v_t2m/R03 22.42%  v_t2m/R05 30.78%  v_t2m/R10 44.31%  v_t2m/MedR 14.0%  v_m2t/len 1530  v_m2t/R01 10.85%  v_m2t/R02 17.19%  v_m2t/R03 21.56%  v_m2t/R05 29.67%  v_m2t/R10 41.5%  v_m2t/MedR 16.0%
[20/04/26 16:54:12][src.callback.progress][INFO] - Epoch 23 step 4450/192: loss 4.926e-01
[20/04/26 16:54:23][src.callback.progress][INFO] - Epoch 23 step 4500/192: loss 5.156e-01
[20/04/26 16:54:33][src.callback.progress][INFO] - Epoch 23 step 4550/192: loss 5.636e-01
[20/04/26 16:54:43][src.callback.progress][INFO] - Epoch 23 step 4600/192: loss 5.552e-01
[20/04/26 16:54:47][src.callback.progress][INFO] - Epoch 23: v_recons 3.387e-01  recons 3.344e-01  v_loss 5.587e-01  loss 5.296e-01  v_latent 9.116e-01  latent 9.087e-01  v_kl 2.079e+01  kl 2.416e+01  v_contrastive 2.198e+00  contrastive 1.949e+00  v_t2m/len 1530  v_t2m/R01 10.06%  v_t2m/R02 16.34%  v_t2m/R03 22.15%  v_t2m/R05 31.37%  v_t2m/R10 44.7%  v_t2m/MedR 14.0%  v_m2t/len 1530  v_m2t/R01 11.5%  v_m2t/R02 18.23%  v_m2t/R03 23.27%  v_m2t/R05 29.73%  v_m2t/R10 41.31%  v_m2t/MedR 17.0%
[20/04/26 16:55:01][src.callback.progress][INFO] - Epoch 24 step 4650/192: loss 4.977e-01
[20/04/26 16:55:12][src.callback.progress][INFO] - Epoch 24 step 4700/192: loss 5.152e-01
[20/04/26 16:55:22][src.callback.progress][INFO] - Epoch 24 step 4750/192: loss 5.514e-01
[20/04/26 16:55:32][src.callback.progress][INFO] - Epoch 24 step 4800/192: loss 5.457e-01
[20/04/26 16:55:34][src.callback.progress][INFO] - Epoch 24: v_recons 3.360e-01  recons 3.332e-01  v_loss 5.503e-01  loss 5.234e-01  v_latent 9.097e-01  latent 9.016e-01  v_kl 2.113e+01  kl 2.353e+01  v_contrastive 2.141e+00  contrastive 1.900e+00  v_t2m/len 1530  v_t2m/R01 10.92%  v_t2m/R02 18.76%  v_t2m/R03 24.37%  v_t2m/R05 31.89%  v_t2m/R10 45.41%  v_t2m/MedR 13.0%  v_m2t/len 1530  v_m2t/R01 11.69%  v_m2t/R02 18.76%  v_m2t/R03 23.79%  v_m2t/R05 30.71%  v_m2t/R10 42.93%  v_m2t/MedR 15.0%
[20/04/26 16:55:50][src.callback.progress][INFO] - Epoch 25 step 4850/192: loss 5.205e-01
[20/04/26 16:56:01][src.callback.progress][INFO] - Epoch 25 step 4900/192: loss 5.296e-01
[20/04/26 16:56:11][src.callback.progress][INFO] - Epoch 25 step 4950/192: loss 5.219e-01
[20/04/26 16:56:22][src.callback.progress][INFO] - Epoch 25: v_recons 3.355e-01  recons 3.318e-01  v_loss 5.501e-01  loss 5.191e-01  v_latent 9.042e-01  latent 8.974e-01  v_kl 2.061e+01  kl 2.277e+01  v_contrastive 2.144e+00  contrastive 1.871e+00  v_t2m/len 1530  v_t2m/R01 10.92%  v_t2m/R02 18.5%  v_t2m/R03 23.79%  v_t2m/R05 31.62%  v_t2m/R10 44.38%  v_t2m/MedR 14.0%  v_m2t/len 1530  v_m2t/R01 11.31%  v_m2t/R02 17.25%  v_m2t/R03 22.87%  v_m2t/R05 30.45%  v_m2t/R10 43.06%  v_m2t/MedR 15.0%
[20/04/26 16:56:30][src.callback.progress][INFO] - Epoch 26 step 5000/192: loss 5.045e-01
[20/04/26 16:56:41][src.callback.progress][INFO] - Epoch 26 step 5050/192: loss 5.362e-01
[20/04/26 16:56:51][src.callback.progress][INFO] - Epoch 26 step 5100/192: loss 4.624e-01
[20/04/26 16:57:02][src.callback.progress][INFO] - Epoch 26 step 5150/192: loss 5.036e-01
[20/04/26 16:57:11][src.callback.progress][INFO] - Epoch 26: v_recons 3.333e-01  recons 3.299e-01  v_loss 5.447e-01  loss 5.128e-01  v_latent 8.989e-01  latent 8.924e-01  v_kl 1.986e+01  kl 2.188e+01  v_contrastive 2.112e+00  contrastive 1.827e+00  v_t2m/len 1530  v_t2m/R01 11.1%  v_t2m/R02 18.04%  v_t2m/R03 23.65%  v_t2m/R05 31.11%  v_t2m/R10 44.84%  v_t2m/MedR 13.0%  v_m2t/len 1530  v_m2t/R01 12.93%  v_m2t/R02 18.62%  v_m2t/R03 23.72%  v_m2t/R05 31.82%  v_m2t/R10 43.99%  v_m2t/MedR 15.0%
[20/04/26 16:57:23][src.callback.progress][INFO] - Epoch 27 step 5200/192: loss 5.038e-01
[20/04/26 16:57:33][src.callback.progress][INFO] - Epoch 27 step 5250/192: loss 4.862e-01
[20/04/26 16:57:43][src.callback.progress][INFO] - Epoch 27 step 5300/192: loss 4.940e-01
[20/04/26 16:57:54][src.callback.progress][INFO] - Epoch 27 step 5350/192: loss 5.184e-01
[20/04/26 16:58:01][src.callback.progress][INFO] - Epoch 27: v_recons 3.311e-01  recons 3.278e-01  v_loss 5.419e-01  loss 5.044e-01  v_latent 8.982e-01  latent 8.843e-01  v_kl 1.920e+01  kl 2.075e+01  v_contrastive 2.106e+00  contrastive 1.765e+00  v_t2m/len 1530  v_t2m/R01 10.64%  v_t2m/R02 17.64%  v_t2m/R03 23.98%  v_t2m/R05 32.22%  v_t2m/R10 44.5%  v_t2m/MedR 13.0%  v_m2t/len 1530  v_m2t/R01 11.18%  v_m2t/R02 17.57%  v_m2t/R03 24.18%  v_m2t/R05 31.62%  v_m2t/R10 43.52%  v_m2t/MedR 15.0%
[20/04/26 16:58:12][src.callback.progress][INFO] - Epoch 28 step 5400/192: loss 4.573e-01
[20/04/26 16:58:22][src.callback.progress][INFO] - Epoch 28 step 5450/192: loss 4.726e-01
[20/04/26 16:58:33][src.callback.progress][INFO] - Epoch 28 step 5500/192: loss 5.359e-01
[20/04/26 16:58:43][src.callback.progress][INFO] - Epoch 28 step 5550/192: loss 4.936e-01
[20/04/26 16:58:49][src.callback.progress][INFO] - Epoch 28: v_recons 3.320e-01  recons 3.268e-01  v_loss 5.380e-01  loss 5.021e-01  v_latent 8.937e-01  latent 8.822e-01  v_kl 1.849e+01  kl 1.970e+01  v_contrastive 2.058e+00  contrastive 1.750e+00  v_t2m/len 1530  v_t2m/R01 12.6%  v_t2m/R02 19.61%  v_t2m/R03 25.29%  v_t2m/R05 33.86%  v_t2m/R10 46.72%  v_t2m/MedR 12.0%  v_m2t/len 1530  v_m2t/R01 12.75%  v_m2t/R02 19.54%  v_m2t/R03 24.57%  v_m2t/R05 31.82%  v_m2t/R10 44.43%  v_m2t/MedR 15.0%
[20/04/26 16:59:01][src.callback.progress][INFO] - Epoch 29 step 5600/192: loss 4.820e-01
[20/04/26 16:59:12][src.callback.progress][INFO] - Epoch 29 step 5650/192: loss 5.443e-01
[20/04/26 16:59:22][src.callback.progress][INFO] - Epoch 29 step 5700/192: loss 5.061e-01
[20/04/26 16:59:32][src.callback.progress][INFO] - Epoch 29 step 5750/192: loss 4.937e-01
[20/04/26 16:59:36][src.callback.progress][INFO] - Epoch 29: v_recons 3.291e-01  recons 3.251e-01  v_loss 5.322e-01  loss 4.946e-01  v_latent 8.882e-01  latent 8.758e-01  v_kl 1.818e+01  kl 1.888e+01  v_contrastive 2.030e+00  contrastive 1.693e+00  v_t2m/len 1530  v_t2m/R01 11.18%  v_t2m/R02 18.55%  v_t2m/R03 24.12%  v_t2m/R05 32.41%  v_t2m/R10 46.79%  v_t2m/MedR 13.0%  v_m2t/len 1530  v_m2t/R01 11.82%  v_m2t/R02 18.23%  v_m2t/R03 23.45%  v_m2t/R05 31.7%  v_m2t/R10 45.41%  v_m2t/MedR 13.0%
[20/04/26 16:59:50][src.callback.progress][INFO] - Epoch 30 step 5800/192: loss 4.623e-01
[20/04/26 17:00:01][src.callback.progress][INFO] - Epoch 30 step 5850/192: loss 5.121e-01
[20/04/26 17:00:11][src.callback.progress][INFO] - Epoch 30 step 5900/192: loss 5.547e-01
[20/04/26 17:00:22][src.callback.progress][INFO] - Epoch 30 step 5950/192: loss 5.157e-01
[20/04/26 17:00:24][src.callback.progress][INFO] - Epoch 30: v_recons 3.295e-01  recons 3.237e-01  v_loss 5.325e-01  loss 4.908e-01  v_latent 8.848e-01  latent 8.717e-01  v_kl 1.725e+01  kl 1.800e+01  v_contrastive 2.028e+00  contrastive 1.669e+00  v_t2m/len 1530  v_t2m/R01 12.81%  v_t2m/R02 19.54%  v_t2m/R03 25.29%  v_t2m/R05 34.18%  v_t2m/R10 47.9%  v_t2m/MedR 12.0%  v_m2t/len 1530  v_m2t/R01 14.25%  v_m2t/R02 19.79%  v_m2t/R03 25.81%  v_m2t/R05 33.33%  v_m2t/R10 46.13%  v_m2t/MedR 13.0%
[20/04/26 17:00:41][src.callback.progress][INFO] - Epoch 31 step 6000/192: loss 4.864e-01
[20/04/26 17:00:51][src.callback.progress][INFO] - Epoch 31 step 6050/192: loss 4.908e-01
[20/04/26 17:01:02][src.callback.progress][INFO] - Epoch 31 step 6100/192: loss 4.677e-01
[20/04/26 17:01:13][src.callback.progress][INFO] - Epoch 31: v_recons 3.298e-01  recons 3.229e-01  v_loss 5.328e-01  loss 4.874e-01  v_latent 8.880e-01  latent 8.671e-01  v_kl 1.703e+01  kl 1.750e+01  v_contrastive 2.028e+00  contrastive 1.643e+00  v_t2m/len 1530  v_t2m/R01 13.14%  v_t2m/R02 19.67%  v_t2m/R03 24.57%  v_t2m/R05 32.54%  v_t2m/R10 46.79%  v_t2m/MedR 12.0%  v_m2t/len 1530  v_m2t/R01 12.93%  v_m2t/R02 18.69%  v_m2t/R03 24.37%  v_m2t/R05 31.95%  v_m2t/R10 45.22%  v_m2t/MedR 13.5%
[20/04/26 17:01:20][src.callback.progress][INFO] - Epoch 32 step 6150/192: loss 5.181e-01
[20/04/26 17:01:30][src.callback.progress][INFO] - Epoch 32 step 6200/192: loss 4.665e-01
[20/04/26 17:01:41][src.callback.progress][INFO] - Epoch 32 step 6250/192: loss 4.775e-01
[20/04/26 17:01:51][src.callback.progress][INFO] - Epoch 32 step 6300/192: loss 4.521e-01
[20/04/26 17:02:01][src.callback.progress][INFO] - Epoch 32: v_recons 3.292e-01  recons 3.210e-01  v_loss 5.294e-01  loss 4.803e-01  v_latent 8.825e-01  latent 8.612e-01  v_kl 1.658e+01  kl 1.661e+01  v_contrastive 2.001e+00  contrastive 1.592e+00  v_t2m/len 1530  v_t2m/R01 12.88%  v_t2m/R02 20.45%  v_t2m/R03 26.2%  v_t2m/R05 34.9%  v_t2m/R10 49.27%  v_t2m/MedR 11.0%  v_m2t/len 1530  v_m2t/R01 12.15%  v_m2t/R02 18.69%  v_m2t/R03 24.84%  v_m2t/R05 33.79%  v_m2t/R10 46.27%  v_m2t/MedR 13.0%
[20/04/26 17:02:09][src.callback.progress][INFO] - Epoch 33 step 6350/192: loss 4.384e-01
[20/04/26 17:02:20][src.callback.progress][INFO] - Epoch 33 step 6400/192: loss 4.670e-01
[20/04/26 17:02:30][src.callback.progress][INFO] - Epoch 33 step 6450/192: loss 4.925e-01
[20/04/26 17:02:41][src.callback.progress][INFO] - Epoch 33 step 6500/192: loss 4.893e-01
[20/04/26 17:02:49][src.callback.progress][INFO] - Epoch 33: v_recons 3.261e-01  recons 3.200e-01  v_loss 5.287e-01  loss 4.774e-01  v_latent 8.837e-01  latent 8.569e-01  v_kl 1.643e+01  kl 1.628e+01  v_contrastive 2.024e+00  contrastive 1.573e+00  v_t2m/len 1530  v_t2m/R01 12.15%  v_t2m/R02 21.44%  v_t2m/R03 27.19%  v_t2m/R05 35.22%  v_t2m/R10 48.29%  v_t2m/MedR 11.0%  v_m2t/len 1530  v_m2t/R01 11.36%  v_m2t/R02 17.96%  v_m2t/R03 24.44%  v_m2t/R05 33.2%  v_m2t/R10 46.47%  v_m2t/MedR 13.0%
[20/04/26 17:03:00][src.callback.progress][INFO] - Epoch 34 step 6550/192: loss 4.920e-01
[20/04/26 17:03:10][src.callback.progress][INFO] - Epoch 34 step 6600/192: loss 4.781e-01
[20/04/26 17:03:21][src.callback.progress][INFO] - Epoch 34 step 6650/192: loss 4.994e-01
[20/04/26 17:03:31][src.callback.progress][INFO] - Epoch 34 step 6700/192: loss 4.973e-01
[20/04/26 17:03:38][src.callback.progress][INFO] - Epoch 34: v_recons 3.265e-01  recons 3.188e-01  v_loss 5.271e-01  loss 4.718e-01  v_latent 8.811e-01  latent 8.507e-01  v_kl 1.659e+01  kl 1.565e+01  v_contrastive 2.005e+00  contrastive 1.527e+00  v_t2m/len 1530  v_t2m/R01 13.59%  v_t2m/R02 19.67%  v_t2m/R03 25.87%  v_t2m/R05 34.25%  v_t2m/R10 48.24%  v_t2m/MedR 11.0%  v_m2t/len 1530  v_m2t/R01 13.72%  v_m2t/R02 18.76%  v_m2t/R03 25.42%  v_m2t/R05 33.86%  v_m2t/R10 46.54%  v_m2t/MedR 12.0%
[20/04/26 17:03:49][src.callback.progress][INFO] - Epoch 35 step 6750/192: loss 4.827e-01
[20/04/26 17:04:00][src.callback.progress][INFO] - Epoch 35 step 6800/192: loss 4.545e-01
[20/04/26 17:04:10][src.callback.progress][INFO] - Epoch 35 step 6850/192: loss 4.564e-01
[20/04/26 17:04:21][src.callback.progress][INFO] - Epoch 35 step 6900/192: loss 4.105e-01
[20/04/26 17:04:25][src.callback.progress][INFO] - Epoch 35: v_recons 3.280e-01  recons 3.168e-01  v_loss 5.283e-01  loss 4.662e-01  v_latent 8.807e-01  latent 8.455e-01  v_kl 1.632e+01  kl 1.508e+01  v_contrastive 2.001e+00  contrastive 1.492e+00  v_t2m/len 1530  v_t2m/R01 13.01%  v_t2m/R02 19.73%  v_t2m/R03 24.89%  v_t2m/R05 35.02%  v_t2m/R10 46.86%  v_t2m/MedR 13.0%  v_m2t/len 1530  v_m2t/R01 14.84%  v_m2t/R02 21.89%  v_m2t/R03 27.31%  v_m2t/R05 35.41%  v_m2t/R10 46.93%  v_m2t/MedR 13.0%
[20/04/26 17:04:40][src.callback.progress][INFO] - Epoch 36 step 6950/192: loss 5.242e-01
[20/04/26 17:04:50][src.callback.progress][INFO] - Epoch 36 step 7000/192: loss 4.251e-01
[20/04/26 17:05:00][src.callback.progress][INFO] - Epoch 36 step 7050/192: loss 5.140e-01
[20/04/26 17:05:10][src.callback.progress][INFO] - Epoch 36 step 7100/192: loss 4.844e-01
[20/04/26 17:05:13][src.callback.progress][INFO] - Epoch 36: v_recons 3.266e-01  recons 3.161e-01  v_loss 5.226e-01  loss 4.620e-01  v_latent 8.684e-01  latent 8.403e-01  v_kl 1.583e+01  kl 1.486e+01  v_contrastive 1.958e+00  contrastive 1.457e+00  v_t2m/len 1530  v_t2m/R01 13.06%  v_t2m/R02 21.04%  v_t2m/R03 27.25%  v_t2m/R05 37.11%  v_t2m/R10 50.52%  v_t2m/MedR 10.0%  v_m2t/len 1530  v_m2t/R01 13.59%  v_m2t/R02 20.38%  v_m2t/R03 26.13%  v_m2t/R05 34.63%  v_m2t/R10 46.72%  v_m2t/MedR 12.5%
[20/04/26 17:05:27][src.callback.progress][INFO] - Epoch 37 step 7150/192: loss 4.573e-01
[20/04/26 17:05:37][src.callback.progress][INFO] - Epoch 37 step 7200/192: loss 4.592e-01
[20/04/26 17:05:47][src.callback.progress][INFO] - Epoch 37 step 7250/192: loss 4.387e-01
[20/04/26 17:05:59][src.callback.progress][INFO] - Epoch 37: v_recons 3.246e-01  recons 3.153e-01  v_loss 5.248e-01  loss 4.602e-01  v_latent 8.720e-01  latent 8.371e-01  v_kl 1.604e+01  kl 1.476e+01  v_contrastive 2.000e+00  contrastive 1.448e+00  v_t2m/len 1530  v_t2m/R01 13.98%  v_t2m/R02 20.97%  v_t2m/R03 26.67%  v_t2m/R05 35.22%  v_t2m/R10 47.06%  v_t2m/MedR 12.0%  v_m2t/len 1530  v_m2t/R01 13.46%  v_m2t/R02 19.93%  v_m2t/R03 25.22%  v_m2t/R05 32.15%  v_m2t/R10 43.72%  v_m2t/MedR 14.0%
[20/04/26 17:06:05][src.callback.progress][INFO] - Epoch 38 step 7300/192: loss 4.402e-01
[20/04/26 17:06:15][src.callback.progress][INFO] - Epoch 38 step 7350/192: loss 4.300e-01
[20/04/26 17:06:25][src.callback.progress][INFO] - Epoch 38 step 7400/192: loss 4.469e-01
[20/04/26 17:06:35][src.callback.progress][INFO] - Epoch 38 step 7450/192: loss 4.132e-01
[20/04/26 17:06:44][src.callback.progress][INFO] - Epoch 38: v_recons 3.246e-01  recons 3.139e-01  v_loss 5.200e-01  loss 4.555e-01  v_latent 8.708e-01  latent 8.317e-01  v_kl 1.638e+01  kl 1.444e+01  v_contrastive 1.953e+00  contrastive 1.414e+00  v_t2m/len 1530  v_t2m/R01 12.6%  v_t2m/R02 21.44%  v_t2m/R03 27.12%  v_t2m/R05 34.77%  v_t2m/R10 47.06%  v_t2m/MedR 12.0%  v_m2t/len 1530  v_m2t/R01 14.31%  v_m2t/R02 19.93%  v_m2t/R03 26.07%  v_m2t/R05 33.45%  v_m2t/R10 47.38%  v_m2t/MedR 12.0%
[20/04/26 17:06:53][src.callback.progress][INFO] - Epoch 39 step 7500/192: loss 4.509e-01
[20/04/26 17:07:03][src.callback.progress][INFO] - Epoch 39 step 7550/192: loss 4.905e-01
[20/04/26 17:07:13][src.callback.progress][INFO] - Epoch 39 step 7600/192: loss 4.320e-01
[20/04/26 17:07:23][src.callback.progress][INFO] - Epoch 39 step 7650/192: loss 4.495e-01
[20/04/26 17:07:31][src.callback.progress][INFO] - Epoch 39: v_recons 3.251e-01  recons 3.120e-01  v_loss 5.177e-01  loss 4.506e-01  v_latent 8.628e-01  latent 8.271e-01  v_kl 1.567e+01  kl 1.411e+01  v_contrastive 1.925e+00  contrastive 1.385e+00  v_t2m/len 1530  v_t2m/R01 13.65%  v_t2m/R02 21.11%  v_t2m/R03 27.19%  v_t2m/R05 36.13%  v_t2m/R10 48.75%  v_t2m/MedR 11.0%  v_m2t/len 1530  v_m2t/R01 14.38%  v_m2t/R02 20.71%  v_m2t/R03 26.98%  v_m2t/R05 35.02%  v_m2t/R10 46.99%  v_m2t/MedR 12.0%
[20/04/26 17:07:41][src.callback.progress][INFO] - Epoch 40 step 7700/192: loss 4.657e-01
[20/04/26 17:07:52][src.callback.progress][INFO] - Epoch 40 step 7750/192: loss 4.161e-01
[20/04/26 17:08:02][src.callback.progress][INFO] - Epoch 40 step 7800/192: loss 4.550e-01
[20/04/26 17:08:12][src.callback.progress][INFO] - Epoch 40 step 7850/192: loss 4.593e-01
[20/04/26 17:08:18][src.callback.progress][INFO] - Epoch 40: v_recons 3.242e-01  recons 3.111e-01  v_loss 5.189e-01  loss 4.473e-01  v_latent 8.637e-01  latent 8.236e-01  v_kl 1.583e+01  kl 1.400e+01  v_contrastive 1.945e+00  contrastive 1.360e+00  v_t2m/len 1530  v_t2m/R01 14.71%  v_t2m/R02 21.62%  v_t2m/R03 26.67%  v_t2m/R05 33.4%  v_t2m/R10 46.72%  v_t2m/MedR 12.0%  v_m2t/len 1530  v_m2t/R01 14.11%  v_m2t/R02 20.26%  v_m2t/R03 26.67%  v_m2t/R05 34.38%  v_m2t/R10 47.11%  v_m2t/MedR 12.0%
[20/04/26 17:08:29][src.callback.progress][INFO] - Epoch 41 step 7900/192: loss 4.425e-01
[20/04/26 17:08:39][src.callback.progress][INFO] - Epoch 41 step 7950/192: loss 4.374e-01
[20/04/26 17:08:50][src.callback.progress][INFO] - Epoch 41 step 8000/192: loss 4.454e-01
[20/04/26 17:09:00][src.callback.progress][INFO] - Epoch 41 step 8050/192: loss 4.696e-01
[20/04/26 17:09:04][src.callback.progress][INFO] - Epoch 41: v_recons 3.236e-01  recons 3.106e-01  v_loss 5.186e-01  loss 4.433e-01  v_latent 8.620e-01  latent 8.174e-01  v_kl 1.615e+01  kl 1.387e+01  v_contrastive 1.948e+00  contrastive 1.325e+00  v_t2m/len 1530  v_t2m/R01 15.94%  v_t2m/R02 22.8%  v_t2m/R03 28.5%  v_t2m/R05 35.88%  v_t2m/R10 49.08%  v_t2m/MedR 11.0%  v_m2t/len 1530  v_m2t/R01 14.71%  v_m2t/R02 21.89%  v_m2t/R03 27.31%  v_m2t/R05 34.63%  v_m2t/R10 46.08%  v_m2t/MedR 13.0%
[20/04/26 17:09:17][src.callback.progress][INFO] - Epoch 42 step 8100/192: loss 4.672e-01
[20/04/26 17:09:27][src.callback.progress][INFO] - Epoch 42 step 8150/192: loss 4.611e-01
[20/04/26 17:09:37][src.callback.progress][INFO] - Epoch 42 step 8200/192: loss 4.563e-01
[20/04/26 17:09:47][src.callback.progress][INFO] - Epoch 42 step 8250/192: loss 4.515e-01
[20/04/26 17:09:50][src.callback.progress][INFO] - Epoch 42: v_recons 3.232e-01  recons 3.099e-01  v_loss 5.140e-01  loss 4.404e-01  v_latent 8.571e-01  latent 8.130e-01  v_kl 1.623e+01  kl 1.383e+01  v_contrastive 1.907e+00  contrastive 1.303e+00  v_t2m/len 1530  v_t2m/R01 14.11%  v_t2m/R02 21.44%  v_t2m/R03 27.45%  v_t2m/R05 36.47%  v_t2m/R10 49.22%  v_t2m/MedR 11.0%  v_m2t/len 1530  v_m2t/R01 13.72%  v_m2t/R02 20.26%  v_m2t/R03 26.67%  v_m2t/R05 34.38%  v_m2t/R10 46.34%  v_m2t/MedR 12.0%
[20/04/26 17:10:05][src.callback.progress][INFO] - Epoch 43 step 8300/192: loss 4.288e-01
[20/04/26 17:10:15][src.callback.progress][INFO] - Epoch 43 step 8350/192: loss 4.473e-01
[20/04/26 17:10:25][src.callback.progress][INFO] - Epoch 43 step 8400/192: loss 4.153e-01
[20/04/26 17:10:36][src.callback.progress][INFO] - Epoch 43: v_recons 3.223e-01  recons 3.083e-01  v_loss 5.155e-01  loss 4.358e-01  v_latent 8.587e-01  latent 8.083e-01  v_kl 1.615e+01  kl 1.375e+01  v_contrastive 1.930e+00  contrastive 1.274e+00  v_t2m/len 1530  v_t2m/R01 13.46%  v_t2m/R02 21.04%  v_t2m/R03 26.2%  v_t2m/R05 34.97%  v_t2m/R10 47.45%  v_t2m/MedR 12.0%  v_m2t/len 1530  v_m2t/R01 15.56%  v_m2t/R02 20.78%  v_m2t/R03 26.79%  v_m2t/R05 33.86%  v_m2t/R10 45.36%  v_m2t/MedR 13.0%
[20/04/26 17:10:42][src.callback.progress][INFO] - Epoch 44 step 8450/192: loss 4.149e-01
[20/04/26 17:10:52][src.callback.progress][INFO] - Epoch 44 step 8500/192: loss 4.627e-01
[20/04/26 17:11:03][src.callback.progress][INFO] - Epoch 44 step 8550/192: loss 4.019e-01
[20/04/26 17:11:13][src.callback.progress][INFO] - Epoch 44 step 8600/192: loss 4.209e-01
[20/04/26 17:11:22][src.callback.progress][INFO] - Epoch 44: v_recons 3.247e-01  recons 3.072e-01  v_loss 5.157e-01  loss 4.321e-01  v_latent 8.540e-01  latent 8.046e-01  v_kl 1.669e+01  kl 1.379e+01  v_contrastive 1.908e+00  contrastive 1.247e+00  v_t2m/len 1530  v_t2m/R01 15.02%  v_t2m/R02 21.44%  v_t2m/R03 26.4%  v_t2m/R05 35.15%  v_t2m/R10 48.16%  v_t2m/MedR 11.0%  v_m2t/len 1530  v_m2t/R01 13.98%  v_m2t/R02 19.87%  v_m2t/R03 25.75%  v_m2t/R05 34.84%  v_m2t/R10 46.54%  v_m2t/MedR 13.0%
[20/04/26 17:11:30][src.callback.progress][INFO] - Epoch 45 step 8650/192: loss 4.314e-01
[20/04/26 17:11:40][src.callback.progress][INFO] - Epoch 45 step 8700/192: loss 4.273e-01
[20/04/26 17:11:50][src.callback.progress][INFO] - Epoch 45 step 8750/192: loss 4.381e-01
[20/04/26 17:12:00][src.callback.progress][INFO] - Epoch 45 step 8800/192: loss 4.284e-01
[20/04/26 17:12:09][src.callback.progress][INFO] - Epoch 45: v_recons 3.244e-01  recons 3.065e-01  v_loss 5.139e-01  loss 4.299e-01  v_latent 8.519e-01  latent 8.025e-01  v_kl 1.711e+01  kl 1.392e+01  v_contrastive 1.893e+00  contrastive 1.232e+00  v_t2m/len 1530  v_t2m/R01 13.52%  v_t2m/R02 21.11%  v_t2m/R03 27.25%  v_t2m/R05 36.27%  v_t2m/R10 51.11%  v_t2m/MedR 10.0%  v_m2t/len 1530  v_m2t/R01 14.89%  v_m2t/R02 21.04%  v_m2t/R03 26.54%  v_m2t/R05 33.91%  v_m2t/R10 46.34%  v_m2t/MedR 13.0%
[20/04/26 17:12:18][src.callback.progress][INFO] - Epoch 46 step 8850/192: loss 4.235e-01
[20/04/26 17:12:28][src.callback.progress][INFO] - Epoch 46 step 8900/192: loss 4.144e-01
[20/04/26 17:12:38][src.callback.progress][INFO] - Epoch 46 step 8950/192: loss 4.286e-01
[20/04/26 17:12:48][src.callback.progress][INFO] - Epoch 46 step 9000/192: loss 4.086e-01
[20/04/26 17:12:55][src.callback.progress][INFO] - Epoch 46: v_recons 3.209e-01  recons 3.051e-01  v_loss 5.112e-01  loss 4.250e-01  v_latent 8.480e-01  latent 7.978e-01  v_kl 1.662e+01  kl 1.392e+01  v_contrastive 1.901e+00  contrastive 1.198e+00  v_t2m/len 1530  v_t2m/R01 15.1%  v_t2m/R02 22.68%  v_t2m/R03 28.29%  v_t2m/R05 36.13%  v_t2m/R10 51.11%  v_t2m/MedR 10.0%  v_m2t/len 1530  v_m2t/R01 16.72%  v_m2t/R02 22.15%  v_m2t/R03 28.55%  v_m2t/R05 35.36%  v_m2t/R10 46.93%  v_m2t/MedR 12.0%
[20/04/26 17:13:07][src.callback.progress][INFO] - Epoch 47 step 9050/192: loss 3.958e-01
[20/04/26 17:13:17][src.callback.progress][INFO] - Epoch 47 step 9100/192: loss 4.234e-01
[20/04/26 17:13:27][src.callback.progress][INFO] - Epoch 47 step 9150/192: loss 4.146e-01
[20/04/26 17:13:37][src.callback.progress][INFO] - Epoch 47 step 9200/192: loss 4.602e-01
[20/04/26 17:13:42][src.callback.progress][INFO] - Epoch 47: v_recons 3.200e-01  recons 3.041e-01  v_loss 5.125e-01  loss 4.220e-01  v_latent 8.537e-01  latent 7.933e-01  v_kl 1.707e+01  kl 1.390e+01  v_contrastive 1.922e+00  contrastive 1.178e+00  v_t2m/len 1530  v_t2m/R01 14.64%  v_t2m/R02 21.82%  v_t2m/R03 27.57%  v_t2m/R05 36.2%  v_t2m/R10 49.93%  v_t2m/MedR 11.0%  v_m2t/len 1530  v_m2t/R01 15.61%  v_m2t/R02 21.76%  v_m2t/R03 27.05%  v_m2t/R05 34.31%  v_m2t/R10 45.95%  v_m2t/MedR 12.0%
[20/04/26 17:13:54][src.callback.progress][INFO] - Epoch 48 step 9250/192: loss 4.073e-01
[20/04/26 17:14:04][src.callback.progress][INFO] - Epoch 48 step 9300/192: loss 4.138e-01
[20/04/26 17:14:15][src.callback.progress][INFO] - Epoch 48 step 9350/192: loss 4.545e-01
[20/04/26 17:14:25][src.callback.progress][INFO] - Epoch 48 step 9400/192: loss 3.998e-01
[20/04/26 17:14:28][src.callback.progress][INFO] - Epoch 48: v_recons 3.218e-01  recons 3.034e-01  v_loss 5.107e-01  loss 4.199e-01  v_latent 8.470e-01  latent 7.912e-01  v_kl 1.687e+01  kl 1.400e+01  v_contrastive 1.887e+00  contrastive 1.163e+00  v_t2m/len 1530  v_t2m/R01 15.48%  v_t2m/R02 22.35%  v_t2m/R03 28.76%  v_t2m/R05 36.93%  v_t2m/R10 48.56%  v_t2m/MedR 11.0%  v_m2t/len 1530  v_m2t/R01 17.12%  v_m2t/R02 22.21%  v_m2t/R03 28.69%  v_m2t/R05 35.68%  v_m2t/R10 47.52%  v_m2t/MedR 12.0%
[20/04/26 17:14:42][src.callback.progress][INFO] - Epoch 49 step 9450/192: loss 4.570e-01
[20/04/26 17:14:53][src.callback.progress][INFO] - Epoch 49 step 9500/192: loss 3.985e-01
[20/04/26 17:15:03][src.callback.progress][INFO] - Epoch 49 step 9550/192: loss 4.315e-01
[20/04/26 17:15:13][src.callback.progress][INFO] - Epoch 49 step 9600/192: loss 4.426e-01
[20/04/26 17:15:15][src.callback.progress][INFO] - Epoch 49: v_recons 3.184e-01  recons 3.027e-01  v_loss 5.060e-01  loss 4.160e-01  v_latent 8.440e-01  latent 7.874e-01  v_kl 1.722e+01  kl 1.408e+01  v_contrastive 1.874e+00  contrastive 1.131e+00  v_t2m/len 1530  v_t2m/R01 14.38%  v_t2m/R02 21.18%  v_t2m/R03 27.12%  v_t2m/R05 35.56%  v_t2m/R10 50.38%  v_t2m/MedR 10.0%  v_m2t/len 1530  v_m2t/R01 16.46%  v_m2t/R02 21.37%  v_m2t/R03 27.38%  v_m2t/R05 35.49%  v_m2t/R10 47.77%  v_m2t/MedR 11.0%
[20/04/26 17:15:32][src.callback.progress][INFO] - Epoch 50 step 9650/192: loss 4.233e-01
[20/04/26 17:15:42][src.callback.progress][INFO] - Epoch 50 step 9700/192: loss 4.121e-01
[20/04/26 17:15:52][src.callback.progress][INFO] - Epoch 50 step 9750/192: loss 4.450e-01
[20/04/26 17:16:02][src.callback.progress][INFO] - Epoch 50: v_recons 3.207e-01  recons 3.021e-01  v_loss 5.088e-01  loss 4.148e-01  v_latent 8.460e-01  latent 7.865e-01  v_kl 1.788e+01  kl 1.428e+01  v_contrastive 1.880e+00  contrastive 1.126e+00  v_t2m/len 1530  v_t2m/R01 15.56%  v_t2m/R02 24.25%  v_t2m/R03 30.97%  v_t2m/R05 38.56%  v_t2m/R10 50.25%  v_t2m/MedR 10.0%  v_m2t/len 1530  v_m2t/R01 17.57%  v_m2t/R02 23.06%  v_m2t/R03 29.67%  v_m2t/R05 36.86%  v_m2t/R10 49.02%  v_m2t/MedR 11.0%
[20/04/26 17:16:09][src.callback.progress][INFO] - Epoch 51 step 9800/192: loss 4.583e-01
[20/04/26 17:16:20][src.callback.progress][INFO] - Epoch 51 step 9850/192: loss 4.071e-01
[20/04/26 17:16:30][src.callback.progress][INFO] - Epoch 51 step 9900/192: loss 3.906e-01
[20/04/26 17:16:40][src.callback.progress][INFO] - Epoch 51 step 9950/192: loss 4.250e-01
[20/04/26 17:16:49][src.callback.progress][INFO] - Epoch 51: v_recons 3.200e-01  recons 3.005e-01  v_loss 5.079e-01  loss 4.089e-01  v_latent 8.462e-01  latent 7.802e-01  v_kl 1.821e+01  kl 1.425e+01  v_contrastive 1.877e+00  contrastive 1.083e+00  v_t2m/len 1530  v_t2m/R01 16.46%  v_t2m/R02 23.79%  v_t2m/R03 28.69%  v_t2m/R05 35.88%  v_t2m/R10 48.36%  v_t2m/MedR 11.0%  v_m2t/len 1530  v_m2t/R01 16.79%  v_m2t/R02 22.03%  v_m2t/R03 28.62%  v_m2t/R05 36.66%  v_m2t/R10 47.77%  v_m2t/MedR 12.0%
[20/04/26 17:16:58][src.callback.progress][INFO] - Epoch 52 step 10000/192: loss 4.059e-01
[20/04/26 17:17:08][src.callback.progress][INFO] - Epoch 52 step 10050/192: loss 3.983e-01
[20/04/26 17:17:19][src.callback.progress][INFO] - Epoch 52 step 10100/192: loss 3.991e-01
[20/04/26 17:17:29][src.callback.progress][INFO] - Epoch 52 step 10150/192: loss 4.023e-01
[20/04/26 17:17:36][src.callback.progress][INFO] - Epoch 52: v_recons 3.218e-01  recons 2.996e-01  v_loss 5.077e-01  loss 4.072e-01  v_latent 8.471e-01  latent 7.789e-01  v_kl 1.858e+01  kl 1.446e+01  v_contrastive 1.857e+00  contrastive 1.074e+00  v_t2m/len 1530  v_t2m/R01 15.94%  v_t2m/R02 23.98%  v_t2m/R03 29.87%  v_t2m/R05 37.25%  v_t2m/R10 49.22%  v_t2m/MedR 11.0%  v_m2t/len 1530  v_m2t/R01 15.28%  v_m2t/R02 21.3%  v_m2t/R03 28.81%  v_m2t/R05 36.0%  v_m2t/R10 47.06%  v_m2t/MedR 12.0%
[20/04/26 17:17:46][src.callback.progress][INFO] - Epoch 53 step 10200/192: loss 4.101e-01
[20/04/26 17:17:56][src.callback.progress][INFO] - Epoch 53 step 10250/192: loss 4.114e-01
[20/04/26 17:18:06][src.callback.progress][INFO] - Epoch 53 step 10300/192: loss 3.981e-01
[20/04/26 17:18:17][src.callback.progress][INFO] - Epoch 53 step 10350/192: loss 4.415e-01
[20/04/26 17:18:22][src.callback.progress][INFO] - Epoch 53: v_recons 3.184e-01  recons 2.985e-01  v_loss 5.075e-01  loss 4.051e-01  v_latent 8.449e-01  latent 7.791e-01  v_kl 1.862e+01  kl 1.478e+01  v_contrastive 1.890e+00  contrastive 1.064e+00  v_t2m/len 1530  v_t2m/R01 15.61%  v_t2m/R02 23.2%  v_t2m/R03 29.61%  v_t2m/R05 37.65%  v_t2m/R10 50.13%  v_t2m/MedR 10.0%  v_m2t/len 1530  v_m2t/R01 17.05%  v_m2t/R02 22.35%  v_m2t/R03 29.54%  v_m2t/R05 37.52%  v_m2t/R10 49.02%  v_m2t/MedR 11.0%
[20/04/26 17:18:35][src.callback.progress][INFO] - Epoch 54 step 10400/192: loss 3.653e-01
[20/04/26 17:18:45][src.callback.progress][INFO] - Epoch 54 step 10450/192: loss 3.979e-01
[20/04/26 17:18:55][src.callback.progress][INFO] - Epoch 54 step 10500/192: loss 3.983e-01
[20/04/26 17:19:05][src.callback.progress][INFO] - Epoch 54 step 10550/192: loss 3.963e-01
[20/04/26 17:19:09][src.callback.progress][INFO] - Epoch 54: v_recons 3.180e-01  recons 2.974e-01  v_loss 5.028e-01  loss 4.018e-01  v_latent 8.443e-01  latent 7.745e-01  v_kl 1.890e+01  kl 1.457e+01  v_contrastive 1.846e+00  contrastive 1.042e+00  v_t2m/len 1530  v_t2m/R01 14.18%  v_t2m/R02 22.09%  v_t2m/R03 27.38%  v_t2m/R05 36.27%  v_t2m/R10 50.97%  v_t2m/MedR 10.0%  v_m2t/len 1530  v_m2t/R01 16.01%  v_m2t/R02 21.11%  v_m2t/R03 27.05%  v_m2t/R05 34.63%  v_m2t/R10 47.25%  v_m2t/MedR 12.0%
[20/04/26 17:19:23][src.callback.progress][INFO] - Epoch 55 step 10600/192: loss 4.218e-01
[20/04/26 17:19:33][src.callback.progress][INFO] - Epoch 55 step 10650/192: loss 4.265e-01
[20/04/26 17:19:43][src.callback.progress][INFO] - Epoch 55 step 10700/192: loss 4.247e-01
[20/04/26 17:19:53][src.callback.progress][INFO] - Epoch 55 step 10750/192: loss 4.211e-01
[20/04/26 17:19:55][src.callback.progress][INFO] - Epoch 55: v_recons 3.163e-01  recons 2.974e-01  v_loss 5.041e-01  loss 4.000e-01  v_latent 8.482e-01  latent 7.742e-01  v_kl 1.945e+01  kl 1.497e+01  v_contrastive 1.876e+00  contrastive 1.025e+00  v_t2m/len 1530  v_t2m/R01 15.94%  v_t2m/R02 21.89%  v_t2m/R03 28.04%  v_t2m/R05 36.93%  v_t2m/R10 51.7%  v_t2m/MedR 10.0%  v_m2t/len 1530  v_m2t/R01 15.56%  v_m2t/R02 20.92%  v_m2t/R03 27.84%  v_m2t/R05 36.0%  v_m2t/R10 47.38%  v_m2t/MedR 12.0%
[20/04/26 17:20:10][src.callback.progress][INFO] - Epoch 56 step 10800/192: loss 3.895e-01
[20/04/26 17:20:21][src.callback.progress][INFO] - Epoch 56 step 10850/192: loss 3.985e-01
[20/04/26 17:20:31][src.callback.progress][INFO] - Epoch 56 step 10900/192: loss 3.946e-01
[20/04/26 17:20:41][src.callback.progress][INFO] - Epoch 56: v_recons 3.162e-01  recons 2.963e-01  v_loss 5.049e-01  loss 3.966e-01  v_latent 8.467e-01  latent 7.706e-01  v_kl 1.937e+01  kl 1.487e+01  v_contrastive 1.884e+00  contrastive 1.002e+00  v_t2m/len 1530  v_t2m/R01 16.34%  v_t2m/R02 23.27%  v_t2m/R03 28.55%  v_t2m/R05 36.99%  v_t2m/R10 51.63%  v_t2m/MedR 10.0%  v_m2t/len 1530  v_m2t/R01 17.9%  v_m2t/R02 23.01%  v_m2t/R03 28.62%  v_m2t/R05 36.08%  v_m2t/R10 48.5%  v_m2t/MedR 11.0%
[20/04/26 17:20:48][src.callback.progress][INFO] - Epoch 57 step 10950/192: loss 3.779e-01
[20/04/26 17:20:58][src.callback.progress][INFO] - Epoch 57 step 11000/192: loss 3.741e-01
[20/04/26 17:21:09][src.callback.progress][INFO] - Epoch 57 step 11050/192: loss 3.788e-01
[20/04/26 17:21:19][src.callback.progress][INFO] - Epoch 57 step 11100/192: loss 4.040e-01
[20/04/26 17:21:28][src.callback.progress][INFO] - Epoch 57: v_recons 3.173e-01  recons 2.950e-01  v_loss 5.020e-01  loss 3.947e-01  v_latent 8.466e-01  latent 7.692e-01  v_kl 1.981e+01  kl 1.499e+01  v_contrastive 1.844e+00  contrastive 9.948e-01  v_t2m/len 1530  v_t2m/R01 16.01%  v_t2m/R02 23.32%  v_t2m/R03 29.4%  v_t2m/R05 37.52%  v_t2m/R10 50.91%  v_t2m/MedR 10.0%  v_m2t/len 1530  v_m2t/R01 17.12%  v_m2t/R02 21.95%  v_m2t/R03 28.55%  v_m2t/R05 36.34%  v_m2t/R10 47.38%  v_m2t/MedR 12.0%
[20/04/26 17:21:37][src.callback.progress][INFO] - Epoch 58 step 11150/192: loss 4.189e-01
[20/04/26 17:21:47][src.callback.progress][INFO] - Epoch 58 step 11200/192: loss 3.742e-01
[20/04/26 17:21:57][src.callback.progress][INFO] - Epoch 58 step 11250/192: loss 3.910e-01
[20/04/26 17:22:07][src.callback.progress][INFO] - Epoch 58 step 11300/192: loss 4.147e-01
[20/04/26 17:22:15][src.callback.progress][INFO] - Epoch 58: v_recons 3.198e-01  recons 2.944e-01  v_loss 5.035e-01  loss 3.916e-01  v_latent 8.443e-01  latent 7.665e-01  v_kl 1.973e+01  kl 1.506e+01  v_contrastive 1.834e+00  contrastive 9.702e-01  v_t2m/len 1530  v_t2m/R01 15.94%  v_t2m/R02 24.51%  v_t2m/R03 31.11%  v_t2m/R05 38.68%  v_t2m/R10 51.04%  v_t2m/MedR 10.0%  v_m2t/len 1530  v_m2t/R01 17.57%  v_m2t/R02 23.86%  v_m2t/R03 30.78%  v_m2t/R05 37.9%  v_m2t/R10 48.68%  v_m2t/MedR 11.0%
[20/04/26 17:22:25][src.callback.progress][INFO] - Epoch 59 step 11350/192: loss 3.908e-01
[20/04/26 17:22:35][src.callback.progress][INFO] - Epoch 59 step 11400/192: loss 4.104e-01
[20/04/26 17:22:45][src.callback.progress][INFO] - Epoch 59 step 11450/192: loss 3.949e-01
[20/04/26 17:22:56][src.callback.progress][INFO] - Epoch 59 step 11500/192: loss 4.170e-01
[20/04/26 17:23:01][src.callback.progress][INFO] - Epoch 59: v_recons 3.190e-01  recons 2.931e-01  v_loss 5.059e-01  loss 3.895e-01  v_latent 8.473e-01  latent 7.644e-01  v_kl 2.026e+01  kl 1.524e+01  v_contrastive 1.867e+00  contrastive 9.628e-01  v_t2m/len 1530  v_t2m/R01 15.56%  v_t2m/R02 22.35%  v_t2m/R03 28.55%  v_t2m/R05 36.66%  v_t2m/R10 50.2%  v_t2m/MedR 10.0%  v_m2t/len 1530  v_m2t/R01 18.23%  v_m2t/R02 23.45%  v_m2t/R03 29.87%  v_m2t/R05 36.27%  v_m2t/R10 48.16%  v_m2t/MedR 11.0%
[20/04/26 17:23:13][src.callback.progress][INFO] - Epoch 60 step 11550/192: loss 3.747e-01
[20/04/26 17:23:23][src.callback.progress][INFO] - Epoch 60 step 11600/192: loss 3.977e-01
[20/04/26 17:23:33][src.callback.progress][INFO] - Epoch 60 step 11650/192: loss 4.095e-01
[20/04/26 17:23:43][src.callback.progress][INFO] - Epoch 60 step 11700/192: loss 3.849e-01
[20/04/26 17:23:47][src.callback.progress][INFO] - Epoch 60: v_recons 3.171e-01  recons 2.928e-01  v_loss 5.048e-01  loss 3.888e-01  v_latent 8.503e-01  latent 7.633e-01  v_kl 2.067e+01  kl 1.548e+01  v_contrastive 1.875e+00  contrastive 9.581e-01  v_t2m/len 1530  v_t2m/R01 16.72%  v_t2m/R02 22.94%  v_t2m/R03 28.1%  v_t2m/R05 37.65%  v_t2m/R10 49.66%  v_t2m/MedR 11.0%  v_m2t/len 1530  v_m2t/R01 15.94%  v_m2t/R02 21.3%  v_m2t/R03 29.35%  v_m2t/R05 36.93%  v_m2t/R10 48.16%  v_m2t/MedR 12.0%
[20/04/26 17:24:00][src.callback.progress][INFO] - Epoch 61 step 11750/192: loss 3.905e-01
[20/04/26 17:24:10][src.callback.progress][INFO] - Epoch 61 step 11800/192: loss 3.676e-01
[20/04/26 17:24:20][src.callback.progress][INFO] - Epoch 61 step 11850/192: loss 3.645e-01
[20/04/26 17:24:31][src.callback.progress][INFO] - Epoch 61 step 11900/192: loss 3.507e-01
[20/04/26 17:24:33][src.callback.progress][INFO] - Epoch 61: v_recons 3.160e-01  recons 2.920e-01  v_loss 5.007e-01  loss 3.860e-01  v_latent 8.469e-01  latent 7.615e-01  v_kl 2.068e+01  kl 1.545e+01  v_contrastive 1.845e+00  contrastive 9.385e-01  v_t2m/len 1530  v_t2m/R01 16.98%  v_t2m/R02 24.44%  v_t2m/R03 29.93%  v_t2m/R05 37.38%  v_t2m/R10 51.7%  v_t2m/MedR 10.0%  v_m2t/len 1530  v_m2t/R01 17.9%  v_m2t/R02 21.95%  v_m2t/R03 29.02%  v_m2t/R05 35.81%  v_m2t/R10 48.95%  v_m2t/MedR 11.0%
[20/04/26 17:24:49][src.callback.progress][INFO] - Epoch 62 step 11950/192: loss 4.036e-01
[20/04/26 17:24:59][src.callback.progress][INFO] - Epoch 62 step 12000/192: loss 3.825e-01
[20/04/26 17:25:09][src.callback.progress][INFO] - Epoch 62 step 12050/192: loss 3.948e-01
[20/04/26 17:25:20][src.callback.progress][INFO] - Epoch 62: v_recons 3.211e-01  recons 2.914e-01  v_loss 5.110e-01  loss 3.825e-01  v_latent 8.583e-01  latent 7.587e-01  v_kl 2.175e+01  kl 1.561e+01  v_contrastive 1.897e+00  contrastive 9.095e-01  v_t2m/len 1530  v_t2m/R01 15.88%  v_t2m/R02 22.68%  v_t2m/R03 28.88%  v_t2m/R05 35.56%  v_t2m/R10 48.5%  v_t2m/MedR 11.0%  v_m2t/len 1530  v_m2t/R01 16.01%  v_m2t/R02 20.97%  v_m2t/R03 28.23%  v_m2t/R05 35.61%  v_m2t/R10 46.59%  v_m2t/MedR 12.0%
[20/04/26 17:25:27][src.callback.progress][INFO] - Epoch 63 step 12100/192: loss 3.777e-01
[20/04/26 17:25:37][src.callback.progress][INFO] - Epoch 63 step 12150/192: loss 3.789e-01
[20/04/26 17:25:48][src.callback.progress][INFO] - Epoch 63 step 12200/192: loss 3.656e-01
[20/04/26 17:25:58][src.callback.progress][INFO] - Epoch 63 step 12250/192: loss 3.664e-01
[20/04/26 17:26:08][src.callback.progress][INFO] - Epoch 63: v_recons 3.173e-01  recons 2.898e-01  v_loss 5.004e-01  loss 3.791e-01  v_latent 8.440e-01  latent 7.561e-01  v_kl 2.137e+01  kl 1.579e+01  v_contrastive 1.828e+00  contrastive 8.917e-01  v_t2m/len 1530  v_t2m/R01 15.02%  v_t2m/R02 22.35%  v_t2m/R03 28.37%  v_t2m/R05 37.25%  v_t2m/R10 50.77%  v_t2m/MedR 10.0%  v_m2t/len 1530  v_m2t/R01 17.52%  v_m2t/R02 22.09%  v_m2t/R03 29.28%  v_m2t/R05 35.81%  v_m2t/R10 49.22%  v_m2t/MedR 11.0%
[20/04/26 17:26:16][src.callback.progress][INFO] - Epoch 64 step 12300/192: loss 3.823e-01
[20/04/26 17:26:26][src.callback.progress][INFO] - Epoch 64 step 12350/192: loss 3.645e-01
[20/04/26 17:26:36][src.callback.progress][INFO] - Epoch 64 step 12400/192: loss 3.894e-01
[20/04/26 17:26:46][src.callback.progress][INFO] - Epoch 64 step 12450/192: loss 3.558e-01
[20/04/26 17:26:54][src.callback.progress][INFO] - Epoch 64: v_recons 3.160e-01  recons 2.893e-01  v_loss 5.017e-01  loss 3.788e-01  v_latent 8.441e-01  latent 7.556e-01  v_kl 2.181e+01  kl 1.587e+01  v_contrastive 1.854e+00  contrastive 8.941e-01  v_t2m/len 1530  v_t2m/R01 17.64%  v_t2m/R02 24.25%  v_t2m/R03 29.47%  v_t2m/R05 38.63%  v_t2m/R10 50.91%  v_t2m/MedR 10.0%  v_m2t/len 1530  v_m2t/R01 17.96%  v_m2t/R02 22.29%  v_m2t/R03 29.61%  v_m2t/R05 36.2%  v_m2t/R10 47.06%  v_m2t/MedR 12.0%
[20/04/26 17:27:04][src.callback.progress][INFO] - Epoch 65 step 12500/192: loss 3.519e-01
[20/04/26 17:27:14][src.callback.progress][INFO] - Epoch 65 step 12550/192: loss 4.008e-01
[20/04/26 17:27:24][src.callback.progress][INFO] - Epoch 65 step 12600/192: loss 3.650e-01
[20/04/26 17:27:34][src.callback.progress][INFO] - Epoch 65 step 12650/192: loss 4.045e-01
[20/04/26 17:27:40][src.callback.progress][INFO] - Epoch 65: v_recons 3.166e-01  recons 2.882e-01  v_loss 5.041e-01  loss 3.750e-01  v_latent 8.546e-01  latent 7.534e-01  v_kl 2.221e+01  kl 1.612e+01  v_contrastive 1.873e+00  contrastive 8.667e-01  v_t2m/len 1530  v_t2m/R01 16.4%  v_t2m/R02 22.87%  v_t2m/R03 28.55%  v_t2m/R05 37.97%  v_t2m/R10 50.0%  v_t2m/MedR 10.5%  v_m2t/len 1530  v_m2t/R01 17.12%  v_m2t/R02 21.89%  v_m2t/R03 27.84%  v_m2t/R05 35.22%  v_m2t/R10 47.31%  v_m2t/MedR 12.0%
[20/04/26 17:27:51][src.callback.progress][INFO] - Epoch 66 step 12700/192: loss 3.322e-01
[20/04/26 17:28:01][src.callback.progress][INFO] - Epoch 66 step 12750/192: loss 3.653e-01
[20/04/26 17:28:11][src.callback.progress][INFO] - Epoch 66 step 12800/192: loss 3.427e-01
[20/04/26 17:28:21][src.callback.progress][INFO] - Epoch 66 step 12850/192: loss 3.535e-01
[20/04/26 17:28:26][src.callback.progress][INFO] - Epoch 66: v_recons 3.165e-01  recons 2.875e-01  v_loss 5.023e-01  loss 3.733e-01  v_latent 8.495e-01  latent 7.512e-01  v_kl 2.228e+01  kl 1.612e+01  v_contrastive 1.855e+00  contrastive 8.559e-01  v_t2m/len 1530  v_t2m/R01 15.35%  v_t2m/R02 22.29%  v_t2m/R03 28.88%  v_t2m/R05 37.18%  v_t2m/R10 51.18%  v_t2m/MedR 10.0%  v_m2t/len 1530  v_m2t/R01 17.12%  v_m2t/R02 21.89%  v_m2t/R03 28.81%  v_m2t/R05 35.61%  v_m2t/R10 47.06%  v_m2t/MedR 12.0%
[20/04/26 17:28:38][src.callback.progress][INFO] - Epoch 67 step 12900/192: loss 3.448e-01
[20/04/26 17:28:48][src.callback.progress][INFO] - Epoch 67 step 12950/192: loss 3.263e-01
[20/04/26 17:28:59][src.callback.progress][INFO] - Epoch 67 step 13000/192: loss 3.748e-01
[20/04/26 17:29:09][src.callback.progress][INFO] - Epoch 67 step 13050/192: loss 3.945e-01
[20/04/26 17:29:12][src.callback.progress][INFO] - Epoch 67: v_recons 3.177e-01  recons 2.860e-01  v_loss 5.058e-01  loss 3.701e-01  v_latent 8.557e-01  latent 7.503e-01  v_kl 2.279e+01  kl 1.625e+01  v_contrastive 1.879e+00  contrastive 8.394e-01  v_t2m/len 1530  v_t2m/R01 17.25%  v_t2m/R02 23.27%  v_t2m/R03 29.79%  v_t2m/R05 37.9%  v_t2m/R10 51.95%  v_t2m/MedR 9.0%  v_m2t/len 1530  v_m2t/R01 17.84%  v_m2t/R02 22.94%  v_m2t/R03 30.06%  v_m2t/R05 38.09%  v_m2t/R10 48.24%  v_m2t/MedR 12.0%
[20/04/26 17:29:26][src.callback.progress][INFO] - Epoch 68 step 13100/192: loss 3.543e-01
[20/04/26 17:29:37][src.callback.progress][INFO] - Epoch 68 step 13150/192: loss 3.959e-01
[20/04/26 17:29:47][src.callback.progress][INFO] - Epoch 68 step 13200/192: loss 3.553e-01
[20/04/26 17:29:58][src.callback.progress][INFO] - Epoch 68: v_recons 3.166e-01  recons 2.854e-01  v_loss 5.004e-01  loss 3.688e-01  v_latent 8.480e-01  latent 7.480e-01  v_kl 2.272e+01  kl 1.624e+01  v_contrastive 1.835e+00  contrastive 8.320e-01  v_t2m/len 1530  v_t2m/R01 17.25%  v_t2m/R02 23.92%  v_t2m/R03 30.2%  v_t2m/R05 39.27%  v_t2m/R10 51.83%  v_t2m/MedR 9.0%  v_m2t/len 1530  v_m2t/R01 16.86%  v_m2t/R02 21.37%  v_m2t/R03 28.88%  v_m2t/R05 36.34%  v_m2t/R10 49.22%  v_m2t/MedR 11.0%
[20/04/26 17:30:04][src.callback.progress][INFO] - Epoch 69 step 13250/192: loss 3.990e-01
[20/04/26 17:30:14][src.callback.progress][INFO] - Epoch 69 step 13300/192: loss 4.272e-01
[20/04/26 17:30:24][src.callback.progress][INFO] - Epoch 69 step 13350/192: loss 4.094e-01
[20/04/26 17:30:34][src.callback.progress][INFO] - Epoch 69 step 13400/192: loss 3.672e-01
[20/04/26 17:30:44][src.callback.progress][INFO] - Epoch 69: v_recons 3.171e-01  recons 2.842e-01  v_loss 5.044e-01  loss 3.650e-01  v_latent 8.555e-01  latent 7.447e-01  v_kl 2.308e+01  kl 1.627e+01  v_contrastive 1.871e+00  contrastive 8.057e-01  v_t2m/len 1530  v_t2m/R01 15.61%  v_t2m/R02 23.06%  v_t2m/R03 29.61%  v_t2m/R05 37.25%  v_t2m/R10 49.93%  v_t2m/MedR 11.0%  v_m2t/len 1530  v_m2t/R01 17.96%  v_m2t/R02 22.75%  v_m2t/R03 30.12%  v_m2t/R05 36.2%  v_m2t/R10 48.09%  v_m2t/MedR 11.0%
[20/04/26 17:30:51][src.callback.progress][INFO] - Epoch 70 step 13450/192: loss 3.681e-01
[20/04/26 17:31:01][src.callback.progress][INFO] - Epoch 70 step 13500/192: loss 3.831e-01
[20/04/26 17:31:11][src.callback.progress][INFO] - Epoch 70 step 13550/192: loss 3.590e-01
[20/04/26 17:31:21][src.callback.progress][INFO] - Epoch 70 step 13600/192: loss 3.812e-01
[20/04/26 17:31:30][src.callback.progress][INFO] - Epoch 70: v_recons 3.175e-01  recons 2.834e-01  v_loss 5.060e-01  loss 3.641e-01  v_latent 8.584e-01  latent 7.439e-01  v_kl 2.358e+01  kl 1.642e+01  v_contrastive 1.883e+00  contrastive 8.048e-01  v_t2m/len 1530  v_t2m/R01 16.34%  v_t2m/R02 23.86%  v_t2m/R03 30.38%  v_t2m/R05 37.84%  v_t2m/R10 50.38%  v_t2m/MedR 10.0%  v_m2t/len 1530  v_m2t/R01 17.31%  v_m2t/R02 22.61%  v_m2t/R03 29.28%  v_m2t/R05 36.59%  v_m2t/R10 48.04%  v_m2t/MedR 12.0%
[20/04/26 17:31:38][src.callback.progress][INFO] - Epoch 71 step 13650/192: loss 3.854e-01
[20/04/26 17:31:48][src.callback.progress][INFO] - Epoch 71 step 13700/192: loss 3.647e-01
[20/04/26 17:31:58][src.callback.progress][INFO] - Epoch 71 step 13750/192: loss 4.030e-01
[20/04/26 17:32:08][src.callback.progress][INFO] - Epoch 71 step 13800/192: loss 3.785e-01
[20/04/26 17:32:15][src.callback.progress][INFO] - Epoch 71: v_recons 3.201e-01  recons 2.832e-01  v_loss 5.068e-01  loss 3.627e-01  v_latent 8.541e-01  latent 7.433e-01  v_kl 2.381e+01  kl 1.668e+01  v_contrastive 1.864e+00  contrastive 7.929e-01  v_t2m/len 1530  v_t2m/R01 16.01%  v_t2m/R02 23.2%  v_t2m/R03 29.28%  v_t2m/R05 37.84%  v_t2m/R10 51.43%  v_t2m/MedR 9.0%  v_m2t/len 1530  v_m2t/R01 19.02%  v_m2t/R02 22.47%  v_m2t/R03 29.87%  v_m2t/R05 37.25%  v_m2t/R10 49.15%  v_m2t/MedR 11.0%
[20/04/26 17:32:26][src.callback.progress][INFO] - Epoch 72 step 13850/192: loss 3.668e-01
[20/04/26 17:32:36][src.callback.progress][INFO] - Epoch 72 step 13900/192: loss 3.288e-01
[20/04/26 17:32:46][src.callback.progress][INFO] - Epoch 72 step 13950/192: loss 3.837e-01
[20/04/26 17:32:56][src.callback.progress][INFO] - Epoch 72 step 14000/192: loss 3.842e-01
[20/04/26 17:33:01][src.callback.progress][INFO] - Epoch 72: v_recons 3.179e-01  recons 2.829e-01  v_loss 5.042e-01  loss 3.620e-01  v_latent 8.545e-01  latent 7.448e-01  v_kl 2.418e+01  kl 1.703e+01  v_contrastive 1.860e+00  contrastive 7.886e-01  v_t2m/len 1530  v_t2m/R01 17.96%  v_t2m/R02 24.04%  v_t2m/R03 30.32%  v_t2m/R05 37.38%  v_t2m/R10 49.74%  v_t2m/MedR 11.0%  v_m2t/len 1530  v_m2t/R01 17.84%  v_m2t/R02 22.8%  v_m2t/R03 29.21%  v_m2t/R05 36.08%  v_m2t/R10 48.43%  v_m2t/MedR 11.0%
[20/04/26 17:33:13][src.callback.progress][INFO] - Epoch 73 step 14050/192: loss 3.217e-01
[20/04/26 17:33:23][src.callback.progress][INFO] - Epoch 73 step 14100/192: loss 3.371e-01
[20/04/26 17:33:33][src.callback.progress][INFO] - Epoch 73 step 14150/192: loss 3.570e-01
[20/04/26 17:33:43][src.callback.progress][INFO] - Epoch 73 step 14200/192: loss 3.247e-01
[20/04/26 17:33:47][src.callback.progress][INFO] - Epoch 73: v_recons 3.167e-01  recons 2.821e-01  v_loss 5.016e-01  loss 3.592e-01  v_latent 8.558e-01  latent 7.407e-01  v_kl 2.444e+01  kl 1.702e+01  v_contrastive 1.847e+00  contrastive 7.691e-01  v_t2m/len 1530  v_t2m/R01 17.45%  v_t2m/R02 24.04%  v_t2m/R03 29.47%  v_t2m/R05 37.97%  v_t2m/R10 50.91%  v_t2m/MedR 10.0%  v_m2t/len 1530  v_m2t/R01 17.52%  v_m2t/R02 21.3%  v_m2t/R03 28.76%  v_m2t/R05 36.34%  v_m2t/R10 47.84%  v_m2t/MedR 11.0%
[20/04/26 17:34:01][src.callback.progress][INFO] - Epoch 74 step 14250/192: loss 3.304e-01
[20/04/26 17:34:12][src.callback.progress][INFO] - Epoch 74 step 14300/192: loss 3.796e-01
[20/04/26 17:34:22][src.callback.progress][INFO] - Epoch 74 step 14350/192: loss 3.147e-01
[20/04/26 17:34:32][src.callback.progress][INFO] - Epoch 74 step 14400/192: loss 3.367e-01
[20/04/26 17:34:34][src.callback.progress][INFO] - Epoch 74: v_recons 3.157e-01  recons 2.813e-01  v_loss 4.990e-01  loss 3.573e-01  v_latent 8.503e-01  latent 7.397e-01  v_kl 2.451e+01  kl 1.711e+01  v_contrastive 1.831e+00  contrastive 7.589e-01  v_t2m/len 1530  v_t2m/R01 16.07%  v_t2m/R02 23.65%  v_t2m/R03 29.93%  v_t2m/R05 37.9%  v_t2m/R10 50.52%  v_t2m/MedR 10.0%  v_m2t/len 1530  v_m2t/R01 18.23%  v_m2t/R02 23.2%  v_m2t/R03 30.06%  v_m2t/R05 37.65%  v_m2t/R10 49.15%  v_m2t/MedR 11.0%
[20/04/26 17:34:49][src.callback.progress][INFO] - Epoch 75 step 14450/192: loss 3.504e-01
[20/04/26 17:35:00][src.callback.progress][INFO] - Epoch 75 step 14500/192: loss 3.274e-01
[20/04/26 17:35:10][src.callback.progress][INFO] - Epoch 75 step 14550/192: loss 3.780e-01
[20/04/26 17:35:20][src.callback.progress][INFO] - Epoch 75: v_recons 3.161e-01  recons 2.799e-01  v_loss 5.032e-01  loss 3.544e-01  v_latent 8.560e-01  latent 7.369e-01  v_kl 2.469e+01  kl 1.721e+01  v_contrastive 1.869e+00  contrastive 7.429e-01  v_t2m/len 1530  v_t2m/R01 15.68%  v_t2m/R02 22.35%  v_t2m/R03 28.62%  v_t2m/R05 36.08%  v_t2m/R10 49.54%  v_t2m/MedR 11.0%  v_m2t/len 1530  v_m2t/R01 17.64%  v_m2t/R02 22.47%  v_m2t/R03 29.14%  v_m2t/R05 35.49%  v_m2t/R10 47.25%  v_m2t/MedR 12.0%
[20/04/26 17:35:27][src.callback.progress][INFO] - Epoch 76 step 14600/192: loss 3.224e-01
[20/04/26 17:35:37][src.callback.progress][INFO] - Epoch 76 step 14650/192: loss 3.565e-01
[20/04/26 17:35:47][src.callback.progress][INFO] - Epoch 76 step 14700/192: loss 3.451e-01
[20/04/26 17:35:57][src.callback.progress][INFO] - Epoch 76 step 14750/192: loss 3.600e-01
[20/04/26 17:36:06][src.callback.progress][INFO] - Epoch 76: v_recons 3.168e-01  recons 2.792e-01  v_loss 5.018e-01  loss 3.529e-01  v_latent 8.571e-01  latent 7.366e-01  v_kl 2.556e+01  kl 1.733e+01  v_contrastive 1.847e+00  contrastive 7.351e-01  v_t2m/len 1530  v_t2m/R01 14.71%  v_t2m/R02 21.82%  v_t2m/R03 28.81%  v_t2m/R05 37.7%  v_t2m/R10 50.52%  v_t2m/MedR 10.0%  v_m2t/len 1530  v_m2t/R01 18.95%  v_m2t/R02 22.68%  v_m2t/R03 30.06%  v_m2t/R05 37.25%  v_m2t/R10 49.27%  v_m2t/MedR 11.0%
[20/04/26 17:36:14][src.callback.progress][INFO] - Epoch 77 step 14800/192: loss 3.187e-01
[20/04/26 17:36:24][src.callback.progress][INFO] - Epoch 77 step 14850/192: loss 3.468e-01
[20/04/26 17:36:35][src.callback.progress][INFO] - Epoch 77 step 14900/192: loss 3.803e-01
[20/04/26 17:36:45][src.callback.progress][INFO] - Epoch 77 step 14950/192: loss 3.234e-01
[20/04/26 17:36:52][src.callback.progress][INFO] - Epoch 77: v_recons 3.181e-01  recons 2.789e-01  v_loss 5.066e-01  loss 3.524e-01  v_latent 8.604e-01  latent 7.359e-01  v_kl 2.553e+01  kl 1.756e+01  v_contrastive 1.883e+00  contrastive 7.337e-01  v_t2m/len 1530  v_t2m/R01 17.96%  v_t2m/R02 24.12%  v_t2m/R03 29.61%  v_t2m/R05 37.9%  v_t2m/R10 50.0%  v_t2m/MedR 10.5%  v_m2t/len 1530  v_m2t/R01 17.96%  v_m2t/R02 22.75%  v_m2t/R03 29.61%  v_m2t/R05 36.59%  v_m2t/R10 47.38%  v_m2t/MedR 12.0%
[20/04/26 17:37:02][src.callback.progress][INFO] - Epoch 78 step 15000/192: loss 3.720e-01
[20/04/26 17:37:12][src.callback.progress][INFO] - Epoch 78 step 15050/192: loss 3.386e-01
[20/04/26 17:37:22][src.callback.progress][INFO] - Epoch 78 step 15100/192: loss 3.660e-01
[20/04/26 17:37:32][src.callback.progress][INFO] - Epoch 78 step 15150/192: loss 3.225e-01
[20/04/26 17:37:38][src.callback.progress][INFO] - Epoch 78: v_recons 3.214e-01  recons 2.782e-01  v_loss 5.096e-01  loss 3.507e-01  v_latent 8.640e-01  latent 7.350e-01  v_kl 2.694e+01  kl 1.771e+01  v_contrastive 1.879e+00  contrastive 7.231e-01  v_t2m/len 1530  v_t2m/R01 16.2%  v_t2m/R02 21.89%  v_t2m/R03 28.23%  v_t2m/R05 36.4%  v_t2m/R10 51.7%  v_t2m/MedR 10.0%  v_m2t/len 1530  v_m2t/R01 17.84%  v_m2t/R02 21.23%  v_m2t/R03 29.02%  v_m2t/R05 37.52%  v_m2t/R10 47.97%  v_m2t/MedR 11.0%
[20/04/26 17:37:50][src.callback.progress][INFO] - Epoch 79 step 15200/192: loss 3.120e-01
[20/04/26 17:38:00][src.callback.progress][INFO] - Epoch 79 step 15250/192: loss 3.355e-01
[20/04/26 17:38:10][src.callback.progress][INFO] - Epoch 79 step 15300/192: loss 3.482e-01
[20/04/26 17:38:20][src.callback.progress][INFO] - Epoch 79 step 15350/192: loss 3.668e-01
[20/04/26 17:38:24][src.callback.progress][INFO] - Epoch 79: v_recons 3.160e-01  recons 2.777e-01  v_loss 5.004e-01  loss 3.481e-01  v_latent 8.556e-01  latent 7.328e-01  v_kl 2.649e+01  kl 1.792e+01  v_contrastive 1.842e+00  contrastive 7.026e-01  v_t2m/len 1530  v_t2m/R01 18.04%  v_t2m/R02 24.3%  v_t2m/R03 30.26%  v_t2m/R05 37.25%  v_t2m/R10 52.09%  v_t2m/MedR 9.0%  v_m2t/len 1530  v_m2t/R01 17.9%  v_m2t/R02 23.01%  v_m2t/R03 31.3%  v_m2t/R05 38.36%  v_m2t/R10 49.54%  v_m2t/MedR 11.0%
[20/04/26 17:38:38][src.callback.progress][INFO] - Epoch 80 step 15400/192: loss 3.283e-01
[20/04/26 17:38:48][src.callback.progress][INFO] - Epoch 80 step 15450/192: loss 3.330e-01
[20/04/26 17:38:58][src.callback.progress][INFO] - Epoch 80 step 15500/192: loss 3.788e-01
[20/04/26 17:39:08][src.callback.progress][INFO] - Epoch 80 step 15550/192: loss 3.776e-01
[20/04/26 17:39:10][src.callback.progress][INFO] - Epoch 80: v_recons 3.158e-01  recons 2.768e-01  v_loss 5.013e-01  loss 3.461e-01  v_latent 8.603e-01  latent 7.306e-01  v_kl 2.688e+01  kl 1.798e+01  v_contrastive 1.852e+00  contrastive 6.918e-01  v_t2m/len 1530  v_t2m/R01 16.27%  v_t2m/R02 21.76%  v_t2m/R03 28.88%  v_t2m/R05 38.24%  v_t2m/R10 50.25%  v_t2m/MedR 10.0%  v_m2t/len 1530  v_m2t/R01 17.52%  v_m2t/R02 23.2%  v_m2t/R03 30.38%  v_m2t/R05 36.79%  v_m2t/R10 48.95%  v_m2t/MedR 11.0%
[20/04/26 17:39:25][src.callback.progress][INFO] - Epoch 81 step 15600/192: loss 3.368e-01
[20/04/26 17:39:35][src.callback.progress][INFO] - Epoch 81 step 15650/192: loss 3.714e-01
[20/04/26 17:39:45][src.callback.progress][INFO] - Epoch 81 step 15700/192: loss 3.378e-01
[20/04/26 17:39:56][src.callback.progress][INFO] - Epoch 81: v_recons 3.178e-01  recons 2.752e-01  v_loss 5.045e-01  loss 3.438e-01  v_latent 8.569e-01  latent 7.296e-01  v_kl 2.662e+01  kl 1.795e+01  v_contrastive 1.864e+00  contrastive 6.838e-01  v_t2m/len 1530  v_t2m/R01 17.38%  v_t2m/R02 23.92%  v_t2m/R03 30.59%  v_t2m/R05 39.02%  v_t2m/R10 52.22%  v_t2m/MedR 9.5%  v_m2t/len 1530  v_m2t/R01 18.23%  v_m2t/R02 23.2%  v_m2t/R03 31.56%  v_m2t/R05 37.97%  v_m2t/R10 49.08%  v_m2t/MedR 11.0%
[20/04/26 17:40:02][src.callback.progress][INFO] - Epoch 82 step 15750/192: loss 3.377e-01
[20/04/26 17:40:12][src.callback.progress][INFO] - Epoch 82 step 15800/192: loss 3.098e-01
[20/04/26 17:40:22][src.callback.progress][INFO] - Epoch 82 step 15850/192: loss 3.234e-01
[20/04/26 17:40:32][src.callback.progress][INFO] - Epoch 82 step 15900/192: loss 3.432e-01
[20/04/26 17:40:42][src.callback.progress][INFO] - Epoch 82: v_recons 3.164e-01  recons 2.748e-01  v_loss 5.047e-01  loss 3.419e-01  v_latent 8.627e-01  latent 7.273e-01  v_kl 2.689e+01  kl 1.804e+01  v_contrastive 1.880e+00  contrastive 6.695e-01  v_t2m/len 1530  v_t2m/R01 17.52%  v_t2m/R02 23.45%  v_t2m/R03 28.62%  v_t2m/R05 36.2%  v_t2m/R10 50.65%  v_t2m/MedR 10.0%  v_m2t/len 1530  v_m2t/R01 17.84%  v_m2t/R02 22.68%  v_m2t/R03 30.64%  v_m2t/R05 37.9%  v_m2t/R10 47.9%  v_m2t/MedR 12.0%
[20/04/26 17:40:49][src.callback.progress][INFO] - Epoch 83 step 15950/192: loss 3.352e-01
[20/04/26 17:41:00][src.callback.progress][INFO] - Epoch 83 step 16000/192: loss 3.047e-01
[20/04/26 17:41:10][src.callback.progress][INFO] - Epoch 83 step 16050/192: loss 3.640e-01
[20/04/26 17:41:20][src.callback.progress][INFO] - Epoch 83 step 16100/192: loss 3.708e-01
[20/04/26 17:41:28][src.callback.progress][INFO] - Epoch 83: v_recons 3.193e-01  recons 2.739e-01  v_loss 5.065e-01  loss 3.412e-01  v_latent 8.628e-01  latent 7.260e-01  v_kl 2.759e+01  kl 1.823e+01  v_contrastive 1.869e+00  contrastive 6.703e-01  v_t2m/len 1530  v_t2m/R01 16.2%  v_t2m/R02 23.01%  v_t2m/R03 30.32%  v_t2m/R05 37.97%  v_t2m/R10 51.31%  v_t2m/MedR 10.0%  v_m2t/len 1530  v_m2t/R01 17.38%  v_m2t/R02 20.97%  v_m2t/R03 28.55%  v_m2t/R05 36.2%  v_m2t/R10 48.63%  v_m2t/MedR 11.0%
[20/04/26 17:41:37][src.callback.progress][INFO] - Epoch 84 step 16150/192: loss 3.337e-01
[20/04/26 17:41:47][src.callback.progress][INFO] - Epoch 84 step 16200/192: loss 3.572e-01
[20/04/26 17:41:57][src.callback.progress][INFO] - Epoch 84 step 16250/192: loss 3.261e-01
[20/04/26 17:42:08][src.callback.progress][INFO] - Epoch 84 step 16300/192: loss 3.258e-01
[20/04/26 17:42:13][src.callback.progress][INFO] - Epoch 84: v_recons 3.177e-01  recons 2.728e-01  v_loss 5.047e-01  loss 3.385e-01  v_latent 8.629e-01  latent 7.245e-01  v_kl 2.761e+01  kl 1.829e+01  v_contrastive 1.867e+00  contrastive 6.554e-01  v_t2m/len 1530  v_t2m/R01 17.45%  v_t2m/R02 23.59%  v_t2m/R03 30.59%  v_t2m/R05 36.86%  v_t2m/R10 51.9%  v_t2m/MedR 9.0%  v_m2t/len 1530  v_m2t/R01 17.96%  v_m2t/R02 23.13%  v_m2t/R03 29.47%  v_m2t/R05 36.86%  v_m2t/R10 48.29%  v_m2t/MedR 11.0%
[20/04/26 17:42:25][src.callback.progress][INFO] - Epoch 85 step 16350/192: loss 3.537e-01
[20/04/26 17:42:35][src.callback.progress][INFO] - Epoch 85 step 16400/192: loss 3.921e-01
[20/04/26 17:42:45][src.callback.progress][INFO] - Epoch 85 step 16450/192: loss 3.180e-01
[20/04/26 17:42:55][src.callback.progress][INFO] - Epoch 85 step 16500/192: loss 3.470e-01
[20/04/26 17:42:59][src.callback.progress][INFO] - Epoch 85: v_recons 3.211e-01  recons 2.730e-01  v_loss 5.086e-01  loss 3.379e-01  v_latent 8.693e-01  latent 7.224e-01  v_kl 2.777e+01  kl 1.840e+01  v_contrastive 1.872e+00  contrastive 6.474e-01  v_t2m/len 1530  v_t2m/R01 17.31%  v_t2m/R02 23.92%  v_t2m/R03 31.3%  v_t2m/R05 39.22%  v_t2m/R10 51.36%  v_t2m/MedR 10.0%  v_m2t/len 1530  v_m2t/R01 18.43%  v_m2t/R02 23.65%  v_m2t/R03 30.92%  v_m2t/R05 38.68%  v_m2t/R10 48.81%  v_m2t/MedR 11.0%
[20/04/26 17:43:12][src.callback.progress][INFO] - Epoch 86 step 16550/192: loss 3.165e-01
[20/04/26 17:43:22][src.callback.progress][INFO] - Epoch 86 step 16600/192: loss 3.441e-01
[20/04/26 17:43:33][src.callback.progress][INFO] - Epoch 86 step 16650/192: loss 3.415e-01
[20/04/26 17:43:43][src.callback.progress][INFO] - Epoch 86 step 16700/192: loss 3.919e-01
[20/04/26 17:43:45][src.callback.progress][INFO] - Epoch 86: v_recons 3.174e-01  recons 2.723e-01  v_loss 5.045e-01  loss 3.368e-01  v_latent 8.688e-01  latent 7.233e-01  v_kl 2.867e+01  kl 1.865e+01  v_contrastive 1.868e+00  contrastive 6.432e-01  v_t2m/len 1530  v_t2m/R01 15.75%  v_t2m/R02 22.75%  v_t2m/R03 30.97%  v_t2m/R05 38.81%  v_t2m/R10 52.41%  v_t2m/MedR 9.0%  v_m2t/len 1530  v_m2t/R01 19.02%  v_m2t/R02 23.59%  v_m2t/R03 31.3%  v_m2t/R05 37.97%  v_m2t/R10 49.15%  v_m2t/MedR 11.0%
[20/04/26 17:44:00][src.callback.progress][INFO] - Epoch 87 step 16750/192: loss 3.433e-01
[20/04/26 17:44:10][src.callback.progress][INFO] - Epoch 87 step 16800/192: loss 3.171e-01
[20/04/26 17:44:21][src.callback.progress][INFO] - Epoch 87 step 16850/192: loss 3.465e-01
[20/04/26 17:44:32][src.callback.progress][INFO] - Epoch 87: v_recons 3.164e-01  recons 2.714e-01  v_loss 5.060e-01  loss 3.351e-01  v_latent 8.734e-01  latent 7.217e-01  v_kl 2.883e+01  kl 1.868e+01  v_contrastive 1.893e+00  contrastive 6.352e-01  v_t2m/len 1530  v_t2m/R01 16.2%  v_t2m/R02 22.42%  v_t2m/R03 29.14%  v_t2m/R05 37.45%  v_t2m/R10 50.72%  v_t2m/MedR 10.0%  v_m2t/len 1530  v_m2t/R01 17.31%  v_m2t/R02 21.62%  v_m2t/R03 29.02%  v_m2t/R05 36.72%  v_m2t/R10 49.15%  v_m2t/MedR 11.0%
[20/04/26 17:44:37][src.callback.progress][INFO] - Epoch 88 step 16900/192: loss 3.140e-01
[20/04/26 17:44:48][src.callback.progress][INFO] - Epoch 88 step 16950/192: loss 3.519e-01
[20/04/26 17:44:58][src.callback.progress][INFO] - Epoch 88 step 17000/192: loss 3.572e-01
[20/04/26 17:45:08][src.callback.progress][INFO] - Epoch 88 step 17050/192: loss 3.286e-01
[20/04/26 17:45:18][src.callback.progress][INFO] - Epoch 88: v_recons 3.177e-01  recons 2.712e-01  v_loss 5.049e-01  loss 3.344e-01  v_latent 8.657e-01  latent 7.196e-01  v_kl 2.886e+01  kl 1.878e+01  v_contrastive 1.869e+00  contrastive 6.305e-01  v_t2m/len 1530  v_t2m/R01 18.37%  v_t2m/R02 23.72%  v_t2m/R03 29.93%  v_t2m/R05 37.77%  v_t2m/R10 51.04%  v_t2m/MedR 10.0%  v_m2t/len 1530  v_m2t/R01 17.9%  v_m2t/R02 23.2%  v_m2t/R03 31.11%  v_m2t/R05 38.16%  v_m2t/R10 48.81%  v_m2t/MedR 11.0%
[20/04/26 17:45:25][src.callback.progress][INFO] - Epoch 89 step 17100/192: loss 3.530e-01
[20/04/26 17:45:35][src.callback.progress][INFO] - Epoch 89 step 17150/192: loss 3.494e-01
[20/04/26 17:45:46][src.callback.progress][INFO] - Epoch 89 step 17200/192: loss 3.684e-01
[20/04/26 17:45:56][src.callback.progress][INFO] - Epoch 89 step 17250/192: loss 3.718e-01
[20/04/26 17:46:04][src.callback.progress][INFO] - Epoch 89: v_recons 3.185e-01  recons 2.699e-01  v_loss 5.081e-01  loss 3.317e-01  v_latent 8.725e-01  latent 7.150e-01  v_kl 2.963e+01  kl 1.888e+01  v_contrastive 1.893e+00  contrastive 6.155e-01  v_t2m/len 1530  v_t2m/R01 16.34%  v_t2m/R02 21.89%  v_t2m/R03 28.55%  v_t2m/R05 36.54%  v_t2m/R10 50.72%  v_t2m/MedR 10.0%  v_m2t/len 1530  v_m2t/R01 17.12%  v_m2t/R02 21.5%  v_m2t/R03 28.04%  v_m2t/R05 37.52%  v_m2t/R10 48.75%  v_m2t/MedR 11.0%
[20/04/26 17:46:13][src.callback.progress][INFO] - Epoch 90 step 17300/192: loss 3.725e-01
[20/04/26 17:46:23][src.callback.progress][INFO] - Epoch 90 step 17350/192: loss 3.078e-01
[20/04/26 17:46:33][src.callback.progress][INFO] - Epoch 90 step 17400/192: loss 3.060e-01
[20/04/26 17:46:44][src.callback.progress][INFO] - Epoch 90 step 17450/192: loss 3.336e-01
[20/04/26 17:46:50][src.callback.progress][INFO] - Epoch 90: v_recons 3.178e-01  recons 2.687e-01  v_loss 5.093e-01  loss 3.293e-01  v_latent 8.744e-01  latent 7.148e-01  v_kl 2.962e+01  kl 1.888e+01  v_contrastive 1.912e+00  contrastive 6.034e-01  v_t2m/len 1530  v_t2m/R01 17.45%  v_t2m/R02 23.39%  v_t2m/R03 29.73%  v_t2m/R05 37.52%  v_t2m/R10 50.65%  v_t2m/MedR 10.0%  v_m2t/len 1530  v_m2t/R01 17.31%  v_m2t/R02 21.5%  v_m2t/R03 28.55%  v_m2t/R05 36.2%  v_m2t/R10 47.45%  v_m2t/MedR 12.0%
[20/04/26 17:47:01][src.callback.progress][INFO] - Epoch 91 step 17500/192: loss 3.612e-01
[20/04/26 17:47:11][src.callback.progress][INFO] - Epoch 91 step 17550/192: loss 2.958e-01
[20/04/26 17:47:21][src.callback.progress][INFO] - Epoch 91 step 17600/192: loss 3.447e-01
[20/04/26 17:47:31][src.callback.progress][INFO] - Epoch 91 step 17650/192: loss 3.426e-01
[20/04/26 17:47:36][src.callback.progress][INFO] - Epoch 91: v_recons 3.217e-01  recons 2.685e-01  v_loss 5.143e-01  loss 3.283e-01  v_latent 8.697e-01  latent 7.134e-01  v_kl 2.985e+01  kl 1.908e+01  v_contrastive 1.922e+00  contrastive 5.962e-01  v_t2m/len 1530  v_t2m/R01 17.57%  v_t2m/R02 24.89%  v_t2m/R03 29.67%  v_t2m/R05 37.84%  v_t2m/R10 52.09%  v_t2m/MedR 9.0%  v_m2t/len 1530  v_m2t/R01 18.37%  v_m2t/R02 23.13%  v_m2t/R03 30.38%  v_m2t/R05 37.25%  v_m2t/R10 48.63%  v_m2t/MedR 11.0%
[20/04/26 17:47:48][src.callback.progress][INFO] - Epoch 92 step 17700/192: loss 3.568e-01
[20/04/26 17:47:58][src.callback.progress][INFO] - Epoch 92 step 17750/192: loss 3.473e-01
[20/04/26 17:48:09][src.callback.progress][INFO] - Epoch 92 step 17800/192: loss 3.160e-01
[20/04/26 17:48:19][src.callback.progress][INFO] - Epoch 92 step 17850/192: loss 3.311e-01
[20/04/26 17:48:22][src.callback.progress][INFO] - Epoch 92: v_recons 3.180e-01  recons 2.671e-01  v_loss 5.116e-01  loss 3.258e-01  v_latent 8.753e-01  latent 7.104e-01  v_kl 3.007e+01  kl 1.892e+01  v_contrastive 1.933e+00  contrastive 5.858e-01  v_t2m/len 1530  v_t2m/R01 18.1%  v_t2m/R02 24.12%  v_t2m/R03 30.45%  v_t2m/R05 36.86%  v_t2m/R10 51.9%  v_t2m/MedR 10.0%  v_m2t/len 1530  v_m2t/R01 17.38%  v_m2t/R02 21.89%  v_m2t/R03 29.73%  v_m2t/R05 36.79%  v_m2t/R10 48.16%  v_m2t/MedR 11.0%
[20/04/26 17:48:35][src.callback.progress][INFO] - Epoch 93 step 17900/192: loss 3.452e-01
[20/04/26 17:48:46][src.callback.progress][INFO] - Epoch 93 step 17950/192: loss 3.087e-01
[20/04/26 17:48:56][src.callback.progress][INFO] - Epoch 93 step 18000/192: loss 3.341e-01
[20/04/26 17:49:07][src.callback.progress][INFO] - Epoch 93: v_recons 3.226e-01  recons 2.667e-01  v_loss 5.121e-01  loss 3.258e-01  v_latent 8.733e-01  latent 7.117e-01  v_kl 3.087e+01  kl 1.933e+01  v_contrastive 1.892e+00  contrastive 5.884e-01  v_t2m/len 1530  v_t2m/R01 15.68%  v_t2m/R02 22.15%  v_t2m/R03 28.81%  v_t2m/R05 37.25%  v_t2m/R10 50.91%  v_t2m/MedR 10.0%  v_m2t/len 1530  v_m2t/R01 18.17%  v_m2t/R02 22.61%  v_m2t/R03 30.38%  v_m2t/R05 37.38%  v_m2t/R10 48.04%  v_m2t/MedR 11.0%
[20/04/26 17:49:13][src.callback.progress][INFO] - Epoch 94 step 18050/192: loss 3.085e-01
[20/04/26 17:49:23][src.callback.progress][INFO] - Epoch 94 step 18100/192: loss 3.163e-01
[20/04/26 17:49:33][src.callback.progress][INFO] - Epoch 94 step 18150/192: loss 3.495e-01
[20/04/26 17:49:44][src.callback.progress][INFO] - Epoch 94 step 18200/192: loss 3.089e-01
[20/04/26 17:49:53][src.callback.progress][INFO] - Epoch 94: v_recons 3.202e-01  recons 2.672e-01  v_loss 5.083e-01  loss 3.269e-01  v_latent 8.722e-01  latent 7.137e-01  v_kl 3.061e+01  kl 1.964e+01  v_contrastive 1.878e+00  contrastive 5.952e-01  v_t2m/len 1530  v_t2m/R01 17.19%  v_t2m/R02 23.27%  v_t2m/R03 30.12%  v_t2m/R05 37.25%  v_t2m/R10 49.79%  v_t2m/MedR 11.0%  v_m2t/len 1530  v_m2t/R01 17.25%  v_m2t/R02 22.54%  v_m2t/R03 30.0%  v_m2t/R05 36.79%  v_m2t/R10 48.29%  v_m2t/MedR 11.0%
[20/04/26 17:50:00][src.callback.progress][INFO] - Epoch 95 step 18250/192: loss 3.309e-01
[20/04/26 17:50:10][src.callback.progress][INFO] - Epoch 95 step 18300/192: loss 3.194e-01
[20/04/26 17:50:21][src.callback.progress][INFO] - Epoch 95 step 18350/192: loss 3.223e-01
[20/04/26 17:50:31][src.callback.progress][INFO] - Epoch 95 step 18400/192: loss 3.244e-01
[20/04/26 17:50:39][src.callback.progress][INFO] - Epoch 95: v_recons 3.174e-01  recons 2.657e-01  v_loss 5.039e-01  loss 3.234e-01  v_latent 8.677e-01  latent 7.094e-01  v_kl 3.084e+01  kl 1.963e+01  v_contrastive 1.862e+00  contrastive 5.745e-01  v_t2m/len 1530  v_t2m/R01 17.78%  v_t2m/R02 23.53%  v_t2m/R03 29.67%  v_t2m/R05 37.52%  v_t2m/R10 51.43%  v_t2m/MedR 10.0%  v_m2t/len 1530  v_m2t/R01 18.04%  v_m2t/R02 22.47%  v_m2t/R03 30.0%  v_m2t/R05 37.18%  v_m2t/R10 50.38%  v_m2t/MedR 10.0%
[20/04/26 17:50:48][src.callback.progress][INFO] - Epoch 96 step 18450/192: loss 3.085e-01
[20/04/26 17:50:58][src.callback.progress][INFO] - Epoch 96 step 18500/192: loss 3.305e-01
[20/04/26 17:51:08][src.callback.progress][INFO] - Epoch 96 step 18550/192: loss 3.266e-01
[20/04/26 17:51:18][src.callback.progress][INFO] - Epoch 96 step 18600/192: loss 3.143e-01
[20/04/26 17:51:25][src.callback.progress][INFO] - Epoch 96: v_recons 3.194e-01  recons 2.654e-01  v_loss 5.080e-01  loss 3.228e-01  v_latent 8.725e-01  latent 7.092e-01  v_kl 3.169e+01  kl 1.988e+01  v_contrastive 1.883e+00  contrastive 5.715e-01  v_t2m/len 1530  v_t2m/R01 17.96%  v_t2m/R02 24.04%  v_t2m/R03 30.26%  v_t2m/R05 38.09%  v_t2m/R10 50.91%  v_t2m/MedR 10.0%  v_m2t/len 1530  v_m2t/R01 18.17%  v_m2t/R02 22.29%  v_m2t/R03 30.32%  v_m2t/R05 37.38%  v_m2t/R10 48.68%  v_m2t/MedR 11.0%
[20/04/26 17:51:35][src.callback.progress][INFO] - Epoch 97 step 18650/192: loss 3.591e-01
[20/04/26 17:51:45][src.callback.progress][INFO] - Epoch 97 step 18700/192: loss 3.010e-01
[20/04/26 17:51:55][src.callback.progress][INFO] - Epoch 97 step 18750/192: loss 2.903e-01
[20/04/26 17:52:05][src.callback.progress][INFO] - Epoch 97 step 18800/192: loss 3.285e-01
[20/04/26 17:52:11][src.callback.progress][INFO] - Epoch 97: v_recons 3.196e-01  recons 2.640e-01  v_loss 5.100e-01  loss 3.197e-01  v_latent 8.775e-01  latent 7.052e-01  v_kl 3.216e+01  kl 1.994e+01  v_contrastive 1.901e+00  contrastive 5.555e-01  v_t2m/len 1530  v_t2m/R01 16.13%  v_t2m/R02 21.37%  v_t2m/R03 29.35%  v_t2m/R05 37.65%  v_t2m/R10 51.9%  v_t2m/MedR 10.0%  v_m2t/len 1530  v_m2t/R01 17.64%  v_m2t/R02 21.3%  v_m2t/R03 29.87%  v_m2t/R05 37.18%  v_m2t/R10 47.7%  v_m2t/MedR 11.0%
[20/04/26 17:52:22][src.callback.progress][INFO] - Epoch 98 step 18850/192: loss 3.244e-01
[20/04/26 17:52:33][src.callback.progress][INFO] - Epoch 98 step 18900/192: loss 3.063e-01
[20/04/26 17:52:43][src.callback.progress][INFO] - Epoch 98 step 18950/192: loss 3.176e-01
[20/04/26 17:52:53][src.callback.progress][INFO] - Epoch 98 step 19000/192: loss 3.319e-01
[20/04/26 17:52:56][src.callback.progress][INFO] - Epoch 98: v_recons 3.198e-01  recons 2.634e-01  v_loss 5.098e-01  loss 3.183e-01  v_latent 8.763e-01  latent 7.032e-01  v_kl 3.230e+01  kl 1.991e+01  v_contrastive 1.897e+00  contrastive 5.470e-01  v_t2m/len 1530  v_t2m/R01 17.19%  v_t2m/R02 22.35%  v_t2m/R03 28.29%  v_t2m/R05 36.08%  v_t2m/R10 50.25%  v_t2m/MedR 10.0%  v_m2t/len 1530  v_m2t/R01 17.52%  v_m2t/R02 20.92%  v_m2t/R03 28.62%  v_m2t/R05 35.95%  v_m2t/R10 47.9%  v_m2t/MedR 11.0%
[20/04/26 17:53:10][src.callback.progress][INFO] - Epoch 99 step 19050/192: loss 3.446e-01
[20/04/26 17:53:20][src.callback.progress][INFO] - Epoch 99 step 19100/192: loss 3.513e-01
[20/04/26 17:53:30][src.callback.progress][INFO] - Epoch 99 step 19150/192: loss 3.367e-01
[20/04/26 17:53:40][src.callback.progress][INFO] - Epoch 99 step 19200/192: loss 3.371e-01
[20/04/26 17:53:42][src.callback.progress][INFO] - Epoch 99: v_recons 3.189e-01  recons 2.629e-01  v_loss 5.118e-01  loss 3.178e-01  v_latent 8.818e-01  latent 7.038e-01  v_kl 3.291e+01  kl 2.019e+01  v_contrastive 1.925e+00  contrastive 5.465e-01  v_t2m/len 1530  v_t2m/R01 16.13%  v_t2m/R02 22.68%  v_t2m/R03 28.88%  v_t2m/R05 35.81%  v_t2m/R10 51.04%  v_t2m/MedR 10.0%  v_m2t/len 1530  v_m2t/R01 16.79%  v_m2t/R02 21.5%  v_m2t/R03 29.79%  v_m2t/R05 37.45%  v_m2t/R10 48.56%  v_m2t/MedR 11.0%
[20/04/26 17:53:58][src.callback.progress][INFO] - Epoch 100 step 19250/192: loss 2.777e-01
[20/04/26 17:54:08][src.callback.progress][INFO] - Epoch 100 step 19300/192: loss 3.081e-01
[20/04/26 17:54:18][src.callback.progress][INFO] - Epoch 100 step 19350/192: loss 3.535e-01
[20/04/26 17:54:29][src.callback.progress][INFO] - Epoch 100: v_recons 3.195e-01  recons 2.621e-01  v_loss 5.115e-01  loss 3.166e-01  v_latent 8.764e-01  latent 7.025e-01  v_kl 3.308e+01  kl 2.015e+01  v_contrastive 1.916e+00  contrastive 5.427e-01  v_t2m/len 1530  v_t2m/R01 17.45%  v_t2m/R02 24.12%  v_t2m/R03 31.95%  v_t2m/R05 39.66%  v_t2m/R10 51.11%  v_t2m/MedR 9.5%  v_m2t/len 1530  v_m2t/R01 18.1%  v_m2t/R02 23.72%  v_m2t/R03 31.62%  v_m2t/R05 37.31%  v_m2t/R10 48.29%  v_m2t/MedR 11.0%
[20/04/26 17:54:36][src.callback.progress][INFO] - Epoch 101 step 19400/192: loss 3.254e-01
[20/04/26 17:54:46][src.callback.progress][INFO] - Epoch 101 step 19450/192: loss 3.351e-01
[20/04/26 17:54:57][src.callback.progress][INFO] - Epoch 101 step 19500/192: loss 3.258e-01
[20/04/26 17:55:07][src.callback.progress][INFO] - Epoch 101 step 19550/192: loss 3.178e-01
[20/04/26 17:55:16][src.callback.progress][INFO] - Epoch 101: v_recons 3.157e-01  recons 2.615e-01  v_loss 5.042e-01  loss 3.154e-01  v_latent 8.755e-01  latent 7.015e-01  v_kl 3.383e+01  kl 2.047e+01  v_contrastive 1.882e+00  contrastive 5.366e-01  v_t2m/len 1530  v_t2m/R01 17.52%  v_t2m/R02 22.8%  v_t2m/R03 30.38%  v_t2m/R05 38.29%  v_t2m/R10 50.91%  v_t2m/MedR 10.0%  v_m2t/len 1530  v_m2t/R01 18.23%  v_m2t/R02 22.87%  v_m2t/R03 30.64%  v_m2t/R05 38.43%  v_m2t/R10 49.15%  v_m2t/MedR 11.0%
[20/04/26 17:55:24][src.callback.progress][INFO] - Epoch 102 step 19600/192: loss 3.107e-01
[20/04/26 17:55:34][src.callback.progress][INFO] - Epoch 102 step 19650/192: loss 2.827e-01
[20/04/26 17:55:44][src.callback.progress][INFO] - Epoch 102 step 19700/192: loss 3.545e-01
[20/04/26 17:55:54][src.callback.progress][INFO] - Epoch 102 step 19750/192: loss 3.112e-01
[20/04/26 17:56:01][src.callback.progress][INFO] - Epoch 102: v_recons 3.166e-01  recons 2.609e-01  v_loss 5.075e-01  loss 3.148e-01  v_latent 8.803e-01  latent 7.007e-01  v_kl 3.336e+01  kl 2.059e+01  v_contrastive 1.906e+00  contrastive 5.366e-01  v_t2m/len 1530  v_t2m/R01 17.78%  v_t2m/R02 23.53%  v_t2m/R03 29.93%  v_t2m/R05 37.11%  v_t2m/R10 50.59%  v_t2m/MedR 10.0%  v_m2t/len 1530  v_m2t/R01 17.52%  v_m2t/R02 21.5%  v_m2t/R03 29.07%  v_m2t/R05 36.08%  v_m2t/R10 48.09%  v_m2t/MedR 11.0%
[20/04/26 17:56:11][src.callback.progress][INFO] - Epoch 103 step 19800/192: loss 3.511e-01
[20/04/26 17:56:21][src.callback.progress][INFO] - Epoch 103 step 19850/192: loss 2.875e-01
[20/04/26 17:56:31][src.callback.progress][INFO] - Epoch 103 step 19900/192: loss 2.982e-01
[20/04/26 17:56:41][src.callback.progress][INFO] - Epoch 103 step 19950/192: loss 3.499e-01
[20/04/26 17:56:47][src.callback.progress][INFO] - Epoch 103: v_recons 3.207e-01  recons 2.599e-01  v_loss 5.128e-01  loss 3.116e-01  v_latent 8.794e-01  latent 6.956e-01  v_kl 3.340e+01  kl 2.037e+01  v_contrastive 1.918e+00  contrastive 5.153e-01  v_t2m/len 1530  v_t2m/R01 18.5%  v_t2m/R02 24.12%  v_t2m/R03 30.71%  v_t2m/R05 38.04%  v_t2m/R10 50.2%  v_t2m/MedR 10.0%  v_m2t/len 1530  v_m2t/R01 17.45%  v_m2t/R02 20.85%  v_m2t/R03 29.21%  v_m2t/R05 36.79%  v_m2t/R10 47.84%  v_m2t/MedR 12.0%
[20/04/26 17:56:58][src.callback.progress][INFO] - Epoch 104 step 20000/192: loss 3.043e-01
[20/04/26 17:57:08][src.callback.progress][INFO] - Epoch 104 step 20050/192: loss 3.258e-01
[20/04/26 17:57:18][src.callback.progress][INFO] - Epoch 104 step 20100/192: loss 3.123e-01
[20/04/26 17:57:28][src.callback.progress][INFO] - Epoch 104 step 20150/192: loss 2.878e-01
[20/04/26 17:57:32][src.callback.progress][INFO] - Epoch 104: v_recons 3.203e-01  recons 2.604e-01  v_loss 5.069e-01  loss 3.133e-01  v_latent 8.730e-01  latent 6.997e-01  v_kl 3.333e+01  kl 2.080e+01  v_contrastive 1.863e+00  contrastive 5.272e-01  v_t2m/len 1530  v_t2m/R01 17.78%  v_t2m/R02 24.12%  v_t2m/R03 31.37%  v_t2m/R05 38.88%  v_t2m/R10 50.97%  v_t2m/MedR 10.0%  v_m2t/len 1530  v_m2t/R01 17.84%  v_m2t/R02 21.82%  v_m2t/R03 29.87%  v_m2t/R05 37.25%  v_m2t/R10 48.81%  v_m2t/MedR 11.0%
[20/04/26 17:57:45][src.callback.progress][INFO] - Epoch 105 step 20200/192: loss 2.845e-01
[20/04/26 17:57:55][src.callback.progress][INFO] - Epoch 105 step 20250/192: loss 2.956e-01
[20/04/26 17:58:05][src.callback.progress][INFO] - Epoch 105 step 20300/192: loss 3.292e-01
[20/04/26 17:58:16][src.callback.progress][INFO] - Epoch 105 step 20350/192: loss 3.003e-01
[20/04/26 17:58:18][src.callback.progress][INFO] - Epoch 105: v_recons 3.185e-01  recons 2.591e-01  v_loss 5.069e-01  loss 3.109e-01  v_latent 8.759e-01  latent 6.964e-01  v_kl 3.397e+01  kl 2.082e+01  v_contrastive 1.881e+00  contrastive 5.153e-01  v_t2m/len 1530  v_t2m/R01 17.52%  v_t2m/R02 22.8%  v_t2m/R03 29.21%  v_t2m/R05 37.45%  v_t2m/R10 51.04%  v_t2m/MedR 10.0%  v_m2t/len 1530  v_m2t/R01 17.05%  v_m2t/R02 21.11%  v_m2t/R03 29.67%  v_m2t/R05 36.34%  v_m2t/R10 48.81%  v_m2t/MedR 11.0%
[20/04/26 17:58:33][src.callback.progress][INFO] - Epoch 106 step 20400/192: loss 3.084e-01
[20/04/26 17:58:43][src.callback.progress][INFO] - Epoch 106 step 20450/192: loss 2.932e-01
[20/04/26 17:58:53][src.callback.progress][INFO] - Epoch 106 step 20500/192: loss 2.979e-01
[20/04/26 17:59:04][src.callback.progress][INFO] - Epoch 106: v_recons 3.189e-01  recons 2.595e-01  v_loss 5.053e-01  loss 3.106e-01  v_latent 8.738e-01  latent 6.973e-01  v_kl 3.401e+01  kl 2.117e+01  v_contrastive 1.861e+00  contrastive 5.094e-01  v_t2m/len 1530  v_t2m/R01 17.96%  v_t2m/R02 24.37%  v_t2m/R03 30.64%  v_t2m/R05 39.74%  v_t2m/R10 52.61%  v_t2m/MedR 9.0%  v_m2t/len 1530  v_m2t/R01 17.57%  v_m2t/R02 21.62%  v_m2t/R03 30.0%  v_m2t/R05 37.7%  v_m2t/R10 50.2%  v_m2t/MedR 10.0%
[20/04/26 17:59:11][src.callback.progress][INFO] - Epoch 107 step 20550/192: loss 3.004e-01
[20/04/26 17:59:21][src.callback.progress][INFO] - Epoch 107 step 20600/192: loss 2.995e-01
[20/04/26 17:59:32][src.callback.progress][INFO] - Epoch 107 step 20650/192: loss 2.812e-01
[20/04/26 17:59:42][src.callback.progress][INFO] - Epoch 107 step 20700/192: loss 3.197e-01
[20/04/26 17:59:51][src.callback.progress][INFO] - Epoch 107: v_recons 3.198e-01  recons 2.580e-01  v_loss 5.096e-01  loss 3.085e-01  v_latent 8.795e-01  latent 6.951e-01  v_kl 3.457e+01  kl 2.110e+01  v_contrastive 1.894e+00  contrastive 5.028e-01  v_t2m/len 1530  v_t2m/R01 16.72%  v_t2m/R02 24.12%  v_t2m/R03 30.26%  v_t2m/R05 38.29%  v_t2m/R10 51.11%  v_t2m/MedR 10.0%  v_m2t/len 1530  v_m2t/R01 17.19%  v_m2t/R02 21.76%  v_m2t/R03 29.47%  v_m2t/R05 36.86%  v_m2t/R10 48.43%  v_m2t/MedR 11.0%
[20/04/26 17:59:59][src.callback.progress][INFO] - Epoch 108 step 20750/192: loss 3.629e-01
[20/04/26 18:00:09][src.callback.progress][INFO] - Epoch 108 step 20800/192: loss 2.878e-01
[20/04/26 18:00:19][src.callback.progress][INFO] - Epoch 108 step 20850/192: loss 3.070e-01
[20/04/26 18:00:29][src.callback.progress][INFO] - Epoch 108 step 20900/192: loss 3.219e-01
[20/04/26 18:00:37][src.callback.progress][INFO] - Epoch 108: v_recons 3.193e-01  recons 2.576e-01  v_loss 5.084e-01  loss 3.076e-01  v_latent 8.754e-01  latent 6.929e-01  v_kl 3.510e+01  kl 2.118e+01  v_contrastive 1.886e+00  contrastive 4.978e-01  v_t2m/len 1530  v_t2m/R01 18.1%  v_t2m/R02 24.57%  v_t2m/R03 31.23%  v_t2m/R05 39.15%  v_t2m/R10 51.63%  v_t2m/MedR 10.0%  v_m2t/len 1530  v_m2t/R01 17.84%  v_m2t/R02 21.62%  v_m2t/R03 30.38%  v_m2t/R05 36.4%  v_m2t/R10 49.34%  v_m2t/MedR 11.0%
[20/04/26 18:00:46][src.callback.progress][INFO] - Epoch 109 step 20950/192: loss 2.911e-01
[20/04/26 18:00:56][src.callback.progress][INFO] - Epoch 109 step 21000/192: loss 3.595e-01
[20/04/26 18:01:07][src.callback.progress][INFO] - Epoch 109 step 21050/192: loss 2.868e-01
[20/04/26 18:01:17][src.callback.progress][INFO] - Epoch 109 step 21100/192: loss 3.254e-01
[20/04/26 18:01:23][src.callback.progress][INFO] - Epoch 109: v_recons 3.164e-01  recons 2.567e-01  v_loss 5.050e-01  loss 3.058e-01  v_latent 8.780e-01  latent 6.915e-01  v_kl 3.531e+01  kl 2.129e+01  v_contrastive 1.883e+00  contrastive 4.888e-01  v_t2m/len 1530  v_t2m/R01 17.7%  v_t2m/R02 24.18%  v_t2m/R03 31.82%  v_t2m/R05 38.81%  v_t2m/R10 51.63%  v_t2m/MedR 10.0%  v_m2t/len 1530  v_m2t/R01 18.37%  v_m2t/R02 22.35%  v_m2t/R03 30.52%  v_m2t/R05 39.15%  v_m2t/R10 49.4%  v_m2t/MedR 11.0%
[20/04/26 18:01:34][src.callback.progress][INFO] - Epoch 110 step 21150/192: loss 3.624e-01
[20/04/26 18:01:44][src.callback.progress][INFO] - Epoch 110 step 21200/192: loss 2.994e-01
[20/04/26 18:01:54][src.callback.progress][INFO] - Epoch 110 step 21250/192: loss 3.173e-01
[20/04/26 18:02:04][src.callback.progress][INFO] - Epoch 110 step 21300/192: loss 3.055e-01
[20/04/26 18:02:09][src.callback.progress][INFO] - Epoch 110: v_recons 3.222e-01  recons 2.553e-01  v_loss 5.136e-01  loss 3.037e-01  v_latent 8.780e-01  latent 6.887e-01  v_kl 3.559e+01  kl 2.135e+01  v_contrastive 1.909e+00  contrastive 4.811e-01  v_t2m/len 1530  v_t2m/R01 17.64%  v_t2m/R02 23.92%  v_t2m/R03 30.52%  v_t2m/R05 38.56%  v_t2m/R10 50.84%  v_t2m/MedR 10.0%  v_m2t/len 1530  v_m2t/R01 18.5%  v_m2t/R02 22.15%  v_m2t/R03 29.28%  v_m2t/R05 37.18%  v_m2t/R10 49.02%  v_m2t/MedR 11.0%
[20/04/26 18:02:21][src.callback.progress][INFO] - Epoch 111 step 21350/192: loss 2.939e-01
[20/04/26 18:02:31][src.callback.progress][INFO] - Epoch 111 step 21400/192: loss 3.067e-01
[20/04/26 18:02:42][src.callback.progress][INFO] - Epoch 111 step 21450/192: loss 3.031e-01
[20/04/26 18:02:52][src.callback.progress][INFO] - Epoch 111 step 21500/192: loss 2.949e-01
[20/04/26 18:02:54][src.callback.progress][INFO] - Epoch 111: v_recons 3.219e-01  recons 2.551e-01  v_loss 5.108e-01  loss 3.032e-01  v_latent 8.816e-01  latent 6.875e-01  v_kl 3.536e+01  kl 2.148e+01  v_contrastive 1.885e+00  contrastive 4.789e-01  v_t2m/len 1530  v_t2m/R01 17.45%  v_t2m/R02 23.59%  v_t2m/R03 31.04%  v_t2m/R05 38.81%  v_t2m/R10 51.5%  v_t2m/MedR 10.0%  v_m2t/len 1530  v_m2t/R01 18.1%  v_m2t/R02 22.29%  v_m2t/R03 29.35%  v_m2t/R05 36.79%  v_m2t/R10 49.54%  v_m2t/MedR 11.0%
[20/04/26 18:03:08][src.callback.progress][INFO] - Epoch 112 step 21550/192: loss 3.030e-01
[20/04/26 18:03:19][src.callback.progress][INFO] - Epoch 112 step 21600/192: loss 3.041e-01
[20/04/26 18:03:29][src.callback.progress][INFO] - Epoch 112 step 21650/192: loss 3.045e-01
[20/04/26 18:03:40][src.callback.progress][INFO] - Epoch 112: v_recons 3.186e-01  recons 2.543e-01  v_loss 5.076e-01  loss 3.018e-01  v_latent 8.810e-01  latent 6.874e-01  v_kl 3.602e+01  kl 2.147e+01  v_contrastive 1.886e+00  contrastive 4.730e-01  v_t2m/len 1530  v_t2m/R01 17.12%  v_t2m/R02 23.92%  v_t2m/R03 31.7%  v_t2m/R05 39.79%  v_t2m/R10 53.13%  v_t2m/MedR 9.0%  v_m2t/len 1530  v_m2t/R01 16.93%  v_m2t/R02 20.52%  v_m2t/R03 29.14%  v_m2t/R05 37.45%  v_m2t/R10 50.06%  v_m2t/MedR 10.0%
[20/04/26 18:03:46][src.callback.progress][INFO] - Epoch 113 step 21700/192: loss 3.388e-01
[20/04/26 18:03:56][src.callback.progress][INFO] - Epoch 113 step 21750/192: loss 3.102e-01
[20/04/26 18:04:06][src.callback.progress][INFO] - Epoch 113 step 21800/192: loss 3.332e-01
[20/04/26 18:04:16][src.callback.progress][INFO] - Epoch 113 step 21850/192: loss 3.312e-01
[20/04/26 18:04:26][src.callback.progress][INFO] - Epoch 113: v_recons 3.191e-01  recons 2.546e-01  v_loss 5.111e-01  loss 3.025e-01  v_latent 8.828e-01  latent 6.884e-01  v_kl 3.632e+01  kl 2.188e+01  v_contrastive 1.916e+00  contrastive 4.762e-01  v_t2m/len 1530  v_t2m/R01 17.78%  v_t2m/R02 23.06%  v_t2m/R03 30.32%  v_t2m/R05 39.08%  v_t2m/R10 53.0%  v_t2m/MedR 9.0%  v_m2t/len 1530  v_m2t/R01 17.9%  v_m2t/R02 22.21%  v_m2t/R03 29.47%  v_m2t/R05 36.86%  v_m2t/R10 49.4%  v_m2t/MedR 11.0%
[20/04/26 18:04:33][src.callback.progress][INFO] - Epoch 114 step 21900/192: loss 2.854e-01
[20/04/26 18:04:43][src.callback.progress][INFO] - Epoch 114 step 21950/192: loss 3.235e-01
[20/04/26 18:04:53][src.callback.progress][INFO] - Epoch 114 step 22000/192: loss 3.172e-01
[20/04/26 18:05:03][src.callback.progress][INFO] - Epoch 114 step 22050/192: loss 3.146e-01
[20/04/26 18:05:11][src.callback.progress][INFO] - Epoch 114: v_recons 3.202e-01  recons 2.529e-01  v_loss 5.158e-01  loss 2.994e-01  v_latent 8.829e-01  latent 6.835e-01  v_kl 3.652e+01  kl 2.165e+01  v_contrastive 1.952e+00  contrastive 4.623e-01  v_t2m/len 1530  v_t2m/R01 18.37%  v_t2m/R02 24.96%  v_t2m/R03 32.22%  v_t2m/R05 39.27%  v_t2m/R10 50.45%  v_t2m/MedR 10.0%  v_m2t/len 1530  v_m2t/R01 18.5%  v_m2t/R02 22.54%  v_m2t/R03 30.78%  v_m2t/R05 38.04%  v_m2t/R10 49.54%  v_m2t/MedR 11.0%
[20/04/26 18:05:21][src.callback.progress][INFO] - Epoch 115 step 22100/192: loss 3.080e-01
[20/04/26 18:05:31][src.callback.progress][INFO] - Epoch 115 step 22150/192: loss 2.905e-01
[20/04/26 18:05:42][src.callback.progress][INFO] - Epoch 115 step 22200/192: loss 3.379e-01
[20/04/26 18:05:52][src.callback.progress][INFO] - Epoch 115 step 22250/192: loss 2.964e-01
[20/04/26 18:05:58][src.callback.progress][INFO] - Epoch 115: v_recons 3.184e-01  recons 2.526e-01  v_loss 5.102e-01  loss 2.997e-01  v_latent 8.850e-01  latent 6.852e-01  v_kl 3.635e+01  kl 2.177e+01  v_contrastive 1.914e+00  contrastive 4.687e-01  v_t2m/len 1530  v_t2m/R01 18.23%  v_t2m/R02 23.45%  v_t2m/R03 29.67%  v_t2m/R05 38.24%  v_t2m/R10 52.02%  v_t2m/MedR 10.0%  v_m2t/len 1530  v_m2t/R01 17.96%  v_m2t/R02 22.03%  v_m2t/R03 29.61%  v_m2t/R05 36.99%  v_m2t/R10 49.79%  v_m2t/MedR 11.0%
[20/04/26 18:06:09][src.callback.progress][INFO] - Epoch 116 step 22300/192: loss 2.575e-01
[20/04/26 18:06:19][src.callback.progress][INFO] - Epoch 116 step 22350/192: loss 2.909e-01
[20/04/26 18:06:29][src.callback.progress][INFO] - Epoch 116 step 22400/192: loss 2.931e-01
[20/04/26 18:06:39][src.callback.progress][INFO] - Epoch 116 step 22450/192: loss 2.693e-01
[20/04/26 18:06:44][src.callback.progress][INFO] - Epoch 116: v_recons 3.227e-01  recons 2.517e-01  v_loss 5.148e-01  loss 2.977e-01  v_latent 8.855e-01  latent 6.828e-01  v_kl 3.696e+01  kl 2.207e+01  v_contrastive 1.917e+00  contrastive 4.576e-01  v_t2m/len 1530  v_t2m/R01 17.96%  v_t2m/R02 24.18%  v_t2m/R03 30.0%  v_t2m/R05 37.58%  v_t2m/R10 52.22%  v_t2m/MedR 9.0%  v_m2t/len 1530  v_m2t/R01 16.98%  v_m2t/R02 21.44%  v_m2t/R03 29.4%  v_m2t/R05 37.45%  v_m2t/R10 48.88%  v_m2t/MedR 11.0%
[20/04/26 18:06:56][src.callback.progress][INFO] - Epoch 117 step 22500/192: loss 3.025e-01
[20/04/26 18:07:06][src.callback.progress][INFO] - Epoch 117 step 22550/192: loss 2.733e-01
[20/04/26 18:07:16][src.callback.progress][INFO] - Epoch 117 step 22600/192: loss 2.846e-01
[20/04/26 18:07:26][src.callback.progress][INFO] - Epoch 117 step 22650/192: loss 2.965e-01
[20/04/26 18:07:29][src.callback.progress][INFO] - Epoch 117: v_recons 3.229e-01  recons 2.525e-01  v_loss 5.174e-01  loss 2.987e-01  v_latent 8.877e-01  latent 6.842e-01  v_kl 3.737e+01  kl 2.259e+01  v_contrastive 1.941e+00  contrastive 4.594e-01  v_t2m/len 1530  v_t2m/R01 19.28%  v_t2m/R02 24.77%  v_t2m/R03 30.71%  v_t2m/R05 39.08%  v_t2m/R10 50.59%  v_t2m/MedR 10.0%  v_m2t/len 1530  v_m2t/R01 18.69%  v_m2t/R02 21.82%  v_m2t/R03 28.81%  v_m2t/R05 36.08%  v_m2t/R10 49.02%  v_m2t/MedR 11.0%
[20/04/26 18:07:44][src.callback.progress][INFO] - Epoch 118 step 22700/192: loss 2.993e-01
[20/04/26 18:07:54][src.callback.progress][INFO] - Epoch 118 step 22750/192: loss 2.880e-01
[20/04/26 18:08:04][src.callback.progress][INFO] - Epoch 118 step 22800/192: loss 2.976e-01
[20/04/26 18:08:16][src.callback.progress][INFO] - Epoch 118: v_recons 3.197e-01  recons 2.512e-01  v_loss 5.130e-01  loss 2.969e-01  v_latent 8.866e-01  latent 6.823e-01  v_kl 3.692e+01  kl 2.226e+01  v_contrastive 1.930e+00  contrastive 4.552e-01  v_t2m/len 1530  v_t2m/R01 17.31%  v_t2m/R02 23.39%  v_t2m/R03 30.26%  v_t2m/R05 38.36%  v_t2m/R10 52.22%  v_t2m/MedR 9.0%  v_m2t/len 1530  v_m2t/R01 18.17%  v_m2t/R02 21.76%  v_m2t/R03 29.93%  v_m2t/R05 37.9%  v_m2t/R10 49.15%  v_m2t/MedR 11.0%
[20/04/26 18:08:21][src.callback.progress][INFO] - Epoch 119 step 22850/192: loss 2.767e-01
[20/04/26 18:08:31][src.callback.progress][INFO] - Epoch 119 step 22900/192: loss 3.267e-01
[20/04/26 18:08:42][src.callback.progress][INFO] - Epoch 119 step 22950/192: loss 3.174e-01
[20/04/26 18:08:52][src.callback.progress][INFO] - Epoch 119 step 23000/192: loss 2.965e-01
[20/04/26 18:09:02][src.callback.progress][INFO] - Epoch 119: v_recons 3.197e-01  recons 2.496e-01  v_loss 5.131e-01  loss 2.943e-01  v_latent 8.890e-01  latent 6.791e-01  v_kl 3.750e+01  kl 2.227e+01  v_contrastive 1.930e+00  contrastive 4.446e-01  v_t2m/len 1530  v_t2m/R01 17.38%  v_t2m/R02 23.86%  v_t2m/R03 30.59%  v_t2m/R05 39.22%  v_t2m/R10 52.54%  v_t2m/MedR 9.0%  v_m2t/len 1530  v_m2t/R01 18.04%  v_m2t/R02 22.09%  v_m2t/R03 30.97%  v_m2t/R05 37.9%  v_m2t/R10 50.52%  v_m2t/MedR 10.0%
[20/04/26 18:09:09][src.callback.progress][INFO] - Epoch 120 step 23050/192: loss 2.994e-01
[20/04/26 18:09:20][src.callback.progress][INFO] - Epoch 120 step 23100/192: loss 2.970e-01
[20/04/26 18:09:30][src.callback.progress][INFO] - Epoch 120 step 23150/192: loss 2.741e-01
[20/04/26 18:09:40][src.callback.progress][INFO] - Epoch 120 step 23200/192: loss 3.068e-01
[20/04/26 18:09:49][src.callback.progress][INFO] - Epoch 120: v_recons 3.198e-01  recons 2.495e-01  v_loss 5.120e-01  loss 2.935e-01  v_latent 8.822e-01  latent 6.784e-01  v_kl 3.789e+01  kl 2.240e+01  v_contrastive 1.918e+00  contrastive 4.372e-01  v_t2m/len 1530  v_t2m/R01 18.04%  v_t2m/R02 23.92%  v_t2m/R03 31.23%  v_t2m/R05 39.79%  v_t2m/R10 53.13%  v_t2m/MedR 9.0%  v_m2t/len 1530  v_m2t/R01 18.1%  v_m2t/R02 21.37%  v_m2t/R03 29.47%  v_m2t/R05 37.58%  v_m2t/R10 49.4%  v_m2t/MedR 11.0%
[20/04/26 18:09:57][src.callback.progress][INFO] - Epoch 121 step 23250/192: loss 2.577e-01
[20/04/26 18:10:07][src.callback.progress][INFO] - Epoch 121 step 23300/192: loss 2.979e-01
[20/04/26 18:10:18][src.callback.progress][INFO] - Epoch 121 step 23350/192: loss 2.999e-01
[20/04/26 18:10:28][src.callback.progress][INFO] - Epoch 121 step 23400/192: loss 2.859e-01
[20/04/26 18:10:34][src.callback.progress][INFO] - Epoch 121: v_recons 3.202e-01  recons 2.482e-01  v_loss 5.130e-01  loss 2.920e-01  v_latent 8.878e-01  latent 6.784e-01  v_kl 3.829e+01  kl 2.254e+01  v_contrastive 1.925e+00  contrastive 4.354e-01  v_t2m/len 1530  v_t2m/R01 19.28%  v_t2m/R02 24.77%  v_t2m/R03 31.76%  v_t2m/R05 38.88%  v_t2m/R10 52.75%  v_t2m/MedR 9.0%  v_m2t/len 1530  v_m2t/R01 18.17%  v_m2t/R02 22.21%  v_m2t/R03 29.73%  v_m2t/R05 37.7%  v_m2t/R10 50.65%  v_m2t/MedR 10.0%
[20/04/26 18:10:44][src.callback.progress][INFO] - Epoch 122 step 23450/192: loss 2.975e-01
[20/04/26 18:10:55][src.callback.progress][INFO] - Epoch 122 step 23500/192: loss 2.852e-01
[20/04/26 18:11:05][src.callback.progress][INFO] - Epoch 122 step 23550/192: loss 2.835e-01
[20/04/26 18:11:15][src.callback.progress][INFO] - Epoch 122 step 23600/192: loss 2.602e-01
[20/04/26 18:11:20][src.callback.progress][INFO] - Epoch 122: v_recons 3.226e-01  recons 2.486e-01  v_loss 5.138e-01  loss 2.918e-01  v_latent 8.903e-01  latent 6.786e-01  v_kl 3.877e+01  kl 2.274e+01  v_contrastive 1.907e+00  contrastive 4.299e-01  v_t2m/len 1530  v_t2m/R01 17.96%  v_t2m/R02 23.79%  v_t2m/R03 30.59%  v_t2m/R05 38.68%  v_t2m/R10 52.68%  v_t2m/MedR 9.0%  v_m2t/len 1530  v_m2t/R01 16.72%  v_m2t/R02 20.52%  v_m2t/R03 28.76%  v_m2t/R05 37.31%  v_m2t/R10 50.06%  v_m2t/MedR 10.0%
[20/04/26 18:11:32][src.callback.progress][INFO] - Epoch 123 step 23650/192: loss 2.868e-01
[20/04/26 18:11:42][src.callback.progress][INFO] - Epoch 123 step 23700/192: loss 2.680e-01
[20/04/26 18:11:53][src.callback.progress][INFO] - Epoch 123 step 23750/192: loss 2.846e-01
[20/04/26 18:12:03][src.callback.progress][INFO] - Epoch 123 step 23800/192: loss 3.181e-01
[20/04/26 18:12:06][src.callback.progress][INFO] - Epoch 123: v_recons 3.220e-01  recons 2.482e-01  v_loss 5.149e-01  loss 2.915e-01  v_latent 8.909e-01  latent 6.780e-01  v_kl 3.919e+01  kl 2.295e+01  v_contrastive 1.925e+00  contrastive 4.303e-01  v_t2m/len 1530  v_t2m/R01 16.93%  v_t2m/R02 22.54%  v_t2m/R03 30.12%  v_t2m/R05 38.56%  v_t2m/R10 52.68%  v_t2m/MedR 9.0%  v_m2t/len 1530  v_m2t/R01 17.57%  v_m2t/R02 21.82%  v_m2t/R03 29.4%  v_m2t/R05 37.06%  v_m2t/R10 49.79%  v_m2t/MedR 11.0%
[20/04/26 18:12:20][src.callback.progress][INFO] - Epoch 124 step 23850/192: loss 2.787e-01
[20/04/26 18:12:30][src.callback.progress][INFO] - Epoch 124 step 23900/192: loss 2.733e-01
[20/04/26 18:12:41][src.callback.progress][INFO] - Epoch 124 step 23950/192: loss 2.878e-01
[20/04/26 18:12:51][src.callback.progress][INFO] - Epoch 124 step 24000/192: loss 2.586e-01
[20/04/26 18:12:53][src.callback.progress][INFO] - Epoch 124: v_recons 3.192e-01  recons 2.472e-01  v_loss 5.135e-01  loss 2.899e-01  v_latent 8.906e-01  latent 6.764e-01  v_kl 3.961e+01  kl 2.307e+01  v_contrastive 1.939e+00  contrastive 4.240e-01  v_t2m/len 1530  v_t2m/R01 18.62%  v_t2m/R02 24.51%  v_t2m/R03 30.38%  v_t2m/R05 38.24%  v_t2m/R10 51.04%  v_t2m/MedR 10.0%  v_m2t/len 1530  v_m2t/R01 17.84%  v_m2t/R02 21.44%  v_m2t/R03 28.62%  v_m2t/R05 36.99%  v_m2t/R10 48.29%  v_m2t/MedR 11.0%
[20/04/26 18:13:08][src.callback.progress][INFO] - Epoch 125 step 24050/192: loss 2.839e-01
[20/04/26 18:13:19][src.callback.progress][INFO] - Epoch 125 step 24100/192: loss 3.005e-01
[20/04/26 18:13:29][src.callback.progress][INFO] - Epoch 125 step 24150/192: loss 2.834e-01
[20/04/26 18:13:39][src.callback.progress][INFO] - Epoch 125: v_recons 3.233e-01  recons 2.467e-01  v_loss 5.181e-01  loss 2.889e-01  v_latent 8.958e-01  latent 6.761e-01  v_kl 3.932e+01  kl 2.308e+01  v_contrastive 1.944e+00  contrastive 4.197e-01  v_t2m/len 1530  v_t2m/R01 18.81%  v_t2m/R02 24.44%  v_t2m/R03 29.93%  v_t2m/R05 38.88%  v_t2m/R10 51.31%  v_t2m/MedR 10.0%  v_m2t/len 1530  v_m2t/R01 17.57%  v_m2t/R02 22.15%  v_m2t/R03 30.78%  v_m2t/R05 37.52%  v_m2t/R10 49.47%  v_m2t/MedR 11.0%
[20/04/26 18:13:46][src.callback.progress][INFO] - Epoch 126 step 24200/192: loss 3.294e-01
[20/04/26 18:13:56][src.callback.progress][INFO] - Epoch 126 step 24250/192: loss 2.939e-01
[20/04/26 18:14:06][src.callback.progress][INFO] - Epoch 126 step 24300/192: loss 2.907e-01
[20/04/26 18:14:17][src.callback.progress][INFO] - Epoch 126 step 24350/192: loss 2.767e-01
[20/04/26 18:14:25][src.callback.progress][INFO] - Epoch 126: v_recons 3.202e-01  recons 2.468e-01  v_loss 5.144e-01  loss 2.889e-01  v_latent 8.940e-01  latent 6.753e-01  v_kl 4.013e+01  kl 2.319e+01  v_contrastive 1.938e+00  contrastive 4.189e-01  v_t2m/len 1530  v_t2m/R01 18.1%  v_t2m/R02 23.2%  v_t2m/R03 28.81%  v_t2m/R05 37.65%  v_t2m/R10 51.7%  v_t2m/MedR 9.5%  v_m2t/len 1530  v_m2t/R01 17.19%  v_m2t/R02 21.56%  v_m2t/R03 30.26%  v_m2t/R05 36.93%  v_m2t/R10 49.4%  v_m2t/MedR 11.0%
[20/04/26 18:14:34][src.callback.progress][INFO] - Epoch 127 step 24400/192: loss 2.983e-01
[20/04/26 18:14:44][src.callback.progress][INFO] - Epoch 127 step 24450/192: loss 2.614e-01
[20/04/26 18:14:54][src.callback.progress][INFO] - Epoch 127 step 24500/192: loss 2.566e-01
[20/04/26 18:15:04][src.callback.progress][INFO] - Epoch 127 step 24550/192: loss 2.873e-01
[20/04/26 18:15:11][src.callback.progress][INFO] - Epoch 127: v_recons 3.236e-01  recons 2.451e-01  v_loss 5.168e-01  loss 2.864e-01  v_latent 8.904e-01  latent 6.722e-01  v_kl 3.978e+01  kl 2.328e+01  v_contrastive 1.929e+00  contrastive 4.109e-01  v_t2m/len 1530  v_t2m/R01 16.67%  v_t2m/R02 21.89%  v_t2m/R03 30.06%  v_t2m/R05 38.56%  v_t2m/R10 52.34%  v_t2m/MedR 9.0%  v_m2t/len 1530  v_m2t/R01 18.37%  v_m2t/R02 21.82%  v_m2t/R03 29.14%  v_m2t/R05 37.7%  v_m2t/R10 50.0%  v_m2t/MedR 10.5%
[20/04/26 18:15:22][src.callback.progress][INFO] - Epoch 128 step 24600/192: loss 2.881e-01
[20/04/26 18:15:32][src.callback.progress][INFO] - Epoch 128 step 24650/192: loss 2.985e-01
[20/04/26 18:15:43][src.callback.progress][INFO] - Epoch 128 step 24700/192: loss 2.934e-01
[20/04/26 18:15:53][src.callback.progress][INFO] - Epoch 128 step 24750/192: loss 2.991e-01
[20/04/26 18:15:59][src.callback.progress][INFO] - Epoch 128: v_recons 3.233e-01  recons 2.450e-01  v_loss 5.160e-01  loss 2.869e-01  v_latent 8.962e-01  latent 6.741e-01  v_kl 4.069e+01  kl 2.344e+01  v_contrastive 1.923e+00  contrastive 4.163e-01  v_t2m/len 1530  v_t2m/R01 17.05%  v_t2m/R02 22.75%  v_t2m/R03 30.59%  v_t2m/R05 38.04%  v_t2m/R10 51.7%  v_t2m/MedR 10.0%  v_m2t/len 1530  v_m2t/R01 18.17%  v_m2t/R02 21.04%  v_m2t/R03 29.47%  v_m2t/R05 36.86%  v_m2t/R10 48.43%  v_m2t/MedR 11.0%
[20/04/26 18:16:11][src.callback.progress][INFO] - Epoch 129 step 24800/192: loss 2.616e-01
[20/04/26 18:16:21][src.callback.progress][INFO] - Epoch 129 step 24850/192: loss 3.301e-01
[20/04/26 18:16:32][src.callback.progress][INFO] - Epoch 129 step 24900/192: loss 2.636e-01
[20/04/26 18:16:42][src.callback.progress][INFO] - Epoch 129 step 24950/192: loss 2.587e-01
[20/04/26 18:16:45][src.callback.progress][INFO] - Epoch 129: v_recons 3.224e-01  recons 2.449e-01  v_loss 5.134e-01  loss 2.860e-01  v_latent 8.905e-01  latent 6.737e-01  v_kl 4.029e+01  kl 2.364e+01  v_contrastive 1.906e+00  contrastive 4.083e-01  v_t2m/len 1530  v_t2m/R01 20.45%  v_t2m/R02 24.84%  v_t2m/R03 30.52%  v_t2m/R05 39.08%  v_t2m/R10 52.88%  v_t2m/MedR 9.0%  v_m2t/len 1530  v_m2t/R01 18.37%  v_m2t/R02 21.76%  v_m2t/R03 30.32%  v_m2t/R05 38.75%  v_m2t/R10 50.59%  v_m2t/MedR 10.0%
[20/04/26 18:16:59][src.callback.progress][INFO] - Epoch 130 step 25000/192: loss 3.103e-01
[20/04/26 18:17:09][src.callback.progress][INFO] - Epoch 130 step 25050/192: loss 2.980e-01
[20/04/26 18:17:19][src.callback.progress][INFO] - Epoch 130 step 25100/192: loss 2.694e-01
[20/04/26 18:17:29][src.callback.progress][INFO] - Epoch 130 step 25150/192: loss 3.036e-01
[20/04/26 18:17:31][src.callback.progress][INFO] - Epoch 130: v_recons 3.215e-01  recons 2.434e-01  v_loss 5.188e-01  loss 2.844e-01  v_latent 8.999e-01  latent 6.708e-01  v_kl 4.138e+01  kl 2.350e+01  v_contrastive 1.969e+00  contrastive 4.067e-01  v_t2m/len 1530  v_t2m/R01 17.05%  v_t2m/R02 23.45%  v_t2m/R03 29.4%  v_t2m/R05 37.58%  v_t2m/R10 51.11%  v_t2m/MedR 10.0%  v_m2t/len 1530  v_m2t/R01 19.07%  v_m2t/R02 22.61%  v_m2t/R03 30.12%  v_m2t/R05 37.77%  v_m2t/R10 48.24%  v_m2t/MedR 11.0%
[20/04/26 18:17:46][src.callback.progress][INFO] - Epoch 131 step 25200/192: loss 2.993e-01
[20/04/26 18:17:56][src.callback.progress][INFO] - Epoch 131 step 25250/192: loss 2.617e-01
[20/04/26 18:18:07][src.callback.progress][INFO] - Epoch 131 step 25300/192: loss 2.785e-01
[20/04/26 18:18:18][src.callback.progress][INFO] - Epoch 131: v_recons 3.227e-01  recons 2.437e-01  v_loss 5.153e-01  loss 2.848e-01  v_latent 8.984e-01  latent 6.741e-01  v_kl 4.132e+01  kl 2.394e+01  v_contrastive 1.922e+00  contrastive 4.082e-01  v_t2m/len 1530  v_t2m/R01 18.17%  v_t2m/R02 24.51%  v_t2m/R03 30.97%  v_t2m/R05 37.7%  v_t2m/R10 51.63%  v_t2m/MedR 9.0%  v_m2t/len 1530  v_m2t/R01 17.84%  v_m2t/R02 21.11%  v_m2t/R03 28.5%  v_m2t/R05 38.43%  v_m2t/R10 50.2%  v_m2t/MedR 10.0%
[20/04/26 18:18:24][src.callback.progress][INFO] - Epoch 132 step 25350/192: loss 2.936e-01
[20/04/26 18:18:34][src.callback.progress][INFO] - Epoch 132 step 25400/192: loss 2.667e-01
[20/04/26 18:18:45][src.callback.progress][INFO] - Epoch 132 step 25450/192: loss 2.748e-01
[20/04/26 18:18:55][src.callback.progress][INFO] - Epoch 132 step 25500/192: loss 2.662e-01
[20/04/26 18:19:04][src.callback.progress][INFO] - Epoch 132: v_recons 3.240e-01  recons 2.427e-01  v_loss 5.180e-01  loss 2.827e-01  v_latent 8.961e-01  latent 6.713e-01  v_kl 4.075e+01  kl 2.388e+01  v_contrastive 1.936e+00  contrastive 3.983e-01  v_t2m/len 1530  v_t2m/R01 17.25%  v_t2m/R02 22.94%  v_t2m/R03 29.67%  v_t2m/R05 37.84%  v_t2m/R10 51.5%  v_t2m/MedR 10.0%  v_m2t/len 1530  v_m2t/R01 18.69%  v_m2t/R02 21.95%  v_m2t/R03 30.2%  v_m2t/R05 38.09%  v_m2t/R10 49.86%  v_m2t/MedR 11.0%
[20/04/26 18:19:12][src.callback.progress][INFO] - Epoch 133 step 25550/192: loss 2.917e-01
[20/04/26 18:19:22][src.callback.progress][INFO] - Epoch 133 step 25600/192: loss 2.927e-01
[20/04/26 18:19:32][src.callback.progress][INFO] - Epoch 133 step 25650/192: loss 2.868e-01
[20/04/26 18:19:43][src.callback.progress][INFO] - Epoch 133 step 25700/192: loss 3.009e-01
[20/04/26 18:19:50][src.callback.progress][INFO] - Epoch 133: v_recons 3.203e-01  recons 2.426e-01  v_loss 5.163e-01  loss 2.824e-01  v_latent 8.979e-01  latent 6.695e-01  v_kl 4.234e+01  kl 2.387e+01  v_contrastive 1.956e+00  contrastive 3.961e-01  v_t2m/len 1530  v_t2m/R01 17.25%  v_t2m/R02 23.72%  v_t2m/R03 29.93%  v_t2m/R05 39.08%  v_t2m/R10 50.52%  v_t2m/MedR 10.0%  v_m2t/len 1530  v_m2t/R01 19.28%  v_m2t/R02 22.09%  v_m2t/R03 30.06%  v_m2t/R05 38.16%  v_m2t/R10 49.74%  v_m2t/MedR 11.0%
[20/04/26 18:19:59][src.callback.progress][INFO] - Epoch 134 step 25750/192: loss 2.641e-01
[20/04/26 18:20:10][src.callback.progress][INFO] - Epoch 134 step 25800/192: loss 2.833e-01
[20/04/26 18:20:20][src.callback.progress][INFO] - Epoch 134 step 25850/192: loss 3.157e-01
[20/04/26 18:20:30][src.callback.progress][INFO] - Epoch 134 step 25900/192: loss 2.891e-01
[20/04/26 18:20:36][src.callback.progress][INFO] - Epoch 134: v_recons 3.231e-01  recons 2.415e-01  v_loss 5.166e-01  loss 2.811e-01  v_latent 8.956e-01  latent 6.688e-01  v_kl 4.186e+01  kl 2.401e+01  v_contrastive 1.931e+00  contrastive 3.941e-01  v_t2m/len 1530  v_t2m/R01 19.35%  v_t2m/R02 24.89%  v_t2m/R03 31.04%  v_t2m/R05 38.81%  v_t2m/R10 51.63%  v_t2m/MedR 10.0%  v_m2t/len 1530  v_m2t/R01 18.04%  v_m2t/R02 22.09%  v_m2t/R03 30.12%  v_m2t/R05 37.97%  v_m2t/R10 49.93%  v_m2t/MedR 11.0%
[20/04/26 18:20:47][src.callback.progress][INFO] - Epoch 135 step 25950/192: loss 2.560e-01
[20/04/26 18:20:57][src.callback.progress][INFO] - Epoch 135 step 26000/192: loss 2.817e-01
[20/04/26 18:21:07][src.callback.progress][INFO] - Epoch 135 step 26050/192: loss 3.066e-01
[20/04/26 18:21:18][src.callback.progress][INFO] - Epoch 135 step 26100/192: loss 2.788e-01
[20/04/26 18:21:22][src.callback.progress][INFO] - Epoch 135: v_recons 3.227e-01  recons 2.409e-01  v_loss 5.162e-01  loss 2.806e-01  v_latent 8.947e-01  latent 6.701e-01  v_kl 4.199e+01  kl 2.425e+01  v_contrastive 1.930e+00  contrastive 3.946e-01  v_t2m/len 1530  v_t2m/R01 18.17%  v_t2m/R02 24.44%  v_t2m/R03 31.04%  v_t2m/R05 38.75%  v_t2m/R10 51.95%  v_t2m/MedR 10.0%  v_m2t/len 1530  v_m2t/R01 18.1%  v_m2t/R02 21.95%  v_m2t/R03 29.87%  v_m2t/R05 37.52%  v_m2t/R10 50.25%  v_m2t/MedR 10.0%
[20/04/26 18:21:35][src.callback.progress][INFO] - Epoch 136 step 26150/192: loss 2.954e-01
[20/04/26 18:21:45][src.callback.progress][INFO] - Epoch 136 step 26200/192: loss 2.739e-01
[20/04/26 18:21:55][src.callback.progress][INFO] - Epoch 136 step 26250/192: loss 2.522e-01
[20/04/26 18:22:05][src.callback.progress][INFO] - Epoch 136 step 26300/192: loss 3.176e-01
[20/04/26 18:22:08][src.callback.progress][INFO] - Epoch 136: v_recons 3.236e-01  recons 2.406e-01  v_loss 5.184e-01  loss 2.804e-01  v_latent 9.013e-01  latent 6.714e-01  v_kl 4.373e+01  kl 2.450e+01  v_contrastive 1.944e+00  contrastive 3.947e-01  v_t2m/len 1530  v_t2m/R01 17.84%  v_t2m/R02 24.37%  v_t2m/R03 30.26%  v_t2m/R05 37.84%  v_t2m/R10 51.5%  v_t2m/MedR 10.0%  v_m2t/len 1530  v_m2t/R01 18.1%  v_m2t/R02 21.56%  v_m2t/R03 28.76%  v_m2t/R05 37.84%  v_m2t/R10 50.77%  v_m2t/MedR 10.0%
[20/04/26 18:22:23][src.callback.progress][INFO] - Epoch 137 step 26350/192: loss 2.714e-01
[20/04/26 18:22:33][src.callback.progress][INFO] - Epoch 137 step 26400/192: loss 2.667e-01
[20/04/26 18:22:43][src.callback.progress][INFO] - Epoch 137 step 26450/192: loss 2.904e-01
[20/04/26 18:22:54][src.callback.progress][INFO] - Epoch 137: v_recons 3.197e-01  recons 2.397e-01  v_loss 5.151e-01  loss 2.791e-01  v_latent 9.071e-01  latent 6.699e-01  v_kl 4.375e+01  kl 2.464e+01  v_contrastive 1.950e+00  contrastive 3.915e-01  v_t2m/len 1530  v_t2m/R01 16.98%  v_t2m/R02 23.39%  v_t2m/R03 29.73%  v_t2m/R05 37.45%  v_t2m/R10 49.66%  v_t2m/MedR 11.0%  v_m2t/len 1530  v_m2t/R01 18.69%  v_m2t/R02 21.62%  v_m2t/R03 29.28%  v_m2t/R05 36.72%  v_m2t/R10 49.66%  v_m2t/MedR 11.0%
[20/04/26 18:23:00][src.callback.progress][INFO] - Epoch 138 step 26500/192: loss 2.694e-01
[20/04/26 18:23:10][src.callback.progress][INFO] - Epoch 138 step 26550/192: loss 2.592e-01
[20/04/26 18:23:21][src.callback.progress][INFO] - Epoch 138 step 26600/192: loss 2.814e-01
[20/04/26 18:23:31][src.callback.progress][INFO] - Epoch 138 step 26650/192: loss 2.850e-01
[20/04/26 18:23:41][src.callback.progress][INFO] - Epoch 138: v_recons 3.260e-01  recons 2.391e-01  v_loss 5.194e-01  loss 2.780e-01  v_latent 9.053e-01  latent 6.700e-01  v_kl 4.313e+01  kl 2.477e+01  v_contrastive 1.930e+00  contrastive 3.865e-01  v_t2m/len 1530  v_t2m/R01 17.64%  v_t2m/R02 23.2%  v_t2m/R03 29.87%  v_t2m/R05 36.93%  v_t2m/R10 50.65%  v_t2m/MedR 10.0%  v_m2t/len 1530  v_m2t/R01 18.76%  v_m2t/R02 21.76%  v_m2t/R03 29.21%  v_m2t/R05 37.52%  v_m2t/R10 49.34%  v_m2t/MedR 11.0%
[20/04/26 18:23:48][src.callback.progress][INFO] - Epoch 139 step 26700/192: loss 2.820e-01
[20/04/26 18:23:59][src.callback.progress][INFO] - Epoch 139 step 26750/192: loss 2.666e-01
[20/04/26 18:24:09][src.callback.progress][INFO] - Epoch 139 step 26800/192: loss 2.527e-01
[20/04/26 18:24:19][src.callback.progress][INFO] - Epoch 139 step 26850/192: loss 2.834e-01
[20/04/26 18:24:27][src.callback.progress][INFO] - Epoch 139: v_recons 3.232e-01  recons 2.388e-01  v_loss 5.158e-01  loss 2.769e-01  v_latent 9.040e-01  latent 6.669e-01  v_kl 4.372e+01  kl 2.459e+01  v_contrastive 1.922e+00  contrastive 3.785e-01  v_t2m/len 1530  v_t2m/R01 16.98%  v_t2m/R02 23.59%  v_t2m/R03 29.87%  v_t2m/R05 37.38%  v_t2m/R10 50.72%  v_t2m/MedR 10.0%  v_m2t/len 1530  v_m2t/R01 17.45%  v_m2t/R02 21.5%  v_m2t/R03 29.47%  v_m2t/R05 37.38%  v_m2t/R10 49.4%  v_m2t/MedR 11.0%
[20/04/26 18:24:36][src.callback.progress][INFO] - Epoch 140 step 26900/192: loss 2.484e-01
[20/04/26 18:24:46][src.callback.progress][INFO] - Epoch 140 step 26950/192: loss 2.908e-01
[20/04/26 18:24:56][src.callback.progress][INFO] - Epoch 140 step 27000/192: loss 2.855e-01
[20/04/26 18:25:07][src.callback.progress][INFO] - Epoch 140 step 27050/192: loss 2.526e-01
[20/04/26 18:25:13][src.callback.progress][INFO] - Epoch 140: v_recons 3.273e-01  recons 2.376e-01  v_loss 5.238e-01  loss 2.752e-01  v_latent 9.091e-01  latent 6.669e-01  v_kl 4.322e+01  kl 2.460e+01  v_contrastive 1.960e+00  contrastive 3.739e-01  v_t2m/len 1530  v_t2m/R01 16.72%  v_t2m/R02 21.37%  v_t2m/R03 27.84%  v_t2m/R05 36.72%  v_t2m/R10 50.38%  v_t2m/MedR 10.0%  v_m2t/len 1530  v_m2t/R01 16.86%  v_m2t/R02 20.52%  v_m2t/R03 29.21%  v_m2t/R05 36.86%  v_m2t/R10 48.81%  v_m2t/MedR 11.0%
[20/04/26 18:25:24][src.callback.progress][INFO] - Epoch 141 step 27100/192: loss 2.874e-01
[20/04/26 18:25:34][src.callback.progress][INFO] - Epoch 141 step 27150/192: loss 2.957e-01
[20/04/26 18:25:44][src.callback.progress][INFO] - Epoch 141 step 27200/192: loss 2.999e-01
[20/04/26 18:25:54][src.callback.progress][INFO] - Epoch 141 step 27250/192: loss 2.909e-01
[20/04/26 18:25:59][src.callback.progress][INFO] - Epoch 141: v_recons 3.244e-01  recons 2.379e-01  v_loss 5.216e-01  loss 2.753e-01  v_latent 9.112e-01  latent 6.656e-01  v_kl 4.418e+01  kl 2.455e+01  v_contrastive 1.967e+00  contrastive 3.715e-01  v_t2m/len 1530  v_t2m/R01 17.45%  v_t2m/R02 23.2%  v_t2m/R03 28.88%  v_t2m/R05 36.54%  v_t2m/R10 49.34%  v_t2m/MedR 11.0%  v_m2t/len 1530  v_m2t/R01 17.84%  v_m2t/R02 21.11%  v_m2t/R03 29.28%  v_m2t/R05 36.59%  v_m2t/R10 49.02%  v_m2t/MedR 11.0%
[20/04/26 18:26:12][src.callback.progress][INFO] - Epoch 142 step 27300/192: loss 2.603e-01
[20/04/26 18:26:22][src.callback.progress][INFO] - Epoch 142 step 27350/192: loss 2.550e-01
[20/04/26 18:26:32][src.callback.progress][INFO] - Epoch 142 step 27400/192: loss 2.843e-01
[20/04/26 18:26:42][src.callback.progress][INFO] - Epoch 142 step 27450/192: loss 2.683e-01
[20/04/26 18:26:45][src.callback.progress][INFO] - Epoch 142: v_recons 3.253e-01  recons 2.378e-01  v_loss 5.220e-01  loss 2.748e-01  v_latent 9.058e-01  latent 6.664e-01  v_kl 4.445e+01  kl 2.494e+01  v_contrastive 1.962e+00  contrastive 3.675e-01  v_t2m/len 1530  v_t2m/R01 16.27%  v_t2m/R02 22.15%  v_t2m/R03 29.87%  v_t2m/R05 38.04%  v_t2m/R10 50.77%  v_t2m/MedR 10.0%  v_m2t/len 1530  v_m2t/R01 16.67%  v_m2t/R02 20.71%  v_m2t/R03 29.61%  v_m2t/R05 36.59%  v_m2t/R10 49.54%  v_m2t/MedR 11.0%
[20/04/26 18:27:00][src.callback.progress][INFO] - Epoch 143 step 27500/192: loss 3.082e-01
[20/04/26 18:27:10][src.callback.progress][INFO] - Epoch 143 step 27550/192: loss 2.848e-01
[20/04/26 18:27:20][src.callback.progress][INFO] - Epoch 143 step 27600/192: loss 2.618e-01
[20/04/26 18:27:31][src.callback.progress][INFO] - Epoch 143: v_recons 3.240e-01  recons 2.361e-01  v_loss 5.230e-01  loss 2.729e-01  v_latent 9.095e-01  latent 6.648e-01  v_kl 4.423e+01  kl 2.494e+01  v_contrastive 1.985e+00  contrastive 3.649e-01  v_t2m/len 1530  v_t2m/R01 16.98%  v_t2m/R02 23.2%  v_t2m/R03 30.2%  v_t2m/R05 38.5%  v_t2m/R10 49.79%  v_t2m/MedR 11.0%  v_m2t/len 1530  v_m2t/R01 17.25%  v_m2t/R02 20.2%  v_m2t/R03 28.69%  v_m2t/R05 36.34%  v_m2t/R10 48.95%  v_m2t/MedR 11.0%
[20/04/26 18:27:37][src.callback.progress][INFO] - Epoch 144 step 27650/192: loss 2.885e-01
[20/04/26 18:27:47][src.callback.progress][INFO] - Epoch 144 step 27700/192: loss 2.507e-01
[20/04/26 18:27:58][src.callback.progress][INFO] - Epoch 144 step 27750/192: loss 2.778e-01
[20/04/26 18:28:08][src.callback.progress][INFO] - Epoch 144 step 27800/192: loss 2.547e-01
[20/04/26 18:28:18][src.callback.progress][INFO] - Epoch 144: v_recons 3.206e-01  recons 2.363e-01  v_loss 5.182e-01  loss 2.731e-01  v_latent 9.134e-01  latent 6.668e-01  v_kl 4.431e+01  kl 2.502e+01  v_contrastive 1.971e+00  contrastive 3.655e-01  v_t2m/len 1530  v_t2m/R01 17.78%  v_t2m/R02 22.68%  v_t2m/R03 29.07%  v_t2m/R05 37.11%  v_t2m/R10 50.84%  v_t2m/MedR 10.0%  v_m2t/len 1530  v_m2t/R01 17.31%  v_m2t/R02 21.04%  v_m2t/R03 28.62%  v_m2t/R05 37.06%  v_m2t/R10 49.22%  v_m2t/MedR 11.0%
[20/04/26 18:28:26][src.callback.progress][INFO] - Epoch 145 step 27850/192: loss 2.939e-01
[20/04/26 18:28:36][src.callback.progress][INFO] - Epoch 145 step 27900/192: loss 2.689e-01
[20/04/26 18:28:46][src.callback.progress][INFO] - Epoch 145 step 27950/192: loss 2.320e-01
[20/04/26 18:28:56][src.callback.progress][INFO] - Epoch 145 step 28000/192: loss 2.567e-01
[20/04/26 18:29:05][src.callback.progress][INFO] - Epoch 145: v_recons 3.237e-01  recons 2.361e-01  v_loss 5.187e-01  loss 2.733e-01  v_latent 9.102e-01  latent 6.688e-01  v_kl 4.452e+01  kl 2.534e+01  v_contrastive 1.945e+00  contrastive 3.700e-01  v_t2m/len 1530  v_t2m/R01 19.14%  v_t2m/R02 24.12%  v_t2m/R03 29.54%  v_t2m/R05 36.54%  v_t2m/R10 52.75%  v_t2m/MedR 9.0%  v_m2t/len 1530  v_m2t/R01 17.12%  v_m2t/R02 20.92%  v_m2t/R03 28.29%  v_m2t/R05 36.13%  v_m2t/R10 49.61%  v_m2t/MedR 11.0%
[20/04/26 18:29:14][src.callback.progress][INFO] - Epoch 146 step 28050/192: loss 2.724e-01
[20/04/26 18:29:24][src.callback.progress][INFO] - Epoch 146 step 28100/192: loss 2.434e-01
[20/04/26 18:29:34][src.callback.progress][INFO] - Epoch 146 step 28150/192: loss 3.087e-01
[20/04/26 18:29:44][src.callback.progress][INFO] - Epoch 146 step 28200/192: loss 2.447e-01
[20/04/26 18:29:51][src.callback.progress][INFO] - Epoch 146: v_recons 3.218e-01  recons 2.359e-01  v_loss 5.142e-01  loss 2.729e-01  v_latent 9.086e-01  latent 6.665e-01  v_kl 4.458e+01  kl 2.534e+01  v_contrastive 1.919e+00  contrastive 3.679e-01  v_t2m/len 1530  v_t2m/R01 15.35%  v_t2m/R02 21.95%  v_t2m/R03 30.12%  v_t2m/R05 38.29%  v_t2m/R10 52.61%  v_t2m/MedR 9.0%  v_m2t/len 1530  v_m2t/R01 17.9%  v_m2t/R02 21.18%  v_m2t/R03 28.5%  v_m2t/R05 36.54%  v_m2t/R10 48.75%  v_m2t/MedR 11.0%
[20/04/26 18:30:01][src.callback.progress][INFO] - Epoch 147 step 28250/192: loss 2.861e-01
[20/04/26 18:30:11][src.callback.progress][INFO] - Epoch 147 step 28300/192: loss 3.029e-01
[20/04/26 18:30:22][src.callback.progress][INFO] - Epoch 147 step 28350/192: loss 2.489e-01
[20/04/26 18:30:32][src.callback.progress][INFO] - Epoch 147 step 28400/192: loss 2.478e-01
[20/04/26 18:30:37][src.callback.progress][INFO] - Epoch 147: v_recons 3.217e-01  recons 2.344e-01  v_loss 5.189e-01  loss 2.701e-01  v_latent 9.120e-01  latent 6.636e-01  v_kl 4.548e+01  kl 2.556e+01  v_contrastive 1.967e+00  contrastive 3.545e-01  v_t2m/len 1530  v_t2m/R01 17.12%  v_t2m/R02 21.95%  v_t2m/R03 29.87%  v_t2m/R05 38.09%  v_t2m/R10 52.09%  v_t2m/MedR 10.0%  v_m2t/len 1530  v_m2t/R01 17.19%  v_m2t/R02 20.0%  v_m2t/R03 28.43%  v_m2t/R05 36.93%  v_m2t/R10 48.81%  v_m2t/MedR 11.0%
[20/04/26 18:30:49][src.callback.progress][INFO] - Epoch 148 step 28450/192: loss 2.597e-01
[20/04/26 18:30:59][src.callback.progress][INFO] - Epoch 148 step 28500/192: loss 2.423e-01
[20/04/26 18:31:09][src.callback.progress][INFO] - Epoch 148 step 28550/192: loss 2.479e-01
[20/04/26 18:31:19][src.callback.progress][INFO] - Epoch 148 step 28600/192: loss 2.741e-01
[20/04/26 18:31:23][src.callback.progress][INFO] - Epoch 148: v_recons 3.229e-01  recons 2.339e-01  v_loss 5.195e-01  loss 2.695e-01  v_latent 9.151e-01  latent 6.642e-01  v_kl 4.535e+01  kl 2.543e+01  v_contrastive 1.961e+00  contrastive 3.532e-01  v_t2m/len 1530  v_t2m/R01 17.19%  v_t2m/R02 22.42%  v_t2m/R03 29.4%  v_t2m/R05 38.43%  v_t2m/R10 50.06%  v_t2m/MedR 10.0%  v_m2t/len 1530  v_m2t/R01 18.23%  v_m2t/R02 20.85%  v_m2t/R03 28.76%  v_m2t/R05 36.86%  v_m2t/R10 49.47%  v_m2t/MedR 11.0%
[20/04/26 18:31:37][src.callback.progress][INFO] - Epoch 149 step 28650/192: loss 2.815e-01
[20/04/26 18:31:47][src.callback.progress][INFO] - Epoch 149 step 28700/192: loss 2.501e-01
[20/04/26 18:31:57][src.callback.progress][INFO] - Epoch 149 step 28750/192: loss 2.769e-01
[20/04/26 18:32:07][src.callback.progress][INFO] - Epoch 149 step 28800/192: loss 2.653e-01
[20/04/26 18:32:09][src.callback.progress][INFO] - Epoch 149: v_recons 3.273e-01  recons 2.332e-01  v_loss 5.261e-01  loss 2.687e-01  v_latent 9.162e-01  latent 6.642e-01  v_kl 4.594e+01  kl 2.570e+01  v_contrastive 1.984e+00  contrastive 3.514e-01  v_t2m/len 1530  v_t2m/R01 17.05%  v_t2m/R02 21.5%  v_t2m/R03 27.9%  v_t2m/R05 36.59%  v_t2m/R10 50.91%  v_t2m/MedR 10.0%  v_m2t/len 1530  v_m2t/R01 17.84%  v_m2t/R02 20.92%  v_m2t/R03 28.43%  v_m2t/R05 35.22%  v_m2t/R10 47.7%  v_m2t/MedR 11.0%
[20/04/26 18:32:24][src.callback.progress][INFO] - Epoch 150 step 28850/192: loss 2.696e-01
[20/04/26 18:32:35][src.callback.progress][INFO] - Epoch 150 step 28900/192: loss 2.616e-01
[20/04/26 18:32:45][src.callback.progress][INFO] - Epoch 150 step 28950/192: loss 2.629e-01
[20/04/26 18:32:55][src.callback.progress][INFO] - Epoch 150: v_recons 3.227e-01  recons 2.327e-01  v_loss 5.173e-01  loss 2.679e-01  v_latent 9.153e-01  latent 6.645e-01  v_kl 4.646e+01  kl 2.599e+01  v_contrastive 1.941e+00  contrastive 3.491e-01  v_t2m/len 1530  v_t2m/R01 18.04%  v_t2m/R02 22.8%  v_t2m/R03 29.61%  v_t2m/R05 36.86%  v_t2m/R10 50.59%  v_t2m/MedR 10.0%  v_m2t/len 1530  v_m2t/R01 18.29%  v_m2t/R02 21.23%  v_m2t/R03 29.79%  v_m2t/R05 36.47%  v_m2t/R10 49.66%  v_m2t/MedR 11.0%
[20/04/26 18:33:02][src.callback.progress][INFO] - Epoch 151 step 29000/192: loss 2.793e-01
[20/04/26 18:33:13][src.callback.progress][INFO] - Epoch 151 step 29050/192: loss 2.476e-01
[20/04/26 18:33:23][src.callback.progress][INFO] - Epoch 151 step 29100/192: loss 2.541e-01
[20/04/26 18:33:33][src.callback.progress][INFO] - Epoch 151 step 29150/192: loss 2.698e-01
[20/04/26 18:33:42][src.callback.progress][INFO] - Epoch 151: v_recons 3.226e-01  recons 2.327e-01  v_loss 5.177e-01  loss 2.678e-01  v_latent 9.157e-01  latent 6.647e-01  v_kl 4.620e+01  kl 2.585e+01  v_contrastive 1.946e+00  contrastive 3.479e-01  v_t2m/len 1530  v_t2m/R01 16.2%  v_t2m/R02 20.59%  v_t2m/R03 27.78%  v_t2m/R05 38.09%  v_t2m/R10 52.22%  v_t2m/MedR 9.0%  v_m2t/len 1530  v_m2t/R01 17.25%  v_m2t/R02 21.11%  v_m2t/R03 28.76%  v_m2t/R05 36.93%  v_m2t/R10 48.68%  v_m2t/MedR 11.0%
[20/04/26 18:33:50][src.callback.progress][INFO] - Epoch 152 step 29200/192: loss 2.736e-01
[20/04/26 18:34:00][src.callback.progress][INFO] - Epoch 152 step 29250/192: loss 2.719e-01
[20/04/26 18:34:10][src.callback.progress][INFO] - Epoch 152 step 29300/192: loss 2.999e-01
[20/04/26 18:34:20][src.callback.progress][INFO] - Epoch 152 step 29350/192: loss 2.414e-01
[20/04/26 18:34:27][src.callback.progress][INFO] - Epoch 152: v_recons 3.218e-01  recons 2.319e-01  v_loss 5.199e-01  loss 2.666e-01  v_latent 9.206e-01  latent 6.620e-01  v_kl 4.645e+01  kl 2.587e+01  v_contrastive 1.976e+00  contrastive 3.443e-01  v_t2m/len 1530  v_t2m/R01 16.67%  v_t2m/R02 21.82%  v_t2m/R03 29.14%  v_t2m/R05 37.25%  v_t2m/R10 51.24%  v_t2m/MedR 9.0%  v_m2t/len 1530  v_m2t/R01 17.57%  v_m2t/R02 20.97%  v_m2t/R03 28.76%  v_m2t/R05 37.18%  v_m2t/R10 48.16%  v_m2t/MedR 11.5%
[20/04/26 18:34:37][src.callback.progress][INFO] - Epoch 153 step 29400/192: loss 2.904e-01
[20/04/26 18:34:48][src.callback.progress][INFO] - Epoch 153 step 29450/192: loss 2.737e-01
[20/04/26 18:34:58][src.callback.progress][INFO] - Epoch 153 step 29500/192: loss 2.875e-01
[20/04/26 18:35:08][src.callback.progress][INFO] - Epoch 153 step 29550/192: loss 2.781e-01
[20/04/26 18:35:13][src.callback.progress][INFO] - Epoch 153: v_recons 3.242e-01  recons 2.315e-01  v_loss 5.221e-01  loss 2.662e-01  v_latent 9.210e-01  latent 6.631e-01  v_kl 4.753e+01  kl 2.608e+01  v_contrastive 1.975e+00  contrastive 3.444e-01  v_t2m/len 1530  v_t2m/R01 17.78%  v_t2m/R02 22.47%  v_t2m/R03 28.88%  v_t2m/R05 37.45%  v_t2m/R10 51.56%  v_t2m/MedR 10.0%  v_m2t/len 1530  v_m2t/R01 17.45%  v_m2t/R02 20.52%  v_m2t/R03 28.1%  v_m2t/R05 36.08%  v_m2t/R10 48.68%  v_m2t/MedR 11.0%
[20/04/26 18:35:25][src.callback.progress][INFO] - Epoch 154 step 29600/192: loss 2.383e-01
[20/04/26 18:35:35][src.callback.progress][INFO] - Epoch 154 step 29650/192: loss 2.693e-01
[20/04/26 18:35:45][src.callback.progress][INFO] - Epoch 154 step 29700/192: loss 2.843e-01
[20/04/26 18:35:55][src.callback.progress][INFO] - Epoch 154 step 29750/192: loss 2.830e-01
[20/04/26 18:35:59][src.callback.progress][INFO] - Epoch 154: v_recons 3.232e-01  recons 2.307e-01  v_loss 5.197e-01  loss 2.653e-01  v_latent 9.176e-01  latent 6.649e-01  v_kl 4.679e+01  kl 2.635e+01  v_contrastive 1.960e+00  contrastive 3.432e-01  v_t2m/len 1530  v_t2m/R01 16.2%  v_t2m/R02 22.15%  v_t2m/R03 28.76%  v_t2m/R05 36.47%  v_t2m/R10 50.97%  v_t2m/MedR 10.0%  v_m2t/len 1530  v_m2t/R01 18.69%  v_m2t/R02 21.7%  v_m2t/R03 28.62%  v_m2t/R05 36.93%  v_m2t/R10 49.66%  v_m2t/MedR 11.0%
[20/04/26 18:36:12][src.callback.progress][INFO] - Epoch 155 step 29800/192: loss 2.441e-01
[20/04/26 18:36:23][src.callback.progress][INFO] - Epoch 155 step 29850/192: loss 2.722e-01
[20/04/26 18:36:33][src.callback.progress][INFO] - Epoch 155 step 29900/192: loss 2.639e-01
[20/04/26 18:36:43][src.callback.progress][INFO] - Epoch 155 step 29950/192: loss 2.714e-01
[20/04/26 18:36:45][src.callback.progress][INFO] - Epoch 155: v_recons 3.246e-01  recons 2.299e-01  v_loss 5.239e-01  loss 2.636e-01  v_latent 9.248e-01  latent 6.614e-01  v_kl 4.822e+01  kl 2.622e+01  v_contrastive 1.988e+00  contrastive 3.347e-01  v_t2m/len 1530  v_t2m/R01 17.12%  v_t2m/R02 22.21%  v_t2m/R03 28.81%  v_t2m/R05 37.84%  v_t2m/R10 50.59%  v_t2m/MedR 10.0%  v_m2t/len 1530  v_m2t/R01 17.7%  v_m2t/R02 20.85%  v_m2t/R03 28.04%  v_m2t/R05 37.11%  v_m2t/R10 48.81%  v_m2t/MedR 11.0%
[20/04/26 18:37:00][src.callback.progress][INFO] - Epoch 156 step 30000/192: loss 2.754e-01
[20/04/26 18:37:10][src.callback.progress][INFO] - Epoch 156 step 30050/192: loss 2.599e-01
[20/04/26 18:37:20][src.callback.progress][INFO] - Epoch 156 step 30100/192: loss 2.723e-01
[20/04/26 18:37:31][src.callback.progress][INFO] - Epoch 156: v_recons 3.233e-01  recons 2.300e-01  v_loss 5.203e-01  loss 2.642e-01  v_latent 9.247e-01  latent 6.651e-01  v_kl 4.688e+01  kl 2.653e+01  v_contrastive 1.966e+00  contrastive 3.386e-01  v_t2m/len 1530  v_t2m/R01 16.54%  v_t2m/R02 20.97%  v_t2m/R03 27.12%  v_t2m/R05 34.63%  v_t2m/R10 49.02%  v_t2m/MedR 11.0%  v_m2t/len 1530  v_m2t/R01 17.31%  v_m2t/R02 20.2%  v_m2t/R03 28.04%  v_m2t/R05 35.29%  v_m2t/R10 48.5%  v_m2t/MedR 11.0%
[20/04/26 18:37:37][src.callback.progress][INFO] - Epoch 157 step 30150/192: loss 2.173e-01
[20/04/26 18:37:47][src.callback.progress][INFO] - Epoch 157 step 30200/192: loss 2.541e-01
[20/04/26 18:37:57][src.callback.progress][INFO] - Epoch 157 step 30250/192: loss 2.726e-01
[20/04/26 18:38:07][src.callback.progress][INFO] - Epoch 157 step 30300/192: loss 2.730e-01
[20/04/26 18:38:16][src.callback.progress][INFO] - Epoch 157: v_recons 3.240e-01  recons 2.297e-01  v_loss 5.182e-01  loss 2.639e-01  v_latent 9.230e-01  latent 6.635e-01  v_kl 4.639e+01  kl 2.638e+01  v_contrastive 1.937e+00  contrastive 3.393e-01  v_t2m/len 1530  v_t2m/R01 17.64%  v_t2m/R02 22.54%  v_t2m/R03 29.35%  v_t2m/R05 37.31%  v_t2m/R10 50.2%  v_t2m/MedR 10.0%  v_m2t/len 1530  v_m2t/R01 18.43%  v_m2t/R02 20.59%  v_m2t/R03 28.81%  v_m2t/R05 36.0%  v_m2t/R10 48.16%  v_m2t/MedR 11.0%
[20/04/26 18:38:24][src.callback.progress][INFO] - Epoch 158 step 30350/192: loss 2.886e-01
[20/04/26 18:38:34][src.callback.progress][INFO] - Epoch 158 step 30400/192: loss 2.897e-01
[20/04/26 18:38:44][src.callback.progress][INFO] - Epoch 158 step 30450/192: loss 2.794e-01
[20/04/26 18:38:55][src.callback.progress][INFO] - Epoch 158 step 30500/192: loss 2.731e-01
[20/04/26 18:39:02][src.callback.progress][INFO] - Epoch 158: v_recons 3.226e-01  recons 2.301e-01  v_loss 5.209e-01  loss 2.646e-01  v_latent 9.254e-01  latent 6.670e-01  v_kl 4.776e+01  kl 2.664e+01  v_contrastive 1.978e+00  contrastive 3.423e-01  v_t2m/len 1530  v_t2m/R01 16.79%  v_t2m/R02 22.54%  v_t2m/R03 29.67%  v_t2m/R05 36.54%  v_t2m/R10 50.77%  v_t2m/MedR 10.0%  v_m2t/len 1530  v_m2t/R01 18.04%  v_m2t/R02 21.11%  v_m2t/R03 28.88%  v_m2t/R05 36.47%  v_m2t/R10 48.56%  v_m2t/MedR 11.0%
[20/04/26 18:39:11][src.callback.progress][INFO] - Epoch 159 step 30550/192: loss 2.583e-01
[20/04/26 18:39:22][src.callback.progress][INFO] - Epoch 159 step 30600/192: loss 2.638e-01
[20/04/26 18:39:32][src.callback.progress][INFO] - Epoch 159 step 30650/192: loss 2.740e-01
[20/04/26 18:39:42][src.callback.progress][INFO] - Epoch 159 step 30700/192: loss 2.978e-01
[20/04/26 18:39:48][src.callback.progress][INFO] - Epoch 159: v_recons 3.195e-01  recons 2.294e-01  v_loss 5.160e-01  loss 2.641e-01  v_latent 9.239e-01  latent 6.672e-01  v_kl 4.808e+01  kl 2.691e+01  v_contrastive 1.960e+00  contrastive 3.443e-01  v_t2m/len 1530  v_t2m/R01 18.29%  v_t2m/R02 23.86%  v_t2m/R03 29.61%  v_t2m/R05 37.25%  v_t2m/R10 50.25%  v_t2m/MedR 10.0%  v_m2t/len 1530  v_m2t/R01 18.5%  v_m2t/R02 21.37%  v_m2t/R03 28.5%  v_m2t/R05 36.13%  v_m2t/R10 49.27%  v_m2t/MedR 11.0%
[20/04/26 18:39:59][src.callback.progress][INFO] - Epoch 160 step 30750/192: loss 2.710e-01
[20/04/26 18:40:09][src.callback.progress][INFO] - Epoch 160 step 30800/192: loss 2.583e-01
[20/04/26 18:40:19][src.callback.progress][INFO] - Epoch 160 step 30850/192: loss 2.521e-01
[20/04/26 18:40:29][src.callback.progress][INFO] - Epoch 160 step 30900/192: loss 2.970e-01
[20/04/26 18:40:33][src.callback.progress][INFO] - Epoch 160: v_recons 3.227e-01  recons 2.276e-01  v_loss 5.198e-01  loss 2.607e-01  v_latent 9.237e-01  latent 6.609e-01  v_kl 4.752e+01  kl 2.646e+01  v_contrastive 1.966e+00  contrastive 3.281e-01  v_t2m/len 1530  v_t2m/R01 17.19%  v_t2m/R02 22.35%  v_t2m/R03 30.0%  v_t2m/R05 36.93%  v_t2m/R10 50.0%  v_t2m/MedR 10.5%  v_m2t/len 1530  v_m2t/R01 19.02%  v_m2t/R02 22.68%  v_m2t/R03 29.21%  v_m2t/R05 37.18%  v_m2t/R10 49.27%  v_m2t/MedR 11.0%
[20/04/26 18:40:46][src.callback.progress][INFO] - Epoch 161 step 30950/192: loss 2.306e-01
[20/04/26 18:40:56][src.callback.progress][INFO] - Epoch 161 step 31000/192: loss 2.772e-01
[20/04/26 18:41:06][src.callback.progress][INFO] - Epoch 161 step 31050/192: loss 2.705e-01
[20/04/26 18:41:16][src.callback.progress][INFO] - Epoch 161 step 31100/192: loss 2.602e-01
[20/04/26 18:41:19][src.callback.progress][INFO] - Epoch 161: v_recons 3.224e-01  recons 2.283e-01  v_loss 5.188e-01  loss 2.620e-01  v_latent 9.257e-01  latent 6.637e-01  v_kl 4.775e+01  kl 2.673e+01  v_contrastive 1.959e+00  contrastive 3.343e-01  v_t2m/len 1530  v_t2m/R01 17.25%  v_t2m/R02 22.42%  v_t2m/R03 29.79%  v_t2m/R05 37.84%  v_t2m/R10 52.68%  v_t2m/MedR 10.0%  v_m2t/len 1530  v_m2t/R01 17.78%  v_m2t/R02 21.23%  v_m2t/R03 28.43%  v_m2t/R05 36.86%  v_m2t/R10 49.34%  v_m2t/MedR 11.0%
[20/04/26 18:41:33][src.callback.progress][INFO] - Epoch 162 step 31150/192: loss 2.561e-01
[20/04/26 18:41:43][src.callback.progress][INFO] - Epoch 162 step 31200/192: loss 2.489e-01
[20/04/26 18:41:53][src.callback.progress][INFO] - Epoch 162 step 31250/192: loss 2.761e-01
[20/04/26 18:42:05][src.callback.progress][INFO] - Epoch 162: v_recons 3.246e-01  recons 2.272e-01  v_loss 5.243e-01  loss 2.604e-01  v_latent 9.346e-01  latent 6.628e-01  v_kl 4.947e+01  kl 2.695e+01  v_contrastive 1.992e+00  contrastive 3.296e-01  v_t2m/len 1530  v_t2m/R01 17.7%  v_t2m/R02 23.32%  v_t2m/R03 29.47%  v_t2m/R05 37.25%  v_t2m/R10 49.4%  v_t2m/MedR 11.0%  v_m2t/len 1530  v_m2t/R01 17.84%  v_m2t/R02 21.3%  v_m2t/R03 28.43%  v_m2t/R05 35.68%  v_m2t/R10 49.08%  v_m2t/MedR 11.0%
[20/04/26 18:42:10][src.callback.progress][INFO] - Epoch 163 step 31300/192: loss 2.399e-01
[20/04/26 18:42:21][src.callback.progress][INFO] - Epoch 163 step 31350/192: loss 2.656e-01
[20/04/26 18:42:31][src.callback.progress][INFO] - Epoch 163 step 31400/192: loss 2.717e-01
[20/04/26 18:42:41][src.callback.progress][INFO] - Epoch 163 step 31450/192: loss 2.546e-01
[20/04/26 18:42:51][src.callback.progress][INFO] - Epoch 163: v_recons 3.256e-01  recons 2.266e-01  v_loss 5.240e-01  loss 2.596e-01  v_latent 9.285e-01  latent 6.637e-01  v_kl 4.910e+01  kl 2.705e+01  v_contrastive 1.980e+00  contrastive 3.277e-01  v_t2m/len 1530  v_t2m/R01 17.12%  v_t2m/R02 23.72%  v_t2m/R03 30.26%  v_t2m/R05 37.65%  v_t2m/R10 50.0%  v_t2m/MedR 10.5%  v_m2t/len 1530  v_m2t/R01 17.05%  v_m2t/R02 19.73%  v_m2t/R03 27.52%  v_m2t/R05 36.27%  v_m2t/R10 49.47%  v_m2t/MedR 11.0%
[20/04/26 18:42:58][src.callback.progress][INFO] - Epoch 164 step 31500/192: loss 2.620e-01
[20/04/26 18:43:08][src.callback.progress][INFO] - Epoch 164 step 31550/192: loss 2.527e-01
[20/04/26 18:43:18][src.callback.progress][INFO] - Epoch 164 step 31600/192: loss 2.470e-01
[20/04/26 18:43:28][src.callback.progress][INFO] - Epoch 164 step 31650/192: loss 2.716e-01
[20/04/26 18:43:36][src.callback.progress][INFO] - Epoch 164: v_recons 3.252e-01  recons 2.271e-01  v_loss 5.241e-01  loss 2.599e-01  v_latent 9.348e-01  latent 6.639e-01  v_kl 4.909e+01  kl 2.716e+01  v_contrastive 1.984e+00  contrastive 3.252e-01  v_t2m/len 1530  v_t2m/R01 16.46%  v_t2m/R02 20.78%  v_t2m/R03 28.81%  v_t2m/R05 36.66%  v_t2m/R10 50.84%  v_t2m/MedR 10.0%  v_m2t/len 1530  v_m2t/R01 17.12%  v_m2t/R02 19.87%  v_m2t/R03 28.55%  v_m2t/R05 36.27%  v_m2t/R10 49.15%  v_m2t/MedR 11.0%
[20/04/26 18:43:45][src.callback.progress][INFO] - Epoch 165 step 31700/192: loss 2.737e-01
[20/04/26 18:43:55][src.callback.progress][INFO] - Epoch 165 step 31750/192: loss 2.740e-01
[20/04/26 18:44:05][src.callback.progress][INFO] - Epoch 165 step 31800/192: loss 2.504e-01
[20/04/26 18:44:16][src.callback.progress][INFO] - Epoch 165 step 31850/192: loss 2.535e-01
[20/04/26 18:44:22][src.callback.progress][INFO] - Epoch 165: v_recons 3.291e-01  recons 2.255e-01  v_loss 5.303e-01  loss 2.575e-01  v_latent 9.413e-01  latent 6.608e-01  v_kl 4.982e+01  kl 2.715e+01  v_contrastive 2.007e+00  contrastive 3.174e-01  v_t2m/len 1530  v_t2m/R01 16.98%  v_t2m/R02 21.82%  v_t2m/R03 29.4%  v_t2m/R05 36.59%  v_t2m/R10 49.79%  v_t2m/MedR 11.0%  v_m2t/len 1530  v_m2t/R01 17.31%  v_m2t/R02 20.78%  v_m2t/R03 28.81%  v_m2t/R05 36.59%  v_m2t/R10 48.5%  v_m2t/MedR 11.0%
[20/04/26 18:44:33][src.callback.progress][INFO] - Epoch 166 step 31900/192: loss 2.508e-01
[20/04/26 18:44:43][src.callback.progress][INFO] - Epoch 166 step 31950/192: loss 2.502e-01
[20/04/26 18:44:53][src.callback.progress][INFO] - Epoch 166 step 32000/192: loss 2.474e-01
[20/04/26 18:45:03][src.callback.progress][INFO] - Epoch 166 step 32050/192: loss 2.838e-01
[20/04/26 18:45:08][src.callback.progress][INFO] - Epoch 166: v_recons 3.263e-01  recons 2.261e-01  v_loss 5.247e-01  loss 2.585e-01  v_latent 9.316e-01  latent 6.648e-01  v_kl 4.934e+01  kl 2.743e+01  v_contrastive 1.979e+00  contrastive 3.210e-01  v_t2m/len 1530  v_t2m/R01 16.79%  v_t2m/R02 22.15%  v_t2m/R03 29.07%  v_t2m/R05 37.11%  v_t2m/R10 51.11%  v_t2m/MedR 10.0%  v_m2t/len 1530  v_m2t/R01 17.78%  v_m2t/R02 21.3%  v_m2t/R03 29.4%  v_m2t/R05 38.36%  v_m2t/R10 49.4%  v_m2t/MedR 11.0%
[20/04/26 18:45:20][src.callback.progress][INFO] - Epoch 167 step 32100/192: loss 2.972e-01
[20/04/26 18:45:31][src.callback.progress][INFO] - Epoch 167 step 32150/192: loss 2.962e-01
[20/04/26 18:45:41][src.callback.progress][INFO] - Epoch 167 step 32200/192: loss 2.395e-01
[20/04/26 18:45:51][src.callback.progress][INFO] - Epoch 167 step 32250/192: loss 2.461e-01
[20/04/26 18:45:54][src.callback.progress][INFO] - Epoch 167: v_recons 3.267e-01  recons 2.246e-01  v_loss 5.276e-01  loss 2.570e-01  v_latent 9.412e-01  latent 6.642e-01  v_kl 5.109e+01  kl 2.746e+01  v_contrastive 2.004e+00  contrastive 3.210e-01  v_t2m/len 1530  v_t2m/R01 17.12%  v_t2m/R02 23.06%  v_t2m/R03 30.0%  v_t2m/R05 37.65%  v_t2m/R10 51.5%  v_t2m/MedR 10.0%  v_m2t/len 1530  v_m2t/R01 16.79%  v_m2t/R02 19.93%  v_m2t/R03 29.93%  v_m2t/R05 36.54%  v_m2t/R10 48.04%  v_m2t/MedR 11.0%
[20/04/26 18:46:08][src.callback.progress][INFO] - Epoch 168 step 32300/192: loss 2.456e-01
[20/04/26 18:46:18][src.callback.progress][INFO] - Epoch 168 step 32350/192: loss 2.722e-01
[20/04/26 18:46:29][src.callback.progress][INFO] - Epoch 168 step 32400/192: loss 2.689e-01
[20/04/26 18:46:40][src.callback.progress][INFO] - Epoch 168: v_recons 3.232e-01  recons 2.249e-01  v_loss 5.217e-01  loss 2.565e-01  v_latent 9.348e-01  latent 6.610e-01  v_kl 5.040e+01  kl 2.739e+01  v_contrastive 1.980e+00  contrastive 3.140e-01  v_t2m/len 1530  v_t2m/R01 18.37%  v_t2m/R02 23.53%  v_t2m/R03 29.4%  v_t2m/R05 37.06%  v_t2m/R10 50.72%  v_t2m/MedR 10.0%  v_m2t/len 1530  v_m2t/R01 18.04%  v_m2t/R02 20.97%  v_m2t/R03 28.62%  v_m2t/R05 36.13%  v_m2t/R10 49.15%  v_m2t/MedR 11.0%
[20/04/26 18:46:45][src.callback.progress][INFO] - Epoch 169 step 32450/192: loss 2.465e-01
[20/04/26 18:46:56][src.callback.progress][INFO] - Epoch 169 step 32500/192: loss 2.826e-01
[20/04/26 18:47:06][src.callback.progress][INFO] - Epoch 169 step 32550/192: loss 2.377e-01
[20/04/26 18:47:16][src.callback.progress][INFO] - Epoch 169 step 32600/192: loss 2.535e-01
[20/04/26 18:47:26][src.callback.progress][INFO] - Epoch 169: v_recons 3.225e-01  recons 2.234e-01  v_loss 5.185e-01  loss 2.546e-01  v_latent 9.370e-01  latent 6.606e-01  v_kl 5.016e+01  kl 2.746e+01  v_contrastive 1.955e+00  contrastive 3.085e-01  v_t2m/len 1530  v_t2m/R01 16.93%  v_t2m/R02 22.68%  v_t2m/R03 29.47%  v_t2m/R05 36.86%  v_t2m/R10 51.24%  v_t2m/MedR 10.0%  v_m2t/len 1530  v_m2t/R01 16.98%  v_m2t/R02 20.32%  v_m2t/R03 29.79%  v_m2t/R05 37.18%  v_m2t/R10 50.13%  v_m2t/MedR 10.0%
[20/04/26 18:47:33][src.callback.progress][INFO] - Epoch 170 step 32650/192: loss 2.540e-01
[20/04/26 18:47:43][src.callback.progress][INFO] - Epoch 170 step 32700/192: loss 2.541e-01
[20/04/26 18:47:54][src.callback.progress][INFO] - Epoch 170 step 32750/192: loss 2.652e-01
[20/04/26 18:48:04][src.callback.progress][INFO] - Epoch 170 step 32800/192: loss 2.406e-01
[20/04/26 18:48:12][src.callback.progress][INFO] - Epoch 170: v_recons 3.262e-01  recons 2.237e-01  v_loss 5.273e-01  loss 2.552e-01  v_latent 9.409e-01  latent 6.611e-01  v_kl 5.077e+01  kl 2.751e+01  v_contrastive 2.006e+00  contrastive 3.114e-01  v_t2m/len 1530  v_t2m/R01 17.45%  v_t2m/R02 22.42%  v_t2m/R03 29.14%  v_t2m/R05 36.72%  v_t2m/R10 50.13%  v_t2m/MedR 10.0%  v_m2t/len 1530  v_m2t/R01 18.04%  v_m2t/R02 22.15%  v_m2t/R03 29.61%  v_m2t/R05 37.38%  v_m2t/R10 49.47%  v_m2t/MedR 11.0%
[20/04/26 18:48:21][src.callback.progress][INFO] - Epoch 171 step 32850/192: loss 2.667e-01
[20/04/26 18:48:31][src.callback.progress][INFO] - Epoch 171 step 32900/192: loss 2.756e-01
[20/04/26 18:48:41][src.callback.progress][INFO] - Epoch 171 step 32950/192: loss 2.268e-01
[20/04/26 18:48:51][src.callback.progress][INFO] - Epoch 171 step 33000/192: loss 2.491e-01
[20/04/26 18:48:58][src.callback.progress][INFO] - Epoch 171: v_recons 3.279e-01  recons 2.231e-01  v_loss 5.279e-01  loss 2.549e-01  v_latent 9.429e-01  latent 6.621e-01  v_kl 5.068e+01  kl 2.763e+01  v_contrastive 1.995e+00  contrastive 3.148e-01  v_t2m/len 1530  v_t2m/R01 16.6%  v_t2m/R02 21.89%  v_t2m/R03 28.55%  v_t2m/R05 37.38%  v_t2m/R10 50.25%  v_t2m/MedR 10.0%  v_m2t/len 1530  v_m2t/R01 17.96%  v_m2t/R02 20.97%  v_m2t/R03 29.47%  v_m2t/R05 36.72%  v_m2t/R10 47.52%  v_m2t/MedR 12.0%
[20/04/26 18:49:08][src.callback.progress][INFO] - Epoch 172 step 33050/192: loss 2.618e-01
[20/04/26 18:49:18][src.callback.progress][INFO] - Epoch 172 step 33100/192: loss 2.500e-01
[20/04/26 18:49:28][src.callback.progress][INFO] - Epoch 172 step 33150/192: loss 2.573e-01
[20/04/26 18:49:38][src.callback.progress][INFO] - Epoch 172 step 33200/192: loss 2.577e-01
[20/04/26 18:49:43][src.callback.progress][INFO] - Epoch 172: v_recons 3.257e-01  recons 2.223e-01  v_loss 5.242e-01  loss 2.532e-01  v_latent 9.411e-01  latent 6.606e-01  v_kl 5.078e+01  kl 2.760e+01  v_contrastive 1.979e+00  contrastive 3.059e-01  v_t2m/len 1530  v_t2m/R01 16.34%  v_t2m/R02 23.2%  v_t2m/R03 30.85%  v_t2m/R05 38.16%  v_t2m/R10 51.56%  v_t2m/MedR 10.0%  v_m2t/len 1530  v_m2t/R01 18.29%  v_m2t/R02 21.95%  v_m2t/R03 29.87%  v_m2t/R05 36.99%  v_m2t/R10 48.81%  v_m2t/MedR 11.0%
[20/04/26 18:49:55][src.callback.progress][INFO] - Epoch 173 step 33250/192: loss 2.387e-01
[20/04/26 18:50:06][src.callback.progress][INFO] - Epoch 173 step 33300/192: loss 2.517e-01
[20/04/26 18:50:16][src.callback.progress][INFO] - Epoch 173 step 33350/192: loss 2.415e-01
[20/04/26 18:50:26][src.callback.progress][INFO] - Epoch 173 step 33400/192: loss 2.689e-01
[20/04/26 18:50:30][src.callback.progress][INFO] - Epoch 173: v_recons 3.238e-01  recons 2.224e-01  v_loss 5.245e-01  loss 2.537e-01  v_latent 9.438e-01  latent 6.638e-01  v_kl 5.090e+01  kl 2.809e+01  v_contrastive 2.002e+00  contrastive 3.099e-01  v_t2m/len 1530  v_t2m/R01 16.98%  v_t2m/R02 22.03%  v_t2m/R03 29.14%  v_t2m/R05 37.52%  v_t2m/R10 48.88%  v_t2m/MedR 11.0%  v_m2t/len 1530  v_m2t/R01 17.96%  v_m2t/R02 21.37%  v_m2t/R03 28.55%  v_m2t/R05 36.93%  v_m2t/R10 48.24%  v_m2t/MedR 11.0%
[20/04/26 18:50:43][src.callback.progress][INFO] - Epoch 174 step 33450/192: loss 2.633e-01
[20/04/26 18:50:54][src.callback.progress][INFO] - Epoch 174 step 33500/192: loss 2.729e-01
[20/04/26 18:51:04][src.callback.progress][INFO] - Epoch 174 step 33550/192: loss 2.749e-01
[20/04/26 18:51:14][src.callback.progress][INFO] - Epoch 174 step 33600/192: loss 2.585e-01
[20/04/26 18:51:16][src.callback.progress][INFO] - Epoch 174: v_recons 3.281e-01  recons 2.217e-01  v_loss 5.270e-01  loss 2.526e-01  v_latent 9.456e-01  latent 6.614e-01  v_kl 5.127e+01  kl 2.787e+01  v_contrastive 1.983e+00  contrastive 3.061e-01  v_t2m/len 1530  v_t2m/R01 16.72%  v_t2m/R02 23.92%  v_t2m/R03 29.35%  v_t2m/R05 37.11%  v_t2m/R10 50.77%  v_t2m/MedR 10.0%  v_m2t/len 1530  v_m2t/R01 17.96%  v_m2t/R02 20.85%  v_m2t/R03 27.9%  v_m2t/R05 35.61%  v_m2t/R10 48.43%  v_m2t/MedR 11.0%
[20/04/26 18:51:31][src.callback.progress][INFO] - Epoch 175 step 33650/192: loss 2.283e-01
[20/04/26 18:51:41][src.callback.progress][INFO] - Epoch 175 step 33700/192: loss 2.664e-01
[20/04/26 18:51:51][src.callback.progress][INFO] - Epoch 175 step 33750/192: loss 2.438e-01
[20/04/26 18:52:01][src.callback.progress][INFO] - Epoch 175: v_recons 3.236e-01  recons 2.210e-01  v_loss 5.219e-01  loss 2.516e-01  v_latent 9.429e-01  latent 6.604e-01  v_kl 5.113e+01  kl 2.805e+01  v_contrastive 1.979e+00  contrastive 3.030e-01  v_t2m/len 1530  v_t2m/R01 16.13%  v_t2m/R02 22.15%  v_t2m/R03 29.54%  v_t2m/R05 38.36%  v_t2m/R10 51.56%  v_t2m/MedR 9.0%  v_m2t/len 1530  v_m2t/R01 17.57%  v_m2t/R02 21.23%  v_m2t/R03 29.02%  v_m2t/R05 37.65%  v_m2t/R10 47.9%  v_m2t/MedR 11.0%
[20/04/26 18:52:08][src.callback.progress][INFO] - Epoch 176 step 33800/192: loss 2.675e-01
[20/04/26 18:52:18][src.callback.progress][INFO] - Epoch 176 step 33850/192: loss 2.446e-01
[20/04/26 18:52:29][src.callback.progress][INFO] - Epoch 176 step 33900/192: loss 2.792e-01
[20/04/26 18:52:39][src.callback.progress][INFO] - Epoch 176 step 33950/192: loss 2.400e-01
[20/04/26 18:52:47][src.callback.progress][INFO] - Epoch 176: v_recons 3.267e-01  recons 2.208e-01  v_loss 5.219e-01  loss 2.510e-01  v_latent 9.406e-01  latent 6.602e-01  v_kl 5.075e+01  kl 2.779e+01  v_contrastive 1.947e+00  contrastive 2.993e-01  v_t2m/len 1530  v_t2m/R01 17.45%  v_t2m/R02 23.92%  v_t2m/R03 30.52%  v_t2m/R05 38.56%  v_t2m/R10 50.2%  v_t2m/MedR 10.0%  v_m2t/len 1530  v_m2t/R01 18.62%  v_m2t/R02 22.21%  v_m2t/R03 29.61%  v_m2t/R05 36.54%  v_m2t/R10 49.27%  v_m2t/MedR 11.0%
[20/04/26 18:52:56][src.callback.progress][INFO] - Epoch 177 step 34000/192: loss 2.339e-01
[20/04/26 18:53:06][src.callback.progress][INFO] - Epoch 177 step 34050/192: loss 2.436e-01
[20/04/26 18:53:16][src.callback.progress][INFO] - Epoch 177 step 34100/192: loss 2.716e-01
[20/04/26 18:53:26][src.callback.progress][INFO] - Epoch 177 step 34150/192: loss 2.396e-01
[20/04/26 18:53:33][src.callback.progress][INFO] - Epoch 177: v_recons 3.251e-01  recons 2.201e-01  v_loss 5.215e-01  loss 2.503e-01  v_latent 9.461e-01  latent 6.612e-01  v_kl 5.230e+01  kl 2.821e+01  v_contrastive 1.959e+00  contrastive 2.990e-01  v_t2m/len 1530  v_t2m/R01 17.45%  v_t2m/R02 22.29%  v_t2m/R03 29.73%  v_t2m/R05 38.68%  v_t2m/R10 51.83%  v_t2m/MedR 9.0%  v_m2t/len 1530  v_m2t/R01 17.52%  v_m2t/R02 21.04%  v_m2t/R03 29.87%  v_m2t/R05 36.79%  v_m2t/R10 49.15%  v_m2t/MedR 11.0%
[20/04/26 18:53:43][src.callback.progress][INFO] - Epoch 178 step 34200/192: loss 2.452e-01
[20/04/26 18:53:54][src.callback.progress][INFO] - Epoch 178 step 34250/192: loss 2.423e-01
[20/04/26 18:54:04][src.callback.progress][INFO] - Epoch 178 step 34300/192: loss 2.453e-01
[20/04/26 18:54:14][src.callback.progress][INFO] - Epoch 178 step 34350/192: loss 2.583e-01
[20/04/26 18:54:19][src.callback.progress][INFO] - Epoch 178: v_recons 3.256e-01  recons 2.200e-01  v_loss 5.267e-01  loss 2.502e-01  v_latent 9.484e-01  latent 6.619e-01  v_kl 5.232e+01  kl 2.814e+01  v_contrastive 2.006e+00  contrastive 2.989e-01  v_t2m/len 1530  v_t2m/R01 16.13%  v_t2m/R02 21.89%  v_t2m/R03 28.88%  v_t2m/R05 37.7%  v_t2m/R10 51.5%  v_t2m/MedR 10.0%  v_m2t/len 1530  v_m2t/R01 18.1%  v_m2t/R02 20.59%  v_m2t/R03 29.54%  v_m2t/R05 37.18%  v_m2t/R10 48.81%  v_m2t/MedR 11.0%
[20/04/26 18:54:31][src.callback.progress][INFO] - Epoch 179 step 34400/192: loss 2.167e-01
[20/04/26 18:54:41][src.callback.progress][INFO] - Epoch 179 step 34450/192: loss 2.628e-01
[20/04/26 18:54:52][src.callback.progress][INFO] - Epoch 179 step 34500/192: loss 2.508e-01
[20/04/26 18:55:02][src.callback.progress][INFO] - Epoch 179 step 34550/192: loss 2.530e-01
[20/04/26 18:55:06][src.callback.progress][INFO] - Epoch 179: v_recons 3.248e-01  recons 2.195e-01  v_loss 5.237e-01  loss 2.496e-01  v_latent 9.581e-01  latent 6.622e-01  v_kl 5.295e+01  kl 2.835e+01  v_contrastive 1.983e+00  contrastive 2.983e-01  v_t2m/len 1530  v_t2m/R01 16.6%  v_t2m/R02 22.87%  v_t2m/R03 30.38%  v_t2m/R05 37.84%  v_t2m/R10 51.11%  v_t2m/MedR 10.0%  v_m2t/len 1530  v_m2t/R01 16.98%  v_m2t/R02 20.45%  v_m2t/R03 29.21%  v_m2t/R05 37.45%  v_m2t/R10 48.75%  v_m2t/MedR 11.0%
[20/04/26 18:55:19][src.callback.progress][INFO] - Epoch 180 step 34600/192: loss 2.353e-01
[20/04/26 18:55:29][src.callback.progress][INFO] - Epoch 180 step 34650/192: loss 2.317e-01
[20/04/26 18:55:39][src.callback.progress][INFO] - Epoch 180 step 34700/192: loss 2.403e-01
[20/04/26 18:55:49][src.callback.progress][INFO] - Epoch 180 step 34750/192: loss 2.567e-01
[20/04/26 18:55:52][src.callback.progress][INFO] - Epoch 180: v_recons 3.261e-01  recons 2.194e-01  v_loss 5.282e-01  loss 2.491e-01  v_latent 9.576e-01  latent 6.631e-01  v_kl 5.308e+01  kl 2.841e+01  v_contrastive 2.016e+00  contrastive 2.945e-01  v_t2m/len 1530  v_t2m/R01 17.52%  v_t2m/R02 23.13%  v_t2m/R03 31.18%  v_t2m/R05 38.24%  v_t2m/R10 51.04%  v_t2m/MedR 10.0%  v_m2t/len 1530  v_m2t/R01 18.37%  v_m2t/R02 21.18%  v_m2t/R03 28.88%  v_m2t/R05 36.66%  v_m2t/R10 48.43%  v_m2t/MedR 11.0%
[20/04/26 18:56:07][src.callback.progress][INFO] - Epoch 181 step 34800/192: loss 2.279e-01
[20/04/26 18:56:17][src.callback.progress][INFO] - Epoch 181 step 34850/192: loss 2.402e-01
[20/04/26 18:56:27][src.callback.progress][INFO] - Epoch 181 step 34900/192: loss 2.503e-01
[20/04/26 18:56:38][src.callback.progress][INFO] - Epoch 181: v_recons 3.291e-01  recons 2.195e-01  v_loss 5.285e-01  loss 2.491e-01  v_latent 9.538e-01  latent 6.627e-01  v_kl 5.313e+01  kl 2.851e+01  v_contrastive 1.989e+00  contrastive 2.926e-01  v_t2m/len 1530  v_t2m/R01 16.54%  v_t2m/R02 22.03%  v_t2m/R03 29.73%  v_t2m/R05 37.9%  v_t2m/R10 50.84%  v_t2m/MedR 9.5%  v_m2t/len 1530  v_m2t/R01 17.7%  v_m2t/R02 20.71%  v_m2t/R03 28.23%  v_m2t/R05 35.95%  v_m2t/R10 48.63%  v_m2t/MedR 11.0%
[20/04/26 18:56:47][src.callback.progress][INFO] - Epoch 182 step 34950/192: loss 2.367e-01
[20/04/26 18:56:57][src.callback.progress][INFO] - Epoch 182 step 35000/192: loss 2.420e-01
[20/04/26 18:57:07][src.callback.progress][INFO] - Epoch 182 step 35050/192: loss 2.330e-01
[20/04/26 18:57:17][src.callback.progress][INFO] - Epoch 182 step 35100/192: loss 2.316e-01
[20/04/26 18:57:27][src.callback.progress][INFO] - Epoch 182: v_recons 3.238e-01  recons 2.190e-01  v_loss 5.235e-01  loss 2.486e-01  v_latent 9.497e-01  latent 6.625e-01  v_kl 5.321e+01  kl 2.869e+01  v_contrastive 1.992e+00  contrastive 2.932e-01  v_t2m/len 1530  v_t2m/R01 18.17%  v_t2m/R02 23.27%  v_t2m/R03 30.0%  v_t2m/R05 38.24%  v_t2m/R10 51.31%  v_t2m/MedR 10.0%  v_m2t/len 1530  v_m2t/R01 18.43%  v_m2t/R02 22.15%  v_m2t/R03 30.32%  v_m2t/R05 37.7%  v_m2t/R10 48.68%  v_m2t/MedR 11.0%
[20/04/26 18:57:35][src.callback.progress][INFO] - Epoch 183 step 35150/192: loss 2.555e-01
[20/04/26 18:57:45][src.callback.progress][INFO] - Epoch 183 step 35200/192: loss 2.196e-01
[20/04/26 18:57:55][src.callback.progress][INFO] - Epoch 183 step 35250/192: loss 2.239e-01
[20/04/26 18:58:05][src.callback.progress][INFO] - Epoch 183 step 35300/192: loss 2.592e-01
[20/04/26 18:58:13][src.callback.progress][INFO] - Epoch 183: v_recons 3.229e-01  recons 2.184e-01  v_loss 5.234e-01  loss 2.480e-01  v_latent 9.598e-01  latent 6.627e-01  v_kl 5.394e+01  kl 2.889e+01  v_contrastive 2.000e+00  contrastive 2.933e-01  v_t2m/len 1530  v_t2m/R01 18.37%  v_t2m/R02 23.32%  v_t2m/R03 30.38%  v_t2m/R05 37.77%  v_t2m/R10 50.0%  v_t2m/MedR 10.5%  v_m2t/len 1530  v_m2t/R01 17.38%  v_m2t/R02 20.92%  v_m2t/R03 28.69%  v_m2t/R05 36.54%  v_m2t/R10 48.56%  v_m2t/MedR 11.0%
[20/04/26 18:58:22][src.callback.progress][INFO] - Epoch 184 step 35350/192: loss 2.829e-01
[20/04/26 18:58:32][src.callback.progress][INFO] - Epoch 184 step 35400/192: loss 2.285e-01
[20/04/26 18:58:42][src.callback.progress][INFO] - Epoch 184 step 35450/192: loss 2.505e-01
[20/04/26 18:58:52][src.callback.progress][INFO] - Epoch 184 step 35500/192: loss 2.426e-01
[20/04/26 18:58:58][src.callback.progress][INFO] - Epoch 184: v_recons 3.300e-01  recons 2.183e-01  v_loss 5.296e-01  loss 2.475e-01  v_latent 9.570e-01  latent 6.620e-01  v_kl 5.371e+01  kl 2.887e+01  v_contrastive 1.990e+00  contrastive 2.892e-01  v_t2m/len 1530  v_t2m/R01 17.19%  v_t2m/R02 22.42%  v_t2m/R03 30.59%  v_t2m/R05 37.84%  v_t2m/R10 49.61%  v_t2m/MedR 11.0%  v_m2t/len 1530  v_m2t/R01 18.62%  v_m2t/R02 22.15%  v_m2t/R03 29.02%  v_m2t/R05 37.18%  v_m2t/R10 49.54%  v_m2t/MedR 11.0%
[20/04/26 18:59:10][src.callback.progress][INFO] - Epoch 185 step 35550/192: loss 2.485e-01
[20/04/26 18:59:20][src.callback.progress][INFO] - Epoch 185 step 35600/192: loss 2.472e-01
[20/04/26 18:59:30][src.callback.progress][INFO] - Epoch 185 step 35650/192: loss 2.536e-01
[20/04/26 18:59:40][src.callback.progress][INFO] - Epoch 185 step 35700/192: loss 2.733e-01
[20/04/26 18:59:44][src.callback.progress][INFO] - Epoch 185: v_recons 3.224e-01  recons 2.168e-01  v_loss 5.214e-01  loss 2.457e-01  v_latent 9.542e-01  latent 6.601e-01  v_kl 5.334e+01  kl 2.868e+01  v_contrastive 1.985e+00  contrastive 2.858e-01  v_t2m/len 1530  v_t2m/R01 18.55%  v_t2m/R02 22.8%  v_t2m/R03 29.93%  v_t2m/R05 37.06%  v_t2m/R10 51.24%  v_t2m/MedR 10.0%  v_m2t/len 1530  v_m2t/R01 17.96%  v_m2t/R02 21.5%  v_m2t/R03 29.61%  v_m2t/R05 38.63%  v_m2t/R10 48.95%  v_m2t/MedR 11.0%
[20/04/26 18:59:57][src.callback.progress][INFO] - Epoch 186 step 35750/192: loss 2.518e-01
[20/04/26 19:00:07][src.callback.progress][INFO] - Epoch 186 step 35800/192: loss 2.175e-01
[20/04/26 19:00:18][src.callback.progress][INFO] - Epoch 186 step 35850/192: loss 2.520e-01
[20/04/26 19:00:28][src.callback.progress][INFO] - Epoch 186 step 35900/192: loss 2.460e-01
[20/04/26 19:00:30][src.callback.progress][INFO] - Epoch 186: v_recons 3.263e-01  recons 2.165e-01  v_loss 5.235e-01  loss 2.456e-01  v_latent 9.555e-01  latent 6.616e-01  v_kl 5.302e+01  kl 2.872e+01  v_contrastive 1.967e+00  contrastive 2.882e-01  v_t2m/len 1530  v_t2m/R01 18.04%  v_t2m/R02 22.47%  v_t2m/R03 28.69%  v_t2m/R05 36.34%  v_t2m/R10 50.38%  v_t2m/MedR 10.0%  v_m2t/len 1530  v_m2t/R01 18.76%  v_m2t/R02 21.56%  v_m2t/R03 29.28%  v_m2t/R05 36.86%  v_m2t/R10 48.43%  v_m2t/MedR 11.0%
[20/04/26 19:00:45][src.callback.progress][INFO] - Epoch 187 step 35950/192: loss 2.576e-01
[20/04/26 19:00:56][src.callback.progress][INFO] - Epoch 187 step 36000/192: loss 2.325e-01
[20/04/26 19:01:06][src.callback.progress][INFO] - Epoch 187 step 36050/192: loss 2.566e-01
[20/04/26 19:01:17][src.callback.progress][INFO] - Epoch 187: v_recons 3.274e-01  recons 2.170e-01  v_loss 5.237e-01  loss 2.461e-01  v_latent 9.588e-01  latent 6.636e-01  v_kl 5.399e+01  kl 2.910e+01  v_contrastive 1.958e+00  contrastive 2.880e-01  v_t2m/len 1530  v_t2m/R01 16.98%  v_t2m/R02 22.68%  v_t2m/R03 29.35%  v_t2m/R05 36.66%  v_t2m/R10 49.61%  v_t2m/MedR 11.0%  v_m2t/len 1530  v_m2t/R01 16.98%  v_m2t/R02 20.0%  v_m2t/R03 27.7%  v_m2t/R05 35.95%  v_m2t/R10 48.81%  v_m2t/MedR 11.0%
[20/04/26 19:01:23][src.callback.progress][INFO] - Epoch 188 step 36100/192: loss 2.197e-01
[20/04/26 19:01:34][src.callback.progress][INFO] - Epoch 188 step 36150/192: loss 2.254e-01
[20/04/26 19:01:44][src.callback.progress][INFO] - Epoch 188 step 36200/192: loss 2.441e-01
[20/04/26 19:01:54][src.callback.progress][INFO] - Epoch 188 step 36250/192: loss 2.155e-01
[20/04/26 19:02:03][src.callback.progress][INFO] - Epoch 188: v_recons 3.256e-01  recons 2.166e-01  v_loss 5.215e-01  loss 2.458e-01  v_latent 9.599e-01  latent 6.646e-01  v_kl 5.436e+01  kl 2.913e+01  v_contrastive 1.953e+00  contrastive 2.883e-01  v_t2m/len 1530  v_t2m/R01 15.48%  v_t2m/R02 21.3%  v_t2m/R03 28.29%  v_t2m/R05 36.54%  v_t2m/R10 51.5%  v_t2m/MedR 10.0%  v_m2t/len 1530  v_m2t/R01 17.64%  v_m2t/R02 21.7%  v_m2t/R03 29.35%  v_m2t/R05 38.29%  v_m2t/R10 49.54%  v_m2t/MedR 11.0%
[20/04/26 19:02:11][src.callback.progress][INFO] - Epoch 189 step 36300/192: loss 2.654e-01
[20/04/26 19:02:21][src.callback.progress][INFO] - Epoch 189 step 36350/192: loss 2.146e-01
[20/04/26 19:02:31][src.callback.progress][INFO] - Epoch 189 step 36400/192: loss 2.590e-01
[20/04/26 19:02:42][src.callback.progress][INFO] - Epoch 189 step 36450/192: loss 2.463e-01
[20/04/26 19:02:50][src.callback.progress][INFO] - Epoch 189: v_recons 3.258e-01  recons 2.165e-01  v_loss 5.266e-01  loss 2.458e-01  v_latent 9.672e-01  latent 6.647e-01  v_kl 5.503e+01  kl 2.918e+01  v_contrastive 2.002e+00  contrastive 2.906e-01  v_t2m/len 1530  v_t2m/R01 16.72%  v_t2m/R02 21.7%  v_t2m/R03 29.14%  v_t2m/R05 37.45%  v_t2m/R10 49.66%  v_t2m/MedR 11.0%  v_m2t/len 1530  v_m2t/R01 17.12%  v_m2t/R02 20.52%  v_m2t/R03 28.5%  v_m2t/R05 36.99%  v_m2t/R10 48.63%  v_m2t/MedR 11.0%
[20/04/26 19:02:59][src.callback.progress][INFO] - Epoch 190 step 36500/192: loss 2.181e-01
[20/04/26 19:03:09][src.callback.progress][INFO] - Epoch 190 step 36550/192: loss 2.329e-01
[20/04/26 19:03:20][src.callback.progress][INFO] - Epoch 190 step 36600/192: loss 2.526e-01
[20/04/26 19:03:30][src.callback.progress][INFO] - Epoch 190 step 36650/192: loss 2.769e-01
[20/04/26 19:03:36][src.callback.progress][INFO] - Epoch 190: v_recons 3.268e-01  recons 2.152e-01  v_loss 5.253e-01  loss 2.435e-01  v_latent 9.664e-01  latent 6.615e-01  v_kl 5.429e+01  kl 2.923e+01  v_contrastive 1.980e+00  contrastive 2.795e-01  v_t2m/len 1530  v_t2m/R01 16.6%  v_t2m/R02 22.75%  v_t2m/R03 29.79%  v_t2m/R05 36.72%  v_t2m/R10 50.2%  v_t2m/MedR 10.0%  v_m2t/len 1530  v_m2t/R01 17.64%  v_m2t/R02 20.45%  v_m2t/R03 29.02%  v_m2t/R05 37.7%  v_m2t/R10 48.68%  v_m2t/MedR 11.0%
[20/04/26 19:03:48][src.callback.progress][INFO] - Epoch 191 step 36700/192: loss 2.248e-01
[20/04/26 19:03:58][src.callback.progress][INFO] - Epoch 191 step 36750/192: loss 2.491e-01
[20/04/26 19:04:09][src.callback.progress][INFO] - Epoch 191 step 36800/192: loss 2.591e-01
[20/04/26 19:04:19][src.callback.progress][INFO] - Epoch 191 step 36850/192: loss 2.762e-01
[20/04/26 19:04:24][src.callback.progress][INFO] - Epoch 191: v_recons 3.280e-01  recons 2.144e-01  v_loss 5.271e-01  loss 2.420e-01  v_latent 9.650e-01  latent 6.603e-01  v_kl 5.488e+01  kl 2.931e+01  v_contrastive 1.986e+00  contrastive 2.735e-01  v_t2m/len 1530  v_t2m/R01 16.98%  v_t2m/R02 21.7%  v_t2m/R03 29.14%  v_t2m/R05 37.52%  v_t2m/R10 50.13%  v_t2m/MedR 10.0%  v_m2t/len 1530  v_m2t/R01 18.29%  v_m2t/R02 20.85%  v_m2t/R03 28.76%  v_m2t/R05 36.13%  v_m2t/R10 48.56%  v_m2t/MedR 11.0%
[20/04/26 19:04:36][src.callback.progress][INFO] - Epoch 192 step 36900/192: loss 2.515e-01
[20/04/26 19:04:47][src.callback.progress][INFO] - Epoch 192 step 36950/192: loss 2.454e-01
[20/04/26 19:04:57][src.callback.progress][INFO] - Epoch 192 step 37000/192: loss 2.397e-01
[20/04/26 19:05:07][src.callback.progress][INFO] - Epoch 192 step 37050/192: loss 2.682e-01
[20/04/26 19:05:11][src.callback.progress][INFO] - Epoch 192: v_recons 3.260e-01  recons 2.149e-01  v_loss 5.225e-01  loss 2.430e-01  v_latent 9.663e-01  latent 6.607e-01  v_kl 5.483e+01  kl 2.921e+01  v_contrastive 1.959e+00  contrastive 2.784e-01  v_t2m/len 1530  v_t2m/R01 16.2%  v_t2m/R02 21.18%  v_t2m/R03 29.54%  v_t2m/R05 37.77%  v_t2m/R10 50.45%  v_t2m/MedR 10.0%  v_m2t/len 1530  v_m2t/R01 19.47%  v_m2t/R02 22.21%  v_m2t/R03 28.37%  v_m2t/R05 37.77%  v_m2t/R10 48.56%  v_m2t/MedR 11.0%
[20/04/26 19:05:25][src.callback.progress][INFO] - Epoch 193 step 37100/192: loss 2.427e-01
[20/04/26 19:05:35][src.callback.progress][INFO] - Epoch 193 step 37150/192: loss 2.410e-01
[20/04/26 19:05:46][src.callback.progress][INFO] - Epoch 193 step 37200/192: loss 2.527e-01
[20/04/26 19:05:58][src.callback.progress][INFO] - Epoch 193: v_recons 3.294e-01  recons 2.140e-01  v_loss 5.281e-01  loss 2.416e-01  v_latent 9.694e-01  latent 6.599e-01  v_kl 5.478e+01  kl 2.922e+01  v_contrastive 1.981e+00  contrastive 2.728e-01  v_t2m/len 1530  v_t2m/R01 15.56%  v_t2m/R02 21.37%  v_t2m/R03 28.29%  v_t2m/R05 38.29%  v_t2m/R10 51.43%  v_t2m/MedR 10.0%  v_m2t/len 1530  v_m2t/R01 17.57%  v_m2t/R02 20.45%  v_m2t/R03 28.37%  v_m2t/R05 36.54%  v_m2t/R10 49.15%  v_m2t/MedR 11.0%
[20/04/26 19:06:04][src.callback.progress][INFO] - Epoch 194 step 37250/192: loss 2.479e-01
[20/04/26 19:06:14][src.callback.progress][INFO] - Epoch 194 step 37300/192: loss 2.289e-01
[20/04/26 19:06:25][src.callback.progress][INFO] - Epoch 194 step 37350/192: loss 2.462e-01
[20/04/26 19:06:35][src.callback.progress][INFO] - Epoch 194 step 37400/192: loss 2.182e-01
[20/04/26 19:06:46][src.callback.progress][INFO] - Epoch 194: v_recons 3.278e-01  recons 2.136e-01  v_loss 5.250e-01  loss 2.416e-01  v_latent 9.659e-01  latent 6.623e-01  v_kl 5.477e+01  kl 2.951e+01  v_contrastive 1.967e+00  contrastive 2.774e-01  v_t2m/len 1530  v_t2m/R01 15.88%  v_t2m/R02 22.29%  v_t2m/R03 30.64%  v_t2m/R05 38.5%  v_t2m/R10 51.56%  v_t2m/MedR 10.0%  v_m2t/len 1530  v_m2t/R01 17.78%  v_m2t/R02 22.29%  v_m2t/R03 29.21%  v_m2t/R05 37.18%  v_m2t/R10 49.74%  v_m2t/MedR 11.0%
[20/04/26 19:06:53][src.callback.progress][INFO] - Epoch 195 step 37450/192: loss 2.581e-01
[20/04/26 19:07:03][src.callback.progress][INFO] - Epoch 195 step 37500/192: loss 2.335e-01
[20/04/26 19:07:14][src.callback.progress][INFO] - Epoch 195 step 37550/192: loss 2.448e-01
[20/04/26 19:07:24][src.callback.progress][INFO] - Epoch 195 step 37600/192: loss 2.504e-01
[20/04/26 19:07:33][src.callback.progress][INFO] - Epoch 195: v_recons 3.293e-01  recons 2.137e-01  v_loss 5.272e-01  loss 2.415e-01  v_latent 9.709e-01  latent 6.625e-01  v_kl 5.573e+01  kl 2.955e+01  v_contrastive 1.974e+00  contrastive 2.749e-01  v_t2m/len 1530  v_t2m/R01 16.27%  v_t2m/R02 21.76%  v_t2m/R03 29.21%  v_t2m/R05 37.06%  v_t2m/R10 49.86%  v_t2m/MedR 11.0%  v_m2t/len 1530  v_m2t/R01 17.12%  v_m2t/R02 19.87%  v_m2t/R03 29.14%  v_m2t/R05 37.84%  v_m2t/R10 49.54%  v_m2t/MedR 11.0%
[20/04/26 19:07:41][src.callback.progress][INFO] - Epoch 196 step 37650/192: loss 2.486e-01
[20/04/26 19:07:52][src.callback.progress][INFO] - Epoch 196 step 37700/192: loss 1.966e-01
[20/04/26 19:08:03][src.callback.progress][INFO] - Epoch 196 step 37750/192: loss 2.475e-01
[20/04/26 19:08:13][src.callback.progress][INFO] - Epoch 196 step 37800/192: loss 2.218e-01
[20/04/26 19:08:20][src.callback.progress][INFO] - Epoch 196: v_recons 3.291e-01  recons 2.139e-01  v_loss 5.275e-01  loss 2.413e-01  v_latent 9.730e-01  latent 6.632e-01  v_kl 5.585e+01  kl 3.167e+01  v_contrastive 1.978e+00  contrastive 2.710e-01  v_t2m/len 1530  v_t2m/R01 17.84%  v_t2m/R02 22.42%  v_t2m/R03 29.73%  v_t2m/R05 37.45%  v_t2m/R10 49.93%  v_t2m/MedR 11.0%  v_m2t/len 1530  v_m2t/R01 17.25%  v_m2t/R02 21.04%  v_m2t/R03 28.95%  v_m2t/R05 36.27%  v_m2t/R10 48.5%  v_m2t/MedR 11.0%
[20/04/26 19:08:31][src.callback.progress][INFO] - Epoch 197 step 37850/192: loss 2.326e-01
[20/04/26 19:08:41][src.callback.progress][INFO] - Epoch 197 step 37900/192: loss 2.239e-01
[20/04/26 19:08:52][src.callback.progress][INFO] - Epoch 197 step 37950/192: loss 2.337e-01
[20/04/26 19:09:02][src.callback.progress][INFO] - Epoch 197 step 38000/192: loss 2.315e-01
[20/04/26 19:09:07][src.callback.progress][INFO] - Epoch 197: v_recons 3.269e-01  recons 2.127e-01  v_loss 5.222e-01  loss 2.402e-01  v_latent 9.657e-01  latent 6.624e-01  v_kl 5.545e+01  kl 2.963e+01  v_contrastive 1.947e+00  contrastive 2.715e-01  v_t2m/len 1530  v_t2m/R01 16.46%  v_t2m/R02 21.89%  v_t2m/R03 28.37%  v_t2m/R05 37.18%  v_t2m/R10 50.91%  v_t2m/MedR 10.0%  v_m2t/len 1530  v_m2t/R01 18.1%  v_m2t/R02 21.18%  v_m2t/R03 29.73%  v_m2t/R05 37.58%  v_m2t/R10 48.36%  v_m2t/MedR 11.0%
[20/04/26 19:09:19][src.callback.progress][INFO] - Epoch 198 step 38050/192: loss 2.636e-01
[20/04/26 19:09:30][src.callback.progress][INFO] - Epoch 198 step 38100/192: loss 2.390e-01
[20/04/26 19:09:40][src.callback.progress][INFO] - Epoch 198 step 38150/192: loss 2.510e-01
[20/04/26 19:09:51][src.callback.progress][INFO] - Epoch 198 step 38200/192: loss 2.186e-01
[20/04/26 19:09:54][src.callback.progress][INFO] - Epoch 198: v_recons 3.265e-01  recons 2.125e-01  v_loss 5.224e-01  loss 2.402e-01  v_latent 9.730e-01  latent 6.622e-01  v_kl 5.632e+01  kl 2.972e+01  v_contrastive 1.954e+00  contrastive 2.738e-01  v_t2m/len 1530  v_t2m/R01 18.17%  v_t2m/R02 23.32%  v_t2m/R03 30.12%  v_t2m/R05 38.36%  v_t2m/R10 50.25%  v_t2m/MedR 10.0%  v_m2t/len 1530  v_m2t/R01 17.57%  v_m2t/R02 20.59%  v_m2t/R03 28.81%  v_m2t/R05 36.34%  v_m2t/R10 48.56%  v_m2t/MedR 11.0%
[20/04/26 19:10:08][src.callback.progress][INFO] - Epoch 199 step 38250/192: loss 2.407e-01
[20/04/26 19:10:19][src.callback.progress][INFO] - Epoch 199 step 38300/192: loss 2.236e-01
[20/04/26 19:10:29][src.callback.progress][INFO] - Epoch 199 step 38350/192: loss 2.592e-01
[20/04/26 19:10:40][src.callback.progress][INFO] - Epoch 199 step 38400/192: loss 2.376e-01
[20/04/26 19:10:42][src.callback.progress][INFO] - Epoch 199: v_recons 3.275e-01  recons 2.120e-01  v_loss 5.275e-01  loss 2.394e-01  v_latent 9.764e-01  latent 6.634e-01  v_kl 5.653e+01  kl 2.967e+01  v_contrastive 1.995e+00  contrastive 2.707e-01  v_t2m/len 1530  v_t2m/R01 17.19%  v_t2m/R02 22.35%  v_t2m/R03 29.79%  v_t2m/R05 36.66%  v_t2m/R10 51.31%  v_t2m/MedR 10.0%  v_m2t/len 1530  v_m2t/R01 18.1%  v_m2t/R02 20.26%  v_m2t/R03 28.43%  v_m2t/R05 35.75%  v_m2t/R10 47.84%  v_m2t/MedR 11.0%
[20/04/26 19:10:59][src.callback.progress][INFO] - Epoch 200 step 38450/192: loss 2.357e-01
[20/04/26 19:11:10][src.callback.progress][INFO] - Epoch 200 step 38500/192: loss 2.432e-01
[20/04/26 19:11:20][src.callback.progress][INFO] - Epoch 200 step 38550/192: loss 2.134e-01
[20/04/26 19:11:31][src.callback.progress][INFO] - Epoch 200: v_recons 3.248e-01  recons 2.123e-01  v_loss 5.203e-01  loss 2.397e-01  v_latent 9.705e-01  latent 6.605e-01  v_kl 5.646e+01  kl 2.967e+01  v_contrastive 1.949e+00  contrastive 2.706e-01  v_t2m/len 1530  v_t2m/R01 17.64%  v_t2m/R02 22.42%  v_t2m/R03 28.95%  v_t2m/R05 37.77%  v_t2m/R10 51.5%  v_t2m/MedR 10.0%  v_m2t/len 1530  v_m2t/R01 17.64%  v_m2t/R02 21.23%  v_m2t/R03 29.07%  v_m2t/R05 36.2%  v_m2t/R10 49.34%  v_m2t/MedR 11.0%
[20/04/26 19:11:38][src.callback.progress][INFO] - Epoch 201 step 38600/192: loss 2.328e-01
[20/04/26 19:11:48][src.callback.progress][INFO] - Epoch 201 step 38650/192: loss 2.416e-01
[20/04/26 19:11:59][src.callback.progress][INFO] - Epoch 201 step 38700/192: loss 2.196e-01
[20/04/26 19:12:09][src.callback.progress][INFO] - Epoch 201 step 38750/192: loss 2.587e-01
[20/04/26 19:12:19][src.callback.progress][INFO] - Epoch 201: v_recons 3.267e-01  recons 2.122e-01  v_loss 5.245e-01  loss 2.390e-01  v_latent 9.773e-01  latent 6.624e-01  v_kl 5.687e+01  kl 2.975e+01  v_contrastive 1.973e+00  contrastive 2.648e-01  v_t2m/len 1530  v_t2m/R01 16.27%  v_t2m/R02 21.62%  v_t2m/R03 29.28%  v_t2m/R05 37.65%  v_t2m/R10 51.36%  v_t2m/MedR 10.0%  v_m2t/len 1530  v_m2t/R01 18.62%  v_m2t/R02 21.7%  v_m2t/R03 29.54%  v_m2t/R05 37.52%  v_m2t/R10 47.65%  v_m2t/MedR 11.0%
[20/04/26 19:12:27][src.callback.progress][INFO] - Epoch 202 step 38800/192: loss 2.630e-01
[20/04/26 19:12:38][src.callback.progress][INFO] - Epoch 202 step 38850/192: loss 2.371e-01
[20/04/26 19:12:48][src.callback.progress][INFO] - Epoch 202 step 38900/192: loss 2.489e-01
[20/04/26 19:12:58][src.callback.progress][INFO] - Epoch 202 step 38950/192: loss 2.187e-01
[20/04/26 19:13:06][src.callback.progress][INFO] - Epoch 202: v_recons 3.257e-01  recons 2.112e-01  v_loss 5.233e-01  loss 2.386e-01  v_latent 9.733e-01  latent 6.634e-01  v_kl 5.662e+01  kl 2.997e+01  v_contrastive 1.970e+00  contrastive 2.712e-01  v_t2m/len 1530  v_t2m/R01 15.94%  v_t2m/R02 20.32%  v_t2m/R03 28.29%  v_t2m/R05 37.9%  v_t2m/R10 51.36%  v_t2m/MedR 10.0%  v_m2t/len 1530  v_m2t/R01 17.31%  v_m2t/R02 20.38%  v_m2t/R03 28.29%  v_m2t/R05 36.08%  v_m2t/R10 49.08%  v_m2t/MedR 11.0%
[20/04/26 19:13:16][src.callback.progress][INFO] - Epoch 203 step 39000/192: loss 2.379e-01
[20/04/26 19:13:26][src.callback.progress][INFO] - Epoch 203 step 39050/192: loss 2.295e-01
[20/04/26 19:13:37][src.callback.progress][INFO] - Epoch 203 step 39100/192: loss 2.463e-01
[20/04/26 19:13:47][src.callback.progress][INFO] - Epoch 203 step 39150/192: loss 2.401e-01
[20/04/26 19:13:53][src.callback.progress][INFO] - Epoch 203: v_recons 3.286e-01  recons 2.107e-01  v_loss 5.279e-01  loss 2.377e-01  v_latent 9.756e-01  latent 6.626e-01  v_kl 5.744e+01  kl 2.992e+01  v_contrastive 1.987e+00  contrastive 2.670e-01  v_t2m/len 1530  v_t2m/R01 15.94%  v_t2m/R02 21.76%  v_t2m/R03 28.37%  v_t2m/R05 37.45%  v_t2m/R10 50.2%  v_t2m/MedR 10.0%  v_m2t/len 1530  v_m2t/R01 16.98%  v_m2t/R02 20.26%  v_m2t/R03 29.07%  v_m2t/R05 36.08%  v_m2t/R10 49.15%  v_m2t/MedR 11.0%
[20/04/26 19:14:05][src.callback.progress][INFO] - Epoch 204 step 39200/192: loss 2.382e-01
[20/04/26 19:14:15][src.callback.progress][INFO] - Epoch 204 step 39250/192: loss 2.566e-01
[20/04/26 19:14:26][src.callback.progress][INFO] - Epoch 204 step 39300/192: loss 2.253e-01
[20/04/26 19:14:36][src.callback.progress][INFO] - Epoch 204 step 39350/192: loss 2.278e-01
[20/04/26 19:14:40][src.callback.progress][INFO] - Epoch 204: v_recons 3.298e-01  recons 2.111e-01  v_loss 5.258e-01  loss 2.381e-01  v_latent 9.746e-01  latent 6.640e-01  v_kl 5.605e+01  kl 2.999e+01  v_contrastive 1.954e+00  contrastive 2.669e-01  v_t2m/len 1530  v_t2m/R01 16.98%  v_t2m/R02 21.76%  v_t2m/R03 27.84%  v_t2m/R05 36.47%  v_t2m/R10 51.43%  v_t2m/MedR 9.5%  v_m2t/len 1530  v_m2t/R01 17.9%  v_m2t/R02 21.23%  v_m2t/R03 29.07%  v_m2t/R05 36.79%  v_m2t/R10 49.61%  v_m2t/MedR 11.0%
[20/04/26 19:14:54][src.callback.progress][INFO] - Epoch 205 step 39400/192: loss 2.594e-01
[20/04/26 19:15:05][src.callback.progress][INFO] - Epoch 205 step 39450/192: loss 2.274e-01
[20/04/26 19:15:15][src.callback.progress][INFO] - Epoch 205 step 39500/192: loss 2.570e-01
[20/04/26 19:15:26][src.callback.progress][INFO] - Epoch 205 step 39550/192: loss 2.504e-01
[20/04/26 19:15:28][src.callback.progress][INFO] - Epoch 205: v_recons 3.274e-01  recons 2.102e-01  v_loss 5.256e-01  loss 2.370e-01  v_latent 9.796e-01  latent 6.624e-01  v_kl 5.727e+01  kl 3.018e+01  v_contrastive 1.977e+00  contrastive 2.648e-01  v_t2m/len 1530  v_t2m/R01 17.45%  v_t2m/R02 22.94%  v_t2m/R03 30.38%  v_t2m/R05 37.31%  v_t2m/R10 50.13%  v_t2m/MedR 10.0%  v_m2t/len 1530  v_m2t/R01 17.19%  v_m2t/R02 21.18%  v_m2t/R03 29.93%  v_m2t/R05 37.38%  v_m2t/R10 47.97%  v_m2t/MedR 11.0%
[20/04/26 19:15:43][src.callback.progress][INFO] - Epoch 206 step 39600/192: loss 2.229e-01
[20/04/26 19:15:54][src.callback.progress][INFO] - Epoch 206 step 39650/192: loss 2.330e-01
[20/04/26 19:16:04][src.callback.progress][INFO] - Epoch 206 step 39700/192: loss 2.471e-01
[20/04/26 19:16:15][src.callback.progress][INFO] - Epoch 206: v_recons 3.285e-01  recons 2.095e-01  v_loss 5.266e-01  loss 2.356e-01  v_latent 9.819e-01  latent 6.608e-01  v_kl 5.705e+01  kl 3.012e+01  v_contrastive 1.976e+00  contrastive 2.576e-01  v_t2m/len 1530  v_t2m/R01 18.23%  v_t2m/R02 22.68%  v_t2m/R03 28.88%  v_t2m/R05 37.25%  v_t2m/R10 50.91%  v_t2m/MedR 10.0%  v_m2t/len 1530  v_m2t/R01 18.37%  v_m2t/R02 21.7%  v_m2t/R03 29.54%  v_m2t/R05 36.4%  v_m2t/R10 49.61%  v_m2t/MedR 11.0%
[20/04/26 19:16:21][src.callback.progress][INFO] - Epoch 207 step 39750/192: loss 2.510e-01
[20/04/26 19:16:32][src.callback.progress][INFO] - Epoch 207 step 39800/192: loss 2.310e-01
[20/04/26 19:16:42][src.callback.progress][INFO] - Epoch 207 step 39850/192: loss 2.522e-01
[20/04/26 19:16:53][src.callback.progress][INFO] - Epoch 207 step 39900/192: loss 2.223e-01
[20/04/26 19:17:02][src.callback.progress][INFO] - Epoch 207: v_recons 3.323e-01  recons 2.101e-01  v_loss 5.320e-01  loss 2.366e-01  v_latent 9.842e-01  latent 6.646e-01  v_kl 5.823e+01  kl 3.027e+01  v_contrastive 1.991e+00  contrastive 2.622e-01  v_t2m/len 1530  v_t2m/R01 16.13%  v_t2m/R02 20.38%  v_t2m/R03 28.37%  v_t2m/R05 37.31%  v_t2m/R10 49.08%  v_t2m/MedR 11.0%  v_m2t/len 1530  v_m2t/R01 18.69%  v_m2t/R02 21.37%  v_m2t/R03 29.07%  v_m2t/R05 37.45%  v_m2t/R10 48.95%  v_m2t/MedR 11.0%
[20/04/26 19:17:10][src.callback.progress][INFO] - Epoch 208 step 39950/192: loss 2.275e-01
[20/04/26 19:17:21][src.callback.progress][INFO] - Epoch 208 step 40000/192: loss 2.149e-01
[20/04/26 19:17:31][src.callback.progress][INFO] - Epoch 208 step 40050/192: loss 2.525e-01
[20/04/26 19:17:42][src.callback.progress][INFO] - Epoch 208 step 40100/192: loss 2.426e-01
[20/04/26 19:17:49][src.callback.progress][INFO] - Epoch 208: v_recons 3.297e-01  recons 2.103e-01  v_loss 5.257e-01  loss 2.371e-01  v_latent 9.848e-01  latent 6.660e-01  v_kl 5.816e+01  kl 3.059e+01  v_contrastive 1.954e+00  contrastive 2.650e-01  v_t2m/len 1530  v_t2m/R01 17.57%  v_t2m/R02 22.54%  v_t2m/R03 29.93%  v_t2m/R05 37.65%  v_t2m/R10 50.77%  v_t2m/MedR 10.0%  v_m2t/len 1530  v_m2t/R01 18.43%  v_m2t/R02 20.45%  v_m2t/R03 28.29%  v_m2t/R05 36.34%  v_m2t/R10 48.43%  v_m2t/MedR 11.0%
[20/04/26 19:17:59][src.callback.progress][INFO] - Epoch 209 step 40150/192: loss 2.372e-01
[20/04/26 19:18:10][src.callback.progress][INFO] - Epoch 209 step 40200/192: loss 2.396e-01
[20/04/26 19:18:20][src.callback.progress][INFO] - Epoch 209 step 40250/192: loss 2.457e-01
[20/04/26 19:18:31][src.callback.progress][INFO] - Epoch 209 step 40300/192: loss 2.343e-01
[20/04/26 19:18:37][src.callback.progress][INFO] - Epoch 209: v_recons 3.310e-01  recons 2.095e-01  v_loss 5.276e-01  loss 2.359e-01  v_latent 9.832e-01  latent 6.668e-01  v_kl 5.796e+01  kl 3.069e+01  v_contrastive 1.961e+00  contrastive 2.611e-01  v_t2m/len 1530  v_t2m/R01 16.79%  v_t2m/R02 22.94%  v_t2m/R03 28.76%  v_t2m/R05 36.93%  v_t2m/R10 51.04%  v_t2m/MedR 10.0%  v_m2t/len 1530  v_m2t/R01 17.31%  v_m2t/R02 20.64%  v_m2t/R03 28.62%  v_m2t/R05 36.86%  v_m2t/R10 49.15%  v_m2t/MedR 11.0%
[20/04/26 19:18:49][src.callback.progress][INFO] - Epoch 210 step 40350/192: loss 2.348e-01
[20/04/26 19:19:00][src.callback.progress][INFO] - Epoch 210 step 40400/192: loss 2.293e-01
[20/04/26 19:19:10][src.callback.progress][INFO] - Epoch 210 step 40450/192: loss 2.376e-01
[20/04/26 19:19:21][src.callback.progress][INFO] - Epoch 210 step 40500/192: loss 2.340e-01
[20/04/26 19:19:25][src.callback.progress][INFO] - Epoch 210: v_recons 3.309e-01  recons 2.098e-01  v_loss 5.281e-01  loss 2.363e-01  v_latent 9.845e-01  latent 6.646e-01  v_kl 5.777e+01  kl 3.070e+01  v_contrastive 1.966e+00  contrastive 2.628e-01  v_t2m/len 1530  v_t2m/R01 16.98%  v_t2m/R02 22.21%  v_t2m/R03 29.67%  v_t2m/R05 38.43%  v_t2m/R10 51.5%  v_t2m/MedR 10.0%  v_m2t/len 1530  v_m2t/R01 18.17%  v_m2t/R02 21.18%  v_m2t/R03 29.28%  v_m2t/R05 37.9%  v_m2t/R10 49.54%  v_m2t/MedR 11.0%
[20/04/26 19:19:38][src.callback.progress][INFO] - Epoch 211 step 40550/192: loss 2.135e-01
[20/04/26 19:19:48][src.callback.progress][INFO] - Epoch 211 step 40600/192: loss 2.302e-01
[20/04/26 19:19:59][src.callback.progress][INFO] - Epoch 211 step 40650/192: loss 2.605e-01
[20/04/26 19:20:09][src.callback.progress][INFO] - Epoch 211 step 40700/192: loss 2.160e-01
[20/04/26 19:20:12][src.callback.progress][INFO] - Epoch 211: v_recons 3.279e-01  recons 2.082e-01  v_loss 5.283e-01  loss 2.343e-01  v_latent 9.909e-01  latent 6.625e-01  v_kl 5.893e+01  kl 3.057e+01  v_contrastive 1.997e+00  contrastive 2.578e-01  v_t2m/len 1530  v_t2m/R01 16.46%  v_t2m/R02 22.09%  v_t2m/R03 29.93%  v_t2m/R05 36.27%  v_t2m/R10 49.47%  v_t2m/MedR 11.0%  v_m2t/len 1530  v_m2t/R01 17.84%  v_m2t/R02 20.85%  v_m2t/R03 28.95%  v_m2t/R05 37.38%  v_m2t/R10 48.56%  v_m2t/MedR 11.0%
[20/04/26 19:20:26][src.callback.progress][INFO] - Epoch 212 step 40750/192: loss 2.346e-01
[20/04/26 19:20:37][src.callback.progress][INFO] - Epoch 212 step 40800/192: loss 2.250e-01
[20/04/26 19:20:47][src.callback.progress][INFO] - Epoch 212 step 40850/192: loss 2.389e-01
[20/04/26 19:20:59][src.callback.progress][INFO] - Epoch 212: v_recons 3.304e-01  recons 2.075e-01  v_loss 5.308e-01  loss 2.334e-01  v_latent 9.982e-01  latent 6.635e-01  v_kl 6.131e+01  kl 3.138e+01  v_contrastive 1.997e+00  contrastive 2.560e-01  v_t2m/len 1530  v_t2m/R01 16.13%  v_t2m/R02 22.15%  v_t2m/R03 29.67%  v_t2m/R05 37.18%  v_t2m/R10 50.65%  v_t2m/MedR 10.0%  v_m2t/len 1530  v_m2t/R01 17.57%  v_m2t/R02 21.11%  v_m2t/R03 28.88%  v_m2t/R05 36.4%  v_m2t/R10 48.68%  v_m2t/MedR 11.0%
[20/04/26 19:21:05][src.callback.progress][INFO] - Epoch 213 step 40900/192: loss 2.332e-01
[20/04/26 19:21:15][src.callback.progress][INFO] - Epoch 213 step 40950/192: loss 2.301e-01
[20/04/26 19:21:26][src.callback.progress][INFO] - Epoch 213 step 41000/192: loss 2.430e-01
[20/04/26 19:21:36][src.callback.progress][INFO] - Epoch 213 step 41050/192: loss 2.615e-01
[20/04/26 19:21:46][src.callback.progress][INFO] - Epoch 213: v_recons 3.304e-01  recons 2.078e-01  v_loss 5.298e-01  loss 2.337e-01  v_latent 9.869e-01  latent 6.651e-01  v_kl 5.876e+01  kl 3.092e+01  v_contrastive 1.988e+00  contrastive 2.563e-01  v_t2m/len 1530  v_t2m/R01 16.86%  v_t2m/R02 22.03%  v_t2m/R03 29.28%  v_t2m/R05 36.27%  v_t2m/R10 50.0%  v_t2m/MedR 10.5%  v_m2t/len 1530  v_m2t/R01 18.5%  v_m2t/R02 20.78%  v_m2t/R03 28.5%  v_m2t/R05 36.34%  v_m2t/R10 48.63%  v_m2t/MedR 11.0%
[20/04/26 19:21:54][src.callback.progress][INFO] - Epoch 214 step 41100/192: loss 2.524e-01
[20/04/26 19:22:04][src.callback.progress][INFO] - Epoch 214 step 41150/192: loss 2.225e-01
[20/04/26 19:22:15][src.callback.progress][INFO] - Epoch 214 step 41200/192: loss 2.652e-01
[20/04/26 19:22:25][src.callback.progress][INFO] - Epoch 214 step 41250/192: loss 2.562e-01
[20/04/26 19:22:33][src.callback.progress][INFO] - Epoch 214: v_recons 3.317e-01  recons 2.071e-01  v_loss 5.302e-01  loss 2.323e-01  v_latent 9.894e-01  latent 6.613e-01  v_kl 5.905e+01  kl 3.061e+01  v_contrastive 1.978e+00  contrastive 2.489e-01  v_t2m/len 1530  v_t2m/R01 17.12%  v_t2m/R02 22.61%  v_t2m/R03 29.4%  v_t2m/R05 38.04%  v_t2m/R10 50.91%  v_t2m/MedR 10.0%  v_m2t/len 1530  v_m2t/R01 18.04%  v_m2t/R02 21.04%  v_m2t/R03 29.28%  v_m2t/R05 37.77%  v_m2t/R10 48.88%  v_m2t/MedR 11.0%
[20/04/26 19:22:43][src.callback.progress][INFO] - Epoch 215 step 41300/192: loss 2.364e-01
[20/04/26 19:22:54][src.callback.progress][INFO] - Epoch 215 step 41350/192: loss 2.321e-01
[20/04/26 19:23:04][src.callback.progress][INFO] - Epoch 215 step 41400/192: loss 2.466e-01
[20/04/26 19:23:15][src.callback.progress][INFO] - Epoch 215 step 41450/192: loss 2.139e-01
[20/04/26 19:23:21][src.callback.progress][INFO] - Epoch 215: v_recons 3.294e-01  recons 2.065e-01  v_loss 5.277e-01  loss 2.318e-01  v_latent 9.926e-01  latent 6.626e-01  v_kl 5.878e+01  kl 3.070e+01  v_contrastive 1.977e+00  contrastive 2.494e-01  v_t2m/len 1530  v_t2m/R01 17.96%  v_t2m/R02 23.06%  v_t2m/R03 28.04%  v_t2m/R05 37.06%  v_t2m/R10 49.61%  v_t2m/MedR 11.0%  v_m2t/len 1530  v_m2t/R01 18.23%  v_m2t/R02 21.04%  v_m2t/R03 29.21%  v_m2t/R05 38.04%  v_m2t/R10 48.95%  v_m2t/MedR 11.0%
[20/04/26 19:23:32][src.callback.progress][INFO] - Epoch 216 step 41500/192: loss 2.200e-01
[20/04/26 19:23:43][src.callback.progress][INFO] - Epoch 216 step 41550/192: loss 2.430e-01
[20/04/26 19:23:53][src.callback.progress][INFO] - Epoch 216 step 41600/192: loss 2.524e-01
[20/04/26 19:24:04][src.callback.progress][INFO] - Epoch 216 step 41650/192: loss 2.301e-01
[20/04/26 19:24:09][src.callback.progress][INFO] - Epoch 216: v_recons 3.310e-01  recons 2.079e-01  v_loss 5.323e-01  loss 2.340e-01  v_latent 1.001e+00  latent 6.670e-01  v_kl 5.960e+01  kl 3.121e+01  v_contrastive 2.007e+00  contrastive 2.571e-01  v_t2m/len 1530  v_t2m/R01 17.64%  v_t2m/R02 23.32%  v_t2m/R03 29.73%  v_t2m/R05 36.34%  v_t2m/R10 49.15%  v_t2m/MedR 11.0%  v_m2t/len 1530  v_m2t/R01 18.88%  v_m2t/R02 22.54%  v_m2t/R03 31.11%  v_m2t/R05 37.38%  v_m2t/R10 49.47%  v_m2t/MedR 11.0%
[20/04/26 19:24:21][src.callback.progress][INFO] - Epoch 217 step 41700/192: loss 2.269e-01
[20/04/26 19:24:32][src.callback.progress][INFO] - Epoch 217 step 41750/192: loss 2.396e-01
[20/04/26 19:24:42][src.callback.progress][INFO] - Epoch 217 step 41800/192: loss 2.235e-01
[20/04/26 19:24:53][src.callback.progress][INFO] - Epoch 217 step 41850/192: loss 2.748e-01
[20/04/26 19:24:56][src.callback.progress][INFO] - Epoch 217: v_recons 3.311e-01  recons 2.061e-01  v_loss 5.315e-01  loss 2.312e-01  v_latent 1.001e+00  latent 6.623e-01  v_kl 6.005e+01  kl 3.084e+01  v_contrastive 1.998e+00  contrastive 2.474e-01  v_t2m/len 1530  v_t2m/R01 16.86%  v_t2m/R02 22.35%  v_t2m/R03 28.5%  v_t2m/R05 35.68%  v_t2m/R10 49.02%  v_t2m/MedR 11.0%  v_m2t/len 1530  v_m2t/R01 18.81%  v_m2t/R02 21.23%  v_m2t/R03 28.5%  v_m2t/R05 36.27%  v_m2t/R10 48.04%  v_m2t/MedR 11.0%
[20/04/26 19:25:10][src.callback.progress][INFO] - Epoch 218 step 41900/192: loss 2.241e-01
[20/04/26 19:25:21][src.callback.progress][INFO] - Epoch 218 step 41950/192: loss 2.147e-01
[20/04/26 19:25:31][src.callback.progress][INFO] - Epoch 218 step 42000/192: loss 2.393e-01
[20/04/26 19:25:43][src.callback.progress][INFO] - Epoch 218: v_recons 3.306e-01  recons 2.061e-01  v_loss 5.287e-01  loss 2.313e-01  v_latent 9.926e-01  latent 6.616e-01  v_kl 5.921e+01  kl 3.108e+01  v_contrastive 1.975e+00  contrastive 2.489e-01  v_t2m/len 1530  v_t2m/R01 17.96%  v_t2m/R02 22.68%  v_t2m/R03 29.79%  v_t2m/R05 37.25%  v_t2m/R10 49.27%  v_t2m/MedR 11.0%  v_m2t/len 1530  v_m2t/R01 18.76%  v_m2t/R02 21.7%  v_m2t/R03 30.0%  v_m2t/R05 37.9%  v_m2t/R10 49.15%  v_m2t/MedR 11.0%
[20/04/26 19:25:49][src.callback.progress][INFO] - Epoch 219 step 42050/192: loss 2.383e-01
[20/04/26 19:25:59][src.callback.progress][INFO] - Epoch 219 step 42100/192: loss 2.408e-01
[20/04/26 19:26:10][src.callback.progress][INFO] - Epoch 219 step 42150/192: loss 2.237e-01
[20/04/26 19:26:20][src.callback.progress][INFO] - Epoch 219 step 42200/192: loss 2.449e-01
[20/04/26 19:26:30][src.callback.progress][INFO] - Epoch 219: v_recons 3.278e-01  recons 2.066e-01  v_loss 5.261e-01  loss 2.315e-01  v_latent 9.967e-01  latent 6.650e-01  v_kl 6.009e+01  kl 3.123e+01  v_contrastive 1.977e+00  contrastive 2.455e-01  v_t2m/len 1530  v_t2m/R01 17.84%  v_t2m/R02 22.15%  v_t2m/R03 29.73%  v_t2m/R05 37.77%  v_t2m/R10 50.06%  v_t2m/MedR 10.0%  v_m2t/len 1530  v_m2t/R01 17.7%  v_m2t/R02 20.59%  v_m2t/R03 29.4%  v_m2t/R05 37.65%  v_m2t/R10 48.04%  v_m2t/MedR 11.0%
[20/04/26 19:26:37][src.callback.progress][INFO] - Epoch 220 step 42250/192: loss 2.248e-01
[20/04/26 19:26:48][src.callback.progress][INFO] - Epoch 220 step 42300/192: loss 2.557e-01
[20/04/26 19:26:58][src.callback.progress][INFO] - Epoch 220 step 42350/192: loss 2.359e-01
[20/04/26 19:27:09][src.callback.progress][INFO] - Epoch 220 step 42400/192: loss 2.224e-01
[20/04/26 19:27:17][src.callback.progress][INFO] - Epoch 220: v_recons 3.301e-01  recons 2.052e-01  v_loss 5.274e-01  loss 2.301e-01  v_latent 1.000e+00  latent 6.617e-01  v_kl 5.998e+01  kl 3.109e+01  v_contrastive 1.967e+00  contrastive 2.460e-01  v_t2m/len 1530  v_t2m/R01 15.88%  v_t2m/R02 20.85%  v_t2m/R03 28.5%  v_t2m/R05 36.79%  v_t2m/R10 50.33%  v_t2m/MedR 10.0%  v_m2t/len 1530  v_m2t/R01 18.23%  v_m2t/R02 21.5%  v_m2t/R03 29.67%  v_m2t/R05 37.31%  v_m2t/R10 48.43%  v_m2t/MedR 11.0%
[20/04/26 19:27:26][src.callback.progress][INFO] - Epoch 221 step 42450/192: loss 2.305e-01
[20/04/26 19:27:37][src.callback.progress][INFO] - Epoch 221 step 42500/192: loss 2.304e-01
[20/04/26 19:27:47][src.callback.progress][INFO] - Epoch 221 step 42550/192: loss 2.376e-01
[20/04/26 19:27:58][src.callback.progress][INFO] - Epoch 221 step 42600/192: loss 2.368e-01
[20/04/26 19:28:05][src.callback.progress][INFO] - Epoch 221: v_recons 3.340e-01  recons 2.059e-01  v_loss 5.327e-01  loss 2.311e-01  v_latent 1.001e+00  latent 6.642e-01  v_kl 6.108e+01  kl 3.121e+01  v_contrastive 1.981e+00  contrastive 2.493e-01  v_t2m/len 1530  v_t2m/R01 17.9%  v_t2m/R02 22.35%  v_t2m/R03 29.67%  v_t2m/R05 36.93%  v_t2m/R10 50.0%  v_t2m/MedR 10.5%  v_m2t/len 1530  v_m2t/R01 17.96%  v_m2t/R02 20.64%  v_m2t/R03 28.69%  v_m2t/R05 37.18%  v_m2t/R10 48.81%  v_m2t/MedR 11.0%
[20/04/26 19:28:15][src.callback.progress][INFO] - Epoch 222 step 42650/192: loss 2.468e-01
[20/04/26 19:28:26][src.callback.progress][INFO] - Epoch 222 step 42700/192: loss 2.119e-01
[20/04/26 19:28:36][src.callback.progress][INFO] - Epoch 222 step 42750/192: loss 2.497e-01
[20/04/26 19:28:46][src.callback.progress][INFO] - Epoch 222 step 42800/192: loss 2.142e-01
[20/04/26 19:28:52][src.callback.progress][INFO] - Epoch 222: v_recons 3.316e-01  recons 2.053e-01  v_loss 5.308e-01  loss 2.304e-01  v_latent 9.982e-01  latent 6.657e-01  v_kl 6.030e+01  kl 3.139e+01  v_contrastive 1.986e+00  contrastive 2.481e-01  v_t2m/len 1530  v_t2m/R01 16.34%  v_t2m/R02 21.44%  v_t2m/R03 29.54%  v_t2m/R05 38.04%  v_t2m/R10 50.91%  v_t2m/MedR 10.0%  v_m2t/len 1530  v_m2t/R01 17.9%  v_m2t/R02 21.23%  v_m2t/R03 30.0%  v_m2t/R05 36.99%  v_m2t/R10 49.08%  v_m2t/MedR 11.0%
[20/04/26 19:29:04][src.callback.progress][INFO] - Epoch 223 step 42850/192: loss 2.390e-01
[20/04/26 19:29:15][src.callback.progress][INFO] - Epoch 223 step 42900/192: loss 2.369e-01
[20/04/26 19:29:26][src.callback.progress][INFO] - Epoch 223 step 42950/192: loss 2.192e-01
[20/04/26 19:29:36][src.callback.progress][INFO] - Epoch 223 step 43000/192: loss 2.175e-01
[20/04/26 19:29:40][src.callback.progress][INFO] - Epoch 223: v_recons 3.318e-01  recons 2.042e-01  v_loss 5.302e-01  loss 2.285e-01  v_latent 9.988e-01  latent 6.623e-01  v_kl 6.092e+01  kl 3.127e+01  v_contrastive 1.977e+00  contrastive 2.399e-01  v_t2m/len 1530  v_t2m/R01 16.79%  v_t2m/R02 21.62%  v_t2m/R03 28.43%  v_t2m/R05 37.11%  v_t2m/R10 51.31%  v_t2m/MedR 10.0%  v_m2t/len 1530  v_m2t/R01 18.76%  v_m2t/R02 21.04%  v_m2t/R03 29.87%  v_m2t/R05 38.09%  v_m2t/R10 48.95%  v_m2t/MedR 11.0%
[20/04/26 19:29:53][src.callback.progress][INFO] - Epoch 224 step 43050/192: loss 2.264e-01
[20/04/26 19:30:04][src.callback.progress][INFO] - Epoch 224 step 43100/192: loss 2.310e-01
[20/04/26 19:30:14][src.callback.progress][INFO] - Epoch 224 step 43150/192: loss 2.098e-01
[20/04/26 19:30:25][src.callback.progress][INFO] - Epoch 224 step 43200/192: loss 2.124e-01
[20/04/26 19:30:27][src.callback.progress][INFO] - Epoch 224: v_recons 3.323e-01  recons 2.042e-01  v_loss 5.275e-01  loss 2.286e-01  v_latent 9.955e-01  latent 6.616e-01  v_kl 6.021e+01  kl 3.132e+01  v_contrastive 1.945e+00  contrastive 2.406e-01  v_t2m/len 1530  v_t2m/R01 17.45%  v_t2m/R02 22.68%  v_t2m/R03 30.0%  v_t2m/R05 37.58%  v_t2m/R10 51.11%  v_t2m/MedR 10.0%  v_m2t/len 1530  v_m2t/R01 17.9%  v_m2t/R02 20.45%  v_m2t/R03 29.28%  v_m2t/R05 38.04%  v_m2t/R10 48.68%  v_m2t/MedR 11.0%
[20/04/26 19:30:42][src.callback.progress][INFO] - Epoch 225 step 43250/192: loss 2.167e-01
[20/04/26 19:30:53][src.callback.progress][INFO] - Epoch 225 step 43300/192: loss 2.456e-01
[20/04/26 19:31:03][src.callback.progress][INFO] - Epoch 225 step 43350/192: loss 2.241e-01
[20/04/26 19:31:14][src.callback.progress][INFO] - Epoch 225: v_recons 3.340e-01  recons 2.035e-01  v_loss 5.299e-01  loss 2.275e-01  v_latent 1.005e+00  latent 6.609e-01  v_kl 6.115e+01  kl 3.120e+01  v_contrastive 1.953e+00  contrastive 2.371e-01  v_t2m/len 1530  v_t2m/R01 15.81%  v_t2m/R02 21.11%  v_t2m/R03 27.31%  v_t2m/R05 35.22%  v_t2m/R10 50.13%  v_t2m/MedR 10.0%  v_m2t/len 1530  v_m2t/R01 19.21%  v_m2t/R02 21.7%  v_m2t/R03 30.52%  v_m2t/R05 37.9%  v_m2t/R10 49.34%  v_m2t/MedR 11.0%
[20/04/26 19:31:22][src.callback.progress][INFO] - Epoch 226 step 43400/192: loss 2.354e-01
[20/04/26 19:31:32][src.callback.progress][INFO] - Epoch 226 step 43450/192: loss 2.343e-01
[20/04/26 19:31:43][src.callback.progress][INFO] - Epoch 226 step 43500/192: loss 2.411e-01
[20/04/26 19:31:53][src.callback.progress][INFO] - Epoch 226 step 43550/192: loss 2.192e-01
[20/04/26 19:32:02][src.callback.progress][INFO] - Epoch 226: v_recons 3.326e-01  recons 2.036e-01  v_loss 5.311e-01  loss 2.278e-01  v_latent 1.008e+00  latent 6.613e-01  v_kl 6.140e+01  kl 3.112e+01  v_contrastive 1.979e+00  contrastive 2.384e-01  v_t2m/len 1530  v_t2m/R01 15.61%  v_t2m/R02 22.09%  v_t2m/R03 29.35%  v_t2m/R05 37.84%  v_t2m/R10 51.11%  v_t2m/MedR 10.0%  v_m2t/len 1530  v_m2t/R01 17.7%  v_m2t/R02 20.45%  v_m2t/R03 29.79%  v_m2t/R05 37.38%  v_m2t/R10 49.08%  v_m2t/MedR 11.0%
[20/04/26 19:32:11][src.callback.progress][INFO] - Epoch 227 step 43600/192: loss 2.328e-01
[20/04/26 19:32:21][src.callback.progress][INFO] - Epoch 227 step 43650/192: loss 2.070e-01
[20/04/26 19:32:32][src.callback.progress][INFO] - Epoch 227 step 43700/192: loss 2.247e-01
[20/04/26 19:32:42][src.callback.progress][INFO] - Epoch 227 step 43750/192: loss 2.244e-01
[20/04/26 19:32:50][src.callback.progress][INFO] - Epoch 227: v_recons 3.305e-01  recons 2.034e-01  v_loss 5.292e-01  loss 2.272e-01  v_latent 1.006e+00  latent 6.629e-01  v_kl 6.173e+01  kl 3.143e+01  v_contrastive 1.981e+00  contrastive 2.347e-01  v_t2m/len 1530  v_t2m/R01 15.42%  v_t2m/R02 19.87%  v_t2m/R03 27.84%  v_t2m/R05 36.59%  v_t2m/R10 51.63%  v_t2m/MedR 10.0%  v_m2t/len 1530  v_m2t/R01 17.38%  v_m2t/R02 20.45%  v_m2t/R03 29.02%  v_m2t/R05 37.65%  v_m2t/R10 50.2%  v_m2t/MedR 10.0%
[20/04/26 19:32:59][src.callback.progress][INFO] - Epoch 228 step 43800/192: loss 2.360e-01
[20/04/26 19:33:10][src.callback.progress][INFO] - Epoch 228 step 43850/192: loss 2.064e-01
[20/04/26 19:33:21][src.callback.progress][INFO] - Epoch 228 step 43900/192: loss 2.263e-01
[20/04/26 19:33:31][src.callback.progress][INFO] - Epoch 228 step 43950/192: loss 2.360e-01
[20/04/26 19:33:37][src.callback.progress][INFO] - Epoch 228: v_recons 3.314e-01  recons 2.024e-01  v_loss 5.272e-01  loss 2.262e-01  v_latent 1.007e+00  latent 6.606e-01  v_kl 6.123e+01  kl 3.138e+01  v_contrastive 1.952e+00  contrastive 2.353e-01  v_t2m/len 1530  v_t2m/R01 16.6%  v_t2m/R02 22.03%  v_t2m/R03 29.47%  v_t2m/R05 37.7%  v_t2m/R10 50.77%  v_t2m/MedR 10.0%  v_m2t/len 1530  v_m2t/R01 18.88%  v_m2t/R02 21.44%  v_m2t/R03 29.73%  v_m2t/R05 38.04%  v_m2t/R10 49.79%  v_m2t/MedR 11.0%
[20/04/26 19:33:48][src.callback.progress][INFO] - Epoch 229 step 44000/192: loss 2.205e-01
[20/04/26 19:33:59][src.callback.progress][INFO] - Epoch 229 step 44050/192: loss 2.324e-01
[20/04/26 19:34:10][src.callback.progress][INFO] - Epoch 229 step 44100/192: loss 2.264e-01
[20/04/26 19:34:20][src.callback.progress][INFO] - Epoch 229 step 44150/192: loss 2.193e-01
[20/04/26 19:34:24][src.callback.progress][INFO] - Epoch 229: v_recons 3.317e-01  recons 2.033e-01  v_loss 5.313e-01  loss 2.270e-01  v_latent 1.008e+00  latent 6.630e-01  v_kl 6.146e+01  kl 3.143e+01  v_contrastive 1.990e+00  contrastive 2.336e-01  v_t2m/len 1530  v_t2m/R01 17.64%  v_t2m/R02 21.82%  v_t2m/R03 28.76%  v_t2m/R05 37.9%  v_t2m/R10 51.5%  v_t2m/MedR 10.0%  v_m2t/len 1530  v_m2t/R01 18.37%  v_m2t/R02 21.76%  v_m2t/R03 30.26%  v_m2t/R05 37.65%  v_m2t/R10 49.74%  v_m2t/MedR 11.0%
[20/04/26 19:34:37][src.callback.progress][INFO] - Epoch 230 step 44200/192: loss 2.736e-01
[20/04/26 19:34:48][src.callback.progress][INFO] - Epoch 230 step 44250/192: loss 2.064e-01
[20/04/26 19:34:58][src.callback.progress][INFO] - Epoch 230 step 44300/192: loss 2.297e-01
[20/04/26 19:35:09][src.callback.progress][INFO] - Epoch 230 step 44350/192: loss 2.298e-01
[20/04/26 19:35:11][src.callback.progress][INFO] - Epoch 230: v_recons 3.286e-01  recons 2.024e-01  v_loss 5.250e-01  loss 2.263e-01  v_latent 1.007e+00  latent 6.639e-01  v_kl 6.173e+01  kl 3.174e+01  v_contrastive 1.957e+00  contrastive 2.359e-01  v_t2m/len 1530  v_t2m/R01 17.52%  v_t2m/R02 22.75%  v_t2m/R03 29.79%  v_t2m/R05 38.75%  v_t2m/R10 50.84%  v_t2m/MedR 10.0%  v_m2t/len 1530  v_m2t/R01 17.78%  v_m2t/R02 20.12%  v_m2t/R03 28.17%  v_m2t/R05 36.34%  v_m2t/R10 50.06%  v_m2t/MedR 10.0%
[20/04/26 19:35:27][src.callback.progress][INFO] - Epoch 231 step 44400/192: loss 2.424e-01
[20/04/26 19:35:37][src.callback.progress][INFO] - Epoch 231 step 44450/192: loss 2.320e-01
[20/04/26 19:35:48][src.callback.progress][INFO] - Epoch 231 step 44500/192: loss 2.343e-01
[20/04/26 19:35:59][src.callback.progress][INFO] - Epoch 231: v_recons 3.323e-01  recons 2.029e-01  v_loss 5.299e-01  loss 2.270e-01  v_latent 1.010e+00  latent 6.652e-01  v_kl 6.237e+01  kl 3.181e+01  v_contrastive 1.969e+00  contrastive 2.382e-01  v_t2m/len 1530  v_t2m/R01 16.27%  v_t2m/R02 22.29%  v_t2m/R03 28.81%  v_t2m/R05 37.58%  v_t2m/R10 51.9%  v_t2m/MedR 10.0%  v_m2t/len 1530  v_m2t/R01 17.9%  v_m2t/R02 20.85%  v_m2t/R03 29.61%  v_m2t/R05 37.7%  v_m2t/R10 49.74%  v_m2t/MedR 11.0%
[20/04/26 19:36:06][src.callback.progress][INFO] - Epoch 232 step 44550/192: loss 2.102e-01
[20/04/26 19:36:16][src.callback.progress][INFO] - Epoch 232 step 44600/192: loss 2.083e-01
[20/04/26 19:36:27][src.callback.progress][INFO] - Epoch 232 step 44650/192: loss 2.193e-01
[20/04/26 19:36:37][src.callback.progress][INFO] - Epoch 232 step 44700/192: loss 1.966e-01
[20/04/26 19:36:46][src.callback.progress][INFO] - Epoch 232: v_recons 3.330e-01  recons 2.013e-01  v_loss 5.304e-01  loss 2.248e-01  v_latent 1.009e+00  latent 6.631e-01  v_kl 6.185e+01  kl 3.169e+01  v_contrastive 1.968e+00  contrastive 2.320e-01  v_t2m/len 1530  v_t2m/R01 16.86%  v_t2m/R02 23.32%  v_t2m/R03 31.56%  v_t2m/R05 38.56%  v_t2m/R10 52.09%  v_t2m/MedR 9.0%  v_m2t/len 1530  v_m2t/R01 19.35%  v_m2t/R02 22.68%  v_m2t/R03 30.32%  v_m2t/R05 37.65%  v_m2t/R10 49.27%  v_m2t/MedR 11.0%
[20/04/26 19:36:54][src.callback.progress][INFO] - Epoch 233 step 44750/192: loss 2.425e-01
[20/04/26 19:37:05][src.callback.progress][INFO] - Epoch 233 step 44800/192: loss 2.427e-01
[20/04/26 19:37:15][src.callback.progress][INFO] - Epoch 233 step 44850/192: loss 2.274e-01
[20/04/26 19:37:26][src.callback.progress][INFO] - Epoch 233 step 44900/192: loss 2.225e-01
[20/04/26 19:37:34][src.callback.progress][INFO] - Epoch 233: v_recons 3.341e-01  recons 2.021e-01  v_loss 5.365e-01  loss 2.259e-01  v_latent 1.020e+00  latent 6.623e-01  v_kl 6.355e+01  kl 3.175e+01  v_contrastive 2.017e+00  contrastive 2.341e-01  v_t2m/len 1530  v_t2m/R01 16.4%  v_t2m/R02 21.37%  v_t2m/R03 27.96%  v_t2m/R05 37.38%  v_t2m/R10 50.2%  v_t2m/MedR 10.0%  v_m2t/len 1530  v_m2t/R01 17.7%  v_m2t/R02 20.71%  v_m2t/R03 28.88%  v_m2t/R05 38.09%  v_m2t/R10 47.77%  v_m2t/MedR 11.0%
[20/04/26 19:37:43][src.callback.progress][INFO] - Epoch 234 step 44950/192: loss 2.260e-01
[20/04/26 19:37:54][src.callback.progress][INFO] - Epoch 234 step 45000/192: loss 1.960e-01
[20/04/26 19:38:04][src.callback.progress][INFO] - Epoch 234 step 45050/192: loss 2.294e-01
[20/04/26 19:38:15][src.callback.progress][INFO] - Epoch 234 step 45100/192: loss 2.131e-01
[20/04/26 19:38:21][src.callback.progress][INFO] - Epoch 234: v_recons 3.315e-01  recons 2.019e-01  v_loss 5.296e-01  loss 2.254e-01  v_latent 1.017e+00  latent 6.640e-01  v_kl 6.246e+01  kl 3.202e+01  v_contrastive 1.974e+00  contrastive 2.323e-01  v_t2m/len 1530  v_t2m/R01 16.07%  v_t2m/R02 20.71%  v_t2m/R03 28.55%  v_t2m/R05 35.95%  v_t2m/R10 49.79%  v_t2m/MedR 11.0%  v_m2t/len 1530  v_m2t/R01 18.04%  v_m2t/R02 21.04%  v_m2t/R03 28.69%  v_m2t/R05 36.4%  v_m2t/R10 47.58%  v_m2t/MedR 11.0%
[20/04/26 19:38:32][src.callback.progress][INFO] - Epoch 235 step 45150/192: loss 2.371e-01
[20/04/26 19:38:43][src.callback.progress][INFO] - Epoch 235 step 45200/192: loss 2.483e-01
[20/04/26 19:38:53][src.callback.progress][INFO] - Epoch 235 step 45250/192: loss 2.474e-01
[20/04/26 19:39:04][src.callback.progress][INFO] - Epoch 235 step 45300/192: loss 2.023e-01
[20/04/26 19:39:08][src.callback.progress][INFO] - Epoch 235: v_recons 3.335e-01  recons 2.018e-01  v_loss 5.323e-01  loss 2.254e-01  v_latent 1.018e+00  latent 6.662e-01  v_kl 6.284e+01  kl 3.197e+01  v_contrastive 1.981e+00  contrastive 2.331e-01  v_t2m/len 1530  v_t2m/R01 17.31%  v_t2m/R02 21.7%  v_t2m/R03 28.5%  v_t2m/R05 36.2%  v_t2m/R10 50.65%  v_t2m/MedR 10.0%  v_m2t/len 1530  v_m2t/R01 17.9%  v_m2t/R02 20.71%  v_m2t/R03 30.0%  v_m2t/R05 37.38%  v_m2t/R10 48.29%  v_m2t/MedR 11.0%
[20/04/26 19:39:21][src.callback.progress][INFO] - Epoch 236 step 45350/192: loss 2.107e-01
[20/04/26 19:39:31][src.callback.progress][INFO] - Epoch 236 step 45400/192: loss 2.417e-01
[20/04/26 19:39:42][src.callback.progress][INFO] - Epoch 236 step 45450/192: loss 2.164e-01
[20/04/26 19:39:52][src.callback.progress][INFO] - Epoch 236 step 45500/192: loss 2.130e-01
[20/04/26 19:39:55][src.callback.progress][INFO] - Epoch 236: v_recons 3.374e-01  recons 2.009e-01  v_loss 5.372e-01  loss 2.240e-01  v_latent 1.020e+00  latent 6.621e-01  v_kl 6.410e+01  kl 3.190e+01  v_contrastive 1.992e+00  contrastive 2.282e-01  v_t2m/len 1530  v_t2m/R01 16.2%  v_t2m/R02 21.23%  v_t2m/R03 28.37%  v_t2m/R05 36.59%  v_t2m/R10 49.61%  v_t2m/MedR 11.0%  v_m2t/len 1530  v_m2t/R01 18.23%  v_m2t/R02 21.23%  v_m2t/R03 29.4%  v_m2t/R05 37.31%  v_m2t/R10 48.43%  v_m2t/MedR 11.0%
[20/04/26 19:40:10][src.callback.progress][INFO] - Epoch 237 step 45550/192: loss 2.105e-01
[20/04/26 19:40:20][src.callback.progress][INFO] - Epoch 237 step 45600/192: loss 2.537e-01
[20/04/26 19:40:31][src.callback.progress][INFO] - Epoch 237 step 45650/192: loss 2.011e-01
[20/04/26 19:40:43][src.callback.progress][INFO] - Epoch 237: v_recons 3.328e-01  recons 2.012e-01  v_loss 5.324e-01  loss 2.245e-01  v_latent 1.021e+00  latent 6.640e-01  v_kl 6.289e+01  kl 3.215e+01  v_contrastive 1.989e+00  contrastive 2.298e-01  v_t2m/len 1530  v_t2m/R01 17.12%  v_t2m/R02 22.03%  v_t2m/R03 28.55%  v_t2m/R05 36.47%  v_t2m/R10 49.22%  v_t2m/MedR 11.0%  v_m2t/len 1530  v_m2t/R01 16.2%  v_m2t/R02 19.47%  v_m2t/R03 27.64%  v_m2t/R05 36.08%  v_m2t/R10 48.5%  v_m2t/MedR 11.0%
[20/04/26 19:40:48][src.callback.progress][INFO] - Epoch 238 step 45700/192: loss 2.305e-01
[20/04/26 19:40:59][src.callback.progress][INFO] - Epoch 238 step 45750/192: loss 2.191e-01
[20/04/26 19:41:09][src.callback.progress][INFO] - Epoch 238 step 45800/192: loss 2.361e-01
[20/04/26 19:41:20][src.callback.progress][INFO] - Epoch 238 step 45850/192: loss 2.114e-01
[20/04/26 19:41:30][src.callback.progress][INFO] - Epoch 238: v_recons 3.343e-01  recons 1.998e-01  v_loss 5.333e-01  loss 2.225e-01  v_latent 1.021e+00  latent 6.611e-01  v_kl 6.319e+01  kl 3.199e+01  v_contrastive 1.984e+00  contrastive 2.242e-01  v_t2m/len 1530  v_t2m/R01 15.88%  v_t2m/R02 21.04%  v_t2m/R03 28.62%  v_t2m/R05 37.45%  v_t2m/R10 49.93%  v_t2m/MedR 11.0%  v_m2t/len 1530  v_m2t/R01 18.23%  v_m2t/R02 21.23%  v_m2t/R03 29.07%  v_m2t/R05 37.31%  v_m2t/R10 49.34%  v_m2t/MedR 11.0%
[20/04/26 19:41:37][src.callback.progress][INFO] - Epoch 239 step 45900/192: loss 2.289e-01
[20/04/26 19:41:48][src.callback.progress][INFO] - Epoch 239 step 45950/192: loss 2.703e-01
[20/04/26 19:41:58][src.callback.progress][INFO] - Epoch 239 step 46000/192: loss 2.160e-01
[20/04/26 19:42:09][src.callback.progress][INFO] - Epoch 239 step 46050/192: loss 2.333e-01
[20/04/26 19:42:17][src.callback.progress][INFO] - Epoch 239: v_recons 3.321e-01  recons 2.004e-01  v_loss 5.307e-01  loss 2.236e-01  v_latent 1.021e+00  latent 6.639e-01  v_kl 6.321e+01  kl 3.194e+01  v_contrastive 1.979e+00  contrastive 2.284e-01  v_t2m/len 1530  v_t2m/R01 16.13%  v_t2m/R02 21.62%  v_t2m/R03 29.14%  v_t2m/R05 37.38%  v_t2m/R10 50.33%  v_t2m/MedR 10.0%  v_m2t/len 1530  v_m2t/R01 19.02%  v_m2t/R02 21.23%  v_m2t/R03 30.06%  v_m2t/R05 37.65%  v_m2t/R10 49.66%  v_m2t/MedR 11.0%
[20/04/26 19:42:27][src.callback.progress][INFO] - Epoch 240 step 46100/192: loss 2.376e-01
[20/04/26 19:42:37][src.callback.progress][INFO] - Epoch 240 step 46150/192: loss 2.303e-01
[20/04/26 19:42:48][src.callback.progress][INFO] - Epoch 240 step 46200/192: loss 2.295e-01
[20/04/26 19:42:58][src.callback.progress][INFO] - Epoch 240 step 46250/192: loss 2.180e-01
[20/04/26 19:43:05][src.callback.progress][INFO] - Epoch 240: v_recons 3.335e-01  recons 2.004e-01  v_loss 5.321e-01  loss 2.236e-01  v_latent 1.025e+00  latent 6.666e-01  v_kl 6.427e+01  kl 3.230e+01  v_contrastive 1.979e+00  contrastive 2.290e-01  v_t2m/len 1530  v_t2m/R01 15.88%  v_t2m/R02 20.59%  v_t2m/R03 28.5%  v_t2m/R05 35.81%  v_t2m/R10 49.54%  v_t2m/MedR 11.0%  v_m2t/len 1530  v_m2t/R01 17.96%  v_m2t/R02 20.85%  v_m2t/R03 28.62%  v_m2t/R05 36.54%  v_m2t/R10 48.16%  v_m2t/MedR 11.0%
[20/04/26 19:43:15][src.callback.progress][INFO] - Epoch 241 step 46300/192: loss 2.190e-01
[20/04/26 19:43:26][src.callback.progress][INFO] - Epoch 241 step 46350/192: loss 2.130e-01
[20/04/26 19:43:36][src.callback.progress][INFO] - Epoch 241 step 46400/192: loss 2.239e-01
[20/04/26 19:43:47][src.callback.progress][INFO] - Epoch 241 step 46450/192: loss 1.887e-01
[20/04/26 19:43:52][src.callback.progress][INFO] - Epoch 241: v_recons 3.347e-01  recons 2.004e-01  v_loss 5.355e-01  loss 2.233e-01  v_latent 1.026e+00  latent 6.648e-01  v_kl 6.379e+01  kl 3.223e+01  v_contrastive 2.002e+00  contrastive 2.258e-01  v_t2m/len 1530  v_t2m/R01 15.75%  v_t2m/R02 21.44%  v_t2m/R03 29.07%  v_t2m/R05 37.77%  v_t2m/R10 50.72%  v_t2m/MedR 10.0%  v_m2t/len 1530  v_m2t/R01 17.9%  v_m2t/R02 21.23%  v_m2t/R03 29.87%  v_m2t/R05 37.65%  v_m2t/R10 49.27%  v_m2t/MedR 11.0%
[20/04/26 19:44:05][src.callback.progress][INFO] - Epoch 242 step 46500/192: loss 2.307e-01
[20/04/26 19:44:15][src.callback.progress][INFO] - Epoch 242 step 46550/192: loss 2.043e-01
[20/04/26 19:44:26][src.callback.progress][INFO] - Epoch 242 step 46600/192: loss 2.112e-01
[20/04/26 19:44:36][src.callback.progress][INFO] - Epoch 242 step 46650/192: loss 2.225e-01
[20/04/26 19:44:39][src.callback.progress][INFO] - Epoch 242: v_recons 3.323e-01  recons 2.004e-01  v_loss 5.306e-01  loss 2.236e-01  v_latent 1.025e+00  latent 6.674e-01  v_kl 6.417e+01  kl 3.248e+01  v_contrastive 1.977e+00  contrastive 2.287e-01  v_t2m/len 1530  v_t2m/R01 17.52%  v_t2m/R02 21.44%  v_t2m/R03 29.54%  v_t2m/R05 37.65%  v_t2m/R10 51.18%  v_t2m/MedR 10.0%  v_m2t/len 1530  v_m2t/R01 17.78%  v_m2t/R02 20.92%  v_m2t/R03 30.26%  v_m2t/R05 37.45%  v_m2t/R10 49.66%  v_m2t/MedR 11.0%
[20/04/26 19:44:54][src.callback.progress][INFO] - Epoch 243 step 46700/192: loss 2.266e-01
[20/04/26 19:45:04][src.callback.progress][INFO] - Epoch 243 step 46750/192: loss 2.263e-01
[20/04/26 19:45:15][src.callback.progress][INFO] - Epoch 243 step 46800/192: loss 2.051e-01
[20/04/26 19:45:27][src.callback.progress][INFO] - Epoch 243: v_recons 3.349e-01  recons 1.992e-01  v_loss 5.323e-01  loss 2.216e-01  v_latent 1.023e+00  latent 6.644e-01  v_kl 6.398e+01  kl 3.242e+01  v_contrastive 1.968e+00  contrastive 2.210e-01  v_t2m/len 1530  v_t2m/R01 16.13%  v_t2m/R02 21.44%  v_t2m/R03 29.47%  v_t2m/R05 37.45%  v_t2m/R10 50.59%  v_t2m/MedR 10.0%  v_m2t/len 1530  v_m2t/R01 18.37%  v_m2t/R02 20.92%  v_m2t/R03 29.35%  v_m2t/R05 37.18%  v_m2t/R10 48.68%  v_m2t/MedR 11.0%
[20/04/26 19:45:32][src.callback.progress][INFO] - Epoch 244 step 46850/192: loss 2.615e-01
[20/04/26 19:45:42][src.callback.progress][INFO] - Epoch 244 step 46900/192: loss 1.973e-01
[20/04/26 19:45:53][src.callback.progress][INFO] - Epoch 244 step 46950/192: loss 2.223e-01
[20/04/26 19:46:03][src.callback.progress][INFO] - Epoch 244 step 47000/192: loss 2.237e-01
[20/04/26 19:46:14][src.callback.progress][INFO] - Epoch 244: v_recons 3.329e-01  recons 1.989e-01  v_loss 5.315e-01  loss 2.213e-01  v_latent 1.024e+00  latent 6.627e-01  v_kl 6.373e+01  kl 3.204e+01  v_contrastive 1.979e+00  contrastive 2.203e-01  v_t2m/len 1530  v_t2m/R01 17.31%  v_t2m/R02 22.87%  v_t2m/R03 29.61%  v_t2m/R05 37.7%  v_t2m/R10 49.74%  v_t2m/MedR 11.0%  v_m2t/len 1530  v_m2t/R01 18.43%  v_m2t/R02 21.3%  v_m2t/R03 30.85%  v_m2t/R05 37.06%  v_m2t/R10 48.63%  v_m2t/MedR 11.0%
[20/04/26 19:46:21][src.callback.progress][INFO] - Epoch 245 step 47050/192: loss 2.183e-01
[20/04/26 19:46:32][src.callback.progress][INFO] - Epoch 245 step 47100/192: loss 2.295e-01
[20/04/26 19:46:42][src.callback.progress][INFO] - Epoch 245 step 47150/192: loss 2.272e-01
[20/04/26 19:46:53][src.callback.progress][INFO] - Epoch 245 step 47200/192: loss 2.223e-01
[20/04/26 19:47:01][src.callback.progress][INFO] - Epoch 245: v_recons 3.305e-01  recons 1.997e-01  v_loss 5.294e-01  loss 2.220e-01  v_latent 1.033e+00  latent 6.653e-01  v_kl 6.510e+01  kl 3.235e+01  v_contrastive 1.983e+00  contrastive 2.195e-01  v_t2m/len 1530  v_t2m/R01 17.45%  v_t2m/R02 22.68%  v_t2m/R03 29.28%  v_t2m/R05 37.84%  v_t2m/R10 49.93%  v_t2m/MedR 11.0%  v_m2t/len 1530  v_m2t/R01 18.81%  v_m2t/R02 21.62%  v_m2t/R03 31.11%  v_m2t/R05 38.29%  v_m2t/R10 49.15%  v_m2t/MedR 11.0%
[20/04/26 19:47:11][src.callback.progress][INFO] - Epoch 246 step 47250/192: loss 2.313e-01
[20/04/26 19:47:21][src.callback.progress][INFO] - Epoch 246 step 47300/192: loss 2.000e-01
[20/04/26 19:47:32][src.callback.progress][INFO] - Epoch 246 step 47350/192: loss 2.140e-01
[20/04/26 19:47:42][src.callback.progress][INFO] - Epoch 246 step 47400/192: loss 2.348e-01
[20/04/26 19:47:49][src.callback.progress][INFO] - Epoch 246: v_recons 3.349e-01  recons 1.990e-01  v_loss 5.346e-01  loss 2.217e-01  v_latent 1.031e+00  latent 6.654e-01  v_kl 6.431e+01  kl 3.237e+01  v_contrastive 1.991e+00  contrastive 2.240e-01  v_t2m/len 1530  v_t2m/R01 17.12%  v_t2m/R02 22.29%  v_t2m/R03 28.5%  v_t2m/R05 37.58%  v_t2m/R10 50.52%  v_t2m/MedR 10.0%  v_m2t/len 1530  v_m2t/R01 17.52%  v_m2t/R02 20.85%  v_m2t/R03 29.07%  v_m2t/R05 36.93%  v_m2t/R10 48.09%  v_m2t/MedR 11.0%
[20/04/26 19:48:01][src.callback.progress][INFO] - Epoch 247 step 47450/192: loss 2.384e-01
[20/04/26 19:48:11][src.callback.progress][INFO] - Epoch 247 step 47500/192: loss 2.337e-01
[20/04/26 19:48:21][src.callback.progress][INFO] - Epoch 247 step 47550/192: loss 1.973e-01
[20/04/26 19:48:32][src.callback.progress][INFO] - Epoch 247 step 47600/192: loss 2.010e-01
[20/04/26 19:48:37][src.callback.progress][INFO] - Epoch 247: v_recons 3.325e-01  recons 1.979e-01  v_loss 5.302e-01  loss 2.199e-01  v_latent 1.028e+00  latent 6.608e-01  v_kl 6.456e+01  kl 3.217e+01  v_contrastive 1.971e+00  contrastive 2.167e-01  v_t2m/len 1530  v_t2m/R01 17.57%  v_t2m/R02 22.68%  v_t2m/R03 30.52%  v_t2m/R05 39.08%  v_t2m/R10 50.72%  v_t2m/MedR 10.0%  v_m2t/len 1530  v_m2t/R01 18.69%  v_m2t/R02 21.37%  v_m2t/R03 29.14%  v_m2t/R05 37.77%  v_m2t/R10 49.15%  v_m2t/MedR 11.0%
[20/04/26 19:48:49][src.callback.progress][INFO] - Epoch 248 step 47650/192: loss 2.365e-01
[20/04/26 19:48:59][src.callback.progress][INFO] - Epoch 248 step 47700/192: loss 2.119e-01
[20/04/26 19:49:10][src.callback.progress][INFO] - Epoch 248 step 47750/192: loss 2.579e-01
[20/04/26 19:49:20][src.callback.progress][INFO] - Epoch 248 step 47800/192: loss 2.021e-01
[20/04/26 19:49:24][src.callback.progress][INFO] - Epoch 248: v_recons 3.335e-01  recons 1.971e-01  v_loss 5.300e-01  loss 2.194e-01  v_latent 1.030e+00  latent 6.626e-01  v_kl 6.493e+01  kl 3.239e+01  v_contrastive 1.958e+00  contrastive 2.196e-01  v_t2m/len 1530  v_t2m/R01 16.6%  v_t2m/R02 22.8%  v_t2m/R03 30.92%  v_t2m/R05 37.97%  v_t2m/R10 50.38%  v_t2m/MedR 10.0%  v_m2t/len 1530  v_m2t/R01 20.0%  v_m2t/R02 23.13%  v_m2t/R03 30.0%  v_m2t/R05 36.4%  v_m2t/R10 49.4%  v_m2t/MedR 11.0%
[20/04/26 19:49:38][src.callback.progress][INFO] - Epoch 249 step 47850/192: loss 2.008e-01
[20/04/26 19:49:48][src.callback.progress][INFO] - Epoch 249 step 47900/192: loss 2.233e-01
[20/04/26 19:49:59][src.callback.progress][INFO] - Epoch 249 step 47950/192: loss 2.129e-01
[20/04/26 19:50:09][src.callback.progress][INFO] - Epoch 249 step 48000/192: loss 2.223e-01
[20/04/26 19:50:11][src.callback.progress][INFO] - Epoch 249: v_recons 3.316e-01  recons 1.971e-01  v_loss 5.314e-01  loss 2.192e-01  v_latent 1.030e+00  latent 6.624e-01  v_kl 6.481e+01  kl 3.249e+01  v_contrastive 1.991e+00  contrastive 2.172e-01  v_t2m/len 1530  v_t2m/R01 16.98%  v_t2m/R02 21.7%  v_t2m/R03 29.87%  v_t2m/R05 38.88%  v_t2m/R10 50.38%  v_t2m/MedR 10.0%  v_m2t/len 1530  v_m2t/R01 18.29%  v_m2t/R02 21.44%  v_m2t/R03 29.73%  v_m2t/R05 37.06%  v_m2t/R10 48.16%  v_m2t/MedR 11.0%
[20/04/26 19:50:27][src.callback.progress][INFO] - Epoch 250 step 48050/192: loss 2.061e-01
[20/04/26 19:50:38][src.callback.progress][INFO] - Epoch 250 step 48100/192: loss 2.080e-01
[20/04/26 19:50:48][src.callback.progress][INFO] - Epoch 250 step 48150/192: loss 2.137e-01
[20/04/26 19:50:59][src.callback.progress][INFO] - Epoch 250: v_recons 3.359e-01  recons 1.983e-01  v_loss 5.343e-01  loss 2.205e-01  v_latent 1.035e+00  latent 6.663e-01  v_kl 6.478e+01  kl 3.262e+01  v_contrastive 1.978e+00  contrastive 2.191e-01  v_t2m/len 1530  v_t2m/R01 16.34%  v_t2m/R02 21.82%  v_t2m/R03 29.61%  v_t2m/R05 37.97%  v_t2m/R10 50.97%  v_t2m/MedR 10.0%  v_m2t/len 1530  v_m2t/R01 17.64%  v_m2t/R02 20.0%  v_m2t/R03 29.14%  v_m2t/R05 37.25%  v_m2t/R10 48.95%  v_m2t/MedR 11.0%
[20/04/26 19:51:05][src.callback.progress][INFO] - Epoch 251 step 48200/192: loss 2.004e-01
[20/04/26 19:51:16][src.callback.progress][INFO] - Epoch 251 step 48250/192: loss 1.860e-01
[20/04/26 19:51:26][src.callback.progress][INFO] - Epoch 251 step 48300/192: loss 2.259e-01
[20/04/26 19:51:37][src.callback.progress][INFO] - Epoch 251 step 48350/192: loss 2.187e-01
[20/04/26 19:51:46][src.callback.progress][INFO] - Epoch 251: v_recons 3.321e-01  recons 1.977e-01  v_loss 5.282e-01  loss 2.200e-01  v_latent 1.032e+00  latent 6.644e-01  v_kl 6.419e+01  kl 3.227e+01  v_contrastive 1.954e+00  contrastive 2.193e-01  v_t2m/len 1530  v_t2m/R01 18.62%  v_t2m/R02 23.98%  v_t2m/R03 30.59%  v_t2m/R05 39.66%  v_t2m/R10 50.59%  v_t2m/MedR 10.0%  v_m2t/len 1530  v_m2t/R01 18.76%  v_m2t/R02 21.89%  v_m2t/R03 31.04%  v_m2t/R05 39.02%  v_m2t/R10 49.61%  v_m2t/MedR 11.0%
[20/04/26 19:51:54][src.callback.progress][INFO] - Epoch 252 step 48400/192: loss 2.128e-01
[20/04/26 19:52:05][src.callback.progress][INFO] - Epoch 252 step 48450/192: loss 2.180e-01
[20/04/26 19:52:15][src.callback.progress][INFO] - Epoch 252 step 48500/192: loss 2.316e-01
[20/04/26 19:52:26][src.callback.progress][INFO] - Epoch 252 step 48550/192: loss 2.337e-01
[20/04/26 19:52:33][src.callback.progress][INFO] - Epoch 252: v_recons 3.301e-01  recons 1.981e-01  v_loss 5.267e-01  loss 2.200e-01  v_latent 1.033e+00  latent 6.656e-01  v_kl 6.540e+01  kl 3.274e+01  v_contrastive 1.960e+00  contrastive 2.164e-01  v_t2m/len 1530  v_t2m/R01 18.1%  v_t2m/R02 23.39%  v_t2m/R03 30.2%  v_t2m/R05 38.16%  v_t2m/R10 50.59%  v_t2m/MedR 10.0%  v_m2t/len 1530  v_m2t/R01 19.14%  v_m2t/R02 21.23%  v_m2t/R03 29.93%  v_m2t/R05 37.84%  v_m2t/R10 48.75%  v_m2t/MedR 11.0%
[20/04/26 19:52:43][src.callback.progress][INFO] - Epoch 253 step 48600/192: loss 2.173e-01
[20/04/26 19:52:54][src.callback.progress][INFO] - Epoch 253 step 48650/192: loss 2.202e-01
[20/04/26 19:53:04][src.callback.progress][INFO] - Epoch 253 step 48700/192: loss 2.432e-01
[20/04/26 19:53:15][src.callback.progress][INFO] - Epoch 253 step 48750/192: loss 2.350e-01
[20/04/26 19:53:21][src.callback.progress][INFO] - Epoch 253: v_recons 3.320e-01  recons 1.992e-01  v_loss 5.278e-01  loss 2.218e-01  v_latent 1.039e+00  latent 6.714e-01  v_kl 6.505e+01  kl 3.333e+01  v_contrastive 1.952e+00  contrastive 2.224e-01  v_t2m/len 1530  v_t2m/R01 15.61%  v_t2m/R02 20.52%  v_t2m/R03 28.29%  v_t2m/R05 36.72%  v_t2m/R10 49.4%  v_t2m/MedR 11.0%  v_m2t/len 1530  v_m2t/R01 17.19%  v_m2t/R02 20.59%  v_m2t/R03 29.02%  v_m2t/R05 37.06%  v_m2t/R10 48.29%  v_m2t/MedR 11.0%
[20/04/26 19:53:32][src.callback.progress][INFO] - Epoch 254 step 48800/192: loss 2.276e-01
[20/04/26 19:53:43][src.callback.progress][INFO] - Epoch 254 step 48850/192: loss 2.518e-01
[20/04/26 19:53:53][src.callback.progress][INFO] - Epoch 254 step 48900/192: loss 2.421e-01
[20/04/26 19:54:03][src.callback.progress][INFO] - Epoch 254 step 48950/192: loss 2.028e-01
[20/04/26 19:54:07][src.callback.progress][INFO] - Epoch 254: v_recons 3.306e-01  recons 1.978e-01  v_loss 5.253e-01  loss 2.198e-01  v_latent 1.033e+00  latent 6.675e-01  v_kl 6.453e+01  kl 3.282e+01  v_contrastive 1.939e+00  contrastive 2.167e-01  v_t2m/len 1530  v_t2m/R01 16.98%  v_t2m/R02 22.09%  v_t2m/R03 30.85%  v_t2m/R05 39.47%  v_t2m/R10 51.43%  v_t2m/MedR 10.0%  v_m2t/len 1530  v_m2t/R01 18.95%  v_m2t/R02 21.7%  v_m2t/R03 29.73%  v_m2t/R05 38.43%  v_m2t/R10 48.95%  v_m2t/MedR 11.0%
[20/04/26 19:54:20][src.callback.progress][INFO] - Epoch 255 step 49000/192: loss 2.224e-01
[20/04/26 19:54:31][src.callback.progress][INFO] - Epoch 255 step 49050/192: loss 2.419e-01
[20/04/26 19:54:41][src.callback.progress][INFO] - Epoch 255 step 49100/192: loss 2.117e-01
[20/04/26 19:54:52][src.callback.progress][INFO] - Epoch 255 step 49150/192: loss 2.058e-01
[20/04/26 19:54:54][src.callback.progress][INFO] - Epoch 255: v_recons 3.331e-01  recons 1.969e-01  v_loss 5.304e-01  loss 2.190e-01  v_latent 1.043e+00  latent 6.661e-01  v_kl 6.568e+01  kl 3.291e+01  v_contrastive 1.966e+00  contrastive 2.174e-01  v_t2m/len 1530  v_t2m/R01 17.9%  v_t2m/R02 23.01%  v_t2m/R03 29.87%  v_t2m/R05 38.56%  v_t2m/R10 51.24%  v_t2m/MedR 10.0%  v_m2t/len 1530  v_m2t/R01 19.02%  v_m2t/R02 21.89%  v_m2t/R03 29.93%  v_m2t/R05 38.56%  v_m2t/R10 50.13%  v_m2t/MedR 10.0%
[20/04/26 19:55:09][src.callback.progress][INFO] - Epoch 256 step 49200/192: loss 2.058e-01
[20/04/26 19:55:20][src.callback.progress][INFO] - Epoch 256 step 49250/192: loss 2.366e-01
[20/04/26 19:55:30][src.callback.progress][INFO] - Epoch 256 step 49300/192: loss 2.156e-01
[20/04/26 19:55:41][src.callback.progress][INFO] - Epoch 256: v_recons 3.360e-01  recons 1.955e-01  v_loss 5.317e-01  loss 2.169e-01  v_latent 1.039e+00  latent 6.635e-01  v_kl 6.572e+01  kl 3.270e+01  v_contrastive 1.950e+00  contrastive 2.105e-01  v_t2m/len 1530  v_t2m/R01 16.4%  v_t2m/R02 21.44%  v_t2m/R03 29.28%  v_t2m/R05 37.58%  v_t2m/R10 50.52%  v_t2m/MedR 10.0%  v_m2t/len 1530  v_m2t/R01 18.62%  v_m2t/R02 21.37%  v_m2t/R03 30.06%  v_m2t/R05 37.9%  v_m2t/R10 50.0%  v_m2t/MedR 10.5%
[20/04/26 19:55:49][src.callback.progress][INFO] - Epoch 257 step 49350/192: loss 2.349e-01
[20/04/26 19:55:59][src.callback.progress][INFO] - Epoch 257 step 49400/192: loss 2.131e-01
[20/04/26 19:56:10][src.callback.progress][INFO] - Epoch 257 step 49450/192: loss 2.119e-01
[20/04/26 19:56:20][src.callback.progress][INFO] - Epoch 257 step 49500/192: loss 2.018e-01
[20/04/26 19:56:30][src.callback.progress][INFO] - Epoch 257: v_recons 3.339e-01  recons 1.960e-01  v_loss 5.289e-01  loss 2.177e-01  v_latent 1.032e+00  latent 6.638e-01  v_kl 6.526e+01  kl 3.264e+01  v_contrastive 1.943e+00  contrastive 2.141e-01  v_t2m/len 1530  v_t2m/R01 17.05%  v_t2m/R02 22.61%  v_t2m/R03 29.02%  v_t2m/R05 37.7%  v_t2m/R10 49.47%  v_t2m/MedR 11.0%  v_m2t/len 1530  v_m2t/R01 18.88%  v_m2t/R02 21.7%  v_m2t/R03 29.93%  v_m2t/R05 38.16%  v_m2t/R10 49.47%  v_m2t/MedR 11.0%
[20/04/26 19:56:38][src.callback.progress][INFO] - Epoch 258 step 49550/192: loss 2.057e-01
[20/04/26 19:56:48][src.callback.progress][INFO] - Epoch 258 step 49600/192: loss 2.081e-01
[20/04/26 19:56:59][src.callback.progress][INFO] - Epoch 258 step 49650/192: loss 2.044e-01
[20/04/26 19:57:09][src.callback.progress][INFO] - Epoch 258 step 49700/192: loss 2.273e-01
[20/04/26 19:57:17][src.callback.progress][INFO] - Epoch 258: v_recons 3.338e-01  recons 1.959e-01  v_loss 5.299e-01  loss 2.174e-01  v_latent 1.041e+00  latent 6.624e-01  v_kl 6.597e+01  kl 3.279e+01  v_contrastive 1.954e+00  contrastive 2.119e-01  v_t2m/len 1530  v_t2m/R01 16.54%  v_t2m/R02 21.62%  v_t2m/R03 29.93%  v_t2m/R05 37.77%  v_t2m/R10 49.93%  v_t2m/MedR 11.0%  v_m2t/len 1530  v_m2t/R01 18.29%  v_m2t/R02 21.37%  v_m2t/R03 29.47%  v_m2t/R05 37.97%  v_m2t/R10 49.93%  v_m2t/MedR 11.0%
[20/04/26 19:57:26][src.callback.progress][INFO] - Epoch 259 step 49750/192: loss 2.268e-01
[20/04/26 19:57:37][src.callback.progress][INFO] - Epoch 259 step 49800/192: loss 1.959e-01
[20/04/26 19:57:47][src.callback.progress][INFO] - Epoch 259 step 49850/192: loss 2.256e-01
[20/04/26 19:57:58][src.callback.progress][INFO] - Epoch 259 step 49900/192: loss 2.438e-01
[20/04/26 19:58:04][src.callback.progress][INFO] - Epoch 259: v_recons 3.336e-01  recons 1.956e-01  v_loss 5.310e-01  loss 2.167e-01  v_latent 1.041e+00  latent 6.629e-01  v_kl 6.631e+01  kl 3.293e+01  v_contrastive 1.968e+00  contrastive 2.076e-01  v_t2m/len 1530  v_t2m/R01 18.04%  v_t2m/R02 23.2%  v_t2m/R03 31.04%  v_t2m/R05 38.88%  v_t2m/R10 50.45%  v_t2m/MedR 10.0%  v_m2t/len 1530  v_m2t/R01 17.9%  v_m2t/R02 21.56%  v_m2t/R03 30.2%  v_m2t/R05 38.04%  v_m2t/R10 49.4%  v_m2t/MedR 11.0%
[20/04/26 19:58:15][src.callback.progress][INFO] - Epoch 260 step 49950/192: loss 1.746e-01
[20/04/26 19:58:26][src.callback.progress][INFO] - Epoch 260 step 50000/192: loss 2.227e-01
[20/04/26 19:58:36][src.callback.progress][INFO] - Epoch 260 step 50050/192: loss 2.045e-01
[20/04/26 19:58:47][src.callback.progress][INFO] - Epoch 260 step 50100/192: loss 2.138e-01
[20/04/26 19:58:51][src.callback.progress][INFO] - Epoch 260: v_recons 3.312e-01  recons 1.946e-01  v_loss 5.290e-01  loss 2.157e-01  v_latent 1.042e+00  latent 6.617e-01  v_kl 6.645e+01  kl 3.280e+01  v_contrastive 1.971e+00  contrastive 2.070e-01  v_t2m/len 1530  v_t2m/R01 17.05%  v_t2m/R02 22.09%  v_t2m/R03 30.59%  v_t2m/R05 38.63%  v_t2m/R10 50.91%  v_t2m/MedR 10.0%  v_m2t/len 1530  v_m2t/R01 18.1%  v_m2t/R02 21.11%  v_m2t/R03 29.4%  v_m2t/R05 37.31%  v_m2t/R10 49.54%  v_m2t/MedR 11.0%
[20/04/26 19:59:04][src.callback.progress][INFO] - Epoch 261 step 50150/192: loss 2.633e-01
[20/04/26 19:59:14][src.callback.progress][INFO] - Epoch 261 step 50200/192: loss 2.014e-01
[20/04/26 19:59:25][src.callback.progress][INFO] - Epoch 261 step 50250/192: loss 2.041e-01
[20/04/26 19:59:35][src.callback.progress][INFO] - Epoch 261 step 50300/192: loss 2.176e-01
[20/04/26 19:59:38][src.callback.progress][INFO] - Epoch 261: v_recons 3.337e-01  recons 1.952e-01  v_loss 5.342e-01  loss 2.165e-01  v_latent 1.046e+00  latent 6.625e-01  v_kl 6.721e+01  kl 3.297e+01  v_contrastive 1.998e+00  contrastive 2.096e-01  v_t2m/len 1530  v_t2m/R01 16.67%  v_t2m/R02 22.21%  v_t2m/R03 29.28%  v_t2m/R05 37.77%  v_t2m/R10 49.4%  v_t2m/MedR 11.0%  v_m2t/len 1530  v_m2t/R01 18.81%  v_m2t/R02 20.97%  v_m2t/R03 29.07%  v_m2t/R05 36.72%  v_m2t/R10 49.66%  v_m2t/MedR 11.0%
[20/04/26 19:59:53][src.callback.progress][INFO] - Epoch 262 step 50350/192: loss 2.027e-01
[20/04/26 20:00:04][src.callback.progress][INFO] - Epoch 262 step 50400/192: loss 2.358e-01
[20/04/26 20:00:14][src.callback.progress][INFO] - Epoch 262 step 50450/192: loss 2.287e-01
[20/04/26 20:00:26][src.callback.progress][INFO] - Epoch 262: v_recons 3.333e-01  recons 1.957e-01  v_loss 5.313e-01  loss 2.171e-01  v_latent 1.044e+00  latent 6.660e-01  v_kl 6.648e+01  kl 3.320e+01  v_contrastive 1.973e+00  contrastive 2.105e-01  v_t2m/len 1530  v_t2m/R01 17.7%  v_t2m/R02 21.82%  v_t2m/R03 29.61%  v_t2m/R05 37.97%  v_t2m/R10 50.84%  v_t2m/MedR 10.0%  v_m2t/len 1530  v_m2t/R01 19.4%  v_m2t/R02 21.82%  v_m2t/R03 29.93%  v_m2t/R05 37.38%  v_m2t/R10 49.74%  v_m2t/MedR 11.0%
[20/04/26 20:00:32][src.callback.progress][INFO] - Epoch 263 step 50500/192: loss 2.118e-01
[20/04/26 20:00:42][src.callback.progress][INFO] - Epoch 263 step 50550/192: loss 2.122e-01
[20/04/26 20:00:53][src.callback.progress][INFO] - Epoch 263 step 50600/192: loss 2.080e-01
[20/04/26 20:01:03][src.callback.progress][INFO] - Epoch 263 step 50650/192: loss 2.193e-01
[20/04/26 20:01:13][src.callback.progress][INFO] - Epoch 263: v_recons 3.341e-01  recons 1.956e-01  v_loss 5.311e-01  loss 2.167e-01  v_latent 1.048e+00  latent 6.662e-01  v_kl 6.759e+01  kl 3.341e+01  v_contrastive 1.963e+00  contrastive 2.078e-01  v_t2m/len 1530  v_t2m/R01 17.05%  v_t2m/R02 21.44%  v_t2m/R03 28.69%  v_t2m/R05 37.77%  v_t2m/R10 50.65%  v_t2m/MedR 10.0%  v_m2t/len 1530  v_m2t/R01 18.04%  v_m2t/R02 20.92%  v_m2t/R03 29.67%  v_m2t/R05 37.9%  v_m2t/R10 49.86%  v_m2t/MedR 11.0%
[20/04/26 20:01:20][src.callback.progress][INFO] - Epoch 264 step 50700/192: loss 2.042e-01
[20/04/26 20:01:31][src.callback.progress][INFO] - Epoch 264 step 50750/192: loss 2.088e-01
[20/04/26 20:01:41][src.callback.progress][INFO] - Epoch 264 step 50800/192: loss 2.189e-01
[20/04/26 20:01:52][src.callback.progress][INFO] - Epoch 264 step 50850/192: loss 2.269e-01
[20/04/26 20:02:00][src.callback.progress][INFO] - Epoch 264: v_recons 3.330e-01  recons 1.949e-01  v_loss 5.313e-01  loss 2.165e-01  v_latent 1.050e+00  latent 6.673e-01  v_kl 6.753e+01  kl 3.348e+01  v_contrastive 1.976e+00  contrastive 2.124e-01  v_t2m/len 1530  v_t2m/R01 18.55%  v_t2m/R02 23.45%  v_t2m/R03 31.04%  v_t2m/R05 38.04%  v_t2m/R10 50.65%  v_t2m/MedR 10.0%  v_m2t/len 1530  v_m2t/R01 18.29%  v_m2t/R02 21.44%  v_m2t/R03 30.38%  v_m2t/R05 37.9%  v_m2t/R10 48.68%  v_m2t/MedR 11.0%
[20/04/26 20:02:09][src.callback.progress][INFO] - Epoch 265 step 50900/192: loss 2.070e-01
[20/04/26 20:02:19][src.callback.progress][INFO] - Epoch 265 step 50950/192: loss 2.217e-01
[20/04/26 20:02:30][src.callback.progress][INFO] - Epoch 265 step 51000/192: loss 2.206e-01
[20/04/26 20:02:40][src.callback.progress][INFO] - Epoch 265 step 51050/192: loss 1.935e-01
[20/04/26 20:02:46][src.callback.progress][INFO] - Epoch 265: v_recons 3.340e-01  recons 1.945e-01  v_loss 5.312e-01  loss 2.158e-01  v_latent 1.049e+00  latent 6.660e-01  v_kl 6.833e+01  kl 3.330e+01  v_contrastive 1.965e+00  contrastive 2.097e-01  v_t2m/len 1530  v_t2m/R01 17.52%  v_t2m/R02 22.42%  v_t2m/R03 30.06%  v_t2m/R05 38.09%  v_t2m/R10 50.84%  v_t2m/MedR 10.0%  v_m2t/len 1530  v_m2t/R01 17.45%  v_m2t/R02 20.85%  v_m2t/R03 29.93%  v_m2t/R05 37.97%  v_m2t/R10 48.81%  v_m2t/MedR 11.0%
[20/04/26 20:02:58][src.callback.progress][INFO] - Epoch 266 step 51100/192: loss 1.981e-01
[20/04/26 20:03:08][src.callback.progress][INFO] - Epoch 266 step 51150/192: loss 2.129e-01
[20/04/26 20:03:19][src.callback.progress][INFO] - Epoch 266 step 51200/192: loss 1.828e-01
[20/04/26 20:03:29][src.callback.progress][INFO] - Epoch 266 step 51250/192: loss 2.072e-01
[20/04/26 20:03:34][src.callback.progress][INFO] - Epoch 266: v_recons 3.368e-01  recons 1.945e-01  v_loss 5.335e-01  loss 2.153e-01  v_latent 1.047e+00  latent 6.641e-01  v_kl 6.753e+01  kl 3.327e+01  v_contrastive 1.961e+00  contrastive 2.052e-01  v_t2m/len 1530  v_t2m/R01 17.25%  v_t2m/R02 22.35%  v_t2m/R03 29.4%  v_t2m/R05 37.18%  v_t2m/R10 49.93%  v_t2m/MedR 11.0%  v_m2t/len 1530  v_m2t/R01 18.88%  v_m2t/R02 21.04%  v_m2t/R03 31.37%  v_m2t/R05 38.16%  v_m2t/R10 49.22%  v_m2t/MedR 11.0%
[20/04/26 20:03:46][src.callback.progress][INFO] - Epoch 267 step 51300/192: loss 2.347e-01
[20/04/26 20:03:57][src.callback.progress][INFO] - Epoch 267 step 51350/192: loss 2.235e-01
[20/04/26 20:04:07][src.callback.progress][INFO] - Epoch 267 step 51400/192: loss 2.022e-01
[20/04/26 20:04:17][src.callback.progress][INFO] - Epoch 267 step 51450/192: loss 2.190e-01
[20/04/26 20:04:21][src.callback.progress][INFO] - Epoch 267: v_recons 3.363e-01  recons 1.941e-01  v_loss 5.354e-01  loss 2.147e-01  v_latent 1.055e+00  latent 6.638e-01  v_kl 6.848e+01  kl 3.325e+01  v_contrastive 1.984e+00  contrastive 2.033e-01  v_t2m/len 1530  v_t2m/R01 17.31%  v_t2m/R02 22.75%  v_t2m/R03 29.47%  v_t2m/R05 37.7%  v_t2m/R10 49.93%  v_t2m/MedR 11.0%  v_m2t/len 1530  v_m2t/R01 18.04%  v_m2t/R02 20.97%  v_m2t/R03 30.59%  v_m2t/R05 38.56%  v_m2t/R10 49.27%  v_m2t/MedR 11.0%
[20/04/26 20:04:35][src.callback.progress][INFO] - Epoch 268 step 51500/192: loss 2.192e-01
[20/04/26 20:04:45][src.callback.progress][INFO] - Epoch 268 step 51550/192: loss 1.963e-01
[20/04/26 20:04:56][src.callback.progress][INFO] - Epoch 268 step 51600/192: loss 2.250e-01
[20/04/26 20:05:08][src.callback.progress][INFO] - Epoch 268: v_recons 3.378e-01  recons 1.945e-01  v_loss 5.375e-01  loss 2.157e-01  v_latent 1.054e+00  latent 6.680e-01  v_kl 6.856e+01  kl 3.371e+01  v_contrastive 1.990e+00  contrastive 2.083e-01  v_t2m/len 1530  v_t2m/R01 16.79%  v_t2m/R02 21.44%  v_t2m/R03 28.43%  v_t2m/R05 36.4%  v_t2m/R10 49.74%  v_t2m/MedR 11.0%  v_m2t/len 1530  v_m2t/R01 19.21%  v_m2t/R02 21.95%  v_m2t/R03 29.02%  v_m2t/R05 37.31%  v_m2t/R10 46.54%  v_m2t/MedR 13.0%
[20/04/26 20:05:13][src.callback.progress][INFO] - Epoch 269 step 51650/192: loss 2.243e-01
[20/04/26 20:05:24][src.callback.progress][INFO] - Epoch 269 step 51700/192: loss 2.148e-01
[20/04/26 20:05:34][src.callback.progress][INFO] - Epoch 269 step 51750/192: loss 2.312e-01
[20/04/26 20:05:45][src.callback.progress][INFO] - Epoch 269 step 51800/192: loss 2.352e-01
[20/04/26 20:05:55][src.callback.progress][INFO] - Epoch 269: v_recons 3.364e-01  recons 1.956e-01  v_loss 5.347e-01  loss 2.168e-01  v_latent 1.059e+00  latent 6.679e-01  v_kl 6.799e+01  kl 3.361e+01  v_contrastive 1.976e+00  contrastive 2.078e-01  v_t2m/len 1530  v_t2m/R01 16.07%  v_t2m/R02 20.38%  v_t2m/R03 28.88%  v_t2m/R05 37.06%  v_t2m/R10 49.08%  v_t2m/MedR 11.0%  v_m2t/len 1530  v_m2t/R01 17.64%  v_m2t/R02 20.71%  v_m2t/R03 28.55%  v_m2t/R05 36.4%  v_m2t/R10 48.43%  v_m2t/MedR 11.0%
[20/04/26 20:06:02][src.callback.progress][INFO] - Epoch 270 step 51850/192: loss 2.203e-01
[20/04/26 20:06:13][src.callback.progress][INFO] - Epoch 270 step 51900/192: loss 2.265e-01
[20/04/26 20:06:23][src.callback.progress][INFO] - Epoch 270 step 51950/192: loss 2.110e-01
[20/04/26 20:06:34][src.callback.progress][INFO] - Epoch 270 step 52000/192: loss 2.071e-01
[20/04/26 20:06:42][src.callback.progress][INFO] - Epoch 270: v_recons 3.332e-01  recons 1.937e-01  v_loss 5.339e-01  loss 2.146e-01  v_latent 1.057e+00  latent 6.649e-01  v_kl 6.820e+01  kl 3.347e+01  v_contrastive 2.000e+00  contrastive 2.049e-01  v_t2m/len 1530  v_t2m/R01 16.6%  v_t2m/R02 22.94%  v_t2m/R03 29.73%  v_t2m/R05 37.97%  v_t2m/R10 49.22%  v_t2m/MedR 11.0%  v_m2t/len 1530  v_m2t/R01 18.62%  v_m2t/R02 21.62%  v_m2t/R03 29.21%  v_m2t/R05 36.72%  v_m2t/R10 47.18%  v_m2t/MedR 12.0%
[20/04/26 20:06:52][src.callback.progress][INFO] - Epoch 271 step 52050/192: loss 2.203e-01
[20/04/26 20:07:02][src.callback.progress][INFO] - Epoch 271 step 52100/192: loss 2.386e-01
[20/04/26 20:07:13][src.callback.progress][INFO] - Epoch 271 step 52150/192: loss 2.243e-01
[20/04/26 20:07:23][src.callback.progress][INFO] - Epoch 271 step 52200/192: loss 2.193e-01
[20/04/26 20:07:30][src.callback.progress][INFO] - Epoch 271: v_recons 3.355e-01  recons 1.934e-01  v_loss 5.353e-01  loss 2.140e-01  v_latent 1.058e+00  latent 6.639e-01  v_kl 6.927e+01  kl 3.347e+01  v_contrastive 1.991e+00  contrastive 2.024e-01  v_t2m/len 1530  v_t2m/R01 17.96%  v_t2m/R02 22.42%  v_t2m/R03 29.47%  v_t2m/R05 37.58%  v_t2m/R10 50.25%  v_t2m/MedR 10.0%  v_m2t/len 1530  v_m2t/R01 18.55%  v_m2t/R02 21.56%  v_m2t/R03 29.07%  v_m2t/R05 36.99%  v_m2t/R10 48.63%  v_m2t/MedR 11.0%
[20/04/26 20:07:40][src.callback.progress][INFO] - Epoch 272 step 52250/192: loss 2.003e-01
[20/04/26 20:07:51][src.callback.progress][INFO] - Epoch 272 step 52300/192: loss 2.107e-01
[20/04/26 20:08:02][src.callback.progress][INFO] - Epoch 272 step 52350/192: loss 2.177e-01
[20/04/26 20:08:12][src.callback.progress][INFO] - Epoch 272 step 52400/192: loss 2.006e-01
[20/04/26 20:08:17][src.callback.progress][INFO] - Epoch 272: v_recons 3.350e-01  recons 1.941e-01  v_loss 5.347e-01  loss 2.146e-01  v_latent 1.059e+00  latent 6.636e-01  v_kl 6.869e+01  kl 3.359e+01  v_contrastive 1.990e+00  contrastive 2.016e-01  v_t2m/len 1530  v_t2m/R01 17.31%  v_t2m/R02 21.95%  v_t2m/R03 29.47%  v_t2m/R05 38.09%  v_t2m/R10 49.86%  v_t2m/MedR 11.0%  v_m2t/len 1530  v_m2t/R01 18.69%  v_m2t/R02 21.04%  v_m2t/R03 30.78%  v_m2t/R05 36.47%  v_m2t/R10 48.5%  v_m2t/MedR 11.0%
[20/04/26 20:08:29][src.callback.progress][INFO] - Epoch 273 step 52450/192: loss 2.138e-01
[20/04/26 20:08:40][src.callback.progress][INFO] - Epoch 273 step 52500/192: loss 2.233e-01
[20/04/26 20:08:50][src.callback.progress][INFO] - Epoch 273 step 52550/192: loss 2.056e-01
[20/04/26 20:09:01][src.callback.progress][INFO] - Epoch 273 step 52600/192: loss 2.203e-01
[20/04/26 20:09:05][src.callback.progress][INFO] - Epoch 273: v_recons 3.335e-01  recons 1.932e-01  v_loss 5.325e-01  loss 2.139e-01  v_latent 1.059e+00  latent 6.644e-01  v_kl 6.845e+01  kl 3.375e+01  v_contrastive 1.982e+00  contrastive 2.034e-01  v_t2m/len 1530  v_t2m/R01 17.9%  v_t2m/R02 22.29%  v_t2m/R03 28.88%  v_t2m/R05 36.79%  v_t2m/R10 49.66%  v_t2m/MedR 11.0%  v_m2t/len 1530  v_m2t/R01 18.55%  v_m2t/R02 21.04%  v_m2t/R03 30.45%  v_m2t/R05 36.79%  v_m2t/R10 49.66%  v_m2t/MedR 11.0%
[20/04/26 20:09:19][src.callback.progress][INFO] - Epoch 274 step 52650/192: loss 2.079e-01
[20/04/26 20:09:29][src.callback.progress][INFO] - Epoch 274 step 52700/192: loss 2.021e-01
[20/04/26 20:09:40][src.callback.progress][INFO] - Epoch 274 step 52750/192: loss 2.155e-01
[20/04/26 20:09:50][src.callback.progress][INFO] - Epoch 274 step 52800/192: loss 2.043e-01
[20/04/26 20:09:52][src.callback.progress][INFO] - Epoch 274: v_recons 3.322e-01  recons 1.924e-01  v_loss 5.315e-01  loss 2.125e-01  v_latent 1.063e+00  latent 6.621e-01  v_kl 6.907e+01  kl 3.335e+01  v_contrastive 1.986e+00  contrastive 1.977e-01  v_t2m/len 1530  v_t2m/R01 17.25%  v_t2m/R02 22.15%  v_t2m/R03 30.2%  v_t2m/R05 36.99%  v_t2m/R10 48.88%  v_t2m/MedR 11.0%  v_m2t/len 1530  v_m2t/R01 18.1%  v_m2t/R02 21.04%  v_m2t/R03 30.12%  v_m2t/R05 37.45%  v_m2t/R10 48.63%  v_m2t/MedR 11.0%
[20/04/26 20:10:08][src.callback.progress][INFO] - Epoch 275 step 52850/192: loss 2.348e-01
[20/04/26 20:10:19][src.callback.progress][INFO] - Epoch 275 step 52900/192: loss 2.115e-01
[20/04/26 20:10:29][src.callback.progress][INFO] - Epoch 275 step 52950/192: loss 2.142e-01
[20/04/26 20:10:40][src.callback.progress][INFO] - Epoch 275: v_recons 3.364e-01  recons 1.928e-01  v_loss 5.360e-01  loss 2.131e-01  v_latent 1.062e+00  latent 6.655e-01  v_kl 6.951e+01  kl 3.392e+01  v_contrastive 1.989e+00  contrastive 1.998e-01  v_t2m/len 1530  v_t2m/R01 18.37%  v_t2m/R02 22.8%  v_t2m/R03 29.35%  v_t2m/R05 37.18%  v_t2m/R10 48.5%  v_t2m/MedR 11.0%  v_m2t/len 1530  v_m2t/R01 18.55%  v_m2t/R02 20.92%  v_m2t/R03 28.69%  v_m2t/R05 36.4%  v_m2t/R10 47.38%  v_m2t/MedR 11.0%
[20/04/26 20:10:46][src.callback.progress][INFO] - Epoch 276 step 53000/192: loss 2.187e-01
[20/04/26 20:10:57][src.callback.progress][INFO] - Epoch 276 step 53050/192: loss 2.009e-01
[20/04/26 20:11:08][src.callback.progress][INFO] - Epoch 276 step 53100/192: loss 2.028e-01
[20/04/26 20:11:18][src.callback.progress][INFO] - Epoch 276 step 53150/192: loss 2.110e-01
[20/04/26 20:11:27][src.callback.progress][INFO] - Epoch 276: v_recons 3.325e-01  recons 1.923e-01  v_loss 5.301e-01  loss 2.125e-01  v_latent 1.057e+00  latent 6.627e-01  v_kl 6.931e+01  kl 3.352e+01  v_contrastive 1.969e+00  contrastive 1.984e-01  v_t2m/len 1530  v_t2m/R01 17.45%  v_t2m/R02 22.75%  v_t2m/R03 29.87%  v_t2m/R05 36.86%  v_t2m/R10 49.66%  v_t2m/MedR 11.0%  v_m2t/len 1530  v_m2t/R01 19.35%  v_m2t/R02 21.89%  v_m2t/R03 30.45%  v_m2t/R05 38.09%  v_m2t/R10 49.15%  v_m2t/MedR 11.0%
[20/04/26 20:11:36][src.callback.progress][INFO] - Epoch 277 step 53200/192: loss 2.388e-01
[20/04/26 20:11:46][src.callback.progress][INFO] - Epoch 277 step 53250/192: loss 2.154e-01
[20/04/26 20:11:57][src.callback.progress][INFO] - Epoch 277 step 53300/192: loss 2.073e-01
[20/04/26 20:12:07][src.callback.progress][INFO] - Epoch 277 step 53350/192: loss 2.314e-01
[20/04/26 20:12:15][src.callback.progress][INFO] - Epoch 277: v_recons 3.357e-01  recons 1.911e-01  v_loss 5.335e-01  loss 2.111e-01  v_latent 1.061e+00  latent 6.616e-01  v_kl 6.907e+01  kl 3.343e+01  v_contrastive 1.970e+00  contrastive 1.974e-01  v_t2m/len 1530  v_t2m/R01 17.52%  v_t2m/R02 22.15%  v_t2m/R03 30.52%  v_t2m/R05 38.43%  v_t2m/R10 49.54%  v_t2m/MedR 11.0%  v_m2t/len 1530  v_m2t/R01 18.55%  v_m2t/R02 21.11%  v_m2t/R03 29.07%  v_m2t/R05 36.86%  v_m2t/R10 48.68%  v_m2t/MedR 11.0%
[20/04/26 20:12:24][src.callback.progress][INFO] - Epoch 278 step 53400/192: loss 2.241e-01
[20/04/26 20:12:35][src.callback.progress][INFO] - Epoch 278 step 53450/192: loss 1.720e-01
[20/04/26 20:12:45][src.callback.progress][INFO] - Epoch 278 step 53500/192: loss 2.170e-01
[20/04/26 20:12:56][src.callback.progress][INFO] - Epoch 278 step 53550/192: loss 2.021e-01
[20/04/26 20:13:01][src.callback.progress][INFO] - Epoch 278: v_recons 3.360e-01  recons 1.914e-01  v_loss 5.331e-01  loss 2.112e-01  v_latent 1.060e+00  latent 6.615e-01  v_kl 6.910e+01  kl 3.347e+01  v_contrastive 1.964e+00  contrastive 1.938e-01  v_t2m/len 1530  v_t2m/R01 19.28%  v_t2m/R02 23.01%  v_t2m/R03 28.95%  v_t2m/R05 37.84%  v_t2m/R10 50.06%  v_t2m/MedR 10.0%  v_m2t/len 1530  v_m2t/R01 19.73%  v_m2t/R02 22.15%  v_m2t/R03 29.87%  v_m2t/R05 37.38%  v_m2t/R10 49.02%  v_m2t/MedR 11.0%
[20/04/26 20:13:13][src.callback.progress][INFO] - Epoch 279 step 53600/192: loss 2.094e-01
[20/04/26 20:13:23][src.callback.progress][INFO] - Epoch 279 step 53650/192: loss 1.837e-01
[20/04/26 20:13:34][src.callback.progress][INFO] - Epoch 279 step 53700/192: loss 2.073e-01
[20/04/26 20:13:44][src.callback.progress][INFO] - Epoch 279 step 53750/192: loss 2.167e-01
[20/04/26 20:13:48][src.callback.progress][INFO] - Epoch 279: v_recons 3.339e-01  recons 1.913e-01  v_loss 5.354e-01  loss 2.110e-01  v_latent 1.066e+00  latent 6.607e-01  v_kl 6.933e+01  kl 3.357e+01  v_contrastive 2.008e+00  contrastive 1.937e-01  v_t2m/len 1530  v_t2m/R01 16.4%  v_t2m/R02 22.21%  v_t2m/R03 30.78%  v_t2m/R05 38.63%  v_t2m/R10 49.79%  v_t2m/MedR 11.0%  v_m2t/len 1530  v_m2t/R01 18.95%  v_m2t/R02 21.56%  v_m2t/R03 29.28%  v_m2t/R05 36.99%  v_m2t/R10 48.95%  v_m2t/MedR 11.0%
[20/04/26 20:14:01][src.callback.progress][INFO] - Epoch 280 step 53800/192: loss 2.189e-01
[20/04/26 20:14:12][src.callback.progress][INFO] - Epoch 280 step 53850/192: loss 2.315e-01
[20/04/26 20:14:22][src.callback.progress][INFO] - Epoch 280 step 53900/192: loss 2.003e-01
[20/04/26 20:14:32][src.callback.progress][INFO] - Epoch 280 step 53950/192: loss 2.095e-01
[20/04/26 20:14:35][src.callback.progress][INFO] - Epoch 280: v_recons 3.339e-01  recons 1.921e-01  v_loss 5.351e-01  loss 2.125e-01  v_latent 1.071e+00  latent 6.674e-01  v_kl 7.025e+01  kl 3.398e+01  v_contrastive 2.005e+00  contrastive 2.008e-01  v_t2m/len 1530  v_t2m/R01 18.23%  v_t2m/R02 22.87%  v_t2m/R03 30.52%  v_t2m/R05 37.84%  v_t2m/R10 50.06%  v_t2m/MedR 10.0%  v_m2t/len 1530  v_m2t/R01 18.62%  v_m2t/R02 21.3%  v_m2t/R03 29.21%  v_m2t/R05 37.06%  v_m2t/R10 49.08%  v_m2t/MedR 11.0%
[20/04/26 20:14:50][src.callback.progress][INFO] - Epoch 281 step 54000/192: loss 2.306e-01
[20/04/26 20:15:01][src.callback.progress][INFO] - Epoch 281 step 54050/192: loss 1.983e-01
[20/04/26 20:15:11][src.callback.progress][INFO] - Epoch 281 step 54100/192: loss 2.191e-01
[20/04/26 20:15:22][src.callback.progress][INFO] - Epoch 281: v_recons 3.350e-01  recons 1.913e-01  v_loss 5.368e-01  loss 2.114e-01  v_latent 1.078e+00  latent 6.660e-01  v_kl 7.109e+01  kl 3.404e+01  v_contrastive 2.010e+00  contrastive 1.975e-01  v_t2m/len 1530  v_t2m/R01 17.96%  v_t2m/R02 21.82%  v_t2m/R03 29.21%  v_t2m/R05 37.58%  v_t2m/R10 48.88%  v_t2m/MedR 11.0%  v_m2t/len 1530  v_m2t/R01 17.25%  v_m2t/R02 20.97%  v_m2t/R03 29.87%  v_m2t/R05 36.79%  v_m2t/R10 49.22%  v_m2t/MedR 11.0%
[20/04/26 20:15:28][src.callback.progress][INFO] - Epoch 282 step 54150/192: loss 2.194e-01
[20/04/26 20:15:39][src.callback.progress][INFO] - Epoch 282 step 54200/192: loss 2.242e-01
[20/04/26 20:15:49][src.callback.progress][INFO] - Epoch 282 step 54250/192: loss 2.103e-01
[20/04/26 20:16:00][src.callback.progress][INFO] - Epoch 282 step 54300/192: loss 2.054e-01
[20/04/26 20:16:09][src.callback.progress][INFO] - Epoch 282: v_recons 3.340e-01  recons 1.918e-01  v_loss 5.347e-01  loss 2.120e-01  v_latent 1.072e+00  latent 6.704e-01  v_kl 7.052e+01  kl 3.441e+01  v_contrastive 2.000e+00  contrastive 1.985e-01  v_t2m/len 1530  v_t2m/R01 16.72%  v_t2m/R02 21.23%  v_t2m/R03 27.9%  v_t2m/R05 37.06%  v_t2m/R10 48.75%  v_t2m/MedR 11.0%  v_m2t/len 1530  v_m2t/R01 17.64%  v_m2t/R02 20.85%  v_m2t/R03 28.88%  v_m2t/R05 36.72%  v_m2t/R10 48.36%  v_m2t/MedR 11.0%
[20/04/26 20:16:17][src.callback.progress][INFO] - Epoch 283 step 54350/192: loss 2.144e-01
[20/04/26 20:16:27][src.callback.progress][INFO] - Epoch 283 step 54400/192: loss 2.121e-01
[20/04/26 20:16:38][src.callback.progress][INFO] - Epoch 283 step 54450/192: loss 1.954e-01
[20/04/26 20:16:48][src.callback.progress][INFO] - Epoch 283 step 54500/192: loss 2.079e-01
[20/04/26 20:16:56][src.callback.progress][INFO] - Epoch 283: v_recons 3.358e-01  recons 1.917e-01  v_loss 5.374e-01  loss 2.115e-01  v_latent 1.074e+00  latent 6.653e-01  v_kl 7.038e+01  kl 3.385e+01  v_contrastive 2.009e+00  contrastive 1.945e-01  v_t2m/len 1530  v_t2m/R01 17.64%  v_t2m/R02 22.35%  v_t2m/R03 29.93%  v_t2m/R05 37.77%  v_t2m/R10 49.47%  v_t2m/MedR 11.0%  v_m2t/len 1530  v_m2t/R01 18.5%  v_m2t/R02 20.32%  v_m2t/R03 28.69%  v_m2t/R05 35.88%  v_m2t/R10 48.81%  v_m2t/MedR 11.0%
[20/04/26 20:17:05][src.callback.progress][INFO] - Epoch 284 step 54550/192: loss 2.205e-01
[20/04/26 20:17:16][src.callback.progress][INFO] - Epoch 284 step 54600/192: loss 2.017e-01
[20/04/26 20:17:26][src.callback.progress][INFO] - Epoch 284 step 54650/192: loss 2.035e-01
[20/04/26 20:17:36][src.callback.progress][INFO] - Epoch 284 step 54700/192: loss 2.210e-01
[20/04/26 20:17:42][src.callback.progress][INFO] - Epoch 284: v_recons 3.361e-01  recons 1.916e-01  v_loss 5.378e-01  loss 2.115e-01  v_latent 1.072e+00  latent 6.656e-01  v_kl 7.144e+01  kl 3.393e+01  v_contrastive 2.010e+00  contrastive 1.954e-01  v_t2m/len 1530  v_t2m/R01 17.52%  v_t2m/R02 22.15%  v_t2m/R03 29.93%  v_t2m/R05 36.93%  v_t2m/R10 49.08%  v_t2m/MedR 11.0%  v_m2t/len 1530  v_m2t/R01 17.64%  v_m2t/R02 20.64%  v_m2t/R03 28.62%  v_m2t/R05 35.36%  v_m2t/R10 49.15%  v_m2t/MedR 11.0%
[20/04/26 20:17:54][src.callback.progress][INFO] - Epoch 285 step 54750/192: loss 1.912e-01
[20/04/26 20:18:05][src.callback.progress][INFO] - Epoch 285 step 54800/192: loss 2.183e-01
[20/04/26 20:18:15][src.callback.progress][INFO] - Epoch 285 step 54850/192: loss 1.881e-01
[20/04/26 20:18:26][src.callback.progress][INFO] - Epoch 285 step 54900/192: loss 2.118e-01
[20/04/26 20:18:30][src.callback.progress][INFO] - Epoch 285: v_recons 3.380e-01  recons 1.913e-01  v_loss 5.384e-01  loss 2.112e-01  v_latent 1.072e+00  latent 6.678e-01  v_kl 7.050e+01  kl 3.443e+01  v_contrastive 1.997e+00  contrastive 1.954e-01  v_t2m/len 1530  v_t2m/R01 17.12%  v_t2m/R02 22.8%  v_t2m/R03 28.95%  v_t2m/R05 37.31%  v_t2m/R10 49.47%  v_t2m/MedR 11.0%  v_m2t/len 1530  v_m2t/R01 18.23%  v_m2t/R02 20.78%  v_m2t/R03 29.61%  v_m2t/R05 37.06%  v_m2t/R10 49.08%  v_m2t/MedR 11.0%
[20/04/26 20:18:43][src.callback.progress][INFO] - Epoch 286 step 54950/192: loss 1.883e-01
[20/04/26 20:18:53][src.callback.progress][INFO] - Epoch 286 step 55000/192: loss 2.221e-01
[20/04/26 20:19:04][src.callback.progress][INFO] - Epoch 286 step 55050/192: loss 2.186e-01
[20/04/26 20:19:14][src.callback.progress][INFO] - Epoch 286 step 55100/192: loss 2.143e-01
[20/04/26 20:19:17][src.callback.progress][INFO] - Epoch 286: v_recons 3.388e-01  recons 1.904e-01  v_loss 5.390e-01  loss 2.100e-01  v_latent 1.075e+00  latent 6.660e-01  v_kl 7.017e+01  kl 3.417e+01  v_contrastive 1.995e+00  contrastive 1.930e-01  v_t2m/len 1530  v_t2m/R01 16.67%  v_t2m/R02 21.18%  v_t2m/R03 29.47%  v_t2m/R05 37.58%  v_t2m/R10 49.54%  v_t2m/MedR 11.0%  v_m2t/len 1530  v_m2t/R01 17.57%  v_m2t/R02 20.97%  v_m2t/R03 28.95%  v_m2t/R05 36.13%  v_m2t/R10 48.68%  v_m2t/MedR 11.0%
[20/04/26 20:19:32][src.callback.progress][INFO] - Epoch 287 step 55150/192: loss 2.349e-01
[20/04/26 20:19:42][src.callback.progress][INFO] - Epoch 287 step 55200/192: loss 2.196e-01
[20/04/26 20:19:52][src.callback.progress][INFO] - Epoch 287 step 55250/192: loss 2.042e-01
[20/04/26 20:20:04][src.callback.progress][INFO] - Epoch 287: v_recons 3.381e-01  recons 1.902e-01  v_loss 5.377e-01  loss 2.096e-01  v_latent 1.076e+00  latent 6.628e-01  v_kl 7.054e+01  kl 3.370e+01  v_contrastive 1.989e+00  contrastive 1.912e-01  v_t2m/len 1530  v_t2m/R01 17.19%  v_t2m/R02 21.7%  v_t2m/R03 29.14%  v_t2m/R05 36.99%  v_t2m/R10 48.81%  v_t2m/MedR 11.0%  v_m2t/len 1530  v_m2t/R01 18.55%  v_m2t/R02 21.11%  v_m2t/R03 29.4%  v_m2t/R05 36.72%  v_m2t/R10 48.04%  v_m2t/MedR 12.0%
[20/04/26 20:20:10][src.callback.progress][INFO] - Epoch 288 step 55300/192: loss 1.858e-01
[20/04/26 20:20:20][src.callback.progress][INFO] - Epoch 288 step 55350/192: loss 2.053e-01
[20/04/26 20:20:30][src.callback.progress][INFO] - Epoch 288 step 55400/192: loss 2.237e-01
[20/04/26 20:20:41][src.callback.progress][INFO] - Epoch 288 step 55450/192: loss 1.947e-01
[20/04/26 20:20:51][src.callback.progress][INFO] - Epoch 288: v_recons 3.355e-01  recons 1.906e-01  v_loss 5.348e-01  loss 2.098e-01  v_latent 1.070e+00  latent 6.652e-01  v_kl 7.042e+01  kl 3.403e+01  v_contrastive 1.986e+00  contrastive 1.891e-01  v_t2m/len 1530  v_t2m/R01 17.64%  v_t2m/R02 22.03%  v_t2m/R03 30.45%  v_t2m/R05 37.65%  v_t2m/R10 49.34%  v_t2m/MedR 11.0%  v_m2t/len 1530  v_m2t/R01 17.84%  v_m2t/R02 20.26%  v_m2t/R03 28.23%  v_m2t/R05 36.13%  v_m2t/R10 47.84%  v_m2t/MedR 11.0%
[20/04/26 20:20:59][src.callback.progress][INFO] - Epoch 289 step 55500/192: loss 2.101e-01
[20/04/26 20:21:10][src.callback.progress][INFO] - Epoch 289 step 55550/192: loss 1.964e-01
[20/04/26 20:21:20][src.callback.progress][INFO] - Epoch 289 step 55600/192: loss 2.002e-01
[20/04/26 20:21:31][src.callback.progress][INFO] - Epoch 289 step 55650/192: loss 1.943e-01
[20/04/26 20:21:39][src.callback.progress][INFO] - Epoch 289: v_recons 3.370e-01  recons 1.910e-01  v_loss 5.361e-01  loss 2.105e-01  v_latent 1.079e+00  latent 6.651e-01  v_kl 7.101e+01  kl 3.403e+01  v_contrastive 1.984e+00  contrastive 1.914e-01  v_t2m/len 1530  v_t2m/R01 16.54%  v_t2m/R02 21.23%  v_t2m/R03 29.28%  v_t2m/R05 36.13%  v_t2m/R10 50.06%  v_t2m/MedR 10.0%  v_m2t/len 1530  v_m2t/R01 17.9%  v_m2t/R02 21.18%  v_m2t/R03 29.67%  v_m2t/R05 35.88%  v_m2t/R10 47.58%  v_m2t/MedR 11.0%
[20/04/26 20:21:50][src.callback.progress][INFO] - Epoch 290 step 55700/192: loss 2.241e-01
[20/04/26 20:22:01][src.callback.progress][INFO] - Epoch 290 step 55750/192: loss 1.937e-01
[20/04/26 20:22:11][src.callback.progress][INFO] - Epoch 290 step 55800/192: loss 2.126e-01
[20/04/26 20:22:22][src.callback.progress][INFO] - Epoch 290 step 55850/192: loss 2.120e-01
[20/04/26 20:22:28][src.callback.progress][INFO] - Epoch 290: v_recons 3.360e-01  recons 1.901e-01  v_loss 5.344e-01  loss 2.095e-01  v_latent 1.076e+00  latent 6.651e-01  v_kl 7.133e+01  kl 3.414e+01  v_contrastive 1.976e+00  contrastive 1.907e-01  v_t2m/len 1530  v_t2m/R01 17.84%  v_t2m/R02 22.68%  v_t2m/R03 30.0%  v_t2m/R05 37.65%  v_t2m/R10 49.22%  v_t2m/MedR 11.0%  v_m2t/len 1530  v_m2t/R01 18.88%  v_m2t/R02 21.5%  v_m2t/R03 29.67%  v_m2t/R05 36.54%  v_m2t/R10 48.81%  v_m2t/MedR 11.0%
[20/04/26 20:22:40][src.callback.progress][INFO] - Epoch 291 step 55900/192: loss 1.990e-01
[20/04/26 20:22:51][src.callback.progress][INFO] - Epoch 291 step 55950/192: loss 1.722e-01
[20/04/26 20:23:01][src.callback.progress][INFO] - Epoch 291 step 56000/192: loss 2.110e-01
[20/04/26 20:23:12][src.callback.progress][INFO] - Epoch 291 step 56050/192: loss 2.122e-01
[20/04/26 20:23:16][src.callback.progress][INFO] - Epoch 291: v_recons 3.343e-01  recons 1.898e-01  v_loss 5.353e-01  loss 2.092e-01  v_latent 1.082e+00  latent 6.643e-01  v_kl 7.169e+01  kl 3.418e+01  v_contrastive 2.003e+00  contrastive 1.898e-01  v_t2m/len 1530  v_t2m/R01 17.45%  v_t2m/R02 21.7%  v_t2m/R03 28.55%  v_t2m/R05 36.47%  v_t2m/R10 49.4%  v_t2m/MedR 11.0%  v_m2t/len 1530  v_m2t/R01 19.47%  v_m2t/R02 21.95%  v_m2t/R03 29.21%  v_m2t/R05 36.13%  v_m2t/R10 48.36%  v_m2t/MedR 11.0%
[20/04/26 20:23:29][src.callback.progress][INFO] - Epoch 292 step 56100/192: loss 2.160e-01
[20/04/26 20:23:39][src.callback.progress][INFO] - Epoch 292 step 56150/192: loss 1.968e-01
[20/04/26 20:23:50][src.callback.progress][INFO] - Epoch 292 step 56200/192: loss 2.156e-01
[20/04/26 20:24:00][src.callback.progress][INFO] - Epoch 292 step 56250/192: loss 2.273e-01
[20/04/26 20:24:03][src.callback.progress][INFO] - Epoch 292: v_recons 3.364e-01  recons 1.904e-01  v_loss 5.385e-01  loss 2.097e-01  v_latent 1.079e+00  latent 6.679e-01  v_kl 7.121e+01  kl 3.437e+01  v_contrastive 2.014e+00  contrastive 1.898e-01  v_t2m/len 1530  v_t2m/R01 17.05%  v_t2m/R02 22.75%  v_t2m/R03 29.79%  v_t2m/R05 37.52%  v_t2m/R10 49.22%  v_t2m/MedR 11.0%  v_m2t/len 1530  v_m2t/R01 18.62%  v_m2t/R02 21.44%  v_m2t/R03 28.88%  v_m2t/R05 36.72%  v_m2t/R10 47.31%  v_m2t/MedR 11.0%
[20/04/26 20:24:18][src.callback.progress][INFO] - Epoch 293 step 56300/192: loss 1.948e-01
[20/04/26 20:24:28][src.callback.progress][INFO] - Epoch 293 step 56350/192: loss 2.061e-01
[20/04/26 20:24:39][src.callback.progress][INFO] - Epoch 293 step 56400/192: loss 2.152e-01
[20/04/26 20:24:50][src.callback.progress][INFO] - Epoch 293: v_recons 3.362e-01  recons 1.902e-01  v_loss 5.373e-01  loss 2.095e-01  v_latent 1.084e+00  latent 6.662e-01  v_kl 7.225e+01  kl 3.431e+01  v_contrastive 2.004e+00  contrastive 1.899e-01  v_t2m/len 1530  v_t2m/R01 17.7%  v_t2m/R02 21.56%  v_t2m/R03 29.35%  v_t2m/R05 37.45%  v_t2m/R10 48.09%  v_t2m/MedR 11.0%  v_m2t/len 1530  v_m2t/R01 18.04%  v_m2t/R02 20.2%  v_m2t/R03 29.61%  v_m2t/R05 36.59%  v_m2t/R10 48.29%  v_m2t/MedR 11.0%
[20/04/26 20:24:56][src.callback.progress][INFO] - Epoch 294 step 56450/192: loss 2.196e-01
[20/04/26 20:25:07][src.callback.progress][INFO] - Epoch 294 step 56500/192: loss 2.632e-01
[20/04/26 20:25:17][src.callback.progress][INFO] - Epoch 294 step 56550/192: loss 2.049e-01
[20/04/26 20:25:27][src.callback.progress][INFO] - Epoch 294 step 56600/192: loss 2.120e-01
[20/04/26 20:25:38][src.callback.progress][INFO] - Epoch 294: v_recons 3.368e-01  recons 1.899e-01  v_loss 5.371e-01  loss 2.094e-01  v_latent 1.085e+00  latent 6.683e-01  v_kl 7.180e+01  kl 3.461e+01  v_contrastive 1.996e+00  contrastive 1.917e-01  v_t2m/len 1530  v_t2m/R01 16.46%  v_t2m/R02 22.15%  v_t2m/R03 28.04%  v_t2m/R05 36.99%  v_t2m/R10 48.75%  v_t2m/MedR 11.0%  v_m2t/len 1530  v_m2t/R01 17.64%  v_m2t/R02 20.32%  v_m2t/R03 28.5%  v_m2t/R05 37.77%  v_m2t/R10 47.97%  v_m2t/MedR 11.0%
[20/04/26 20:25:45][src.callback.progress][INFO] - Epoch 295 step 56650/192: loss 2.114e-01
[20/04/26 20:25:55][src.callback.progress][INFO] - Epoch 295 step 56700/192: loss 2.267e-01
[20/04/26 20:26:06][src.callback.progress][INFO] - Epoch 295 step 56750/192: loss 1.933e-01
[20/04/26 20:26:16][src.callback.progress][INFO] - Epoch 295 step 56800/192: loss 1.884e-01
[20/04/26 20:26:25][src.callback.progress][INFO] - Epoch 295: v_recons 3.409e-01  recons 1.900e-01  v_loss 5.403e-01  loss 2.094e-01  v_latent 1.078e+00  latent 6.698e-01  v_kl 7.303e+01  kl 3.472e+01  v_contrastive 1.986e+00  contrastive 1.902e-01  v_t2m/len 1530  v_t2m/R01 17.9%  v_t2m/R02 22.47%  v_t2m/R03 29.79%  v_t2m/R05 36.13%  v_t2m/R10 50.33%  v_t2m/MedR 10.0%  v_m2t/len 1530  v_m2t/R01 19.67%  v_m2t/R02 22.15%  v_m2t/R03 29.07%  v_m2t/R05 36.0%  v_m2t/R10 48.56%  v_m2t/MedR 11.0%
[20/04/26 20:26:34][src.callback.progress][INFO] - Epoch 296 step 56850/192: loss 1.908e-01
[20/04/26 20:26:45][src.callback.progress][INFO] - Epoch 296 step 56900/192: loss 2.028e-01
[20/04/26 20:26:55][src.callback.progress][INFO] - Epoch 296 step 56950/192: loss 2.021e-01
[20/04/26 20:27:06][src.callback.progress][INFO] - Epoch 296 step 57000/192: loss 2.167e-01
[20/04/26 20:27:12][src.callback.progress][INFO] - Epoch 296: v_recons 3.371e-01  recons 1.895e-01  v_loss 5.353e-01  loss 2.087e-01  v_latent 1.080e+00  latent 6.655e-01  v_kl 7.180e+01  kl 3.450e+01  v_contrastive 1.975e+00  contrastive 1.890e-01  v_t2m/len 1530  v_t2m/R01 16.46%  v_t2m/R02 20.45%  v_t2m/R03 28.55%  v_t2m/R05 37.7%  v_t2m/R10 49.34%  v_t2m/MedR 11.0%  v_m2t/len 1530  v_m2t/R01 18.23%  v_m2t/R02 20.59%  v_m2t/R03 28.95%  v_m2t/R05 36.86%  v_m2t/R10 49.02%  v_m2t/MedR 11.0%
[20/04/26 20:27:23][src.callback.progress][INFO] - Epoch 297 step 57050/192: loss 1.896e-01
[20/04/26 20:27:34][src.callback.progress][INFO] - Epoch 297 step 57100/192: loss 2.148e-01
[20/04/26 20:27:44][src.callback.progress][INFO] - Epoch 297 step 57150/192: loss 1.863e-01
[20/04/26 20:27:54][src.callback.progress][INFO] - Epoch 297 step 57200/192: loss 1.770e-01
[20/04/26 20:28:00][src.callback.progress][INFO] - Epoch 297: v_recons 3.359e-01  recons 1.888e-01  v_loss 5.352e-01  loss 2.074e-01  v_latent 1.079e+00  latent 6.628e-01  v_kl 7.239e+01  kl 3.426e+01  v_contrastive 1.986e+00  contrastive 1.818e-01  v_t2m/len 1530  v_t2m/R01 18.23%  v_t2m/R02 22.54%  v_t2m/R03 29.93%  v_t2m/R05 37.45%  v_t2m/R10 49.93%  v_t2m/MedR 11.0%  v_m2t/len 1530  v_m2t/R01 19.02%  v_m2t/R02 21.56%  v_m2t/R03 28.95%  v_m2t/R05 36.59%  v_m2t/R10 48.24%  v_m2t/MedR 11.0%
[20/04/26 20:28:12][src.callback.progress][INFO] - Epoch 298 step 57250/192: loss 1.823e-01
[20/04/26 20:28:22][src.callback.progress][INFO] - Epoch 298 step 57300/192: loss 1.934e-01
[20/04/26 20:28:33][src.callback.progress][INFO] - Epoch 298 step 57350/192: loss 2.052e-01
[20/04/26 20:28:43][src.callback.progress][INFO] - Epoch 298 step 57400/192: loss 1.852e-01
[20/04/26 20:28:47][src.callback.progress][INFO] - Epoch 298: v_recons 3.360e-01  recons 1.881e-01  v_loss 5.345e-01  loss 2.065e-01  v_latent 1.082e+00  latent 6.587e-01  v_kl 7.145e+01  kl 3.400e+01  v_contrastive 1.977e+00  contrastive 1.807e-01  v_t2m/len 1530  v_t2m/R01 18.37%  v_t2m/R02 22.03%  v_t2m/R03 28.95%  v_t2m/R05 39.02%  v_t2m/R10 50.0%  v_t2m/MedR 10.5%  v_m2t/len 1530  v_m2t/R01 18.76%  v_m2t/R02 21.04%  v_m2t/R03 28.95%  v_m2t/R05 37.06%  v_m2t/R10 48.43%  v_m2t/MedR 11.0%
[20/04/26 20:29:01][src.callback.progress][INFO] - Epoch 299 step 57450/192: loss 2.068e-01
[20/04/26 20:29:11][src.callback.progress][INFO] - Epoch 299 step 57500/192: loss 2.411e-01
[20/04/26 20:29:22][src.callback.progress][INFO] - Epoch 299 step 57550/192: loss 1.815e-01
[20/04/26 20:29:32][src.callback.progress][INFO] - Epoch 299 step 57600/192: loss 2.010e-01
[20/04/26 20:29:34][src.callback.progress][INFO] - Epoch 299: v_recons 3.369e-01  recons 1.877e-01  v_loss 5.378e-01  loss 2.061e-01  v_latent 1.086e+00  latent 6.599e-01  v_kl 7.330e+01  kl 3.405e+01  v_contrastive 2.002e+00  contrastive 1.805e-01  v_t2m/len 1530  v_t2m/R01 17.64%  v_t2m/R02 22.29%  v_t2m/R03 30.0%  v_t2m/R05 37.58%  v_t2m/R10 47.97%  v_t2m/MedR 11.0%  v_m2t/len 1530  v_m2t/R01 19.02%  v_m2t/R02 21.5%  v_m2t/R03 29.4%  v_m2t/R05 37.9%  v_m2t/R10 48.63%  v_m2t/MedR 11.0%
[20/04/26 20:29:50][src.callback.progress][INFO] - Epoch 300 step 57650/192: loss 2.262e-01
[20/04/26 20:30:01][src.callback.progress][INFO] - Epoch 300 step 57700/192: loss 1.991e-01
[20/04/26 20:30:11][src.callback.progress][INFO] - Epoch 300 step 57750/192: loss 2.129e-01
[20/04/26 20:30:22][src.callback.progress][INFO] - Epoch 300: v_recons 3.378e-01  recons 1.875e-01  v_loss 5.382e-01  loss 2.062e-01  v_latent 1.084e+00  latent 6.617e-01  v_kl 7.213e+01  kl 3.414e+01  v_contrastive 1.996e+00  contrastive 1.830e-01  v_t2m/len 1530  v_t2m/R01 17.31%  v_t2m/R02 23.45%  v_t2m/R03 30.71%  v_t2m/R05 38.88%  v_t2m/R10 50.72%  v_t2m/MedR 10.0%  v_m2t/len 1530  v_m2t/R01 19.07%  v_m2t/R02 22.29%  v_m2t/R03 30.97%  v_m2t/R05 38.36%  v_m2t/R10 48.56%  v_m2t/MedR 11.0%
[20/04/26 20:30:28][src.callback.progress][INFO] - Epoch 301 step 57800/192: loss 2.220e-01
[20/04/26 20:30:39][src.callback.progress][INFO] - Epoch 301 step 57850/192: loss 1.958e-01
[20/04/26 20:30:49][src.callback.progress][INFO] - Epoch 301 step 57900/192: loss 2.248e-01
[20/04/26 20:31:00][src.callback.progress][INFO] - Epoch 301 step 57950/192: loss 2.253e-01
[20/04/26 20:31:09][src.callback.progress][INFO] - Epoch 301: v_recons 3.360e-01  recons 1.874e-01  v_loss 5.369e-01  loss 2.059e-01  v_latent 1.095e+00  latent 6.630e-01  v_kl 7.345e+01  kl 3.436e+01  v_contrastive 2.002e+00  contrastive 1.813e-01  v_t2m/len 1530  v_t2m/R01 16.67%  v_t2m/R02 21.76%  v_t2m/R03 28.69%  v_t2m/R05 37.06%  v_t2m/R10 49.93%  v_t2m/MedR 11.0%  v_m2t/len 1530  v_m2t/R01 18.43%  v_m2t/R02 21.5%  v_m2t/R03 30.52%  v_m2t/R05 37.84%  v_m2t/R10 48.04%  v_m2t/MedR 11.0%
[20/04/26 20:31:17][src.callback.progress][INFO] - Epoch 302 step 58000/192: loss 1.929e-01
[20/04/26 20:31:27][src.callback.progress][INFO] - Epoch 302 step 58050/192: loss 2.138e-01
[20/04/26 20:31:38][src.callback.progress][INFO] - Epoch 302 step 58100/192: loss 1.870e-01
[20/04/26 20:31:48][src.callback.progress][INFO] - Epoch 302 step 58150/192: loss 1.960e-01
[20/04/26 20:31:55][src.callback.progress][INFO] - Epoch 302: v_recons 3.366e-01  recons 1.885e-01  v_loss 5.381e-01  loss 2.074e-01  v_latent 1.093e+00  latent 6.667e-01  v_kl 7.236e+01  kl 3.461e+01  v_contrastive 2.008e+00  contrastive 1.856e-01  v_t2m/len 1530  v_t2m/R01 16.4%  v_t2m/R02 20.85%  v_t2m/R03 28.55%  v_t2m/R05 37.25%  v_t2m/R10 49.79%  v_t2m/MedR 11.0%  v_m2t/len 1530  v_m2t/R01 18.95%  v_m2t/R02 21.56%  v_m2t/R03 28.95%  v_m2t/R05 36.47%  v_m2t/R10 49.22%  v_m2t/MedR 11.0%
[20/04/26 20:32:06][src.callback.progress][INFO] - Epoch 303 step 58200/192: loss 2.117e-01
[20/04/26 20:32:16][src.callback.progress][INFO] - Epoch 303 step 58250/192: loss 2.112e-01
[20/04/26 20:32:26][src.callback.progress][INFO] - Epoch 303 step 58300/192: loss 1.912e-01
[20/04/26 20:32:37][src.callback.progress][INFO] - Epoch 303 step 58350/192: loss 2.170e-01
[20/04/26 20:32:42][src.callback.progress][INFO] - Epoch 303: v_recons 3.378e-01  recons 1.884e-01  v_loss 5.394e-01  loss 2.074e-01  v_latent 1.089e+00  latent 6.672e-01  v_kl 7.291e+01  kl 3.495e+01  v_contrastive 2.008e+00  contrastive 1.866e-01  v_t2m/len 1530  v_t2m/R01 17.57%  v_t2m/R02 23.53%  v_t2m/R03 29.47%  v_t2m/R05 38.09%  v_t2m/R10 50.25%  v_t2m/MedR 10.0%  v_m2t/len 1530  v_m2t/R01 19.02%  v_m2t/R02 22.15%  v_m2t/R03 30.32%  v_m2t/R05 37.38%  v_m2t/R10 49.15%  v_m2t/MedR 11.0%
[20/04/26 20:32:54][src.callback.progress][INFO] - Epoch 304 step 58400/192: loss 2.122e-01
[20/04/26 20:33:04][src.callback.progress][INFO] - Epoch 304 step 58450/192: loss 2.080e-01
[20/04/26 20:33:15][src.callback.progress][INFO] - Epoch 304 step 58500/192: loss 2.054e-01
[20/04/26 20:33:25][src.callback.progress][INFO] - Epoch 304 step 58550/192: loss 2.157e-01
[20/04/26 20:33:29][src.callback.progress][INFO] - Epoch 304: v_recons 3.365e-01  recons 1.882e-01  v_loss 5.376e-01  loss 2.068e-01  v_latent 1.094e+00  latent 6.656e-01  v_kl 7.273e+01  kl 3.449e+01  v_contrastive 2.004e+00  contrastive 1.828e-01  v_t2m/len 1530  v_t2m/R01 15.61%  v_t2m/R02 21.62%  v_t2m/R03 29.67%  v_t2m/R05 36.86%  v_t2m/R10 50.13%  v_t2m/MedR 10.0%  v_m2t/len 1530  v_m2t/R01 18.29%  v_m2t/R02 20.64%  v_m2t/R03 28.69%  v_m2t/R05 36.99%  v_m2t/R10 48.88%  v_m2t/MedR 11.0%
[20/04/26 20:33:42][src.callback.progress][INFO] - Epoch 305 step 58600/192: loss 1.936e-01
[20/04/26 20:33:53][src.callback.progress][INFO] - Epoch 305 step 58650/192: loss 1.989e-01
[20/04/26 20:34:03][src.callback.progress][INFO] - Epoch 305 step 58700/192: loss 1.962e-01
[20/04/26 20:34:14][src.callback.progress][INFO] - Epoch 305 step 58750/192: loss 2.058e-01
[20/04/26 20:34:16][src.callback.progress][INFO] - Epoch 305: v_recons 3.366e-01  recons 1.882e-01  v_loss 5.364e-01  loss 2.069e-01  v_latent 1.090e+00  latent 6.661e-01  v_kl 7.369e+01  kl 3.451e+01  v_contrastive 1.990e+00  contrastive 1.841e-01  v_t2m/len 1530  v_t2m/R01 16.4%  v_t2m/R02 22.42%  v_t2m/R03 30.26%  v_t2m/R05 38.81%  v_t2m/R10 49.79%  v_t2m/MedR 11.0%  v_m2t/len 1530  v_m2t/R01 18.29%  v_m2t/R02 21.44%  v_m2t/R03 29.54%  v_m2t/R05 37.45%  v_m2t/R10 48.63%  v_m2t/MedR 11.0%
[20/04/26 20:34:32][src.callback.progress][INFO] - Epoch 306 step 58800/192: loss 2.016e-01
[20/04/26 20:34:42][src.callback.progress][INFO] - Epoch 306 step 58850/192: loss 2.420e-01
[20/04/26 20:34:52][src.callback.progress][INFO] - Epoch 306 step 58900/192: loss 1.934e-01
[20/04/26 20:35:03][src.callback.progress][INFO] - Epoch 306: v_recons 3.331e-01  recons 1.875e-01  v_loss 5.316e-01  loss 2.059e-01  v_latent 1.086e+00  latent 6.640e-01  v_kl 7.205e+01  kl 3.457e+01  v_contrastive 1.978e+00  contrastive 1.810e-01  v_t2m/len 1530  v_t2m/R01 17.57%  v_t2m/R02 23.45%  v_t2m/R03 30.64%  v_t2m/R05 37.77%  v_t2m/R10 49.61%  v_t2m/MedR 11.0%  v_m2t/len 1530  v_m2t/R01 19.21%  v_m2t/R02 21.7%  v_m2t/R03 29.79%  v_m2t/R05 38.16%  v_m2t/R10 50.13%  v_m2t/MedR 10.0%
[20/04/26 20:35:11][src.callback.progress][INFO] - Epoch 307 step 58950/192: loss 2.031e-01
[20/04/26 20:35:21][src.callback.progress][INFO] - Epoch 307 step 59000/192: loss 2.097e-01
[20/04/26 20:35:32][src.callback.progress][INFO] - Epoch 307 step 59050/192: loss 1.940e-01
[20/04/26 20:35:42][src.callback.progress][INFO] - Epoch 307 step 59100/192: loss 2.146e-01
[20/04/26 20:35:52][src.callback.progress][INFO] - Epoch 307: v_recons 3.354e-01  recons 1.873e-01  v_loss 5.339e-01  loss 2.056e-01  v_latent 1.086e+00  latent 6.639e-01  v_kl 7.288e+01  kl 3.474e+01  v_contrastive 1.977e+00  contrastive 1.790e-01  v_t2m/len 1530  v_t2m/R01 19.47%  v_t2m/R02 25.22%  v_t2m/R03 31.7%  v_t2m/R05 38.81%  v_t2m/R10 50.72%  v_t2m/MedR 10.0%  v_m2t/len 1530  v_m2t/R01 19.79%  v_m2t/R02 22.42%  v_m2t/R03 30.12%  v_m2t/R05 37.45%  v_m2t/R10 48.68%  v_m2t/MedR 11.0%
[20/04/26 20:35:59][src.callback.progress][INFO] - Epoch 308 step 59150/192: loss 2.039e-01
[20/04/26 20:36:10][src.callback.progress][INFO] - Epoch 308 step 59200/192: loss 2.251e-01
[20/04/26 20:36:20][src.callback.progress][INFO] - Epoch 308 step 59250/192: loss 1.947e-01
[20/04/26 20:36:31][src.callback.progress][INFO] - Epoch 308 step 59300/192: loss 1.987e-01
[20/04/26 20:36:38][src.callback.progress][INFO] - Epoch 308: v_recons 3.384e-01  recons 1.875e-01  v_loss 5.373e-01  loss 2.058e-01  v_latent 1.092e+00  latent 6.648e-01  v_kl 7.358e+01  kl 3.472e+01  v_contrastive 1.981e+00  contrastive 1.798e-01  v_t2m/len 1530  v_t2m/R01 17.84%  v_t2m/R02 21.89%  v_t2m/R03 29.14%  v_t2m/R05 37.11%  v_t2m/R10 50.13%  v_t2m/MedR 10.0%  v_m2t/len 1530  v_m2t/R01 17.84%  v_m2t/R02 20.0%  v_m2t/R03 29.35%  v_m2t/R05 37.58%  v_m2t/R10 48.63%  v_m2t/MedR 11.0%
[20/04/26 20:36:48][src.callback.progress][INFO] - Epoch 309 step 59350/192: loss 1.972e-01
[20/04/26 20:36:58][src.callback.progress][INFO] - Epoch 309 step 59400/192: loss 2.479e-01
[20/04/26 20:37:09][src.callback.progress][INFO] - Epoch 309 step 59450/192: loss 2.266e-01
[20/04/26 20:37:19][src.callback.progress][INFO] - Epoch 309 step 59500/192: loss 2.048e-01
[20/04/26 20:37:25][src.callback.progress][INFO] - Epoch 309: v_recons 3.371e-01  recons 1.879e-01  v_loss 5.397e-01  loss 2.067e-01  v_latent 1.093e+00  latent 6.668e-01  v_kl 7.341e+01  kl 3.492e+01  v_contrastive 2.019e+00  contrastive 1.845e-01  v_t2m/len 1530  v_t2m/R01 17.19%  v_t2m/R02 21.62%  v_t2m/R03 29.54%  v_t2m/R05 36.27%  v_t2m/R10 50.38%  v_t2m/MedR 10.0%  v_m2t/len 1530  v_m2t/R01 18.81%  v_m2t/R02 21.44%  v_m2t/R03 28.76%  v_m2t/R05 36.93%  v_m2t/R10 49.34%  v_m2t/MedR 11.0%
[20/04/26 20:37:36][src.callback.progress][INFO] - Epoch 310 step 59550/192: loss 2.145e-01
[20/04/26 20:37:47][src.callback.progress][INFO] - Epoch 310 step 59600/192: loss 2.115e-01
[20/04/26 20:37:57][src.callback.progress][INFO] - Epoch 310 step 59650/192: loss 2.254e-01
[20/04/26 20:38:07][src.callback.progress][INFO] - Epoch 310 step 59700/192: loss 2.182e-01
[20/04/26 20:38:12][src.callback.progress][INFO] - Epoch 310: v_recons 3.383e-01  recons 1.872e-01  v_loss 5.398e-01  loss 2.058e-01  v_latent 1.095e+00  latent 6.681e-01  v_kl 7.471e+01  kl 3.514e+01  v_contrastive 2.008e+00  contrastive 1.819e-01  v_t2m/len 1530  v_t2m/R01 18.23%  v_t2m/R02 23.27%  v_t2m/R03 30.45%  v_t2m/R05 38.43%  v_t2m/R10 50.38%  v_t2m/MedR 10.0%  v_m2t/len 1530  v_m2t/R01 19.14%  v_m2t/R02 21.7%  v_m2t/R03 29.87%  v_m2t/R05 37.06%  v_m2t/R10 48.5%  v_m2t/MedR 11.0%
[20/04/26 20:38:25][src.callback.progress][INFO] - Epoch 311 step 59750/192: loss 2.158e-01
[20/04/26 20:38:35][src.callback.progress][INFO] - Epoch 311 step 59800/192: loss 1.921e-01
[20/04/26 20:38:46][src.callback.progress][INFO] - Epoch 311 step 59850/192: loss 1.835e-01
[20/04/26 20:38:56][src.callback.progress][INFO] - Epoch 311 step 59900/192: loss 2.128e-01
[20/04/26 20:38:59][src.callback.progress][INFO] - Epoch 311: v_recons 3.378e-01  recons 1.879e-01  v_loss 5.393e-01  loss 2.068e-01  v_latent 1.098e+00  latent 6.696e-01  v_kl 7.461e+01  kl 3.523e+01  v_contrastive 2.008e+00  contrastive 1.853e-01  v_t2m/len 1530  v_t2m/R01 17.84%  v_t2m/R02 21.62%  v_t2m/R03 30.0%  v_t2m/R05 37.58%  v_t2m/R10 49.79%  v_t2m/MedR 11.0%  v_m2t/len 1530  v_m2t/R01 17.64%  v_m2t/R02 19.61%  v_m2t/R03 28.95%  v_m2t/R05 37.31%  v_m2t/R10 48.68%  v_m2t/MedR 11.0%
[20/04/26 20:39:16][src.callback.progress][INFO] - Epoch 312 step 59950/192: loss 2.236e-01
[20/04/26 20:39:26][src.callback.progress][INFO] - Epoch 312 step 60000/192: loss 2.136e-01
[20/04/26 20:39:37][src.callback.progress][INFO] - Epoch 312 step 60050/192: loss 2.127e-01
[20/04/26 20:39:48][src.callback.progress][INFO] - Epoch 312: v_recons 3.397e-01  recons 1.871e-01  v_loss 5.422e-01  loss 2.055e-01  v_latent 1.100e+00  latent 6.666e-01  v_kl 7.573e+01  kl 3.504e+01  v_contrastive 2.018e+00  contrastive 1.810e-01  v_t2m/len 1530  v_t2m/R01 18.1%  v_t2m/R02 23.39%  v_t2m/R03 29.87%  v_t2m/R05 38.04%  v_t2m/R10 49.54%  v_t2m/MedR 11.0%  v_m2t/len 1530  v_m2t/R01 18.76%  v_m2t/R02 21.11%  v_m2t/R03 29.73%  v_m2t/R05 36.54%  v_m2t/R10 49.4%  v_m2t/MedR 11.0%
[20/04/26 20:39:55][src.callback.progress][INFO] - Epoch 313 step 60100/192: loss 2.066e-01
[20/04/26 20:40:06][src.callback.progress][INFO] - Epoch 313 step 60150/192: loss 2.258e-01
[20/04/26 20:40:16][src.callback.progress][INFO] - Epoch 313 step 60200/192: loss 2.137e-01
[20/04/26 20:40:27][src.callback.progress][INFO] - Epoch 313 step 60250/192: loss 2.014e-01
[20/04/26 20:40:37][src.callback.progress][INFO] - Epoch 313: v_recons 3.372e-01  recons 1.862e-01  v_loss 5.359e-01  loss 2.040e-01  v_latent 1.095e+00  latent 6.624e-01  v_kl 7.376e+01  kl 3.476e+01  v_contrastive 1.980e+00  contrastive 1.748e-01  v_t2m/len 1530  v_t2m/R01 17.38%  v_t2m/R02 22.42%  v_t2m/R03 30.38%  v_t2m/R05 38.29%  v_t2m/R10 50.25%  v_t2m/MedR 10.0%  v_m2t/len 1530  v_m2t/R01 18.55%  v_m2t/R02 21.62%  v_m2t/R03 30.52%  v_m2t/R05 37.38%  v_m2t/R10 48.95%  v_m2t/MedR 11.0%
[20/04/26 20:40:44][src.callback.progress][INFO] - Epoch 314 step 60300/192: loss 2.115e-01
[20/04/26 20:40:54][src.callback.progress][INFO] - Epoch 314 step 60350/192: loss 1.833e-01
[20/04/26 20:41:05][src.callback.progress][INFO] - Epoch 314 step 60400/192: loss 1.960e-01
[20/04/26 20:41:15][src.callback.progress][INFO] - Epoch 314 step 60450/192: loss 1.936e-01
[20/04/26 20:41:24][src.callback.progress][INFO] - Epoch 314: v_recons 3.368e-01  recons 1.849e-01  v_loss 5.347e-01  loss 2.025e-01  v_latent 1.093e+00  latent 6.596e-01  v_kl 7.410e+01  kl 3.469e+01  v_contrastive 1.971e+00  contrastive 1.729e-01  v_t2m/len 1530  v_t2m/R01 18.04%  v_t2m/R02 23.2%  v_t2m/R03 30.71%  v_t2m/R05 37.97%  v_t2m/R10 51.24%  v_t2m/MedR 10.0%  v_m2t/len 1530  v_m2t/R01 18.81%  v_m2t/R02 21.37%  v_m2t/R03 30.38%  v_m2t/R05 37.31%  v_m2t/R10 48.36%  v_m2t/MedR 11.0%
[20/04/26 20:41:33][src.callback.progress][INFO] - Epoch 315 step 60500/192: loss 2.078e-01
[20/04/26 20:41:44][src.callback.progress][INFO] - Epoch 315 step 60550/192: loss 2.031e-01
[20/04/26 20:41:55][src.callback.progress][INFO] - Epoch 315 step 60600/192: loss 1.827e-01
[20/04/26 20:42:05][src.callback.progress][INFO] - Epoch 315 step 60650/192: loss 1.917e-01
[20/04/26 20:42:12][src.callback.progress][INFO] - Epoch 315: v_recons 3.386e-01  recons 1.858e-01  v_loss 5.400e-01  loss 2.032e-01  v_latent 1.099e+00  latent 6.581e-01  v_kl 7.499e+01  kl 3.452e+01  v_contrastive 2.006e+00  contrastive 1.705e-01  v_t2m/len 1530  v_t2m/R01 17.12%  v_t2m/R02 22.09%  v_t2m/R03 30.45%  v_t2m/R05 38.75%  v_t2m/R10 50.13%  v_t2m/MedR 10.0%  v_m2t/len 1530  v_m2t/R01 19.54%  v_m2t/R02 21.95%  v_m2t/R03 29.73%  v_m2t/R05 37.9%  v_m2t/R10 48.68%  v_m2t/MedR 11.0%
[20/04/26 20:42:23][src.callback.progress][INFO] - Epoch 316 step 60700/192: loss 1.965e-01
[20/04/26 20:42:33][src.callback.progress][INFO] - Epoch 316 step 60750/192: loss 1.951e-01
[20/04/26 20:42:44][src.callback.progress][INFO] - Epoch 316 step 60800/192: loss 2.249e-01
[20/04/26 20:42:54][src.callback.progress][INFO] - Epoch 316 step 60850/192: loss 2.245e-01
[20/04/26 20:42:59][src.callback.progress][INFO] - Epoch 316: v_recons 3.344e-01  recons 1.853e-01  v_loss 5.373e-01  loss 2.031e-01  v_latent 1.104e+00  latent 6.588e-01  v_kl 7.438e+01  kl 3.460e+01  v_contrastive 2.022e+00  contrastive 1.744e-01  v_t2m/len 1530  v_t2m/R01 17.12%  v_t2m/R02 23.06%  v_t2m/R03 30.32%  v_t2m/R05 37.52%  v_t2m/R10 50.13%  v_t2m/MedR 10.0%  v_m2t/len 1530  v_m2t/R01 19.14%  v_m2t/R02 21.95%  v_m2t/R03 30.85%  v_m2t/R05 38.5%  v_m2t/R10 48.63%  v_m2t/MedR 11.0%
[20/04/26 20:43:11][src.callback.progress][INFO] - Epoch 317 step 60900/192: loss 2.086e-01
[20/04/26 20:43:22][src.callback.progress][INFO] - Epoch 317 step 60950/192: loss 2.155e-01
[20/04/26 20:43:32][src.callback.progress][INFO] - Epoch 317 step 61000/192: loss 2.213e-01
[20/04/26 20:43:43][src.callback.progress][INFO] - Epoch 317 step 61050/192: loss 2.270e-01
[20/04/26 20:43:46][src.callback.progress][INFO] - Epoch 317: v_recons 3.375e-01  recons 1.854e-01  v_loss 5.408e-01  loss 2.029e-01  v_latent 1.104e+00  latent 6.613e-01  v_kl 7.502e+01  kl 3.484e+01  v_contrastive 2.026e+00  contrastive 1.717e-01  v_t2m/len 1530  v_t2m/R01 17.12%  v_t2m/R02 22.54%  v_t2m/R03 30.2%  v_t2m/R05 37.97%  v_t2m/R10 49.74%  v_t2m/MedR 11.0%  v_m2t/len 1530  v_m2t/R01 18.81%  v_m2t/R02 21.89%  v_m2t/R03 29.07%  v_m2t/R05 37.18%  v_m2t/R10 49.15%  v_m2t/MedR 11.0%
[20/04/26 20:44:01][src.callback.progress][INFO] - Epoch 318 step 61100/192: loss 1.932e-01
[20/04/26 20:44:11][src.callback.progress][INFO] - Epoch 318 step 61150/192: loss 1.822e-01
[20/04/26 20:44:21][src.callback.progress][INFO] - Epoch 318 step 61200/192: loss 2.043e-01
[20/04/26 20:44:33][src.callback.progress][INFO] - Epoch 318: v_recons 3.389e-01  recons 1.851e-01  v_loss 5.392e-01  loss 2.028e-01  v_latent 1.103e+00  latent 6.615e-01  v_kl 7.531e+01  kl 3.487e+01  v_contrastive 1.995e+00  contrastive 1.729e-01  v_t2m/len 1530  v_t2m/R01 18.69%  v_t2m/R02 23.13%  v_t2m/R03 30.38%  v_t2m/R05 37.58%  v_t2m/R10 49.86%  v_t2m/MedR 11.0%  v_m2t/len 1530  v_m2t/R01 18.5%  v_m2t/R02 20.52%  v_m2t/R03 29.61%  v_m2t/R05 37.11%  v_m2t/R10 49.54%  v_m2t/MedR 11.0%
[20/04/26 20:44:39][src.callback.progress][INFO] - Epoch 319 step 61250/192: loss 2.190e-01
[20/04/26 20:44:49][src.callback.progress][INFO] - Epoch 319 step 61300/192: loss 1.644e-01
[20/04/26 20:44:59][src.callback.progress][INFO] - Epoch 319 step 61350/192: loss 2.184e-01
[20/04/26 20:45:10][src.callback.progress][INFO] - Epoch 319 step 61400/192: loss 2.057e-01
[20/04/26 20:45:20][src.callback.progress][INFO] - Epoch 319: v_recons 3.374e-01  recons 1.841e-01  v_loss 5.387e-01  loss 2.015e-01  v_latent 1.106e+00  latent 6.579e-01  v_kl 7.560e+01  kl 3.486e+01  v_contrastive 2.005e+00  contrastive 1.701e-01  v_t2m/len 1530  v_t2m/R01 19.54%  v_t2m/R02 23.53%  v_t2m/R03 30.06%  v_t2m/R05 36.27%  v_t2m/R10 50.77%  v_t2m/MedR 10.0%  v_m2t/len 1530  v_m2t/R01 19.21%  v_m2t/R02 22.21%  v_m2t/R03 30.26%  v_m2t/R05 37.65%  v_m2t/R10 49.27%  v_m2t/MedR 11.0%
[20/04/26 20:45:27][src.callback.progress][INFO] - Epoch 320 step 61450/192: loss 1.910e-01
[20/04/26 20:45:38][src.callback.progress][INFO] - Epoch 320 step 61500/192: loss 2.026e-01
[20/04/26 20:45:48][src.callback.progress][INFO] - Epoch 320 step 61550/192: loss 1.848e-01
[20/04/26 20:45:58][src.callback.progress][INFO] - Epoch 320 step 61600/192: loss 1.896e-01
[20/04/26 20:46:07][src.callback.progress][INFO] - Epoch 320: v_recons 3.397e-01  recons 1.858e-01  v_loss 5.424e-01  loss 2.034e-01  v_latent 1.107e+00  latent 6.647e-01  v_kl 7.526e+01  kl 3.528e+01  v_contrastive 2.019e+00  contrastive 1.725e-01  v_t2m/len 1530  v_t2m/R01 17.84%  v_t2m/R02 23.79%  v_t2m/R03 30.85%  v_t2m/R05 38.88%  v_t2m/R10 50.06%  v_t2m/MedR 10.0%  v_m2t/len 1530  v_m2t/R01 17.84%  v_m2t/R02 20.45%  v_m2t/R03 29.07%  v_m2t/R05 37.65%  v_m2t/R10 49.02%  v_m2t/MedR 11.0%
[20/04/26 20:46:16][src.callback.progress][INFO] - Epoch 321 step 61650/192: loss 2.117e-01
[20/04/26 20:46:26][src.callback.progress][INFO] - Epoch 321 step 61700/192: loss 1.850e-01
[20/04/26 20:46:36][src.callback.progress][INFO] - Epoch 321 step 61750/192: loss 1.999e-01
[20/04/26 20:46:47][src.callback.progress][INFO] - Epoch 321 step 61800/192: loss 1.985e-01
[20/04/26 20:46:53][src.callback.progress][INFO] - Epoch 321: v_recons 3.340e-01  recons 1.873e-01  v_loss 5.347e-01  loss 2.057e-01  v_latent 1.106e+00  latent 6.731e-01  v_kl 7.580e+01  kl 3.560e+01  v_contrastive 1.999e+00  contrastive 1.808e-01  v_t2m/len 1530  v_t2m/R01 16.6%  v_t2m/R02 22.15%  v_t2m/R03 29.54%  v_t2m/R05 37.18%  v_t2m/R10 49.27%  v_t2m/MedR 11.0%  v_m2t/len 1530  v_m2t/R01 18.55%  v_m2t/R02 21.11%  v_m2t/R03 30.45%  v_m2t/R05 37.06%  v_m2t/R10 49.08%  v_m2t/MedR 11.0%
[20/04/26 20:47:04][src.callback.progress][INFO] - Epoch 322 step 61850/192: loss 1.930e-01
[20/04/26 20:47:15][src.callback.progress][INFO] - Epoch 322 step 61900/192: loss 2.285e-01
[20/04/26 20:47:25][src.callback.progress][INFO] - Epoch 322 step 61950/192: loss 2.168e-01
[20/04/26 20:47:35][src.callback.progress][INFO] - Epoch 322 step 62000/192: loss 1.887e-01
[20/04/26 20:47:41][src.callback.progress][INFO] - Epoch 322: v_recons 3.398e-01  recons 1.848e-01  v_loss 5.423e-01  loss 2.027e-01  v_latent 1.110e+00  latent 6.641e-01  v_kl 7.531e+01  kl 3.512e+01  v_contrastive 2.017e+00  contrastive 1.745e-01  v_t2m/len 1530  v_t2m/R01 16.6%  v_t2m/R02 21.62%  v_t2m/R03 29.35%  v_t2m/R05 37.31%  v_t2m/R10 49.66%  v_t2m/MedR 11.0%  v_m2t/len 1530  v_m2t/R01 18.62%  v_m2t/R02 21.04%  v_m2t/R03 28.29%  v_m2t/R05 36.54%  v_m2t/R10 48.68%  v_m2t/MedR 11.0%
[20/04/26 20:47:53][src.callback.progress][INFO] - Epoch 323 step 62050/192: loss 1.928e-01
[20/04/26 20:48:03][src.callback.progress][INFO] - Epoch 323 step 62100/192: loss 2.265e-01
[20/04/26 20:48:14][src.callback.progress][INFO] - Epoch 323 step 62150/192: loss 2.129e-01
[20/04/26 20:48:24][src.callback.progress][INFO] - Epoch 323 step 62200/192: loss 2.302e-01
[20/04/26 20:48:27][src.callback.progress][INFO] - Epoch 323: v_recons 3.390e-01  recons 1.852e-01  v_loss 5.429e-01  loss 2.027e-01  v_latent 1.115e+00  latent 6.612e-01  v_kl 7.664e+01  kl 3.506e+01  v_contrastive 2.031e+00  contrastive 1.711e-01  v_t2m/len 1530  v_t2m/R01 16.6%  v_t2m/R02 21.89%  v_t2m/R03 28.62%  v_t2m/R05 37.18%  v_t2m/R10 48.04%  v_t2m/MedR 11.0%  v_m2t/len 1530  v_m2t/R01 18.62%  v_m2t/R02 21.04%  v_m2t/R03 28.43%  v_m2t/R05 36.34%  v_m2t/R10 47.77%  v_m2t/MedR 12.0%
[20/04/26 20:48:41][src.callback.progress][INFO] - Epoch 324 step 62250/192: loss 2.033e-01
[20/04/26 20:48:51][src.callback.progress][INFO] - Epoch 324 step 62300/192: loss 1.934e-01
[20/04/26 20:49:02][src.callback.progress][INFO] - Epoch 324 step 62350/192: loss 2.178e-01
[20/04/26 20:49:12][src.callback.progress][INFO] - Epoch 324 step 62400/192: loss 2.089e-01
[20/04/26 20:49:14][src.callback.progress][INFO] - Epoch 324: v_recons 3.398e-01  recons 1.853e-01  v_loss 5.434e-01  loss 2.030e-01  v_latent 1.115e+00  latent 6.650e-01  v_kl 7.675e+01  kl 3.537e+01  v_contrastive 2.029e+00  contrastive 1.737e-01  v_t2m/len 1530  v_t2m/R01 16.98%  v_t2m/R02 21.7%  v_t2m/R03 28.76%  v_t2m/R05 36.59%  v_t2m/R10 49.4%  v_t2m/MedR 11.0%  v_m2t/len 1530  v_m2t/R01 18.55%  v_m2t/R02 20.32%  v_m2t/R03 29.21%  v_m2t/R05 36.27%  v_m2t/R10 48.09%  v_m2t/MedR 11.0%
[20/04/26 20:49:29][src.callback.progress][INFO] - Epoch 325 step 62450/192: loss 1.992e-01
[20/04/26 20:49:40][src.callback.progress][INFO] - Epoch 325 step 62500/192: loss 2.119e-01
[20/04/26 20:49:50][src.callback.progress][INFO] - Epoch 325 step 62550/192: loss 1.821e-01
[20/04/26 20:50:01][src.callback.progress][INFO] - Epoch 325: v_recons 3.395e-01  recons 1.849e-01  v_loss 5.418e-01  loss 2.024e-01  v_latent 1.111e+00  latent 6.628e-01  v_kl 7.621e+01  kl 3.536e+01  v_contrastive 2.016e+00  contrastive 1.712e-01  v_t2m/len 1530  v_t2m/R01 16.34%  v_t2m/R02 21.56%  v_t2m/R03 28.37%  v_t2m/R05 36.54%  v_t2m/R10 49.61%  v_t2m/MedR 11.0%  v_m2t/len 1530  v_m2t/R01 16.98%  v_m2t/R02 19.79%  v_m2t/R03 28.55%  v_m2t/R05 36.93%  v_m2t/R10 48.75%  v_m2t/MedR 11.0%
[20/04/26 20:50:08][src.callback.progress][INFO] - Epoch 326 step 62600/192: loss 1.968e-01
[20/04/26 20:50:18][src.callback.progress][INFO] - Epoch 326 step 62650/192: loss 2.061e-01
[20/04/26 20:50:29][src.callback.progress][INFO] - Epoch 326 step 62700/192: loss 1.916e-01
[20/04/26 20:50:39][src.callback.progress][INFO] - Epoch 326 step 62750/192: loss 2.045e-01
[20/04/26 20:50:48][src.callback.progress][INFO] - Epoch 326: v_recons 3.361e-01  recons 1.842e-01  v_loss 5.382e-01  loss 2.013e-01  v_latent 1.114e+00  latent 6.595e-01  v_kl 7.639e+01  kl 3.507e+01  v_contrastive 2.013e+00  contrastive 1.676e-01  v_t2m/len 1530  v_t2m/R01 17.57%  v_t2m/R02 21.82%  v_t2m/R03 29.87%  v_t2m/R05 37.25%  v_t2m/R10 49.79%  v_t2m/MedR 11.0%  v_m2t/len 1530  v_m2t/R01 19.14%  v_m2t/R02 21.82%  v_m2t/R03 29.02%  v_m2t/R05 36.27%  v_m2t/R10 48.68%  v_m2t/MedR 11.0%
[20/04/26 20:50:57][src.callback.progress][INFO] - Epoch 327 step 62800/192: loss 2.135e-01
[20/04/26 20:51:07][src.callback.progress][INFO] - Epoch 327 step 62850/192: loss 1.953e-01
[20/04/26 20:51:18][src.callback.progress][INFO] - Epoch 327 step 62900/192: loss 1.981e-01
[20/04/26 20:51:28][src.callback.progress][INFO] - Epoch 327 step 62950/192: loss 2.194e-01
[20/04/26 20:51:35][src.callback.progress][INFO] - Epoch 327: v_recons 3.405e-01  recons 1.846e-01  v_loss 5.447e-01  loss 2.018e-01  v_latent 1.118e+00  latent 6.582e-01  v_kl 7.748e+01  kl 3.490e+01  v_contrastive 2.034e+00  contrastive 1.683e-01  v_t2m/len 1530  v_t2m/R01 17.31%  v_t2m/R02 22.09%  v_t2m/R03 30.2%  v_t2m/R05 38.24%  v_t2m/R10 48.88%  v_t2m/MedR 11.0%  v_m2t/len 1530  v_m2t/R01 17.78%  v_m2t/R02 19.79%  v_m2t/R03 28.88%  v_m2t/R05 36.13%  v_m2t/R10 49.15%  v_m2t/MedR 11.0%
[20/04/26 20:51:45][src.callback.progress][INFO] - Epoch 328 step 63000/192: loss 2.064e-01
[20/04/26 20:51:56][src.callback.progress][INFO] - Epoch 328 step 63050/192: loss 1.872e-01
[20/04/26 20:52:06][src.callback.progress][INFO] - Epoch 328 step 63100/192: loss 2.192e-01
[20/04/26 20:52:16][src.callback.progress][INFO] - Epoch 328 step 63150/192: loss 1.890e-01
[20/04/26 20:52:22][src.callback.progress][INFO] - Epoch 328: v_recons 3.342e-01  recons 1.839e-01  v_loss 5.365e-01  loss 2.012e-01  v_latent 1.114e+00  latent 6.620e-01  v_kl 7.692e+01  kl 3.536e+01  v_contrastive 2.015e+00  contrastive 1.698e-01  v_t2m/len 1530  v_t2m/R01 17.25%  v_t2m/R02 22.54%  v_t2m/R03 30.59%  v_t2m/R05 38.43%  v_t2m/R10 50.38%  v_t2m/MedR 10.0%  v_m2t/len 1530  v_m2t/R01 18.55%  v_m2t/R02 20.97%  v_m2t/R03 29.14%  v_m2t/R05 37.06%  v_m2t/R10 49.74%  v_m2t/MedR 11.0%
[20/04/26 20:52:33][src.callback.progress][INFO] - Epoch 329 step 63200/192: loss 2.145e-01
[20/04/26 20:52:44][src.callback.progress][INFO] - Epoch 329 step 63250/192: loss 1.927e-01
[20/04/26 20:52:54][src.callback.progress][INFO] - Epoch 329 step 63300/192: loss 1.862e-01
[20/04/26 20:53:04][src.callback.progress][INFO] - Epoch 329 step 63350/192: loss 1.988e-01
[20/04/26 20:53:08][src.callback.progress][INFO] - Epoch 329: v_recons 3.391e-01  recons 1.837e-01  v_loss 5.417e-01  loss 2.010e-01  v_latent 1.110e+00  latent 6.610e-01  v_kl 7.579e+01  kl 3.530e+01  v_contrastive 2.017e+00  contrastive 1.693e-01  v_t2m/len 1530  v_t2m/R01 17.64%  v_t2m/R02 21.7%  v_t2m/R03 29.47%  v_t2m/R05 37.18%  v_t2m/R10 49.02%  v_t2m/MedR 11.0%  v_m2t/len 1530  v_m2t/R01 17.84%  v_m2t/R02 20.78%  v_m2t/R03 29.54%  v_m2t/R05 36.86%  v_m2t/R10 48.63%  v_m2t/MedR 11.0%
[20/04/26 20:53:22][src.callback.progress][INFO] - Epoch 330 step 63400/192: loss 1.813e-01
[20/04/26 20:53:32][src.callback.progress][INFO] - Epoch 330 step 63450/192: loss 1.962e-01
[20/04/26 20:53:43][src.callback.progress][INFO] - Epoch 330 step 63500/192: loss 2.113e-01
[20/04/26 20:53:53][src.callback.progress][INFO] - Epoch 330 step 63550/192: loss 1.940e-01
[20/04/26 20:53:55][src.callback.progress][INFO] - Epoch 330: v_recons 3.385e-01  recons 1.839e-01  v_loss 5.396e-01  loss 2.006e-01  v_latent 1.114e+00  latent 6.608e-01  v_kl 7.622e+01  kl 3.515e+01  v_contrastive 2.004e+00  contrastive 1.640e-01  v_t2m/len 1530  v_t2m/R01 16.79%  v_t2m/R02 21.23%  v_t2m/R03 29.07%  v_t2m/R05 37.45%  v_t2m/R10 50.0%  v_t2m/MedR 10.5%  v_m2t/len 1530  v_m2t/R01 17.64%  v_m2t/R02 20.78%  v_m2t/R03 29.79%  v_m2t/R05 36.72%  v_m2t/R10 49.02%  v_m2t/MedR 11.0%
[20/04/26 20:54:10][src.callback.progress][INFO] - Epoch 331 step 63600/192: loss 1.997e-01
[20/04/26 20:54:20][src.callback.progress][INFO] - Epoch 331 step 63650/192: loss 2.117e-01
[20/04/26 20:54:31][src.callback.progress][INFO] - Epoch 331 step 63700/192: loss 2.097e-01
[20/04/26 20:54:42][src.callback.progress][INFO] - Epoch 331: v_recons 3.393e-01  recons 1.830e-01  v_loss 5.407e-01  loss 1.999e-01  v_latent 1.113e+00  latent 6.599e-01  v_kl 7.633e+01  kl 3.502e+01  v_contrastive 2.006e+00  contrastive 1.653e-01  v_t2m/len 1530  v_t2m/R01 16.86%  v_t2m/R02 22.03%  v_t2m/R03 29.4%  v_t2m/R05 37.45%  v_t2m/R10 49.79%  v_t2m/MedR 11.0%  v_m2t/len 1530  v_m2t/R01 18.43%  v_m2t/R02 20.97%  v_m2t/R03 29.73%  v_m2t/R05 36.79%  v_m2t/R10 49.74%  v_m2t/MedR 11.0%
[20/04/26 20:54:49][src.callback.progress][INFO] - Epoch 332 step 63750/192: loss 2.039e-01
[20/04/26 20:55:00][src.callback.progress][INFO] - Epoch 332 step 63800/192: loss 1.723e-01
[20/04/26 20:55:10][src.callback.progress][INFO] - Epoch 332 step 63850/192: loss 1.793e-01
[20/04/26 20:55:21][src.callback.progress][INFO] - Epoch 332 step 63900/192: loss 1.923e-01
[20/04/26 20:55:30][src.callback.progress][INFO] - Epoch 332: v_recons 3.386e-01  recons 1.831e-01  v_loss 5.390e-01  loss 1.999e-01  v_latent 1.117e+00  latent 6.600e-01  v_kl 7.747e+01  kl 3.527e+01  v_contrastive 1.995e+00  contrastive 1.637e-01  v_t2m/len 1530  v_t2m/R01 16.54%  v_t2m/R02 22.15%  v_t2m/R03 29.67%  v_t2m/R05 37.18%  v_t2m/R10 49.93%  v_t2m/MedR 11.0%  v_m2t/len 1530  v_m2t/R01 19.07%  v_m2t/R02 21.7%  v_m2t/R03 30.0%  v_m2t/R05 37.18%  v_m2t/R10 48.88%  v_m2t/MedR 11.0%
[20/04/26 20:55:38][src.callback.progress][INFO] - Epoch 333 step 63950/192: loss 2.054e-01
[20/04/26 20:55:48][src.callback.progress][INFO] - Epoch 333 step 64000/192: loss 2.104e-01
[20/04/26 20:55:59][src.callback.progress][INFO] - Epoch 333 step 64050/192: loss 2.190e-01
[20/04/26 20:56:09][src.callback.progress][INFO] - Epoch 333 step 64100/192: loss 1.981e-01
[20/04/26 20:56:17][src.callback.progress][INFO] - Epoch 333: v_recons 3.367e-01  recons 1.836e-01  v_loss 5.376e-01  loss 2.006e-01  v_latent 1.116e+00  latent 6.631e-01  v_kl 7.679e+01  kl 3.542e+01  v_contrastive 2.001e+00  contrastive 1.665e-01  v_t2m/len 1530  v_t2m/R01 17.45%  v_t2m/R02 22.03%  v_t2m/R03 29.02%  v_t2m/R05 39.02%  v_t2m/R10 50.52%  v_t2m/MedR 10.0%  v_m2t/len 1530  v_m2t/R01 17.52%  v_m2t/R02 21.11%  v_m2t/R03 29.4%  v_m2t/R05 37.45%  v_m2t/R10 50.72%  v_m2t/MedR 10.0%
[20/04/26 20:56:27][src.callback.progress][INFO] - Epoch 334 step 64150/192: loss 1.869e-01
[20/04/26 20:56:37][src.callback.progress][INFO] - Epoch 334 step 64200/192: loss 1.807e-01
[20/04/26 20:56:48][src.callback.progress][INFO] - Epoch 334 step 64250/192: loss 2.094e-01
[20/04/26 20:56:58][src.callback.progress][INFO] - Epoch 334 step 64300/192: loss 1.975e-01
[20/04/26 20:57:04][src.callback.progress][INFO] - Epoch 334: v_recons 3.390e-01  recons 1.828e-01  v_loss 5.392e-01  loss 1.997e-01  v_latent 1.117e+00  latent 6.616e-01  v_kl 7.637e+01  kl 3.544e+01  v_contrastive 1.995e+00  contrastive 1.655e-01  v_t2m/len 1530  v_t2m/R01 17.31%  v_t2m/R02 21.56%  v_t2m/R03 28.88%  v_t2m/R05 36.59%  v_t2m/R10 49.22%  v_t2m/MedR 11.0%  v_m2t/len 1530  v_m2t/R01 17.96%  v_m2t/R02 21.18%  v_m2t/R03 30.59%  v_m2t/R05 37.18%  v_m2t/R10 49.22%  v_m2t/MedR 11.0%
[20/04/26 20:57:16][src.callback.progress][INFO] - Epoch 335 step 64350/192: loss 2.122e-01
[20/04/26 20:57:26][src.callback.progress][INFO] - Epoch 335 step 64400/192: loss 1.860e-01
[20/04/26 20:57:37][src.callback.progress][INFO] - Epoch 335 step 64450/192: loss 2.141e-01
[20/04/26 20:57:47][src.callback.progress][INFO] - Epoch 335 step 64500/192: loss 2.135e-01
[20/04/26 20:57:51][src.callback.progress][INFO] - Epoch 335: v_recons 3.357e-01  recons 1.833e-01  v_loss 5.389e-01  loss 2.002e-01  v_latent 1.123e+00  latent 6.610e-01  v_kl 7.811e+01  kl 3.546e+01  v_contrastive 2.025e+00  contrastive 1.657e-01  v_t2m/len 1530  v_t2m/R01 17.96%  v_t2m/R02 22.15%  v_t2m/R03 29.93%  v_t2m/R05 37.7%  v_t2m/R10 49.27%  v_t2m/MedR 11.0%  v_m2t/len 1530  v_m2t/R01 17.96%  v_m2t/R02 20.26%  v_m2t/R03 29.02%  v_m2t/R05 36.86%  v_m2t/R10 48.36%  v_m2t/MedR 11.0%
[20/04/26 20:58:05][src.callback.progress][INFO] - Epoch 336 step 64550/192: loss 2.079e-01
[20/04/26 20:58:16][src.callback.progress][INFO] - Epoch 336 step 64600/192: loss 1.865e-01
[20/04/26 20:58:26][src.callback.progress][INFO] - Epoch 336 step 64650/192: loss 2.331e-01
[20/04/26 20:58:37][src.callback.progress][INFO] - Epoch 336 step 64700/192: loss 1.902e-01
[20/04/26 20:58:39][src.callback.progress][INFO] - Epoch 336: v_recons 3.372e-01  recons 1.837e-01  v_loss 5.399e-01  loss 2.009e-01  v_latent 1.121e+00  latent 6.626e-01  v_kl 7.801e+01  kl 3.545e+01  v_contrastive 2.019e+00  contrastive 1.676e-01  v_t2m/len 1530  v_t2m/R01 17.78%  v_t2m/R02 22.8%  v_t2m/R03 29.54%  v_t2m/R05 37.38%  v_t2m/R10 50.77%  v_t2m/MedR 10.0%  v_m2t/len 1530  v_m2t/R01 17.96%  v_m2t/R02 20.71%  v_m2t/R03 28.81%  v_m2t/R05 37.18%  v_m2t/R10 50.06%  v_m2t/MedR 10.0%
[20/04/26 20:58:54][src.callback.progress][INFO] - Epoch 337 step 64750/192: loss 2.045e-01
[20/04/26 20:59:04][src.callback.progress][INFO] - Epoch 337 step 64800/192: loss 1.992e-01
[20/04/26 20:59:15][src.callback.progress][INFO] - Epoch 337 step 64850/192: loss 2.021e-01
[20/04/26 20:59:26][src.callback.progress][INFO] - Epoch 337: v_recons 3.377e-01  recons 1.843e-01  v_loss 5.399e-01  loss 2.014e-01  v_latent 1.120e+00  latent 6.655e-01  v_kl 7.714e+01  kl 3.588e+01  v_contrastive 2.014e+00  contrastive 1.671e-01  v_t2m/len 1530  v_t2m/R01 17.25%  v_t2m/R02 22.15%  v_t2m/R03 29.93%  v_t2m/R05 37.45%  v_t2m/R10 50.65%  v_t2m/MedR 10.0%  v_m2t/len 1530  v_m2t/R01 18.1%  v_m2t/R02 20.32%  v_m2t/R03 28.37%  v_m2t/R05 36.4%  v_m2t/R10 48.56%  v_m2t/MedR 11.0%
[20/04/26 20:59:32][src.callback.progress][INFO] - Epoch 338 step 64900/192: loss 1.927e-01
[20/04/26 20:59:42][src.callback.progress][INFO] - Epoch 338 step 64950/192: loss 1.877e-01
[20/04/26 20:59:53][src.callback.progress][INFO] - Epoch 338 step 65000/192: loss 2.233e-01
[20/04/26 21:00:03][src.callback.progress][INFO] - Epoch 338 step 65050/192: loss 2.099e-01
[20/04/26 21:00:13][src.callback.progress][INFO] - Epoch 338: v_recons 3.386e-01  recons 1.828e-01  v_loss 5.427e-01  loss 1.995e-01  v_latent 1.119e+00  latent 6.621e-01  v_kl 7.720e+01  kl 3.523e+01  v_contrastive 2.033e+00  contrastive 1.641e-01  v_t2m/len 1530  v_t2m/R01 16.6%  v_t2m/R02 22.54%  v_t2m/R03 29.67%  v_t2m/R05 37.31%  v_t2m/R10 48.81%  v_t2m/MedR 11.0%  v_m2t/len 1530  v_m2t/R01 17.05%  v_m2t/R02 19.79%  v_m2t/R03 29.14%  v_m2t/R05 36.99%  v_m2t/R10 49.34%  v_m2t/MedR 11.0%
[20/04/26 21:00:20][src.callback.progress][INFO] - Epoch 339 step 65100/192: loss 1.719e-01
[20/04/26 21:00:30][src.callback.progress][INFO] - Epoch 339 step 65150/192: loss 1.949e-01
[20/04/26 21:00:41][src.callback.progress][INFO] - Epoch 339 step 65200/192: loss 2.016e-01
[20/04/26 21:00:51][src.callback.progress][INFO] - Epoch 339 step 65250/192: loss 1.813e-01
[20/04/26 21:00:59][src.callback.progress][INFO] - Epoch 339: v_recons 3.379e-01  recons 1.824e-01  v_loss 5.427e-01  loss 1.992e-01  v_latent 1.124e+00  latent 6.610e-01  v_kl 7.865e+01  kl 3.537e+01  v_contrastive 2.040e+00  contrastive 1.636e-01  v_t2m/len 1530  v_t2m/R01 15.42%  v_t2m/R02 20.38%  v_t2m/R03 28.37%  v_t2m/R05 36.34%  v_t2m/R10 50.72%  v_t2m/MedR 10.0%  v_m2t/len 1530  v_m2t/R01 17.84%  v_m2t/R02 20.38%  v_m2t/R03 29.4%  v_m2t/R05 37.18%  v_m2t/R10 49.02%  v_m2t/MedR 11.0%
[20/04/26 21:01:08][src.callback.progress][INFO] - Epoch 340 step 65300/192: loss 1.837e-01
[20/04/26 21:01:19][src.callback.progress][INFO] - Epoch 340 step 65350/192: loss 1.914e-01
[20/04/26 21:01:29][src.callback.progress][INFO] - Epoch 340 step 65400/192: loss 2.122e-01
[20/04/26 21:01:40][src.callback.progress][INFO] - Epoch 340 step 65450/192: loss 1.941e-01
[20/04/26 21:01:46][src.callback.progress][INFO] - Epoch 340: v_recons 3.381e-01  recons 1.824e-01  v_loss 5.418e-01  loss 1.989e-01  v_latent 1.123e+00  latent 6.609e-01  v_kl 7.769e+01  kl 3.535e+01  v_contrastive 2.029e+00  contrastive 1.616e-01  v_t2m/len 1530  v_t2m/R01 16.72%  v_t2m/R02 21.56%  v_t2m/R03 30.12%  v_t2m/R05 38.36%  v_t2m/R10 49.79%  v_t2m/MedR 11.0%  v_m2t/len 1530  v_m2t/R01 17.96%  v_m2t/R02 20.59%  v_m2t/R03 28.76%  v_m2t/R05 36.66%  v_m2t/R10 49.08%  v_m2t/MedR 11.0%
[20/04/26 21:01:57][src.callback.progress][INFO] - Epoch 341 step 65500/192: loss 1.936e-01
[20/04/26 21:02:07][src.callback.progress][INFO] - Epoch 341 step 65550/192: loss 1.775e-01
[20/04/26 21:02:18][src.callback.progress][INFO] - Epoch 341 step 65600/192: loss 2.369e-01
[20/04/26 21:02:28][src.callback.progress][INFO] - Epoch 341 step 65650/192: loss 1.891e-01
[20/04/26 21:02:33][src.callback.progress][INFO] - Epoch 341: v_recons 3.399e-01  recons 1.815e-01  v_loss 5.412e-01  loss 1.980e-01  v_latent 1.126e+00  latent 6.598e-01  v_kl 7.828e+01  kl 3.540e+01  v_contrastive 2.005e+00  contrastive 1.609e-01  v_t2m/len 1530  v_t2m/R01 16.86%  v_t2m/R02 22.03%  v_t2m/R03 30.32%  v_t2m/R05 38.56%  v_t2m/R10 50.0%  v_t2m/MedR 10.5%  v_m2t/len 1530  v_m2t/R01 17.45%  v_m2t/R02 19.4%  v_m2t/R03 29.14%  v_m2t/R05 36.93%  v_m2t/R10 48.81%  v_m2t/MedR 11.0%
[20/04/26 21:02:45][src.callback.progress][INFO] - Epoch 342 step 65700/192: loss 1.789e-01
[20/04/26 21:02:55][src.callback.progress][INFO] - Epoch 342 step 65750/192: loss 2.027e-01
[20/04/26 21:03:06][src.callback.progress][INFO] - Epoch 342 step 65800/192: loss 2.181e-01
[20/04/26 21:03:16][src.callback.progress][INFO] - Epoch 342 step 65850/192: loss 2.144e-01
[20/04/26 21:03:19][src.callback.progress][INFO] - Epoch 342: v_recons 3.368e-01  recons 1.820e-01  v_loss 5.431e-01  loss 1.984e-01  v_latent 1.132e+00  latent 6.599e-01  v_kl 7.853e+01  kl 3.559e+01  v_contrastive 2.055e+00  contrastive 1.602e-01  v_t2m/len 1530  v_t2m/R01 17.9%  v_t2m/R02 22.15%  v_t2m/R03 30.52%  v_t2m/R05 38.63%  v_t2m/R10 49.02%  v_t2m/MedR 11.0%  v_m2t/len 1530  v_m2t/R01 18.04%  v_m2t/R02 20.78%  v_m2t/R03 29.79%  v_m2t/R05 36.66%  v_m2t/R10 48.09%  v_m2t/MedR 11.0%
[20/04/26 21:03:33][src.callback.progress][INFO] - Epoch 343 step 65900/192: loss 1.856e-01
[20/04/26 21:03:44][src.callback.progress][INFO] - Epoch 343 step 65950/192: loss 2.166e-01
[20/04/26 21:03:54][src.callback.progress][INFO] - Epoch 343 step 66000/192: loss 1.871e-01
[20/04/26 21:04:06][src.callback.progress][INFO] - Epoch 343: v_recons 3.382e-01  recons 1.831e-01  v_loss 5.407e-01  loss 1.994e-01  v_latent 1.126e+00  latent 6.645e-01  v_kl 7.824e+01  kl 3.584e+01  v_contrastive 2.017e+00  contrastive 1.595e-01  v_t2m/len 1530  v_t2m/R01 17.38%  v_t2m/R02 22.21%  v_t2m/R03 31.62%  v_t2m/R05 39.15%  v_t2m/R10 50.06%  v_t2m/MedR 10.0%  v_m2t/len 1530  v_m2t/R01 19.07%  v_m2t/R02 21.5%  v_m2t/R03 30.45%  v_m2t/R05 38.24%  v_m2t/R10 50.0%  v_m2t/MedR 10.5%
[20/04/26 21:04:12][src.callback.progress][INFO] - Epoch 344 step 66050/192: loss 2.107e-01
[20/04/26 21:04:22][src.callback.progress][INFO] - Epoch 344 step 66100/192: loss 2.002e-01
[20/04/26 21:04:33][src.callback.progress][INFO] - Epoch 344 step 66150/192: loss 1.908e-01
[20/04/26 21:04:43][src.callback.progress][INFO] - Epoch 344 step 66200/192: loss 2.151e-01
[20/04/26 21:04:53][src.callback.progress][INFO] - Epoch 344: v_recons 3.397e-01  recons 1.832e-01  v_loss 5.390e-01  loss 1.997e-01  v_latent 1.121e+00  latent 6.643e-01  v_kl 7.718e+01  kl 3.583e+01  v_contrastive 1.985e+00  contrastive 1.609e-01  v_t2m/len 1530  v_t2m/R01 17.9%  v_t2m/R02 22.09%  v_t2m/R03 28.37%  v_t2m/R05 37.31%  v_t2m/R10 50.33%  v_t2m/MedR 10.0%  v_m2t/len 1530  v_m2t/R01 19.21%  v_m2t/R02 21.89%  v_m2t/R03 29.79%  v_m2t/R05 37.7%  v_m2t/R10 49.08%  v_m2t/MedR 11.0%
[20/04/26 21:05:00][src.callback.progress][INFO] - Epoch 345 step 66250/192: loss 2.301e-01
[20/04/26 21:05:10][src.callback.progress][INFO] - Epoch 345 step 66300/192: loss 1.788e-01
[20/04/26 21:05:21][src.callback.progress][INFO] - Epoch 345 step 66350/192: loss 1.951e-01
[20/04/26 21:05:31][src.callback.progress][INFO] - Epoch 345 step 66400/192: loss 2.122e-01
[20/04/26 21:05:40][src.callback.progress][INFO] - Epoch 345: v_recons 3.408e-01  recons 1.825e-01  v_loss 5.415e-01  loss 1.992e-01  v_latent 1.125e+00  latent 6.665e-01  v_kl 7.707e+01  kl 3.585e+01  v_contrastive 2.000e+00  contrastive 1.640e-01  v_t2m/len 1530  v_t2m/R01 17.19%  v_t2m/R02 21.7%  v_t2m/R03 29.14%  v_t2m/R05 38.29%  v_t2m/R10 50.59%  v_t2m/MedR 10.0%  v_m2t/len 1530  v_m2t/R01 18.88%  v_m2t/R02 21.37%  v_m2t/R03 30.26%  v_m2t/R05 38.36%  v_m2t/R10 50.84%  v_m2t/MedR 10.0%
[20/04/26 21:05:49][src.callback.progress][INFO] - Epoch 346 step 66450/192: loss 1.793e-01
[20/04/26 21:06:00][src.callback.progress][INFO] - Epoch 346 step 66500/192: loss 1.961e-01
[20/04/26 21:06:10][src.callback.progress][INFO] - Epoch 346 step 66550/192: loss 1.941e-01
[20/04/26 21:06:21][src.callback.progress][INFO] - Epoch 346 step 66600/192: loss 2.213e-01
[20/04/26 21:06:27][src.callback.progress][INFO] - Epoch 346: v_recons 3.376e-01  recons 1.821e-01  v_loss 5.398e-01  loss 1.987e-01  v_latent 1.122e+00  latent 6.651e-01  v_kl 7.784e+01  kl 3.585e+01  v_contrastive 2.014e+00  contrastive 1.623e-01  v_t2m/len 1530  v_t2m/R01 16.6%  v_t2m/R02 20.85%  v_t2m/R03 28.5%  v_t2m/R05 38.5%  v_t2m/R10 51.24%  v_t2m/MedR 10.0%  v_m2t/len 1530  v_m2t/R01 19.28%  v_m2t/R02 21.95%  v_m2t/R03 30.26%  v_m2t/R05 37.77%  v_m2t/R10 49.27%  v_m2t/MedR 11.0%
[20/04/26 21:06:38][src.callback.progress][INFO] - Epoch 347 step 66650/192: loss 1.786e-01
[20/04/26 21:06:48][src.callback.progress][INFO] - Epoch 347 step 66700/192: loss 1.874e-01
[20/04/26 21:06:59][src.callback.progress][INFO] - Epoch 347 step 66750/192: loss 2.003e-01
[20/04/26 21:07:09][src.callback.progress][INFO] - Epoch 347 step 66800/192: loss 1.908e-01
[20/04/26 21:07:15][src.callback.progress][INFO] - Epoch 347: v_recons 3.408e-01  recons 1.826e-01  v_loss 5.444e-01  loss 1.993e-01  v_latent 1.130e+00  latent 6.679e-01  v_kl 7.938e+01  kl 3.613e+01  v_contrastive 2.028e+00  contrastive 1.637e-01  v_t2m/len 1530  v_t2m/R01 16.98%  v_t2m/R02 22.29%  v_t2m/R03 30.2%  v_t2m/R05 38.68%  v_t2m/R10 51.11%  v_t2m/MedR 10.0%  v_m2t/len 1530  v_m2t/R01 18.17%  v_m2t/R02 20.97%  v_m2t/R03 29.67%  v_m2t/R05 37.45%  v_m2t/R10 49.74%  v_m2t/MedR 11.0%
[20/04/26 21:07:26][src.callback.progress][INFO] - Epoch 348 step 66850/192: loss 2.098e-01
[20/04/26 21:07:37][src.callback.progress][INFO] - Epoch 348 step 66900/192: loss 2.090e-01
[20/04/26 21:07:47][src.callback.progress][INFO] - Epoch 348 step 66950/192: loss 2.070e-01
[20/04/26 21:07:58][src.callback.progress][INFO] - Epoch 348 step 67000/192: loss 1.942e-01
[20/04/26 21:08:01][src.callback.progress][INFO] - Epoch 348: v_recons 3.366e-01  recons 1.818e-01  v_loss 5.368e-01  loss 1.985e-01  v_latent 1.122e+00  latent 6.656e-01  v_kl 7.871e+01  kl 3.614e+01  v_contrastive 1.994e+00  contrastive 1.635e-01  v_t2m/len 1530  v_t2m/R01 16.93%  v_t2m/R02 21.62%  v_t2m/R03 29.4%  v_t2m/R05 38.09%  v_t2m/R10 49.22%  v_t2m/MedR 11.0%  v_m2t/len 1530  v_m2t/R01 17.96%  v_m2t/R02 20.78%  v_m2t/R03 29.28%  v_m2t/R05 37.38%  v_m2t/R10 49.79%  v_m2t/MedR 11.0%
[20/04/26 21:08:15][src.callback.progress][INFO] - Epoch 349 step 67050/192: loss 1.843e-01
[20/04/26 21:08:26][src.callback.progress][INFO] - Epoch 349 step 67100/192: loss 2.267e-01
[20/04/26 21:08:36][src.callback.progress][INFO] - Epoch 349 step 67150/192: loss 1.944e-01
[20/04/26 21:08:46][src.callback.progress][INFO] - Epoch 349 step 67200/192: loss 1.615e-01
[20/04/26 21:08:48][src.callback.progress][INFO] - Epoch 349: v_recons 3.370e-01  recons 1.821e-01  v_loss 5.380e-01  loss 1.984e-01  v_latent 1.126e+00  latent 6.636e-01  v_kl 7.865e+01  kl 3.598e+01  v_contrastive 2.002e+00  contrastive 1.592e-01  v_t2m/len 1530  v_t2m/R01 18.04%  v_t2m/R02 23.13%  v_t2m/R03 29.87%  v_t2m/R05 37.52%  v_t2m/R10 50.52%  v_t2m/MedR 10.0%  v_m2t/len 1530  v_m2t/R01 17.7%  v_m2t/R02 20.45%  v_m2t/R03 30.26%  v_m2t/R05 37.7%  v_m2t/R10 49.4%  v_m2t/MedR 11.0%
[20/04/26 21:09:04][src.callback.progress][INFO] - Epoch 350 step 67250/192: loss 1.818e-01
[20/04/26 21:09:14][src.callback.progress][INFO] - Epoch 350 step 67300/192: loss 2.008e-01
[20/04/26 21:09:25][src.callback.progress][INFO] - Epoch 350 step 67350/192: loss 2.000e-01
[20/04/26 21:09:35][src.callback.progress][INFO] - Epoch 350: v_recons 3.362e-01  recons 1.820e-01  v_loss 5.397e-01  loss 1.983e-01  v_latent 1.128e+00  latent 6.612e-01  v_kl 7.874e+01  kl 3.580e+01  v_contrastive 2.027e+00  contrastive 1.593e-01  v_t2m/len 1530  v_t2m/R01 16.13%  v_t2m/R02 22.03%  v_t2m/R03 29.61%  v_t2m/R05 38.09%  v_t2m/R10 50.45%  v_t2m/MedR 10.0%  v_m2t/len 1530  v_m2t/R01 17.64%  v_m2t/R02 20.59%  v_m2t/R03 29.35%  v_m2t/R05 37.77%  v_m2t/R10 49.27%  v_m2t/MedR 11.0%
[20/04/26 21:09:43][src.callback.progress][INFO] - Epoch 351 step 67400/192: loss 1.944e-01
[20/04/26 21:09:53][src.callback.progress][INFO] - Epoch 351 step 67450/192: loss 1.924e-01
[20/04/26 21:10:03][src.callback.progress][INFO] - Epoch 351 step 67500/192: loss 1.845e-01
[20/04/26 21:10:14][src.callback.progress][INFO] - Epoch 351 step 67550/192: loss 1.971e-01
[20/04/26 21:10:23][src.callback.progress][INFO] - Epoch 351: v_recons 3.395e-01  recons 1.817e-01  v_loss 5.426e-01  loss 1.983e-01  v_latent 1.130e+00  latent 6.634e-01  v_kl 7.921e+01  kl 3.589e+01  v_contrastive 2.024e+00  contrastive 1.621e-01  v_t2m/len 1530  v_t2m/R01 17.45%  v_t2m/R02 22.29%  v_t2m/R03 31.04%  v_t2m/R05 39.22%  v_t2m/R10 51.7%  v_t2m/MedR 10.0%  v_m2t/len 1530  v_m2t/R01 17.96%  v_m2t/R02 20.38%  v_m2t/R03 29.28%  v_m2t/R05 37.58%  v_m2t/R10 50.13%  v_m2t/MedR 10.0%
[20/04/26 21:10:31][src.callback.progress][INFO] - Epoch 352 step 67600/192: loss 2.088e-01
[20/04/26 21:10:41][src.callback.progress][INFO] - Epoch 352 step 67650/192: loss 1.809e-01
[20/04/26 21:10:52][src.callback.progress][INFO] - Epoch 352 step 67700/192: loss 2.047e-01
[20/04/26 21:11:02][src.callback.progress][INFO] - Epoch 352 step 67750/192: loss 2.007e-01
[20/04/26 21:11:09][src.callback.progress][INFO] - Epoch 352: v_recons 3.385e-01  recons 1.817e-01  v_loss 5.413e-01  loss 1.977e-01  v_latent 1.137e+00  latent 6.627e-01  v_kl 7.971e+01  kl 3.606e+01  v_contrastive 2.020e+00  contrastive 1.563e-01  v_t2m/len 1530  v_t2m/R01 16.79%  v_t2m/R02 22.29%  v_t2m/R03 30.26%  v_t2m/R05 37.7%  v_t2m/R10 49.54%  v_t2m/MedR 11.0%  v_m2t/len 1530  v_m2t/R01 17.78%  v_m2t/R02 20.52%  v_m2t/R03 28.5%  v_m2t/R05 36.27%  v_m2t/R10 48.43%  v_m2t/MedR 11.0%
[20/04/26 21:11:19][src.callback.progress][INFO] - Epoch 353 step 67800/192: loss 2.335e-01
[20/04/26 21:11:30][src.callback.progress][INFO] - Epoch 353 step 67850/192: loss 2.082e-01
[20/04/26 21:11:40][src.callback.progress][INFO] - Epoch 353 step 67900/192: loss 2.004e-01
[20/04/26 21:11:51][src.callback.progress][INFO] - Epoch 353 step 67950/192: loss 2.090e-01
[20/04/26 21:11:56][src.callback.progress][INFO] - Epoch 353: v_recons 3.396e-01  recons 1.820e-01  v_loss 5.433e-01  loss 1.985e-01  v_latent 1.137e+00  latent 6.680e-01  v_kl 7.883e+01  kl 3.633e+01  v_contrastive 2.029e+00  contrastive 1.616e-01  v_t2m/len 1530  v_t2m/R01 18.37%  v_t2m/R02 23.72%  v_t2m/R03 30.2%  v_t2m/R05 36.86%  v_t2m/R10 49.86%  v_t2m/MedR 11.0%  v_m2t/len 1530  v_m2t/R01 17.9%  v_m2t/R02 20.71%  v_m2t/R03 28.69%  v_m2t/R05 36.72%  v_m2t/R10 48.29%  v_m2t/MedR 11.0%
[20/04/26 21:12:08][src.callback.progress][INFO] - Epoch 354 step 68000/192: loss 1.743e-01
[20/04/26 21:12:19][src.callback.progress][INFO] - Epoch 354 step 68050/192: loss 1.938e-01
[20/04/26 21:12:29][src.callback.progress][INFO] - Epoch 354 step 68100/192: loss 1.874e-01
[20/04/26 21:12:40][src.callback.progress][INFO] - Epoch 354 step 68150/192: loss 1.927e-01
[20/04/26 21:12:44][src.callback.progress][INFO] - Epoch 354: v_recons 3.405e-01  recons 1.816e-01  v_loss 5.467e-01  loss 1.983e-01  v_latent 1.142e+00  latent 6.670e-01  v_kl 7.967e+01  kl 3.618e+01  v_contrastive 2.054e+00  contrastive 1.629e-01  v_t2m/len 1530  v_t2m/R01 16.98%  v_t2m/R02 21.89%  v_t2m/R03 29.61%  v_t2m/R05 37.58%  v_t2m/R10 50.2%  v_t2m/MedR 10.0%  v_m2t/len 1530  v_m2t/R01 18.95%  v_m2t/R02 21.62%  v_m2t/R03 29.07%  v_m2t/R05 37.77%  v_m2t/R10 48.04%  v_m2t/MedR 11.0%
[20/04/26 21:12:58][src.callback.progress][INFO] - Epoch 355 step 68200/192: loss 1.969e-01
[20/04/26 21:13:09][src.callback.progress][INFO] - Epoch 355 step 68250/192: loss 1.785e-01
[20/04/26 21:13:19][src.callback.progress][INFO] - Epoch 355 step 68300/192: loss 2.029e-01
[20/04/26 21:13:29][src.callback.progress][INFO] - Epoch 355 step 68350/192: loss 2.096e-01
[20/04/26 21:13:32][src.callback.progress][INFO] - Epoch 355: v_recons 3.430e-01  recons 1.821e-01  v_loss 5.474e-01  loss 1.987e-01  v_latent 1.134e+00  latent 6.670e-01  v_kl 8.053e+01  kl 3.635e+01  v_contrastive 2.036e+00  contrastive 1.617e-01  v_t2m/len 1530  v_t2m/R01 17.19%  v_t2m/R02 21.76%  v_t2m/R03 29.67%  v_t2m/R05 38.16%  v_t2m/R10 49.86%  v_t2m/MedR 11.0%  v_m2t/len 1530  v_m2t/R01 17.57%  v_m2t/R02 20.32%  v_m2t/R03 28.76%  v_m2t/R05 37.11%  v_m2t/R10 50.33%  v_m2t/MedR 10.0%
[20/04/26 21:13:47][src.callback.progress][INFO] - Epoch 356 step 68400/192: loss 1.965e-01
[20/04/26 21:13:57][src.callback.progress][INFO] - Epoch 356 step 68450/192: loss 2.188e-01
[20/04/26 21:14:07][src.callback.progress][INFO] - Epoch 356 step 68500/192: loss 1.893e-01
[20/04/26 21:14:18][src.callback.progress][INFO] - Epoch 356: v_recons 3.401e-01  recons 1.810e-01  v_loss 5.433e-01  loss 1.971e-01  v_latent 1.133e+00  latent 6.614e-01  v_kl 7.986e+01  kl 3.608e+01  v_contrastive 2.024e+00  contrastive 1.571e-01  v_t2m/len 1530  v_t2m/R01 16.01%  v_t2m/R02 21.76%  v_t2m/R03 30.97%  v_t2m/R05 38.29%  v_t2m/R10 50.84%  v_t2m/MedR 10.0%  v_m2t/len 1530  v_m2t/R01 18.62%  v_m2t/R02 21.11%  v_m2t/R03 28.69%  v_m2t/R05 36.79%  v_m2t/R10 48.09%  v_m2t/MedR 11.0%
[20/04/26 21:14:24][src.callback.progress][INFO] - Epoch 357 step 68550/192: loss 2.077e-01
[20/04/26 21:14:35][src.callback.progress][INFO] - Epoch 357 step 68600/192: loss 1.866e-01
[20/04/26 21:14:46][src.callback.progress][INFO] - Epoch 357 step 68650/192: loss 2.036e-01
[20/04/26 21:14:56][src.callback.progress][INFO] - Epoch 357 step 68700/192: loss 1.812e-01
[20/04/26 21:15:05][src.callback.progress][INFO] - Epoch 357: v_recons 3.398e-01  recons 1.802e-01  v_loss 5.450e-01  loss 1.961e-01  v_latent 1.140e+00  latent 6.608e-01  v_kl 8.060e+01  kl 3.601e+01  v_contrastive 2.043e+00  contrastive 1.557e-01  v_t2m/len 1530  v_t2m/R01 17.38%  v_t2m/R02 22.29%  v_t2m/R03 29.54%  v_t2m/R05 37.38%  v_t2m/R10 49.61%  v_t2m/MedR 11.0%  v_m2t/len 1530  v_m2t/R01 18.76%  v_m2t/R02 21.3%  v_m2t/R03 28.55%  v_m2t/R05 36.4%  v_m2t/R10 48.29%  v_m2t/MedR 12.0%
[20/04/26 21:15:13][src.callback.progress][INFO] - Epoch 358 step 68750/192: loss 1.991e-01
[20/04/26 21:15:23][src.callback.progress][INFO] - Epoch 358 step 68800/192: loss 1.988e-01
[20/04/26 21:15:34][src.callback.progress][INFO] - Epoch 358 step 68850/192: loss 1.807e-01
[20/04/26 21:15:44][src.callback.progress][INFO] - Epoch 358 step 68900/192: loss 1.991e-01
[20/04/26 21:15:52][src.callback.progress][INFO] - Epoch 358: v_recons 3.398e-01  recons 1.807e-01  v_loss 5.458e-01  loss 1.969e-01  v_latent 1.145e+00  latent 6.621e-01  v_kl 8.063e+01  kl 3.600e+01  v_contrastive 2.051e+00  contrastive 1.586e-01  v_t2m/len 1530  v_t2m/R01 17.57%  v_t2m/R02 21.82%  v_t2m/R03 29.54%  v_t2m/R05 38.68%  v_t2m/R10 49.74%  v_t2m/MedR 11.0%  v_m2t/len 1530  v_m2t/R01 19.73%  v_m2t/R02 21.95%  v_m2t/R03 28.62%  v_m2t/R05 36.34%  v_m2t/R10 48.68%  v_m2t/MedR 11.0%
[20/04/26 21:16:01][src.callback.progress][INFO] - Epoch 359 step 68950/192: loss 2.000e-01
[20/04/26 21:16:12][src.callback.progress][INFO] - Epoch 359 step 69000/192: loss 1.872e-01
[20/04/26 21:16:22][src.callback.progress][INFO] - Epoch 359 step 69050/192: loss 1.757e-01
[20/04/26 21:16:33][src.callback.progress][INFO] - Epoch 359 step 69100/192: loss 2.045e-01
[20/04/26 21:16:39][src.callback.progress][INFO] - Epoch 359: v_recons 3.404e-01  recons 1.813e-01  v_loss 5.439e-01  loss 1.975e-01  v_latent 1.140e+00  latent 6.654e-01  v_kl 7.938e+01  kl 3.624e+01  v_contrastive 2.027e+00  contrastive 1.578e-01  v_t2m/len 1530  v_t2m/R01 16.13%  v_t2m/R02 20.38%  v_t2m/R03 29.02%  v_t2m/R05 37.18%  v_t2m/R10 48.56%  v_t2m/MedR 11.0%  v_m2t/len 1530  v_m2t/R01 17.25%  v_m2t/R02 19.87%  v_m2t/R03 28.55%  v_m2t/R05 36.54%  v_m2t/R10 48.29%  v_m2t/MedR 11.0%
[20/04/26 21:16:50][src.callback.progress][INFO] - Epoch 360 step 69150/192: loss 1.755e-01
[20/04/26 21:17:00][src.callback.progress][INFO] - Epoch 360 step 69200/192: loss 2.001e-01
[20/04/26 21:17:11][src.callback.progress][INFO] - Epoch 360 step 69250/192: loss 1.750e-01
[20/04/26 21:17:21][src.callback.progress][INFO] - Epoch 360 step 69300/192: loss 1.937e-01
[20/04/26 21:17:25][src.callback.progress][INFO] - Epoch 360: v_recons 3.398e-01  recons 1.804e-01  v_loss 5.431e-01  loss 1.965e-01  v_latent 1.141e+00  latent 6.614e-01  v_kl 7.999e+01  kl 3.614e+01  v_contrastive 2.026e+00  contrastive 1.573e-01  v_t2m/len 1530  v_t2m/R01 17.57%  v_t2m/R02 22.47%  v_t2m/R03 29.35%  v_t2m/R05 37.31%  v_t2m/R10 50.25%  v_t2m/MedR 10.0%  v_m2t/len 1530  v_m2t/R01 18.88%  v_m2t/R02 21.11%  v_m2t/R03 28.69%  v_m2t/R05 36.54%  v_m2t/R10 49.15%  v_m2t/MedR 11.0%
[20/04/26 21:17:38][src.callback.progress][INFO] - Epoch 361 step 69350/192: loss 1.982e-01
[20/04/26 21:17:49][src.callback.progress][INFO] - Epoch 361 step 69400/192: loss 1.978e-01
[20/04/26 21:18:00][src.callback.progress][INFO] - Epoch 361 step 69450/192: loss 2.031e-01
[20/04/26 21:18:10][src.callback.progress][INFO] - Epoch 361 step 69500/192: loss 1.999e-01
[20/04/26 21:18:13][src.callback.progress][INFO] - Epoch 361: v_recons 3.414e-01  recons 1.812e-01  v_loss 5.440e-01  loss 1.977e-01  v_latent 1.142e+00  latent 6.696e-01  v_kl 8.051e+01  kl 3.662e+01  v_contrastive 2.018e+00  contrastive 1.615e-01  v_t2m/len 1530  v_t2m/R01 16.27%  v_t2m/R02 21.7%  v_t2m/R03 30.26%  v_t2m/R05 37.38%  v_t2m/R10 49.02%  v_t2m/MedR 11.0%  v_m2t/len 1530  v_m2t/R01 18.5%  v_m2t/R02 21.7%  v_m2t/R03 29.21%  v_m2t/R05 36.79%  v_m2t/R10 49.22%  v_m2t/MedR 11.0%
[20/04/26 21:18:27][src.callback.progress][INFO] - Epoch 362 step 69550/192: loss 2.077e-01
[20/04/26 21:18:37][src.callback.progress][INFO] - Epoch 362 step 69600/192: loss 1.994e-01
[20/04/26 21:18:48][src.callback.progress][INFO] - Epoch 362 step 69650/192: loss 1.908e-01
[20/04/26 21:18:59][src.callback.progress][INFO] - Epoch 362: v_recons 3.388e-01  recons 1.804e-01  v_loss 5.401e-01  loss 1.965e-01  v_latent 1.138e+00  latent 6.638e-01  v_kl 7.952e+01  kl 3.631e+01  v_contrastive 2.005e+00  contrastive 1.572e-01  v_t2m/len 1530  v_t2m/R01 17.12%  v_t2m/R02 21.18%  v_t2m/R03 30.26%  v_t2m/R05 37.84%  v_t2m/R10 49.74%  v_t2m/MedR 11.0%  v_m2t/len 1530  v_m2t/R01 18.62%  v_m2t/R02 20.71%  v_m2t/R03 29.02%  v_m2t/R05 36.86%  v_m2t/R10 48.95%  v_m2t/MedR 11.0%
[20/04/26 21:19:05][src.callback.progress][INFO] - Epoch 363 step 69700/192: loss 1.766e-01
[20/04/26 21:19:15][src.callback.progress][INFO] - Epoch 363 step 69750/192: loss 1.970e-01
[20/04/26 21:19:26][src.callback.progress][INFO] - Epoch 363 step 69800/192: loss 2.181e-01
[20/04/26 21:19:36][src.callback.progress][INFO] - Epoch 363 step 69850/192: loss 2.205e-01
[20/04/26 21:19:46][src.callback.progress][INFO] - Epoch 363: v_recons 3.398e-01  recons 1.795e-01  v_loss 5.427e-01  loss 1.953e-01  v_latent 1.143e+00  latent 6.601e-01  v_kl 8.024e+01  kl 3.578e+01  v_contrastive 2.021e+00  contrastive 1.543e-01  v_t2m/len 1530  v_t2m/R01 18.23%  v_t2m/R02 21.89%  v_t2m/R03 29.54%  v_t2m/R05 37.58%  v_t2m/R10 49.74%  v_t2m/MedR 11.0%  v_m2t/len 1530  v_m2t/R01 19.21%  v_m2t/R02 21.23%  v_m2t/R03 27.96%  v_m2t/R05 36.27%  v_m2t/R10 47.84%  v_m2t/MedR 11.0%
[20/04/26 21:19:53][src.callback.progress][INFO] - Epoch 364 step 69900/192: loss 1.875e-01
[20/04/26 21:20:03][src.callback.progress][INFO] - Epoch 364 step 69950/192: loss 2.004e-01
[20/04/26 21:20:14][src.callback.progress][INFO] - Epoch 364 step 70000/192: loss 1.848e-01
[20/04/26 21:20:24][src.callback.progress][INFO] - Epoch 364 step 70050/192: loss 1.969e-01
[20/04/26 21:20:32][src.callback.progress][INFO] - Epoch 364: v_recons 3.406e-01  recons 1.793e-01  v_loss 5.442e-01  loss 1.949e-01  v_latent 1.145e+00  latent 6.565e-01  v_kl 8.138e+01  kl 3.596e+01  v_contrastive 2.028e+00  contrastive 1.518e-01  v_t2m/len 1530  v_t2m/R01 16.67%  v_t2m/R02 21.95%  v_t2m/R03 30.06%  v_t2m/R05 38.68%  v_t2m/R10 50.91%  v_t2m/MedR 10.0%  v_m2t/len 1530  v_m2t/R01 18.17%  v_m2t/R02 20.45%  v_m2t/R03 28.76%  v_m2t/R05 36.4%  v_m2t/R10 48.56%  v_m2t/MedR 11.0%
[20/04/26 21:20:41][src.callback.progress][INFO] - Epoch 365 step 70100/192: loss 1.999e-01
[20/04/26 21:20:52][src.callback.progress][INFO] - Epoch 365 step 70150/192: loss 1.774e-01
[20/04/26 21:21:02][src.callback.progress][INFO] - Epoch 365 step 70200/192: loss 2.052e-01
[20/04/26 21:21:12][src.callback.progress][INFO] - Epoch 365 step 70250/192: loss 2.275e-01
[20/04/26 21:21:19][src.callback.progress][INFO] - Epoch 365: v_recons 3.410e-01  recons 1.812e-01  v_loss 5.449e-01  loss 1.971e-01  v_latent 1.142e+00  latent 6.657e-01  v_kl 8.045e+01  kl 3.652e+01  v_contrastive 2.031e+00  contrastive 1.551e-01  v_t2m/len 1530  v_t2m/R01 16.93%  v_t2m/R02 22.21%  v_t2m/R03 30.71%  v_t2m/R05 37.77%  v_t2m/R10 50.33%  v_t2m/MedR 10.0%  v_m2t/len 1530  v_m2t/R01 18.55%  v_m2t/R02 21.44%  v_m2t/R03 28.04%  v_m2t/R05 35.09%  v_m2t/R10 47.58%  v_m2t/MedR 11.0%
[20/04/26 21:21:29][src.callback.progress][INFO] - Epoch 366 step 70300/192: loss 1.949e-01
[20/04/26 21:21:40][src.callback.progress][INFO] - Epoch 366 step 70350/192: loss 2.189e-01
[20/04/26 21:21:50][src.callback.progress][INFO] - Epoch 366 step 70400/192: loss 1.666e-01
[20/04/26 21:22:01][src.callback.progress][INFO] - Epoch 366 step 70450/192: loss 1.806e-01
[20/04/26 21:22:05][src.callback.progress][INFO] - Epoch 366: v_recons 3.397e-01  recons 1.792e-01  v_loss 5.426e-01  loss 1.949e-01  v_latent 1.143e+00  latent 6.575e-01  v_kl 7.996e+01  kl 3.600e+01  v_contrastive 2.021e+00  contrastive 1.533e-01  v_t2m/len 1530  v_t2m/R01 17.45%  v_t2m/R02 22.42%  v_t2m/R03 30.78%  v_t2m/R05 38.29%  v_t2m/R10 49.93%  v_t2m/MedR 11.0%  v_m2t/len 1530  v_m2t/R01 18.95%  v_m2t/R02 21.76%  v_m2t/R03 30.26%  v_m2t/R05 37.52%  v_m2t/R10 48.68%  v_m2t/MedR 11.0%
[20/04/26 21:22:18][src.callback.progress][INFO] - Epoch 367 step 70500/192: loss 1.850e-01
[20/04/26 21:22:28][src.callback.progress][INFO] - Epoch 367 step 70550/192: loss 2.111e-01
[20/04/26 21:22:39][src.callback.progress][INFO] - Epoch 367 step 70600/192: loss 1.779e-01
[20/04/26 21:22:49][src.callback.progress][INFO] - Epoch 367 step 70650/192: loss 1.901e-01
[20/04/26 21:22:52][src.callback.progress][INFO] - Epoch 367: v_recons 3.435e-01  recons 1.785e-01  v_loss 5.459e-01  loss 1.936e-01  v_latent 1.143e+00  latent 6.548e-01  v_kl 8.093e+01  kl 3.550e+01  v_contrastive 2.016e+00  contrastive 1.472e-01  v_t2m/len 1530  v_t2m/R01 17.96%  v_t2m/R02 22.87%  v_t2m/R03 31.11%  v_t2m/R05 38.75%  v_t2m/R10 49.47%  v_t2m/MedR 11.0%  v_m2t/len 1530  v_m2t/R01 19.14%  v_m2t/R02 21.5%  v_m2t/R03 29.21%  v_m2t/R05 37.25%  v_m2t/R10 49.79%  v_m2t/MedR 11.0%
[20/04/26 21:23:07][src.callback.progress][INFO] - Epoch 368 step 70700/192: loss 1.750e-01
[20/04/26 21:23:17][src.callback.progress][INFO] - Epoch 368 step 70750/192: loss 2.025e-01
[20/04/26 21:23:28][src.callback.progress][INFO] - Epoch 368 step 70800/192: loss 1.825e-01
[20/04/26 21:23:40][src.callback.progress][INFO] - Epoch 368: v_recons 3.413e-01  recons 1.790e-01  v_loss 5.451e-01  loss 1.943e-01  v_latent 1.144e+00  latent 6.554e-01  v_kl 8.050e+01  kl 3.572e+01  v_contrastive 2.029e+00  contrastive 1.493e-01  v_t2m/len 1530  v_t2m/R01 18.23%  v_t2m/R02 23.39%  v_t2m/R03 30.45%  v_t2m/R05 38.75%  v_t2m/R10 49.34%  v_t2m/MedR 11.0%  v_m2t/len 1530  v_m2t/R01 18.76%  v_m2t/R02 21.18%  v_m2t/R03 29.73%  v_m2t/R05 36.4%  v_m2t/R10 48.16%  v_m2t/MedR 11.0%
[20/04/26 21:23:45][src.callback.progress][INFO] - Epoch 369 step 70850/192: loss 1.830e-01
[20/04/26 21:23:55][src.callback.progress][INFO] - Epoch 369 step 70900/192: loss 1.988e-01
[20/04/26 21:24:06][src.callback.progress][INFO] - Epoch 369 step 70950/192: loss 1.884e-01
[20/04/26 21:24:16][src.callback.progress][INFO] - Epoch 369 step 71000/192: loss 2.151e-01
[20/04/26 21:24:26][src.callback.progress][INFO] - Epoch 369: v_recons 3.378e-01  recons 1.779e-01  v_loss 5.397e-01  loss 1.930e-01  v_latent 1.141e+00  latent 6.549e-01  v_kl 8.044e+01  kl 3.589e+01  v_contrastive 2.011e+00  contrastive 1.470e-01  v_t2m/len 1530  v_t2m/R01 17.64%  v_t2m/R02 23.06%  v_t2m/R03 31.44%  v_t2m/R05 38.68%  v_t2m/R10 50.0%  v_t2m/MedR 10.5%  v_m2t/len 1530  v_m2t/R01 19.07%  v_m2t/R02 21.44%  v_m2t/R03 30.26%  v_m2t/R05 36.4%  v_m2t/R10 48.68%  v_m2t/MedR 11.0%
[20/04/26 21:24:33][src.callback.progress][INFO] - Epoch 370 step 71050/192: loss 1.829e-01
[20/04/26 21:24:43][src.callback.progress][INFO] - Epoch 370 step 71100/192: loss 1.877e-01
[20/04/26 21:24:54][src.callback.progress][INFO] - Epoch 370 step 71150/192: loss 2.033e-01
[20/04/26 21:25:04][src.callback.progress][INFO] - Epoch 370 step 71200/192: loss 2.252e-01
[20/04/26 21:25:13][src.callback.progress][INFO] - Epoch 370: v_recons 3.392e-01  recons 1.790e-01  v_loss 5.425e-01  loss 1.943e-01  v_latent 1.143e+00  latent 6.573e-01  v_kl 8.081e+01  kl 3.606e+01  v_contrastive 2.025e+00  contrastive 1.491e-01  v_t2m/len 1530  v_t2m/R01 18.23%  v_t2m/R02 23.06%  v_t2m/R03 31.04%  v_t2m/R05 38.88%  v_t2m/R10 48.95%  v_t2m/MedR 11.0%  v_m2t/len 1530  v_m2t/R01 19.28%  v_m2t/R02 21.89%  v_m2t/R03 30.0%  v_m2t/R05 37.65%  v_m2t/R10 49.34%  v_m2t/MedR 11.0%
[20/04/26 21:25:21][src.callback.progress][INFO] - Epoch 371 step 71250/192: loss 1.694e-01
[20/04/26 21:25:32][src.callback.progress][INFO] - Epoch 371 step 71300/192: loss 2.131e-01
[20/04/26 21:25:42][src.callback.progress][INFO] - Epoch 371 step 71350/192: loss 2.102e-01
[20/04/26 21:25:53][src.callback.progress][INFO] - Epoch 371 step 71400/192: loss 1.862e-01
[20/04/26 21:26:00][src.callback.progress][INFO] - Epoch 371: v_recons 3.410e-01  recons 1.782e-01  v_loss 5.458e-01  loss 1.935e-01  v_latent 1.149e+00  latent 6.575e-01  v_kl 8.066e+01  kl 3.578e+01  v_contrastive 2.040e+00  contrastive 1.488e-01  v_t2m/len 1530  v_t2m/R01 17.25%  v_t2m/R02 22.68%  v_t2m/R03 31.56%  v_t2m/R05 38.75%  v_t2m/R10 50.45%  v_t2m/MedR 10.0%  v_m2t/len 1530  v_m2t/R01 17.64%  v_m2t/R02 20.32%  v_m2t/R03 29.07%  v_m2t/R05 37.18%  v_m2t/R10 48.95%  v_m2t/MedR 11.0%
[20/04/26 21:26:10][src.callback.progress][INFO] - Epoch 372 step 71450/192: loss 2.153e-01
[20/04/26 21:26:20][src.callback.progress][INFO] - Epoch 372 step 71500/192: loss 1.932e-01
[20/04/26 21:26:31][src.callback.progress][INFO] - Epoch 372 step 71550/192: loss 1.975e-01
[20/04/26 21:26:41][src.callback.progress][INFO] - Epoch 372 step 71600/192: loss 2.084e-01
[20/04/26 21:26:46][src.callback.progress][INFO] - Epoch 372: v_recons 3.406e-01  recons 1.802e-01  v_loss 5.454e-01  loss 1.957e-01  v_latent 1.148e+00  latent 6.623e-01  v_kl 8.103e+01  kl 3.639e+01  v_contrastive 2.039e+00  contrastive 1.507e-01  v_t2m/len 1530  v_t2m/R01 17.31%  v_t2m/R02 22.75%  v_t2m/R03 31.11%  v_t2m/R05 39.86%  v_t2m/R10 50.33%  v_t2m/MedR 10.0%  v_m2t/len 1530  v_m2t/R01 17.9%  v_m2t/R02 19.87%  v_m2t/R03 28.55%  v_m2t/R05 37.18%  v_m2t/R10 49.47%  v_m2t/MedR 11.0%
[20/04/26 21:26:58][src.callback.progress][INFO] - Epoch 373 step 71650/192: loss 1.946e-01
[20/04/26 21:27:08][src.callback.progress][INFO] - Epoch 373 step 71700/192: loss 2.063e-01
[20/04/26 21:27:19][src.callback.progress][INFO] - Epoch 373 step 71750/192: loss 2.025e-01
[20/04/26 21:27:29][src.callback.progress][INFO] - Epoch 373 step 71800/192: loss 2.049e-01
[20/04/26 21:27:33][src.callback.progress][INFO] - Epoch 373: v_recons 3.388e-01  recons 1.789e-01  v_loss 5.428e-01  loss 1.942e-01  v_latent 1.148e+00  latent 6.577e-01  v_kl 8.058e+01  kl 3.600e+01  v_contrastive 2.031e+00  contrastive 1.493e-01  v_t2m/len 1530  v_t2m/R01 17.52%  v_t2m/R02 22.54%  v_t2m/R03 30.64%  v_t2m/R05 38.88%  v_t2m/R10 50.97%  v_t2m/MedR 10.0%  v_m2t/len 1530  v_m2t/R01 19.67%  v_m2t/R02 21.76%  v_m2t/R03 30.2%  v_m2t/R05 38.16%  v_m2t/R10 49.27%  v_m2t/MedR 11.0%
[20/04/26 21:27:48][src.callback.progress][INFO] - Epoch 374 step 71850/192: loss 2.006e-01
[20/04/26 21:27:59][src.callback.progress][INFO] - Epoch 374 step 71900/192: loss 1.863e-01
[20/04/26 21:28:09][src.callback.progress][INFO] - Epoch 374 step 71950/192: loss 1.732e-01
[20/04/26 21:28:19][src.callback.progress][INFO] - Epoch 374 step 72000/192: loss 1.780e-01
[20/04/26 21:28:21][src.callback.progress][INFO] - Epoch 374: v_recons 3.414e-01  recons 1.790e-01  v_loss 5.452e-01  loss 1.943e-01  v_latent 1.152e+00  latent 6.589e-01  v_kl 8.189e+01  kl 3.618e+01  v_contrastive 2.030e+00  contrastive 1.488e-01  v_t2m/len 1530  v_t2m/R01 17.05%  v_t2m/R02 21.62%  v_t2m/R03 29.4%  v_t2m/R05 37.7%  v_t2m/R10 50.25%  v_t2m/MedR 10.0%  v_m2t/len 1530  v_m2t/R01 18.69%  v_m2t/R02 21.62%  v_m2t/R03 30.0%  v_m2t/R05 37.58%  v_m2t/R10 49.34%  v_m2t/MedR 11.0%
[20/04/26 21:28:38][src.callback.progress][INFO] - Epoch 375 step 72050/192: loss 1.906e-01
[20/04/26 21:28:48][src.callback.progress][INFO] - Epoch 375 step 72100/192: loss 1.679e-01
[20/04/26 21:28:59][src.callback.progress][INFO] - Epoch 375 step 72150/192: loss 2.217e-01
[20/04/26 21:29:09][src.callback.progress][INFO] - Epoch 375: v_recons 3.391e-01  recons 1.794e-01  v_loss 5.450e-01  loss 1.951e-01  v_latent 1.151e+00  latent 6.659e-01  v_kl 8.228e+01  kl 3.668e+01  v_contrastive 2.051e+00  contrastive 1.534e-01  v_t2m/len 1530  v_t2m/R01 16.72%  v_t2m/R02 20.92%  v_t2m/R03 29.35%  v_t2m/R05 37.84%  v_t2m/R10 50.45%  v_t2m/MedR 10.0%  v_m2t/len 1530  v_m2t/R01 18.37%  v_m2t/R02 21.11%  v_m2t/R03 29.54%  v_m2t/R05 36.59%  v_m2t/R10 48.56%  v_m2t/MedR 11.0%
[20/04/26 21:29:16][src.callback.progress][INFO] - Epoch 376 step 72200/192: loss 1.657e-01
[20/04/26 21:29:27][src.callback.progress][INFO] - Epoch 376 step 72250/192: loss 1.745e-01
[20/04/26 21:29:37][src.callback.progress][INFO] - Epoch 376 step 72300/192: loss 1.704e-01
[20/04/26 21:29:47][src.callback.progress][INFO] - Epoch 376 step 72350/192: loss 1.866e-01
[20/04/26 21:29:56][src.callback.progress][INFO] - Epoch 376: v_recons 3.420e-01  recons 1.788e-01  v_loss 5.478e-01  loss 1.943e-01  v_latent 1.152e+00  latent 6.635e-01  v_kl 8.158e+01  kl 3.664e+01  v_contrastive 2.050e+00  contrastive 1.506e-01  v_t2m/len 1530  v_t2m/R01 17.45%  v_t2m/R02 23.32%  v_t2m/R03 30.64%  v_t2m/R05 37.84%  v_t2m/R10 50.06%  v_t2m/MedR 10.0%  v_m2t/len 1530  v_m2t/R01 19.28%  v_m2t/R02 21.95%  v_m2t/R03 29.93%  v_m2t/R05 36.93%  v_m2t/R10 49.15%  v_m2t/MedR 11.0%
[20/04/26 21:30:04][src.callback.progress][INFO] - Epoch 377 step 72400/192: loss 1.896e-01
[20/04/26 21:30:15][src.callback.progress][INFO] - Epoch 377 step 72450/192: loss 1.920e-01
[20/04/26 21:30:25][src.callback.progress][INFO] - Epoch 377 step 72500/192: loss 1.687e-01
[20/04/26 21:30:35][src.callback.progress][INFO] - Epoch 377 step 72550/192: loss 2.067e-01
[20/04/26 21:30:43][src.callback.progress][INFO] - Epoch 377: v_recons 3.397e-01  recons 1.792e-01  v_loss 5.450e-01  loss 1.948e-01  v_latent 1.156e+00  latent 6.613e-01  v_kl 8.301e+01  kl 3.640e+01  v_contrastive 2.045e+00  contrastive 1.527e-01  v_t2m/len 1530  v_t2m/R01 17.31%  v_t2m/R02 22.42%  v_t2m/R03 29.4%  v_t2m/R05 38.09%  v_t2m/R10 49.61%  v_t2m/MedR 11.0%  v_m2t/len 1530  v_m2t/R01 19.67%  v_m2t/R02 22.29%  v_m2t/R03 29.21%  v_m2t/R05 37.11%  v_m2t/R10 47.97%  v_m2t/MedR 11.0%
[20/04/26 21:30:53][src.callback.progress][INFO] - Epoch 378 step 72600/192: loss 1.939e-01
[20/04/26 21:31:03][src.callback.progress][INFO] - Epoch 378 step 72650/192: loss 1.959e-01
[20/04/26 21:31:13][src.callback.progress][INFO] - Epoch 378 step 72700/192: loss 1.882e-01
[20/04/26 21:31:24][src.callback.progress][INFO] - Epoch 378 step 72750/192: loss 1.898e-01
[20/04/26 21:31:29][src.callback.progress][INFO] - Epoch 378: v_recons 3.414e-01  recons 1.779e-01  v_loss 5.459e-01  loss 1.934e-01  v_latent 1.155e+00  latent 6.600e-01  v_kl 8.244e+01  kl 3.673e+01  v_contrastive 2.037e+00  contrastive 1.509e-01  v_t2m/len 1530  v_t2m/R01 17.12%  v_t2m/R02 20.59%  v_t2m/R03 29.35%  v_t2m/R05 37.31%  v_t2m/R10 50.59%  v_t2m/MedR 10.0%  v_m2t/len 1530  v_m2t/R01 18.17%  v_m2t/R02 20.45%  v_m2t/R03 29.61%  v_m2t/R05 37.18%  v_m2t/R10 49.15%  v_m2t/MedR 11.0%
[20/04/26 21:31:42][src.callback.progress][INFO] - Epoch 379 step 72800/192: loss 2.006e-01
[20/04/26 21:31:52][src.callback.progress][INFO] - Epoch 379 step 72850/192: loss 1.804e-01
[20/04/26 21:32:03][src.callback.progress][INFO] - Epoch 379 step 72900/192: loss 1.936e-01
[20/04/26 21:32:13][src.callback.progress][INFO] - Epoch 379 step 72950/192: loss 2.208e-01
[20/04/26 21:32:17][src.callback.progress][INFO] - Epoch 379: v_recons 3.393e-01  recons 1.787e-01  v_loss 5.460e-01  loss 1.938e-01  v_latent 1.160e+00  latent 6.597e-01  v_kl 8.288e+01  kl 3.636e+01  v_contrastive 2.058e+00  contrastive 1.477e-01  v_t2m/len 1530  v_t2m/R01 16.98%  v_t2m/R02 22.87%  v_t2m/R03 29.79%  v_t2m/R05 37.06%  v_t2m/R10 49.4%  v_t2m/MedR 11.0%  v_m2t/len 1530  v_m2t/R01 18.04%  v_m2t/R02 20.32%  v_m2t/R03 29.35%  v_m2t/R05 36.72%  v_m2t/R10 48.56%  v_m2t/MedR 11.0%
[20/04/26 21:32:30][src.callback.progress][INFO] - Epoch 380 step 73000/192: loss 2.366e-01
[20/04/26 21:32:40][src.callback.progress][INFO] - Epoch 380 step 73050/192: loss 1.703e-01
[20/04/26 21:32:51][src.callback.progress][INFO] - Epoch 380 step 73100/192: loss 1.945e-01
[20/04/26 21:33:01][src.callback.progress][INFO] - Epoch 380 step 73150/192: loss 1.969e-01
[20/04/26 21:33:03][src.callback.progress][INFO] - Epoch 380: v_recons 3.434e-01  recons 1.790e-01  v_loss 5.489e-01  loss 1.941e-01  v_latent 1.158e+00  latent 6.623e-01  v_kl 8.357e+01  kl 3.663e+01  v_contrastive 2.047e+00  contrastive 1.469e-01  v_t2m/len 1530  v_t2m/R01 17.96%  v_t2m/R02 23.27%  v_t2m/R03 30.45%  v_t2m/R05 38.81%  v_t2m/R10 49.93%  v_t2m/MedR 11.0%  v_m2t/len 1530  v_m2t/R01 18.88%  v_m2t/R02 21.11%  v_m2t/R03 29.07%  v_m2t/R05 35.88%  v_m2t/R10 48.63%  v_m2t/MedR 11.0%
[20/04/26 21:33:18][src.callback.progress][INFO] - Epoch 381 step 73200/192: loss 2.151e-01
[20/04/26 21:33:29][src.callback.progress][INFO] - Epoch 381 step 73250/192: loss 1.869e-01
[20/04/26 21:33:39][src.callback.progress][INFO] - Epoch 381 step 73300/192: loss 2.029e-01
[20/04/26 21:33:50][src.callback.progress][INFO] - Epoch 381: v_recons 3.410e-01  recons 1.790e-01  v_loss 5.469e-01  loss 1.942e-01  v_latent 1.159e+00  latent 6.623e-01  v_kl 8.399e+01  kl 3.666e+01  v_contrastive 2.051e+00  contrastive 1.487e-01  v_t2m/len 1530  v_t2m/R01 18.5%  v_t2m/R02 23.53%  v_t2m/R03 30.64%  v_t2m/R05 37.52%  v_t2m/R10 49.79%  v_t2m/MedR 11.0%  v_m2t/len 1530  v_m2t/R01 17.96%  v_m2t/R02 20.59%  v_m2t/R03 29.61%  v_m2t/R05 36.99%  v_m2t/R10 48.36%  v_m2t/MedR 11.0%
[20/04/26 21:33:56][src.callback.progress][INFO] - Epoch 382 step 73350/192: loss 1.857e-01
[20/04/26 21:34:07][src.callback.progress][INFO] - Epoch 382 step 73400/192: loss 2.072e-01
[20/04/26 21:34:17][src.callback.progress][INFO] - Epoch 382 step 73450/192: loss 2.133e-01
[20/04/26 21:34:28][src.callback.progress][INFO] - Epoch 382 step 73500/192: loss 1.922e-01
[20/04/26 21:34:37][src.callback.progress][INFO] - Epoch 382: v_recons 3.430e-01  recons 1.788e-01  v_loss 5.503e-01  loss 1.940e-01  v_latent 1.161e+00  latent 6.631e-01  v_kl 8.355e+01  kl 3.689e+01  v_contrastive 2.065e+00  contrastive 1.480e-01  v_t2m/len 1530  v_t2m/R01 17.52%  v_t2m/R02 22.09%  v_t2m/R03 29.02%  v_t2m/R05 37.58%  v_t2m/R10 49.86%  v_t2m/MedR 11.0%  v_m2t/len 1530  v_m2t/R01 19.02%  v_m2t/R02 22.35%  v_m2t/R03 30.2%  v_m2t/R05 37.52%  v_m2t/R10 48.43%  v_m2t/MedR 11.0%
[20/04/26 21:34:45][src.callback.progress][INFO] - Epoch 383 step 73550/192: loss 1.804e-01
[20/04/26 21:34:55][src.callback.progress][INFO] - Epoch 383 step 73600/192: loss 2.014e-01
[20/04/26 21:35:06][src.callback.progress][INFO] - Epoch 383 step 73650/192: loss 1.886e-01
[20/04/26 21:35:16][src.callback.progress][INFO] - Epoch 383 step 73700/192: loss 1.916e-01
[20/04/26 21:35:24][src.callback.progress][INFO] - Epoch 383: v_recons 3.427e-01  recons 1.796e-01  v_loss 5.489e-01  loss 1.953e-01  v_latent 1.161e+00  latent 6.687e-01  v_kl 8.352e+01  kl 3.718e+01  v_contrastive 2.054e+00  contrastive 1.538e-01  v_t2m/len 1530  v_t2m/R01 16.86%  v_t2m/R02 22.09%  v_t2m/R03 29.67%  v_t2m/R05 38.04%  v_t2m/R10 49.27%  v_t2m/MedR 11.0%  v_m2t/len 1530  v_m2t/R01 17.9%  v_m2t/R02 20.71%  v_m2t/R03 28.95%  v_m2t/R05 36.13%  v_m2t/R10 47.7%  v_m2t/MedR 12.0%
[20/04/26 21:35:34][src.callback.progress][INFO] - Epoch 384 step 73750/192: loss 2.310e-01
[20/04/26 21:35:44][src.callback.progress][INFO] - Epoch 384 step 73800/192: loss 1.711e-01
[20/04/26 21:35:55][src.callback.progress][INFO] - Epoch 384 step 73850/192: loss 2.153e-01
[20/04/26 21:36:05][src.callback.progress][INFO] - Epoch 384 step 73900/192: loss 1.792e-01
[20/04/26 21:36:11][src.callback.progress][INFO] - Epoch 384: v_recons 3.408e-01  recons 1.788e-01  v_loss 5.494e-01  loss 1.944e-01  v_latent 1.163e+00  latent 6.656e-01  v_kl 8.394e+01  kl 3.705e+01  v_contrastive 2.077e+00  contrastive 1.522e-01  v_t2m/len 1530  v_t2m/R01 15.88%  v_t2m/R02 21.23%  v_t2m/R03 29.4%  v_t2m/R05 36.2%  v_t2m/R10 49.22%  v_t2m/MedR 11.0%  v_m2t/len 1530  v_m2t/R01 18.1%  v_m2t/R02 21.5%  v_m2t/R03 28.5%  v_m2t/R05 35.56%  v_m2t/R10 48.04%  v_m2t/MedR 12.0%
[20/04/26 21:36:22][src.callback.progress][INFO] - Epoch 385 step 73950/192: loss 1.761e-01
[20/04/26 21:36:32][src.callback.progress][INFO] - Epoch 385 step 74000/192: loss 2.116e-01
[20/04/26 21:36:43][src.callback.progress][INFO] - Epoch 385 step 74050/192: loss 1.914e-01
[20/04/26 21:36:53][src.callback.progress][INFO] - Epoch 385 step 74100/192: loss 1.763e-01
[20/04/26 21:36:57][src.callback.progress][INFO] - Epoch 385: v_recons 3.402e-01  recons 1.790e-01  v_loss 5.462e-01  loss 1.948e-01  v_latent 1.162e+00  latent 6.691e-01  v_kl 8.332e+01  kl 3.724e+01  v_contrastive 2.052e+00  contrastive 1.541e-01  v_t2m/len 1530  v_t2m/R01 16.46%  v_t2m/R02 21.95%  v_t2m/R03 28.95%  v_t2m/R05 37.7%  v_t2m/R10 49.93%  v_t2m/MedR 11.0%  v_m2t/len 1530  v_m2t/R01 17.9%  v_m2t/R02 20.97%  v_m2t/R03 29.54%  v_m2t/R05 37.11%  v_m2t/R10 48.04%  v_m2t/MedR 11.0%
[20/04/26 21:37:10][src.callback.progress][INFO] - Epoch 386 step 74150/192: loss 1.850e-01
[20/04/26 21:37:20][src.callback.progress][INFO] - Epoch 386 step 74200/192: loss 1.857e-01
[20/04/26 21:37:31][src.callback.progress][INFO] - Epoch 386 step 74250/192: loss 2.160e-01
[20/04/26 21:37:41][src.callback.progress][INFO] - Epoch 386 step 74300/192: loss 1.944e-01
[20/04/26 21:37:44][src.callback.progress][INFO] - Epoch 386: v_recons 3.397e-01  recons 1.777e-01  v_loss 5.438e-01  loss 1.927e-01  v_latent 1.159e+00  latent 6.596e-01  v_kl 8.294e+01  kl 3.656e+01  v_contrastive 2.032e+00  contrastive 1.468e-01  v_t2m/len 1530  v_t2m/R01 17.78%  v_t2m/R02 22.35%  v_t2m/R03 29.28%  v_t2m/R05 38.04%  v_t2m/R10 50.06%  v_t2m/MedR 10.0%  v_m2t/len 1530  v_m2t/R01 17.52%  v_m2t/R02 20.2%  v_m2t/R03 27.96%  v_m2t/R05 35.88%  v_m2t/R10 49.15%  v_m2t/MedR 11.0%
[20/04/26 21:37:58][src.callback.progress][INFO] - Epoch 387 step 74350/192: loss 1.964e-01
[20/04/26 21:38:09][src.callback.progress][INFO] - Epoch 387 step 74400/192: loss 1.890e-01
[20/04/26 21:38:19][src.callback.progress][INFO] - Epoch 387 step 74450/192: loss 1.931e-01
[20/04/26 21:38:31][src.callback.progress][INFO] - Epoch 387: v_recons 3.386e-01  recons 1.777e-01  v_loss 5.443e-01  loss 1.926e-01  v_latent 1.158e+00  latent 6.619e-01  v_kl 8.234e+01  kl 3.712e+01  v_contrastive 2.049e+00  contrastive 1.455e-01  v_t2m/len 1530  v_t2m/R01 17.64%  v_t2m/R02 23.86%  v_t2m/R03 30.64%  v_t2m/R05 38.16%  v_t2m/R10 50.45%  v_t2m/MedR 10.0%  v_m2t/len 1530  v_m2t/R01 18.04%  v_m2t/R02 20.12%  v_m2t/R03 27.78%  v_m2t/R05 37.25%  v_m2t/R10 49.54%  v_m2t/MedR 11.0%
[20/04/26 21:38:37][src.callback.progress][INFO] - Epoch 388 step 74500/192: loss 1.851e-01
[20/04/26 21:38:48][src.callback.progress][INFO] - Epoch 388 step 74550/192: loss 1.927e-01
[20/04/26 21:38:58][src.callback.progress][INFO] - Epoch 388 step 74600/192: loss 1.973e-01
[20/04/26 21:39:08][src.callback.progress][INFO] - Epoch 388 step 74650/192: loss 1.796e-01
[20/04/26 21:39:18][src.callback.progress][INFO] - Epoch 388: v_recons 3.404e-01  recons 1.768e-01  v_loss 5.441e-01  loss 1.914e-01  v_latent 1.161e+00  latent 6.550e-01  v_kl 8.279e+01  kl 3.629e+01  v_contrastive 2.028e+00  contrastive 1.429e-01  v_t2m/len 1530  v_t2m/R01 16.13%  v_t2m/R02 21.76%  v_t2m/R03 30.32%  v_t2m/R05 38.24%  v_t2m/R10 50.06%  v_t2m/MedR 10.0%  v_m2t/len 1530  v_m2t/R01 18.37%  v_m2t/R02 21.11%  v_m2t/R03 28.69%  v_m2t/R05 36.59%  v_m2t/R10 49.02%  v_m2t/MedR 11.0%
[20/04/26 21:39:27][src.callback.progress][INFO] - Epoch 389 step 74700/192: loss 1.731e-01
[20/04/26 21:39:37][src.callback.progress][INFO] - Epoch 389 step 74750/192: loss 1.867e-01
[20/04/26 21:39:48][src.callback.progress][INFO] - Epoch 389 step 74800/192: loss 1.634e-01
[20/04/26 21:39:58][src.callback.progress][INFO] - Epoch 389 step 74850/192: loss 1.878e-01
[20/04/26 21:40:06][src.callback.progress][INFO] - Epoch 389: v_recons 3.417e-01  recons 1.769e-01  v_loss 5.497e-01  loss 1.918e-01  v_latent 1.166e+00  latent 6.589e-01  v_kl 8.532e+01  kl 3.653e+01  v_contrastive 2.072e+00  contrastive 1.450e-01  v_t2m/len 1530  v_t2m/R01 17.52%  v_t2m/R02 21.82%  v_t2m/R03 29.87%  v_t2m/R05 37.9%  v_t2m/R10 48.81%  v_t2m/MedR 11.0%  v_m2t/len 1530  v_m2t/R01 18.23%  v_m2t/R02 21.3%  v_m2t/R03 28.95%  v_m2t/R05 36.54%  v_m2t/R10 47.38%  v_m2t/MedR 11.0%
[20/04/26 21:40:16][src.callback.progress][INFO] - Epoch 390 step 74900/192: loss 2.076e-01
[20/04/26 21:40:26][src.callback.progress][INFO] - Epoch 390 step 74950/192: loss 2.043e-01
[20/04/26 21:40:37][src.callback.progress][INFO] - Epoch 390 step 75000/192: loss 1.950e-01
[20/04/26 21:40:47][src.callback.progress][INFO] - Epoch 390 step 75050/192: loss 2.193e-01
[20/04/26 21:40:54][src.callback.progress][INFO] - Epoch 390: v_recons 3.387e-01  recons 1.766e-01  v_loss 5.472e-01  loss 1.915e-01  v_latent 1.166e+00  latent 6.594e-01  v_kl 8.310e+01  kl 3.659e+01  v_contrastive 2.076e+00  contrastive 1.447e-01  v_t2m/len 1530  v_t2m/R01 18.17%  v_t2m/R02 22.15%  v_t2m/R03 29.93%  v_t2m/R05 37.06%  v_t2m/R10 48.63%  v_t2m/MedR 11.0%  v_m2t/len 1530  v_m2t/R01 17.38%  v_m2t/R02 19.93%  v_m2t/R03 28.76%  v_m2t/R05 36.47%  v_m2t/R10 49.08%  v_m2t/MedR 11.0%
[20/04/26 21:41:04][src.callback.progress][INFO] - Epoch 391 step 75100/192: loss 1.831e-01
[20/04/26 21:41:15][src.callback.progress][INFO] - Epoch 391 step 75150/192: loss 1.719e-01
[20/04/26 21:41:25][src.callback.progress][INFO] - Epoch 391 step 75200/192: loss 1.806e-01
[20/04/26 21:41:36][src.callback.progress][INFO] - Epoch 391 step 75250/192: loss 1.911e-01
[20/04/26 21:41:40][src.callback.progress][INFO] - Epoch 391: v_recons 3.394e-01  recons 1.767e-01  v_loss 5.454e-01  loss 1.916e-01  v_latent 1.166e+00  latent 6.575e-01  v_kl 8.383e+01  kl 3.640e+01  v_contrastive 2.051e+00  contrastive 1.459e-01  v_t2m/len 1530  v_t2m/R01 17.45%  v_t2m/R02 22.21%  v_t2m/R03 30.38%  v_t2m/R05 37.45%  v_t2m/R10 48.5%  v_t2m/MedR 11.0%  v_m2t/len 1530  v_m2t/R01 17.96%  v_m2t/R02 19.87%  v_m2t/R03 28.69%  v_m2t/R05 35.95%  v_m2t/R10 48.5%  v_m2t/MedR 11.0%
[20/04/26 21:41:53][src.callback.progress][INFO] - Epoch 392 step 75300/192: loss 2.047e-01
[20/04/26 21:42:03][src.callback.progress][INFO] - Epoch 392 step 75350/192: loss 1.920e-01
[20/04/26 21:42:14][src.callback.progress][INFO] - Epoch 392 step 75400/192: loss 2.045e-01
[20/04/26 21:42:25][src.callback.progress][INFO] - Epoch 392 step 75450/192: loss 1.815e-01
[20/04/26 21:42:28][src.callback.progress][INFO] - Epoch 392: v_recons 3.417e-01  recons 1.764e-01  v_loss 5.451e-01  loss 1.911e-01  v_latent 1.161e+00  latent 6.550e-01  v_kl 8.335e+01  kl 3.636e+01  v_contrastive 2.025e+00  contrastive 1.427e-01  v_t2m/len 1530  v_t2m/R01 16.46%  v_t2m/R02 20.78%  v_t2m/R03 28.62%  v_t2m/R05 36.59%  v_t2m/R10 50.13%  v_t2m/MedR 10.0%  v_m2t/len 1530  v_m2t/R01 18.04%  v_m2t/R02 20.59%  v_m2t/R03 28.88%  v_m2t/R05 36.79%  v_m2t/R10 48.63%  v_m2t/MedR 11.0%
[20/04/26 21:42:42][src.callback.progress][INFO] - Epoch 393 step 75500/192: loss 1.856e-01
[20/04/26 21:42:52][src.callback.progress][INFO] - Epoch 393 step 75550/192: loss 1.785e-01
[20/04/26 21:43:03][src.callback.progress][INFO] - Epoch 393 step 75600/192: loss 1.823e-01
[20/04/26 21:43:14][src.callback.progress][INFO] - Epoch 393: v_recons 3.396e-01  recons 1.762e-01  v_loss 5.461e-01  loss 1.907e-01  v_latent 1.169e+00  latent 6.543e-01  v_kl 8.369e+01  kl 3.626e+01  v_contrastive 2.057e+00  contrastive 1.410e-01  v_t2m/len 1530  v_t2m/R01 17.57%  v_t2m/R02 22.03%  v_t2m/R03 29.54%  v_t2m/R05 38.88%  v_t2m/R10 49.22%  v_t2m/MedR 11.0%  v_m2t/len 1530  v_m2t/R01 17.78%  v_m2t/R02 20.0%  v_m2t/R03 28.81%  v_m2t/R05 36.4%  v_m2t/R10 49.61%  v_m2t/MedR 11.0%
[20/04/26 21:43:21][src.callback.progress][INFO] - Epoch 394 step 75650/192: loss 1.724e-01
[20/04/26 21:43:31][src.callback.progress][INFO] - Epoch 394 step 75700/192: loss 1.752e-01
[20/04/26 21:43:42][src.callback.progress][INFO] - Epoch 394 step 75750/192: loss 2.027e-01
[20/04/26 21:43:52][src.callback.progress][INFO] - Epoch 394 step 75800/192: loss 1.974e-01
[20/04/26 21:44:02][src.callback.progress][INFO] - Epoch 394: v_recons 3.407e-01  recons 1.766e-01  v_loss 5.486e-01  loss 1.909e-01  v_latent 1.171e+00  latent 6.548e-01  v_kl 8.447e+01  kl 3.637e+01  v_contrastive 2.071e+00  contrastive 1.390e-01  v_t2m/len 1530  v_t2m/R01 17.64%  v_t2m/R02 22.54%  v_t2m/R03 29.4%  v_t2m/R05 37.52%  v_t2m/R10 49.02%  v_t2m/MedR 11.0%  v_m2t/len 1530  v_m2t/R01 18.29%  v_m2t/R02 20.59%  v_m2t/R03 29.07%  v_m2t/R05 36.47%  v_m2t/R10 48.81%  v_m2t/MedR 11.0%
[20/04/26 21:44:10][src.callback.progress][INFO] - Epoch 395 step 75850/192: loss 2.074e-01
[20/04/26 21:44:20][src.callback.progress][INFO] - Epoch 395 step 75900/192: loss 1.882e-01
[20/04/26 21:44:30][src.callback.progress][INFO] - Epoch 395 step 75950/192: loss 1.813e-01
[20/04/26 21:44:41][src.callback.progress][INFO] - Epoch 395 step 76000/192: loss 1.770e-01
[20/04/26 21:44:49][src.callback.progress][INFO] - Epoch 395: v_recons 3.424e-01  recons 1.757e-01  v_loss 5.507e-01  loss 1.898e-01  v_latent 1.167e+00  latent 6.518e-01  v_kl 8.480e+01  kl 3.617e+01  v_contrastive 2.075e+00  contrastive 1.368e-01  v_t2m/len 1530  v_t2m/R01 17.52%  v_t2m/R02 21.76%  v_t2m/R03 30.45%  v_t2m/R05 38.36%  v_t2m/R10 49.34%  v_t2m/MedR 11.0%  v_m2t/len 1530  v_m2t/R01 19.21%  v_m2t/R02 21.18%  v_m2t/R03 29.4%  v_m2t/R05 35.88%  v_m2t/R10 48.04%  v_m2t/MedR 11.0%
[20/04/26 21:44:58][src.callback.progress][INFO] - Epoch 396 step 76050/192: loss 1.863e-01
[20/04/26 21:45:09][src.callback.progress][INFO] - Epoch 396 step 76100/192: loss 1.939e-01
[20/04/26 21:45:19][src.callback.progress][INFO] - Epoch 396 step 76150/192: loss 2.144e-01
[20/04/26 21:45:30][src.callback.progress][INFO] - Epoch 396 step 76200/192: loss 1.822e-01
[20/04/26 21:45:37][src.callback.progress][INFO] - Epoch 396: v_recons 3.395e-01  recons 1.764e-01  v_loss 5.463e-01  loss 1.911e-01  v_latent 1.168e+00  latent 6.548e-01  v_kl 8.424e+01  kl 3.652e+01  v_contrastive 2.059e+00  contrastive 1.436e-01  v_t2m/len 1530  v_t2m/R01 16.4%  v_t2m/R02 22.09%  v_t2m/R03 30.12%  v_t2m/R05 37.9%  v_t2m/R10 50.84%  v_t2m/MedR 10.0%  v_m2t/len 1530  v_m2t/R01 19.21%  v_m2t/R02 22.15%  v_m2t/R03 30.26%  v_m2t/R05 38.5%  v_m2t/R10 49.08%  v_m2t/MedR 11.0%
[20/04/26 21:45:48][src.callback.progress][INFO] - Epoch 397 step 76250/192: loss 1.634e-01
[20/04/26 21:45:58][src.callback.progress][INFO] - Epoch 397 step 76300/192: loss 1.923e-01
[20/04/26 21:46:09][src.callback.progress][INFO] - Epoch 397 step 76350/192: loss 2.038e-01
[20/04/26 21:46:19][src.callback.progress][INFO] - Epoch 397 step 76400/192: loss 1.905e-01
[20/04/26 21:46:24][src.callback.progress][INFO] - Epoch 397: v_recons 3.437e-01  recons 1.770e-01  v_loss 5.529e-01  loss 1.918e-01  v_latent 1.176e+00  latent 6.602e-01  v_kl 8.553e+01  kl 3.753e+01  v_contrastive 2.083e+00  contrastive 1.437e-01  v_t2m/len 1530  v_t2m/R01 18.29%  v_t2m/R02 24.37%  v_t2m/R03 30.12%  v_t2m/R05 38.29%  v_t2m/R10 49.74%  v_t2m/MedR 11.0%  v_m2t/len 1530  v_m2t/R01 18.5%  v_m2t/R02 21.37%  v_m2t/R03 29.28%  v_m2t/R05 35.88%  v_m2t/R10 48.16%  v_m2t/MedR 11.0%
[20/04/26 21:46:36][src.callback.progress][INFO] - Epoch 398 step 76450/192: loss 1.997e-01
[20/04/26 21:46:47][src.callback.progress][INFO] - Epoch 398 step 76500/192: loss 1.879e-01
[20/04/26 21:46:57][src.callback.progress][INFO] - Epoch 398 step 76550/192: loss 1.779e-01
[20/04/26 21:47:08][src.callback.progress][INFO] - Epoch 398 step 76600/192: loss 2.273e-01
[20/04/26 21:47:11][src.callback.progress][INFO] - Epoch 398: v_recons 3.405e-01  recons 1.774e-01  v_loss 5.481e-01  loss 1.921e-01  v_latent 1.173e+00  latent 6.622e-01  v_kl 8.422e+01  kl 3.712e+01  v_contrastive 2.068e+00  contrastive 1.427e-01  v_t2m/len 1530  v_t2m/R01 17.7%  v_t2m/R02 21.89%  v_t2m/R03 29.73%  v_t2m/R05 37.18%  v_t2m/R10 49.22%  v_t2m/MedR 11.0%  v_m2t/len 1530  v_m2t/R01 19.02%  v_m2t/R02 21.56%  v_m2t/R03 29.67%  v_m2t/R05 36.2%  v_m2t/R10 48.09%  v_m2t/MedR 11.0%
[20/04/26 21:47:25][src.callback.progress][INFO] - Epoch 399 step 76650/192: loss 1.904e-01
[20/04/26 21:47:35][src.callback.progress][INFO] - Epoch 399 step 76700/192: loss 2.006e-01
[20/04/26 21:47:45][src.callback.progress][INFO] - Epoch 399 step 76750/192: loss 1.676e-01
[20/04/26 21:47:56][src.callback.progress][INFO] - Epoch 399 step 76800/192: loss 1.937e-01
[20/04/26 21:47:58][src.callback.progress][INFO] - Epoch 399: v_recons 3.402e-01  recons 1.773e-01  v_loss 5.477e-01  loss 1.919e-01  v_latent 1.174e+00  latent 6.618e-01  v_kl 8.458e+01  kl 3.709e+01  v_contrastive 2.067e+00  contrastive 1.422e-01  v_t2m/len 1530  v_t2m/R01 15.88%  v_t2m/R02 20.59%  v_t2m/R03 28.23%  v_t2m/R05 36.86%  v_t2m/R10 48.24%  v_t2m/MedR 11.0%  v_m2t/len 1530  v_m2t/R01 18.37%  v_m2t/R02 21.56%  v_m2t/R03 29.87%  v_m2t/R05 36.54%  v_m2t/R10 47.77%  v_m2t/MedR 11.0%
[20/04/26 21:48:13][src.callback.progress][INFO] - Epoch 400 step 76850/192: loss 2.037e-01
[20/04/26 21:48:24][src.callback.progress][INFO] - Epoch 400 step 76900/192: loss 1.685e-01
[20/04/26 21:48:34][src.callback.progress][INFO] - Epoch 400 step 76950/192: loss 1.784e-01
[20/04/26 21:48:45][src.callback.progress][INFO] - Epoch 400: v_recons 3.397e-01  recons 1.762e-01  v_loss 5.434e-01  loss 1.907e-01  v_latent 1.167e+00  latent 6.582e-01  v_kl 8.377e+01  kl 3.657e+01  v_contrastive 2.028e+00  contrastive 1.412e-01  v_t2m/len 1530  v_t2m/R01 17.45%  v_t2m/R02 22.54%  v_t2m/R03 30.78%  v_t2m/R05 37.38%  v_t2m/R10 49.47%  v_t2m/MedR 11.0%  v_m2t/len 1530  v_m2t/R01 19.61%  v_m2t/R02 21.7%  v_m2t/R03 29.79%  v_m2t/R05 37.11%  v_m2t/R10 49.54%  v_m2t/MedR 11.0%
[20/04/26 21:48:51][src.callback.progress][INFO] - Epoch 401 step 77000/192: loss 1.782e-01
[20/04/26 21:49:02][src.callback.progress][INFO] - Epoch 401 step 77050/192: loss 2.075e-01
[20/04/26 21:49:12][src.callback.progress][INFO] - Epoch 401 step 77100/192: loss 1.853e-01
[20/04/26 21:49:23][src.callback.progress][INFO] - Epoch 401 step 77150/192: loss 1.886e-01
[20/04/26 21:49:31][src.callback.progress][INFO] - Epoch 401: v_recons 3.416e-01  recons 1.761e-01  v_loss 5.472e-01  loss 1.904e-01  v_latent 1.171e+00  latent 6.560e-01  v_kl 8.577e+01  kl 3.653e+01  v_contrastive 2.047e+00  contrastive 1.393e-01  v_t2m/len 1530  v_t2m/R01 16.34%  v_t2m/R02 20.32%  v_t2m/R03 29.47%  v_t2m/R05 38.04%  v_t2m/R10 50.25%  v_t2m/MedR 10.0%  v_m2t/len 1530  v_m2t/R01 17.96%  v_m2t/R02 20.38%  v_m2t/R03 30.45%  v_m2t/R05 36.86%  v_m2t/R10 48.88%  v_m2t/MedR 11.0%
[20/04/26 21:49:40][src.callback.progress][INFO] - Epoch 402 step 77200/192: loss 1.966e-01
[20/04/26 21:49:50][src.callback.progress][INFO] - Epoch 402 step 77250/192: loss 1.854e-01
[20/04/26 21:50:00][src.callback.progress][INFO] - Epoch 402 step 77300/192: loss 1.963e-01
[20/04/26 21:50:11][src.callback.progress][INFO] - Epoch 402 step 77350/192: loss 1.824e-01
[20/04/26 21:50:18][src.callback.progress][INFO] - Epoch 402: v_recons 3.417e-01  recons 1.776e-01  v_loss 5.487e-01  loss 1.927e-01  v_latent 1.173e+00  latent 6.664e-01  v_kl 8.568e+01  kl 3.743e+01  v_contrastive 2.062e+00  contrastive 1.468e-01  v_t2m/len 1530  v_t2m/R01 18.5%  v_t2m/R02 23.2%  v_t2m/R03 30.59%  v_t2m/R05 38.16%  v_t2m/R10 49.08%  v_t2m/MedR 11.0%  v_m2t/len 1530  v_m2t/R01 18.5%  v_m2t/R02 20.97%  v_m2t/R03 29.79%  v_m2t/R05 36.99%  v_m2t/R10 48.68%  v_m2t/MedR 11.0%
[20/04/26 21:50:29][src.callback.progress][INFO] - Epoch 403 step 77400/192: loss 1.896e-01
[20/04/26 21:50:40][src.callback.progress][INFO] - Epoch 403 step 77450/192: loss 1.867e-01
[20/04/26 21:50:50][src.callback.progress][INFO] - Epoch 403 step 77500/192: loss 2.130e-01
[20/04/26 21:51:01][src.callback.progress][INFO] - Epoch 403 step 77550/192: loss 2.069e-01
[20/04/26 21:51:06][src.callback.progress][INFO] - Epoch 403: v_recons 3.421e-01  recons 1.766e-01  v_loss 5.489e-01  loss 1.914e-01  v_latent 1.179e+00  latent 6.614e-01  v_kl 8.551e+01  kl 3.687e+01  v_contrastive 2.060e+00  contrastive 1.434e-01  v_t2m/len 1530  v_t2m/R01 17.05%  v_t2m/R02 23.13%  v_t2m/R03 31.04%  v_t2m/R05 38.24%  v_t2m/R10 49.08%  v_t2m/MedR 11.0%  v_m2t/len 1530  v_m2t/R01 18.5%  v_m2t/R02 21.18%  v_m2t/R03 30.64%  v_m2t/R05 37.77%  v_m2t/R10 49.34%  v_m2t/MedR 11.0%
[20/04/26 21:51:18][src.callback.progress][INFO] - Epoch 404 step 77600/192: loss 1.808e-01
[20/04/26 21:51:28][src.callback.progress][INFO] - Epoch 404 step 77650/192: loss 1.868e-01
[20/04/26 21:51:39][src.callback.progress][INFO] - Epoch 404 step 77700/192: loss 2.042e-01
[20/04/26 21:51:49][src.callback.progress][INFO] - Epoch 404 step 77750/192: loss 1.672e-01
[20/04/26 21:51:53][src.callback.progress][INFO] - Epoch 404: v_recons 3.425e-01  recons 1.760e-01  v_loss 5.501e-01  loss 1.906e-01  v_latent 1.178e+00  latent 6.603e-01  v_kl 8.592e+01  kl 3.697e+01  v_contrastive 2.068e+00  contrastive 1.426e-01  v_t2m/len 1530  v_t2m/R01 17.64%  v_t2m/R02 22.03%  v_t2m/R03 30.12%  v_t2m/R05 37.65%  v_t2m/R10 48.95%  v_t2m/MedR 11.0%  v_m2t/len 1530  v_m2t/R01 17.9%  v_m2t/R02 20.92%  v_m2t/R03 29.67%  v_m2t/R05 37.38%  v_m2t/R10 49.08%  v_m2t/MedR 11.0%
[20/04/26 21:52:06][src.callback.progress][INFO] - Epoch 405 step 77800/192: loss 1.826e-01
[20/04/26 21:52:17][src.callback.progress][INFO] - Epoch 405 step 77850/192: loss 2.062e-01
[20/04/26 21:52:27][src.callback.progress][INFO] - Epoch 405 step 77900/192: loss 1.678e-01
[20/04/26 21:52:38][src.callback.progress][INFO] - Epoch 405 step 77950/192: loss 1.600e-01
[20/04/26 21:52:40][src.callback.progress][INFO] - Epoch 405: v_recons 3.414e-01  recons 1.751e-01  v_loss 5.466e-01  loss 1.894e-01  v_latent 1.172e+00  latent 6.553e-01  v_kl 8.432e+01  kl 3.678e+01  v_contrastive 2.043e+00  contrastive 1.393e-01  v_t2m/len 1530  v_t2m/R01 17.25%  v_t2m/R02 22.75%  v_t2m/R03 29.87%  v_t2m/R05 38.04%  v_t2m/R10 48.43%  v_t2m/MedR 11.0%  v_m2t/len 1530  v_m2t/R01 18.5%  v_m2t/R02 21.7%  v_m2t/R03 30.2%  v_m2t/R05 37.25%  v_m2t/R10 48.81%  v_m2t/MedR 11.0%
[20/04/26 21:52:55][src.callback.progress][INFO] - Epoch 406 step 78000/192: loss 1.795e-01
[20/04/26 21:53:06][src.callback.progress][INFO] - Epoch 406 step 78050/192: loss 1.728e-01
[20/04/26 21:53:16][src.callback.progress][INFO] - Epoch 406 step 78100/192: loss 1.934e-01
[20/04/26 21:53:27][src.callback.progress][INFO] - Epoch 406: v_recons 3.399e-01  recons 1.762e-01  v_loss 5.464e-01  loss 1.905e-01  v_latent 1.179e+00  latent 6.588e-01  v_kl 8.503e+01  kl 3.686e+01  v_contrastive 2.056e+00  contrastive 1.389e-01  v_t2m/len 1530  v_t2m/R01 17.12%  v_t2m/R02 22.09%  v_t2m/R03 30.59%  v_t2m/R05 38.09%  v_t2m/R10 50.45%  v_t2m/MedR 10.0%  v_m2t/len 1530  v_m2t/R01 17.52%  v_m2t/R02 21.18%  v_m2t/R03 30.64%  v_m2t/R05 37.18%  v_m2t/R10 48.95%  v_m2t/MedR 11.0%
[20/04/26 21:53:33][src.callback.progress][INFO] - Epoch 407 step 78150/192: loss 1.661e-01
[20/04/26 21:53:44][src.callback.progress][INFO] - Epoch 407 step 78200/192: loss 1.957e-01
[20/04/26 21:53:54][src.callback.progress][INFO] - Epoch 407 step 78250/192: loss 1.849e-01
[20/04/26 21:54:05][src.callback.progress][INFO] - Epoch 407 step 78300/192: loss 1.951e-01
[20/04/26 21:54:14][src.callback.progress][INFO] - Epoch 407: v_recons 3.416e-01  recons 1.753e-01  v_loss 5.483e-01  loss 1.894e-01  v_latent 1.171e+00  latent 6.564e-01  v_kl 8.438e+01  kl 3.661e+01  v_contrastive 2.058e+00  contrastive 1.375e-01  v_t2m/len 1530  v_t2m/R01 18.55%  v_t2m/R02 22.68%  v_t2m/R03 30.64%  v_t2m/R05 39.47%  v_t2m/R10 50.45%  v_t2m/MedR 10.0%  v_m2t/len 1530  v_m2t/R01 19.07%  v_m2t/R02 21.62%  v_m2t/R03 30.64%  v_m2t/R05 38.09%  v_m2t/R10 48.56%  v_m2t/MedR 11.0%
[20/04/26 21:54:22][src.callback.progress][INFO] - Epoch 408 step 78350/192: loss 2.049e-01
[20/04/26 21:54:32][src.callback.progress][INFO] - Epoch 408 step 78400/192: loss 1.989e-01
[20/04/26 21:54:43][src.callback.progress][INFO] - Epoch 408 step 78450/192: loss 1.935e-01
[20/04/26 21:54:53][src.callback.progress][INFO] - Epoch 408 step 78500/192: loss 2.020e-01
[20/04/26 21:55:01][src.callback.progress][INFO] - Epoch 408: v_recons 3.395e-01  recons 1.757e-01  v_loss 5.436e-01  loss 1.899e-01  v_latent 1.173e+00  latent 6.592e-01  v_kl 8.435e+01  kl 3.694e+01  v_contrastive 2.032e+00  contrastive 1.381e-01  v_t2m/len 1530  v_t2m/R01 18.1%  v_t2m/R02 23.27%  v_t2m/R03 30.59%  v_t2m/R05 39.22%  v_t2m/R10 49.54%  v_t2m/MedR 11.0%  v_m2t/len 1530  v_m2t/R01 18.55%  v_m2t/R02 21.5%  v_m2t/R03 29.07%  v_m2t/R05 37.06%  v_m2t/R10 48.09%  v_m2t/MedR 11.0%
[20/04/26 21:55:10][src.callback.progress][INFO] - Epoch 409 step 78550/192: loss 2.104e-01
[20/04/26 21:55:21][src.callback.progress][INFO] - Epoch 409 step 78600/192: loss 1.898e-01
[20/04/26 21:55:31][src.callback.progress][INFO] - Epoch 409 step 78650/192: loss 1.925e-01
[20/04/26 21:55:42][src.callback.progress][INFO] - Epoch 409 step 78700/192: loss 1.709e-01
[20/04/26 21:55:48][src.callback.progress][INFO] - Epoch 409: v_recons 3.406e-01  recons 1.748e-01  v_loss 5.465e-01  loss 1.889e-01  v_latent 1.176e+00  latent 6.547e-01  v_kl 8.662e+01  kl 3.672e+01  v_contrastive 2.050e+00  contrastive 1.378e-01  v_t2m/len 1530  v_t2m/R01 17.25%  v_t2m/R02 23.06%  v_t2m/R03 30.97%  v_t2m/R05 38.81%  v_t2m/R10 49.02%  v_t2m/MedR 11.0%  v_m2t/len 1530  v_m2t/R01 18.17%  v_m2t/R02 20.52%  v_m2t/R03 29.54%  v_m2t/R05 36.86%  v_m2t/R10 48.04%  v_m2t/MedR 11.0%
[20/04/26 21:55:59][src.callback.progress][INFO] - Epoch 410 step 78750/192: loss 1.851e-01
[20/04/26 21:56:10][src.callback.progress][INFO] - Epoch 410 step 78800/192: loss 1.941e-01
[20/04/26 21:56:20][src.callback.progress][INFO] - Epoch 410 step 78850/192: loss 1.822e-01
[20/04/26 21:56:31][src.callback.progress][INFO] - Epoch 410 step 78900/192: loss 1.909e-01
[20/04/26 21:56:35][src.callback.progress][INFO] - Epoch 410: v_recons 3.412e-01  recons 1.758e-01  v_loss 5.484e-01  loss 1.898e-01  v_latent 1.178e+00  latent 6.579e-01  v_kl 8.435e+01  kl 3.710e+01  v_contrastive 2.063e+00  contrastive 1.370e-01  v_t2m/len 1530  v_t2m/R01 18.37%  v_t2m/R02 23.92%  v_t2m/R03 31.62%  v_t2m/R05 38.95%  v_t2m/R10 49.74%  v_t2m/MedR 11.0%  v_m2t/len 1530  v_m2t/R01 19.02%  v_m2t/R02 22.03%  v_m2t/R03 29.73%  v_m2t/R05 35.81%  v_m2t/R10 48.88%  v_m2t/MedR 11.0%
[20/04/26 21:56:48][src.callback.progress][INFO] - Epoch 411 step 78950/192: loss 1.962e-01
[20/04/26 21:56:58][src.callback.progress][INFO] - Epoch 411 step 79000/192: loss 1.943e-01
[20/04/26 21:57:09][src.callback.progress][INFO] - Epoch 411 step 79050/192: loss 1.835e-01
[20/04/26 21:57:19][src.callback.progress][INFO] - Epoch 411 step 79100/192: loss 1.962e-01
[20/04/26 21:57:22][src.callback.progress][INFO] - Epoch 411: v_recons 3.439e-01  recons 1.759e-01  v_loss 5.515e-01  loss 1.903e-01  v_latent 1.185e+00  latent 6.591e-01  v_kl 8.527e+01  kl 3.681e+01  v_contrastive 2.067e+00  contrastive 1.399e-01  v_t2m/len 1530  v_t2m/R01 18.43%  v_t2m/R02 23.45%  v_t2m/R03 29.07%  v_t2m/R05 36.72%  v_t2m/R10 48.5%  v_t2m/MedR 11.0%  v_m2t/len 1530  v_m2t/R01 18.37%  v_m2t/R02 20.97%  v_m2t/R03 28.69%  v_m2t/R05 35.09%  v_m2t/R10 47.97%  v_m2t/MedR 11.0%
[20/04/26 21:57:37][src.callback.progress][INFO] - Epoch 412 step 79150/192: loss 1.936e-01
[20/04/26 21:57:47][src.callback.progress][INFO] - Epoch 412 step 79200/192: loss 1.964e-01
[20/04/26 21:57:58][src.callback.progress][INFO] - Epoch 412 step 79250/192: loss 1.902e-01
[20/04/26 21:58:09][src.callback.progress][INFO] - Epoch 412: v_recons 3.427e-01  recons 1.747e-01  v_loss 5.486e-01  loss 1.888e-01  v_latent 1.182e+00  latent 6.552e-01  v_kl 8.630e+01  kl 3.695e+01  v_contrastive 2.050e+00  contrastive 1.373e-01  v_t2m/len 1530  v_t2m/R01 18.04%  v_t2m/R02 23.27%  v_t2m/R03 30.2%  v_t2m/R05 37.97%  v_t2m/R10 48.43%  v_t2m/MedR 11.0%  v_m2t/len 1530  v_m2t/R01 17.78%  v_m2t/R02 20.06%  v_m2t/R03 28.81%  v_m2t/R05 35.81%  v_m2t/R10 47.38%  v_m2t/MedR 12.0%
[20/04/26 21:58:16][src.callback.progress][INFO] - Epoch 413 step 79300/192: loss 1.860e-01
[20/04/26 21:58:27][src.callback.progress][INFO] - Epoch 413 step 79350/192: loss 1.849e-01
[20/04/26 21:58:37][src.callback.progress][INFO] - Epoch 413 step 79400/192: loss 2.056e-01
[20/04/26 21:58:48][src.callback.progress][INFO] - Epoch 413 step 79450/192: loss 1.788e-01
[20/04/26 21:58:58][src.callback.progress][INFO] - Epoch 413: v_recons 3.433e-01  recons 1.752e-01  v_loss 5.522e-01  loss 1.893e-01  v_latent 1.183e+00  latent 6.553e-01  v_kl 8.566e+01  kl 3.680e+01  v_contrastive 2.080e+00  contrastive 1.371e-01  v_t2m/len 1530  v_t2m/R01 17.78%  v_t2m/R02 21.5%  v_t2m/R03 29.54%  v_t2m/R05 37.18%  v_t2m/R10 49.74%  v_t2m/MedR 11.0%  v_m2t/len 1530  v_m2t/R01 18.1%  v_m2t/R02 20.78%  v_m2t/R03 29.67%  v_m2t/R05 36.2%  v_m2t/R10 47.06%  v_m2t/MedR 12.0%
[20/04/26 21:59:05][src.callback.progress][INFO] - Epoch 414 step 79500/192: loss 1.806e-01
[20/04/26 21:59:15][src.callback.progress][INFO] - Epoch 414 step 79550/192: loss 1.991e-01
[20/04/26 21:59:26][src.callback.progress][INFO] - Epoch 414 step 79600/192: loss 1.969e-01
[20/04/26 21:59:36][src.callback.progress][INFO] - Epoch 414 step 79650/192: loss 2.048e-01
[20/04/26 21:59:44][src.callback.progress][INFO] - Epoch 414: v_recons 3.425e-01  recons 1.754e-01  v_loss 5.507e-01  loss 1.894e-01  v_latent 1.183e+00  latent 6.586e-01  v_kl 8.576e+01  kl 3.729e+01  v_contrastive 2.073e+00  contrastive 1.361e-01  v_t2m/len 1530  v_t2m/R01 16.86%  v_t2m/R02 22.03%  v_t2m/R03 29.67%  v_t2m/R05 37.7%  v_t2m/R10 49.02%  v_t2m/MedR 11.0%  v_m2t/len 1530  v_m2t/R01 17.84%  v_m2t/R02 20.32%  v_m2t/R03 28.88%  v_m2t/R05 35.81%  v_m2t/R10 48.09%  v_m2t/MedR 11.0%
[20/04/26 21:59:53][src.callback.progress][INFO] - Epoch 415 step 79700/192: loss 2.085e-01
[20/04/26 22:00:04][src.callback.progress][INFO] - Epoch 415 step 79750/192: loss 1.707e-01
[20/04/26 22:00:14][src.callback.progress][INFO] - Epoch 415 step 79800/192: loss 2.155e-01
[20/04/26 22:00:25][src.callback.progress][INFO] - Epoch 415 step 79850/192: loss 1.910e-01
[20/04/26 22:00:31][src.callback.progress][INFO] - Epoch 415: v_recons 3.380e-01  recons 1.750e-01  v_loss 5.453e-01  loss 1.892e-01  v_latent 1.184e+00  latent 6.570e-01  v_kl 8.547e+01  kl 3.746e+01  v_contrastive 2.065e+00  contrastive 1.380e-01  v_t2m/len 1530  v_t2m/R01 16.27%  v_t2m/R02 21.18%  v_t2m/R03 29.73%  v_t2m/R05 36.72%  v_t2m/R10 48.95%  v_t2m/MedR 11.0%  v_m2t/len 1530  v_m2t/R01 17.57%  v_m2t/R02 20.2%  v_m2t/R03 29.07%  v_m2t/R05 36.66%  v_m2t/R10 48.24%  v_m2t/MedR 11.0%
[20/04/26 22:00:43][src.callback.progress][INFO] - Epoch 416 step 79900/192: loss 1.898e-01
[20/04/26 22:00:54][src.callback.progress][INFO] - Epoch 416 step 79950/192: loss 1.640e-01
[20/04/26 22:01:04][src.callback.progress][INFO] - Epoch 416 step 80000/192: loss 1.821e-01
[20/04/26 22:01:15][src.callback.progress][INFO] - Epoch 416 step 80050/192: loss 1.839e-01
[20/04/26 22:01:19][src.callback.progress][INFO] - Epoch 416: v_recons 3.413e-01  recons 1.747e-01  v_loss 5.478e-01  loss 1.886e-01  v_latent 1.180e+00  latent 6.541e-01  v_kl 8.646e+01  kl 3.677e+01  v_contrastive 2.056e+00  contrastive 1.348e-01  v_t2m/len 1530  v_t2m/R01 16.67%  v_t2m/R02 21.18%  v_t2m/R03 30.0%  v_t2m/R05 37.06%  v_t2m/R10 48.5%  v_t2m/MedR 11.0%  v_m2t/len 1530  v_m2t/R01 17.57%  v_m2t/R02 20.0%  v_m2t/R03 28.76%  v_m2t/R05 35.68%  v_m2t/R10 47.77%  v_m2t/MedR 11.0%
[20/04/26 22:01:33][src.callback.progress][INFO] - Epoch 417 step 80100/192: loss 1.869e-01
[20/04/26 22:01:44][src.callback.progress][INFO] - Epoch 417 step 80150/192: loss 1.762e-01
[20/04/26 22:01:54][src.callback.progress][INFO] - Epoch 417 step 80200/192: loss 1.978e-01
[20/04/26 22:02:04][src.callback.progress][INFO] - Epoch 417 step 80250/192: loss 1.992e-01
[20/04/26 22:02:07][src.callback.progress][INFO] - Epoch 417: v_recons 3.404e-01  recons 1.754e-01  v_loss 5.462e-01  loss 1.894e-01  v_latent 1.189e+00  latent 6.578e-01  v_kl 8.666e+01  kl 3.706e+01  v_contrastive 2.049e+00  contrastive 1.370e-01  v_t2m/len 1530  v_t2m/R01 17.45%  v_t2m/R02 22.54%  v_t2m/R03 30.26%  v_t2m/R05 38.56%  v_t2m/R10 48.5%  v_t2m/MedR 11.0%  v_m2t/len 1530  v_m2t/R01 18.1%  v_m2t/R02 20.45%  v_m2t/R03 29.61%  v_m2t/R05 37.65%  v_m2t/R10 47.7%  v_m2t/MedR 11.5%
[20/04/26 22:02:22][src.callback.progress][INFO] - Epoch 418 step 80300/192: loss 1.929e-01
[20/04/26 22:02:32][src.callback.progress][INFO] - Epoch 418 step 80350/192: loss 1.931e-01
[20/04/26 22:02:42][src.callback.progress][INFO] - Epoch 418 step 80400/192: loss 1.777e-01
[20/04/26 22:02:54][src.callback.progress][INFO] - Epoch 418: v_recons 3.416e-01  recons 1.747e-01  v_loss 5.474e-01  loss 1.888e-01  v_latent 1.179e+00  latent 6.549e-01  v_kl 8.626e+01  kl 3.688e+01  v_contrastive 2.049e+00  contrastive 1.365e-01  v_t2m/len 1530  v_t2m/R01 15.88%  v_t2m/R02 20.64%  v_t2m/R03 28.88%  v_t2m/R05 37.38%  v_t2m/R10 49.86%  v_t2m/MedR 11.0%  v_m2t/len 1530  v_m2t/R01 18.55%  v_m2t/R02 20.32%  v_m2t/R03 28.88%  v_m2t/R05 36.72%  v_m2t/R10 47.45%  v_m2t/MedR 11.0%
[20/04/26 22:03:00][src.callback.progress][INFO] - Epoch 419 step 80450/192: loss 1.780e-01
[20/04/26 22:03:11][src.callback.progress][INFO] - Epoch 419 step 80500/192: loss 1.937e-01
[20/04/26 22:03:21][src.callback.progress][INFO] - Epoch 419 step 80550/192: loss 2.100e-01
[20/04/26 22:03:32][src.callback.progress][INFO] - Epoch 419 step 80600/192: loss 1.755e-01
[20/04/26 22:03:42][src.callback.progress][INFO] - Epoch 419: v_recons 3.425e-01  recons 1.749e-01  v_loss 5.497e-01  loss 1.889e-01  v_latent 1.184e+00  latent 6.565e-01  v_kl 8.746e+01  kl 3.721e+01  v_contrastive 2.063e+00  contrastive 1.358e-01  v_t2m/len 1530  v_t2m/R01 18.62%  v_t2m/R02 22.42%  v_t2m/R03 30.38%  v_t2m/R05 37.45%  v_t2m/R10 48.04%  v_t2m/MedR 12.0%  v_m2t/len 1530  v_m2t/R01 19.07%  v_m2t/R02 20.78%  v_m2t/R03 29.14%  v_m2t/R05 36.4%  v_m2t/R10 46.72%  v_m2t/MedR 12.0%
[20/04/26 22:03:49][src.callback.progress][INFO] - Epoch 420 step 80650/192: loss 2.269e-01
[20/04/26 22:03:59][src.callback.progress][INFO] - Epoch 420 step 80700/192: loss 1.926e-01
[20/04/26 22:04:09][src.callback.progress][INFO] - Epoch 420 step 80750/192: loss 1.991e-01
[20/04/26 22:04:20][src.callback.progress][INFO] - Epoch 420 step 80800/192: loss 2.001e-01
[20/04/26 22:04:28][src.callback.progress][INFO] - Epoch 420: v_recons 3.420e-01  recons 1.757e-01  v_loss 5.471e-01  loss 1.900e-01  v_latent 1.184e+00  latent 6.615e-01  v_kl 8.698e+01  kl 3.754e+01  v_contrastive 2.041e+00  contrastive 1.385e-01  v_t2m/len 1530  v_t2m/R01 16.98%  v_t2m/R02 22.35%  v_t2m/R03 29.87%  v_t2m/R05 38.63%  v_t2m/R10 48.81%  v_t2m/MedR 11.0%  v_m2t/len 1530  v_m2t/R01 18.62%  v_m2t/R02 20.71%  v_m2t/R03 29.28%  v_m2t/R05 37.06%  v_m2t/R10 49.27%  v_m2t/MedR 11.0%
[20/04/26 22:04:37][src.callback.progress][INFO] - Epoch 421 step 80850/192: loss 1.748e-01
[20/04/26 22:04:47][src.callback.progress][INFO] - Epoch 421 step 80900/192: loss 1.628e-01
[20/04/26 22:04:58][src.callback.progress][INFO] - Epoch 421 step 80950/192: loss 1.869e-01
[20/04/26 22:05:08][src.callback.progress][INFO] - Epoch 421 step 81000/192: loss 1.866e-01
[20/04/26 22:05:15][src.callback.progress][INFO] - Epoch 421: v_recons 3.417e-01  recons 1.745e-01  v_loss 5.468e-01  loss 1.883e-01  v_latent 1.179e+00  latent 6.534e-01  v_kl 8.541e+01  kl 3.686e+01  v_contrastive 2.042e+00  contrastive 1.348e-01  v_t2m/len 1530  v_t2m/R01 16.79%  v_t2m/R02 22.03%  v_t2m/R03 28.29%  v_t2m/R05 37.11%  v_t2m/R10 50.0%  v_t2m/MedR 10.5%  v_m2t/len 1530  v_m2t/R01 18.04%  v_m2t/R02 20.26%  v_m2t/R03 28.23%  v_m2t/R05 36.66%  v_m2t/R10 48.5%  v_m2t/MedR 11.0%
[20/04/26 22:05:25][src.callback.progress][INFO] - Epoch 422 step 81050/192: loss 1.873e-01
[20/04/26 22:05:36][src.callback.progress][INFO] - Epoch 422 step 81100/192: loss 1.760e-01
[20/04/26 22:05:46][src.callback.progress][INFO] - Epoch 422 step 81150/192: loss 1.696e-01
[20/04/26 22:05:56][src.callback.progress][INFO] - Epoch 422 step 81200/192: loss 2.150e-01
[20/04/26 22:06:02][src.callback.progress][INFO] - Epoch 422: v_recons 3.422e-01  recons 1.738e-01  v_loss 5.462e-01  loss 1.876e-01  v_latent 1.179e+00  latent 6.540e-01  v_kl 8.611e+01  kl 3.692e+01  v_contrastive 2.031e+00  contrastive 1.346e-01  v_t2m/len 1530  v_t2m/R01 17.31%  v_t2m/R02 21.95%  v_t2m/R03 30.59%  v_t2m/R05 39.08%  v_t2m/R10 50.33%  v_t2m/MedR 10.0%  v_m2t/len 1530  v_m2t/R01 18.62%  v_m2t/R02 20.59%  v_m2t/R03 30.06%  v_m2t/R05 38.43%  v_m2t/R10 48.24%  v_m2t/MedR 11.0%
[20/04/26 22:06:13][src.callback.progress][INFO] - Epoch 423 step 81250/192: loss 1.782e-01
[20/04/26 22:06:24][src.callback.progress][INFO] - Epoch 423 step 81300/192: loss 1.912e-01
[20/04/26 22:06:35][src.callback.progress][INFO] - Epoch 423 step 81350/192: loss 1.832e-01
[20/04/26 22:06:45][src.callback.progress][INFO] - Epoch 423 step 81400/192: loss 1.808e-01
[20/04/26 22:06:49][src.callback.progress][INFO] - Epoch 423: v_recons 3.436e-01  recons 1.743e-01  v_loss 5.493e-01  loss 1.880e-01  v_latent 1.184e+00  latent 6.550e-01  v_kl 8.722e+01  kl 3.694e+01  v_contrastive 2.048e+00  contrastive 1.333e-01  v_t2m/len 1530  v_t2m/R01 16.98%  v_t2m/R02 22.03%  v_t2m/R03 30.45%  v_t2m/R05 38.29%  v_t2m/R10 49.66%  v_t2m/MedR 11.0%  v_m2t/len 1530  v_m2t/R01 17.7%  v_m2t/R02 20.52%  v_m2t/R03 28.88%  v_m2t/R05 36.66%  v_m2t/R10 47.45%  v_m2t/MedR 12.0%
[20/04/26 22:07:02][src.callback.progress][INFO] - Epoch 424 step 81450/192: loss 1.684e-01
[20/04/26 22:07:13][src.callback.progress][INFO] - Epoch 424 step 81500/192: loss 1.813e-01
[20/04/26 22:07:23][src.callback.progress][INFO] - Epoch 424 step 81550/192: loss 2.173e-01
[20/04/26 22:07:33][src.callback.progress][INFO] - Epoch 424 step 81600/192: loss 1.924e-01
[20/04/26 22:07:35][src.callback.progress][INFO] - Epoch 424: v_recons 3.429e-01  recons 1.745e-01  v_loss 5.472e-01  loss 1.881e-01  v_latent 1.183e+00  latent 6.558e-01  v_kl 8.759e+01  kl 3.720e+01  v_contrastive 2.034e+00  contrastive 1.327e-01  v_t2m/len 1530  v_t2m/R01 17.05%  v_t2m/R02 21.95%  v_t2m/R03 29.02%  v_t2m/R05 38.63%  v_t2m/R10 49.74%  v_t2m/MedR 11.0%  v_m2t/len 1530  v_m2t/R01 18.5%  v_m2t/R02 21.18%  v_m2t/R03 30.12%  v_m2t/R05 37.58%  v_m2t/R10 49.15%  v_m2t/MedR 11.0%
[20/04/26 22:07:50][src.callback.progress][INFO] - Epoch 425 step 81650/192: loss 1.780e-01
[20/04/26 22:08:01][src.callback.progress][INFO] - Epoch 425 step 81700/192: loss 1.830e-01
[20/04/26 22:08:11][src.callback.progress][INFO] - Epoch 425 step 81750/192: loss 1.789e-01
[20/04/26 22:08:22][src.callback.progress][INFO] - Epoch 425: v_recons 3.410e-01  recons 1.745e-01  v_loss 5.431e-01  loss 1.881e-01  v_latent 1.179e+00  latent 6.554e-01  v_kl 8.572e+01  kl 3.715e+01  v_contrastive 2.012e+00  contrastive 1.326e-01  v_t2m/len 1530  v_t2m/R01 17.45%  v_t2m/R02 22.35%  v_t2m/R03 30.0%  v_t2m/R05 36.66%  v_t2m/R10 47.9%  v_t2m/MedR 11.0%  v_m2t/len 1530  v_m2t/R01 18.5%  v_m2t/R02 20.78%  v_m2t/R03 29.14%  v_m2t/R05 37.9%  v_m2t/R10 47.84%  v_m2t/MedR 11.0%
[20/04/26 22:08:28][src.callback.progress][INFO] - Epoch 426 step 81800/192: loss 1.947e-01
[20/04/26 22:08:39][src.callback.progress][INFO] - Epoch 426 step 81850/192: loss 2.195e-01
[20/04/26 22:08:49][src.callback.progress][INFO] - Epoch 426 step 81900/192: loss 2.008e-01
[20/04/26 22:09:00][src.callback.progress][INFO] - Epoch 426 step 81950/192: loss 1.948e-01
[20/04/26 22:09:09][src.callback.progress][INFO] - Epoch 426: v_recons 3.438e-01  recons 1.734e-01  v_loss 5.470e-01  loss 1.869e-01  v_latent 1.182e+00  latent 6.529e-01  v_kl 8.726e+01  kl 3.692e+01  v_contrastive 2.023e+00  contrastive 1.308e-01  v_t2m/len 1530  v_t2m/R01 17.19%  v_t2m/R02 21.5%  v_t2m/R03 30.38%  v_t2m/R05 37.77%  v_t2m/R10 49.66%  v_t2m/MedR 11.0%  v_m2t/len 1530  v_m2t/R01 18.88%  v_m2t/R02 20.85%  v_m2t/R03 29.67%  v_m2t/R05 37.84%  v_m2t/R10 48.56%  v_m2t/MedR 11.0%
[20/04/26 22:09:17][src.callback.progress][INFO] - Epoch 427 step 82000/192: loss 2.091e-01
[20/04/26 22:09:28][src.callback.progress][INFO] - Epoch 427 step 82050/192: loss 1.959e-01
[20/04/26 22:09:38][src.callback.progress][INFO] - Epoch 427 step 82100/192: loss 1.852e-01
[20/04/26 22:09:49][src.callback.progress][INFO] - Epoch 427 step 82150/192: loss 1.880e-01
[20/04/26 22:09:56][src.callback.progress][INFO] - Epoch 427: v_recons 3.406e-01  recons 1.744e-01  v_loss 5.441e-01  loss 1.882e-01  v_latent 1.186e+00  latent 6.601e-01  v_kl 8.817e+01  kl 3.771e+01  v_contrastive 2.026e+00  contrastive 1.346e-01  v_t2m/len 1530  v_t2m/R01 18.69%  v_t2m/R02 23.45%  v_t2m/R03 29.67%  v_t2m/R05 36.79%  v_t2m/R10 48.88%  v_t2m/MedR 11.0%  v_m2t/len 1530  v_m2t/R01 18.55%  v_m2t/R02 21.44%  v_m2t/R03 30.32%  v_m2t/R05 37.06%  v_m2t/R10 48.16%  v_m2t/MedR 11.0%
[20/04/26 22:10:06][src.callback.progress][INFO] - Epoch 428 step 82200/192: loss 1.868e-01
[20/04/26 22:10:16][src.callback.progress][INFO] - Epoch 428 step 82250/192: loss 2.050e-01
[20/04/26 22:10:27][src.callback.progress][INFO] - Epoch 428 step 82300/192: loss 2.058e-01
[20/04/26 22:10:37][src.callback.progress][INFO] - Epoch 428 step 82350/192: loss 1.774e-01
[20/04/26 22:10:43][src.callback.progress][INFO] - Epoch 428: v_recons 3.414e-01  recons 1.743e-01  v_loss 5.455e-01  loss 1.881e-01  v_latent 1.182e+00  latent 6.582e-01  v_kl 8.758e+01  kl 3.735e+01  v_contrastive 2.031e+00  contrastive 1.337e-01  v_t2m/len 1530  v_t2m/R01 17.96%  v_t2m/R02 23.39%  v_t2m/R03 31.44%  v_t2m/R05 37.97%  v_t2m/R10 51.5%  v_t2m/MedR 10.0%  v_m2t/len 1530  v_m2t/R01 19.07%  v_m2t/R02 21.37%  v_m2t/R03 30.45%  v_m2t/R05 37.18%  v_m2t/R10 49.4%  v_m2t/MedR 11.0%
[20/04/26 22:10:54][src.callback.progress][INFO] - Epoch 429 step 82400/192: loss 1.943e-01
[20/04/26 22:11:05][src.callback.progress][INFO] - Epoch 429 step 82450/192: loss 1.699e-01
[20/04/26 22:11:15][src.callback.progress][INFO] - Epoch 429 step 82500/192: loss 1.836e-01
[20/04/26 22:11:26][src.callback.progress][INFO] - Epoch 429 step 82550/192: loss 2.004e-01
[20/04/26 22:11:30][src.callback.progress][INFO] - Epoch 429: v_recons 3.411e-01  recons 1.739e-01  v_loss 5.464e-01  loss 1.874e-01  v_latent 1.188e+00  latent 6.519e-01  v_kl 8.911e+01  kl 3.698e+01  v_contrastive 2.044e+00  contrastive 1.317e-01  v_t2m/len 1530  v_t2m/R01 16.93%  v_t2m/R02 21.89%  v_t2m/R03 30.06%  v_t2m/R05 37.45%  v_t2m/R10 49.22%  v_t2m/MedR 11.0%  v_m2t/len 1530  v_m2t/R01 18.17%  v_m2t/R02 20.32%  v_m2t/R03 29.47%  v_m2t/R05 37.58%  v_m2t/R10 49.4%  v_m2t/MedR 11.0%
[20/04/26 22:11:43][src.callback.progress][INFO] - Epoch 430 step 82600/192: loss 1.718e-01
[20/04/26 22:11:54][src.callback.progress][INFO] - Epoch 430 step 82650/192: loss 1.876e-01
[20/04/26 22:12:04][src.callback.progress][INFO] - Epoch 430 step 82700/192: loss 1.698e-01
[20/04/26 22:12:15][src.callback.progress][INFO] - Epoch 430 step 82750/192: loss 1.846e-01
[20/04/26 22:12:17][src.callback.progress][INFO] - Epoch 430: v_recons 3.395e-01  recons 1.739e-01  v_loss 5.436e-01  loss 1.873e-01  v_latent 1.190e+00  latent 6.534e-01  v_kl 8.690e+01  kl 3.708e+01  v_contrastive 2.032e+00  contrastive 1.308e-01  v_t2m/len 1530  v_t2m/R01 18.55%  v_t2m/R02 23.72%  v_t2m/R03 30.38%  v_t2m/R05 37.77%  v_t2m/R10 49.86%  v_t2m/MedR 11.0%  v_m2t/len 1530  v_m2t/R01 19.67%  v_m2t/R02 22.21%  v_m2t/R03 30.71%  v_m2t/R05 38.36%  v_m2t/R10 49.22%  v_m2t/MedR 11.0%
[20/04/26 22:12:32][src.callback.progress][INFO] - Epoch 431 step 82800/192: loss 1.907e-01
[20/04/26 22:12:43][src.callback.progress][INFO] - Epoch 431 step 82850/192: loss 1.874e-01
[20/04/26 22:12:53][src.callback.progress][INFO] - Epoch 431 step 82900/192: loss 1.907e-01
[20/04/26 22:13:04][src.callback.progress][INFO] - Epoch 431: v_recons 3.407e-01  recons 1.740e-01  v_loss 5.454e-01  loss 1.876e-01  v_latent 1.190e+00  latent 6.550e-01  v_kl 8.788e+01  kl 3.721e+01  v_contrastive 2.039e+00  contrastive 1.326e-01  v_t2m/len 1530  v_t2m/R01 17.52%  v_t2m/R02 22.8%  v_t2m/R03 30.52%  v_t2m/R05 38.56%  v_t2m/R10 48.36%  v_t2m/MedR 11.0%  v_m2t/len 1530  v_m2t/R01 17.9%  v_m2t/R02 20.97%  v_m2t/R03 30.45%  v_m2t/R05 37.31%  v_m2t/R10 48.56%  v_m2t/MedR 11.0%
[20/04/26 22:13:10][src.callback.progress][INFO] - Epoch 432 step 82950/192: loss 2.024e-01
[20/04/26 22:13:21][src.callback.progress][INFO] - Epoch 432 step 83000/192: loss 1.803e-01
[20/04/26 22:13:31][src.callback.progress][INFO] - Epoch 432 step 83050/192: loss 2.028e-01
[20/04/26 22:13:42][src.callback.progress][INFO] - Epoch 432 step 83100/192: loss 1.703e-01
[20/04/26 22:13:51][src.callback.progress][INFO] - Epoch 432: v_recons 3.383e-01  recons 1.742e-01  v_loss 5.433e-01  loss 1.876e-01  v_latent 1.190e+00  latent 6.532e-01  v_kl 8.781e+01  kl 3.694e+01  v_contrastive 2.040e+00  contrastive 1.305e-01  v_t2m/len 1530  v_t2m/R01 17.45%  v_t2m/R02 23.06%  v_t2m/R03 29.47%  v_t2m/R05 37.45%  v_t2m/R10 48.43%  v_t2m/MedR 11.0%  v_m2t/len 1530  v_m2t/R01 18.1%  v_m2t/R02 20.38%  v_m2t/R03 30.97%  v_m2t/R05 37.65%  v_m2t/R10 48.63%  v_m2t/MedR 11.0%
[20/04/26 22:13:59][src.callback.progress][INFO] - Epoch 433 step 83150/192: loss 1.609e-01
[20/04/26 22:14:09][src.callback.progress][INFO] - Epoch 433 step 83200/192: loss 1.862e-01
[20/04/26 22:14:20][src.callback.progress][INFO] - Epoch 433 step 83250/192: loss 2.071e-01
[20/04/26 22:14:30][src.callback.progress][INFO] - Epoch 433 step 83300/192: loss 1.718e-01
[20/04/26 22:14:38][src.callback.progress][INFO] - Epoch 433: v_recons 3.429e-01  recons 1.730e-01  v_loss 5.459e-01  loss 1.863e-01  v_latent 1.188e+00  latent 6.522e-01  v_kl 8.701e+01  kl 3.689e+01  v_contrastive 2.021e+00  contrastive 1.298e-01  v_t2m/len 1530  v_t2m/R01 17.45%  v_t2m/R02 21.62%  v_t2m/R03 30.59%  v_t2m/R05 38.75%  v_t2m/R10 49.4%  v_t2m/MedR 11.0%  v_m2t/len 1530  v_m2t/R01 18.69%  v_m2t/R02 21.11%  v_m2t/R03 29.67%  v_m2t/R05 37.25%  v_m2t/R10 49.15%  v_m2t/MedR 11.0%
[20/04/26 22:14:47][src.callback.progress][INFO] - Epoch 434 step 83350/192: loss 1.885e-01
[20/04/26 22:14:58][src.callback.progress][INFO] - Epoch 434 step 83400/192: loss 1.910e-01
[20/04/26 22:15:08][src.callback.progress][INFO] - Epoch 434 step 83450/192: loss 1.865e-01
[20/04/26 22:15:19][src.callback.progress][INFO] - Epoch 434 step 83500/192: loss 1.851e-01
[20/04/26 22:15:24][src.callback.progress][INFO] - Epoch 434: v_recons 3.403e-01  recons 1.732e-01  v_loss 5.416e-01  loss 1.865e-01  v_latent 1.183e+00  latent 6.538e-01  v_kl 8.794e+01  kl 3.715e+01  v_contrastive 2.004e+00  contrastive 1.297e-01  v_t2m/len 1530  v_t2m/R01 18.04%  v_t2m/R02 23.39%  v_t2m/R03 30.38%  v_t2m/R05 38.04%  v_t2m/R10 49.02%  v_t2m/MedR 11.0%  v_m2t/len 1530  v_m2t/R01 18.62%  v_m2t/R02 21.5%  v_m2t/R03 30.59%  v_m2t/R05 38.5%  v_m2t/R10 49.74%  v_m2t/MedR 11.0%
[20/04/26 22:15:36][src.callback.progress][INFO] - Epoch 435 step 83550/192: loss 1.779e-01
[20/04/26 22:15:46][src.callback.progress][INFO] - Epoch 435 step 83600/192: loss 1.863e-01
[20/04/26 22:15:57][src.callback.progress][INFO] - Epoch 435 step 83650/192: loss 1.881e-01
[20/04/26 22:16:07][src.callback.progress][INFO] - Epoch 435 step 83700/192: loss 1.944e-01
[20/04/26 22:16:11][src.callback.progress][INFO] - Epoch 435: v_recons 3.402e-01  recons 1.745e-01  v_loss 5.431e-01  loss 1.881e-01  v_latent 1.189e+00  latent 6.621e-01  v_kl 8.720e+01  kl 3.784e+01  v_contrastive 2.020e+00  contrastive 1.325e-01  v_t2m/len 1530  v_t2m/R01 18.04%  v_t2m/R02 23.59%  v_t2m/R03 30.92%  v_t2m/R05 37.9%  v_t2m/R10 50.06%  v_t2m/MedR 10.0%  v_m2t/len 1530  v_m2t/R01 18.76%  v_m2t/R02 21.3%  v_m2t/R03 31.23%  v_m2t/R05 39.47%  v_m2t/R10 50.0%  v_m2t/MedR 10.5%
[20/04/26 22:16:24][src.callback.progress][INFO] - Epoch 436 step 83750/192: loss 2.330e-01
[20/04/26 22:16:35][src.callback.progress][INFO] - Epoch 436 step 83800/192: loss 1.927e-01
[20/04/26 22:16:45][src.callback.progress][INFO] - Epoch 436 step 83850/192: loss 2.178e-01
[20/04/26 22:16:55][src.callback.progress][INFO] - Epoch 436 step 83900/192: loss 1.787e-01
[20/04/26 22:16:58][src.callback.progress][INFO] - Epoch 436: v_recons 3.410e-01  recons 1.771e-01  v_loss 5.423e-01  loss 1.922e-01  v_latent 1.188e+00  latent 6.803e-01  v_kl 8.730e+01  kl 3.891e+01  v_contrastive 2.004e+00  contrastive 1.477e-01  v_t2m/len 1530  v_t2m/R01 17.38%  v_t2m/R02 22.61%  v_t2m/R03 30.26%  v_t2m/R05 37.97%  v_t2m/R10 49.02%  v_t2m/MedR 11.0%  v_m2t/len 1530  v_m2t/R01 17.78%  v_m2t/R02 20.85%  v_m2t/R03 30.32%  v_m2t/R05 37.11%  v_m2t/R10 49.15%  v_m2t/MedR 11.0%
[20/04/26 22:17:13][src.callback.progress][INFO] - Epoch 437 step 83950/192: loss 1.832e-01
[20/04/26 22:17:23][src.callback.progress][INFO] - Epoch 437 step 84000/192: loss 1.848e-01
[20/04/26 22:17:34][src.callback.progress][INFO] - Epoch 437 step 84050/192: loss 1.970e-01
[20/04/26 22:17:45][src.callback.progress][INFO] - Epoch 437: v_recons 3.410e-01  recons 1.746e-01  v_loss 5.431e-01  loss 1.885e-01  v_latent 1.190e+00  latent 6.633e-01  v_kl 8.762e+01  kl 3.790e+01  v_contrastive 2.013e+00  contrastive 1.359e-01  v_t2m/len 1530  v_t2m/R01 18.81%  v_t2m/R02 23.92%  v_t2m/R03 31.44%  v_t2m/R05 38.75%  v_t2m/R10 49.02%  v_t2m/MedR 11.0%  v_m2t/len 1530  v_m2t/R01 19.73%  v_m2t/R02 22.15%  v_m2t/R03 30.71%  v_m2t/R05 38.16%  v_m2t/R10 49.4%  v_m2t/MedR 11.0%
[20/04/26 22:17:51][src.callback.progress][INFO] - Epoch 438 step 84100/192: loss 2.148e-01
[20/04/26 22:18:01][src.callback.progress][INFO] - Epoch 438 step 84150/192: loss 1.970e-01
[20/04/26 22:18:12][src.callback.progress][INFO] - Epoch 438 step 84200/192: loss 2.081e-01
[20/04/26 22:18:22][src.callback.progress][INFO] - Epoch 438 step 84250/192: loss 1.557e-01
[20/04/26 22:18:32][src.callback.progress][INFO] - Epoch 438: v_recons 3.413e-01  recons 1.734e-01  v_loss 5.435e-01  loss 1.870e-01  v_latent 1.189e+00  latent 6.573e-01  v_kl 8.765e+01  kl 3.741e+01  v_contrastive 2.013e+00  contrastive 1.323e-01  v_t2m/len 1530  v_t2m/R01 17.64%  v_t2m/R02 22.68%  v_t2m/R03 29.79%  v_t2m/R05 38.43%  v_t2m/R10 49.22%  v_t2m/MedR 11.0%  v_m2t/len 1530  v_m2t/R01 19.47%  v_m2t/R02 22.09%  v_m2t/R03 30.26%  v_m2t/R05 37.65%  v_m2t/R10 49.08%  v_m2t/MedR 11.0%
[20/04/26 22:18:39][src.callback.progress][INFO] - Epoch 439 step 84300/192: loss 1.775e-01
[20/04/26 22:18:50][src.callback.progress][INFO] - Epoch 439 step 84350/192: loss 1.784e-01
[20/04/26 22:19:01][src.callback.progress][INFO] - Epoch 439 step 84400/192: loss 1.700e-01
[20/04/26 22:19:11][src.callback.progress][INFO] - Epoch 439 step 84450/192: loss 1.939e-01
[20/04/26 22:19:19][src.callback.progress][INFO] - Epoch 439: v_recons 3.416e-01  recons 1.729e-01  v_loss 5.445e-01  loss 1.861e-01  v_latent 1.191e+00  latent 6.513e-01  v_kl 8.827e+01  kl 3.717e+01  v_contrastive 2.020e+00  contrastive 1.285e-01  v_t2m/len 1530  v_t2m/R01 16.6%  v_t2m/R02 21.76%  v_t2m/R03 29.61%  v_t2m/R05 38.16%  v_t2m/R10 49.86%  v_t2m/MedR 11.0%  v_m2t/len 1530  v_m2t/R01 18.95%  v_m2t/R02 21.7%  v_m2t/R03 30.64%  v_m2t/R05 38.29%  v_m2t/R10 48.81%  v_m2t/MedR 11.0%
[20/04/26 22:19:29][src.callback.progress][INFO] - Epoch 440 step 84500/192: loss 2.020e-01
[20/04/26 22:19:39][src.callback.progress][INFO] - Epoch 440 step 84550/192: loss 1.926e-01
[20/04/26 22:19:49][src.callback.progress][INFO] - Epoch 440 step 84600/192: loss 2.182e-01
[20/04/26 22:20:00][src.callback.progress][INFO] - Epoch 440 step 84650/192: loss 2.018e-01
[20/04/26 22:20:06][src.callback.progress][INFO] - Epoch 440: v_recons 3.460e-01  recons 1.720e-01  v_loss 5.542e-01  loss 1.851e-01  v_latent 1.197e+00  latent 6.501e-01  v_kl 8.899e+01  kl 3.699e+01  v_contrastive 2.072e+00  contrastive 1.278e-01  v_t2m/len 1530  v_t2m/R01 17.9%  v_t2m/R02 22.15%  v_t2m/R03 30.38%  v_t2m/R05 37.45%  v_t2m/R10 49.02%  v_t2m/MedR 11.0%  v_m2t/len 1530  v_m2t/R01 19.79%  v_m2t/R02 21.56%  v_m2t/R03 30.92%  v_m2t/R05 37.18%  v_m2t/R10 48.56%  v_m2t/MedR 11.0%
[20/04/26 22:20:17][src.callback.progress][INFO] - Epoch 441 step 84700/192: loss 1.952e-01
[20/04/26 22:20:28][src.callback.progress][INFO] - Epoch 441 step 84750/192: loss 1.883e-01
[20/04/26 22:20:38][src.callback.progress][INFO] - Epoch 441 step 84800/192: loss 2.146e-01
[20/04/26 22:20:48][src.callback.progress][INFO] - Epoch 441 step 84850/192: loss 1.908e-01
[20/04/26 22:20:53][src.callback.progress][INFO] - Epoch 441: v_recons 3.425e-01  recons 1.730e-01  v_loss 5.494e-01  loss 1.862e-01  v_latent 1.196e+00  latent 6.514e-01  v_kl 8.777e+01  kl 3.706e+01  v_contrastive 2.060e+00  contrastive 1.282e-01  v_t2m/len 1530  v_t2m/R01 17.57%  v_t2m/R02 22.47%  v_t2m/R03 30.78%  v_t2m/R05 38.56%  v_t2m/R10 49.86%  v_t2m/MedR 11.0%  v_m2t/len 1530  v_m2t/R01 18.55%  v_m2t/R02 20.59%  v_m2t/R03 29.35%  v_m2t/R05 37.31%  v_m2t/R10 49.47%  v_m2t/MedR 11.0%
[20/04/26 22:21:06][src.callback.progress][INFO] - Epoch 442 step 84900/192: loss 1.876e-01
[20/04/26 22:21:16][src.callback.progress][INFO] - Epoch 442 step 84950/192: loss 1.675e-01
[20/04/26 22:21:27][src.callback.progress][INFO] - Epoch 442 step 85000/192: loss 1.853e-01
[20/04/26 22:21:37][src.callback.progress][INFO] - Epoch 442 step 85050/192: loss 1.947e-01
[20/04/26 22:21:40][src.callback.progress][INFO] - Epoch 442: v_recons 3.459e-01  recons 1.741e-01  v_loss 5.536e-01  loss 1.876e-01  v_latent 1.207e+00  latent 6.610e-01  v_kl 8.822e+01  kl 3.769e+01  v_contrastive 2.069e+00  contrastive 1.312e-01  v_t2m/len 1530  v_t2m/R01 16.34%  v_t2m/R02 20.92%  v_t2m/R03 28.95%  v_t2m/R05 35.56%  v_t2m/R10 47.38%  v_t2m/MedR 11.0%  v_m2t/len 1530  v_m2t/R01 18.29%  v_m2t/R02 20.71%  v_m2t/R03 30.12%  v_m2t/R05 36.79%  v_m2t/R10 47.58%  v_m2t/MedR 12.0%
[20/04/26 22:21:54][src.callback.progress][INFO] - Epoch 443 step 85100/192: loss 1.589e-01
[20/04/26 22:22:04][src.callback.progress][INFO] - Epoch 443 step 85150/192: loss 1.915e-01
[20/04/26 22:22:15][src.callback.progress][INFO] - Epoch 443 step 85200/192: loss 1.897e-01
[20/04/26 22:22:27][src.callback.progress][INFO] - Epoch 443: v_recons 3.408e-01  recons 1.734e-01  v_loss 5.464e-01  loss 1.872e-01  v_latent 1.195e+00  latent 6.591e-01  v_kl 8.760e+01  kl 3.767e+01  v_contrastive 2.046e+00  contrastive 1.336e-01  v_t2m/len 1530  v_t2m/R01 18.81%  v_t2m/R02 23.59%  v_t2m/R03 30.26%  v_t2m/R05 37.65%  v_t2m/R10 49.66%  v_t2m/MedR 11.0%  v_m2t/len 1530  v_m2t/R01 18.81%  v_m2t/R02 21.18%  v_m2t/R03 30.2%  v_m2t/R05 37.58%  v_m2t/R10 48.5%  v_m2t/MedR 11.0%
[20/04/26 22:22:32][src.callback.progress][INFO] - Epoch 444 step 85250/192: loss 1.810e-01
[20/04/26 22:22:42][src.callback.progress][INFO] - Epoch 444 step 85300/192: loss 2.030e-01
[20/04/26 22:22:53][src.callback.progress][INFO] - Epoch 444 step 85350/192: loss 1.815e-01
[20/04/26 22:23:03][src.callback.progress][INFO] - Epoch 444 step 85400/192: loss 1.596e-01
[20/04/26 22:23:13][src.callback.progress][INFO] - Epoch 444: v_recons 3.407e-01  recons 1.731e-01  v_loss 5.471e-01  loss 1.867e-01  v_latent 1.202e+00  latent 6.588e-01  v_kl 8.887e+01  kl 3.761e+01  v_contrastive 2.055e+00  contrastive 1.326e-01  v_t2m/len 1530  v_t2m/R01 17.57%  v_t2m/R02 21.44%  v_t2m/R03 28.95%  v_t2m/R05 36.2%  v_t2m/R10 49.66%  v_t2m/MedR 11.0%  v_m2t/len 1530  v_m2t/R01 19.02%  v_m2t/R02 20.92%  v_m2t/R03 30.0%  v_m2t/R05 37.58%  v_m2t/R10 48.29%  v_m2t/MedR 11.0%
[20/04/26 22:23:20][src.callback.progress][INFO] - Epoch 445 step 85450/192: loss 1.785e-01
[20/04/26 22:23:31][src.callback.progress][INFO] - Epoch 445 step 85500/192: loss 1.860e-01
[20/04/26 22:23:41][src.callback.progress][INFO] - Epoch 445 step 85550/192: loss 1.644e-01
[20/04/26 22:23:52][src.callback.progress][INFO] - Epoch 445 step 85600/192: loss 1.836e-01
[20/04/26 22:24:00][src.callback.progress][INFO] - Epoch 445: v_recons 3.432e-01  recons 1.725e-01  v_loss 5.483e-01  loss 1.859e-01  v_latent 1.201e+00  latent 6.572e-01  v_kl 8.871e+01  kl 3.751e+01  v_contrastive 2.043e+00  contrastive 1.307e-01  v_t2m/len 1530  v_t2m/R01 16.93%  v_t2m/R02 22.03%  v_t2m/R03 27.9%  v_t2m/R05 37.7%  v_t2m/R10 49.22%  v_t2m/MedR 11.0%  v_m2t/len 1530  v_m2t/R01 18.29%  v_m2t/R02 20.64%  v_m2t/R03 29.47%  v_m2t/R05 36.47%  v_m2t/R10 49.15%  v_m2t/MedR 11.0%
[20/04/26 22:24:09][src.callback.progress][INFO] - Epoch 446 step 85650/192: loss 2.040e-01
[20/04/26 22:24:20][src.callback.progress][INFO] - Epoch 446 step 85700/192: loss 1.970e-01
[20/04/26 22:24:30][src.callback.progress][INFO] - Epoch 446 step 85750/192: loss 1.818e-01
[20/04/26 22:24:40][src.callback.progress][INFO] - Epoch 446 step 85800/192: loss 1.985e-01
[20/04/26 22:24:47][src.callback.progress][INFO] - Epoch 446: v_recons 3.420e-01  recons 1.723e-01  v_loss 5.458e-01  loss 1.855e-01  v_latent 1.195e+00  latent 6.507e-01  v_kl 8.738e+01  kl 3.696e+01  v_contrastive 2.029e+00  contrastive 1.276e-01  v_t2m/len 1530  v_t2m/R01 18.76%  v_t2m/R02 22.87%  v_t2m/R03 30.64%  v_t2m/R05 38.04%  v_t2m/R10 50.25%  v_t2m/MedR 10.0%  v_m2t/len 1530  v_m2t/R01 18.37%  v_m2t/R02 20.59%  v_m2t/R03 29.28%  v_m2t/R05 36.66%  v_m2t/R10 49.02%  v_m2t/MedR 11.0%
[20/04/26 22:24:58][src.callback.progress][INFO] - Epoch 447 step 85850/192: loss 1.876e-01
[20/04/26 22:25:09][src.callback.progress][INFO] - Epoch 447 step 85900/192: loss 1.813e-01
[20/04/26 22:25:19][src.callback.progress][INFO] - Epoch 447 step 85950/192: loss 1.738e-01
[20/04/26 22:25:29][src.callback.progress][INFO] - Epoch 447 step 86000/192: loss 1.954e-01
[20/04/26 22:25:35][src.callback.progress][INFO] - Epoch 447: v_recons 3.427e-01  recons 1.720e-01  v_loss 5.467e-01  loss 1.852e-01  v_latent 1.197e+00  latent 6.498e-01  v_kl 8.816e+01  kl 3.707e+01  v_contrastive 2.031e+00  contrastive 1.280e-01  v_t2m/len 1530  v_t2m/R01 19.54%  v_t2m/R02 24.3%  v_t2m/R03 31.7%  v_t2m/R05 39.4%  v_t2m/R10 49.79%  v_t2m/MedR 11.0%  v_m2t/len 1530  v_m2t/R01 18.81%  v_m2t/R02 21.56%  v_m2t/R03 30.06%  v_m2t/R05 36.66%  v_m2t/R10 49.61%  v_m2t/MedR 11.0%
[20/04/26 22:25:47][src.callback.progress][INFO] - Epoch 448 step 86050/192: loss 1.983e-01
[20/04/26 22:25:57][src.callback.progress][INFO] - Epoch 448 step 86100/192: loss 1.729e-01
[20/04/26 22:26:08][src.callback.progress][INFO] - Epoch 448 step 86150/192: loss 1.917e-01
[20/04/26 22:26:18][src.callback.progress][INFO] - Epoch 448 step 86200/192: loss 1.860e-01
[20/04/26 22:26:21][src.callback.progress][INFO] - Epoch 448: v_recons 3.415e-01  recons 1.726e-01  v_loss 5.456e-01  loss 1.856e-01  v_latent 1.201e+00  latent 6.535e-01  v_kl 8.848e+01  kl 3.740e+01  v_contrastive 2.032e+00  contrastive 1.262e-01  v_t2m/len 1530  v_t2m/R01 19.61%  v_t2m/R02 24.77%  v_t2m/R03 31.23%  v_t2m/R05 36.93%  v_t2m/R10 50.45%  v_t2m/MedR 10.0%  v_m2t/len 1530  v_m2t/R01 18.95%  v_m2t/R02 21.3%  v_m2t/R03 30.06%  v_m2t/R05 36.72%  v_m2t/R10 49.47%  v_m2t/MedR 11.0%
[20/04/26 22:26:35][src.callback.progress][INFO] - Epoch 449 step 86250/192: loss 1.956e-01
[20/04/26 22:26:46][src.callback.progress][INFO] - Epoch 449 step 86300/192: loss 1.702e-01
[20/04/26 22:26:56][src.callback.progress][INFO] - Epoch 449 step 86350/192: loss 1.812e-01
[20/04/26 22:27:06][src.callback.progress][INFO] - Epoch 449 step 86400/192: loss 2.087e-01
[20/04/26 22:27:08][src.callback.progress][INFO] - Epoch 449: v_recons 3.442e-01  recons 1.739e-01  v_loss 5.497e-01  loss 1.873e-01  v_latent 1.203e+00  latent 6.580e-01  v_kl 8.882e+01  kl 3.778e+01  v_contrastive 2.046e+00  contrastive 1.304e-01  v_t2m/len 1530  v_t2m/R01 18.62%  v_t2m/R02 22.54%  v_t2m/R03 30.59%  v_t2m/R05 38.24%  v_t2m/R10 49.08%  v_t2m/MedR 11.0%  v_m2t/len 1530  v_m2t/R01 19.54%  v_m2t/R02 21.56%  v_m2t/R03 29.79%  v_m2t/R05 36.99%  v_m2t/R10 49.54%  v_m2t/MedR 11.0%
[20/04/26 22:27:23][src.callback.progress][INFO] - Epoch 450 step 86450/192: loss 1.672e-01
[20/04/26 22:27:34][src.callback.progress][INFO] - Epoch 450 step 86500/192: loss 1.642e-01
[20/04/26 22:27:44][src.callback.progress][INFO] - Epoch 450 step 86550/192: loss 1.780e-01
[20/04/26 22:27:55][src.callback.progress][INFO] - Epoch 450: v_recons 3.412e-01  recons 1.714e-01  v_loss 5.441e-01  loss 1.843e-01  v_latent 1.199e+00  latent 6.475e-01  v_kl 8.868e+01  kl 3.700e+01  v_contrastive 2.020e+00  contrastive 1.251e-01  v_t2m/len 1530  v_t2m/R01 17.12%  v_t2m/R02 21.76%  v_t2m/R03 30.59%  v_t2m/R05 38.68%  v_t2m/R10 50.33%  v_t2m/MedR 10.0%  v_m2t/len 1530  v_m2t/R01 17.9%  v_m2t/R02 21.11%  v_m2t/R03 30.71%  v_m2t/R05 37.52%  v_m2t/R10 50.59%  v_m2t/MedR 10.0%
[20/04/26 22:28:02][src.callback.progress][INFO] - Epoch 451 step 86600/192: loss 1.783e-01
[20/04/26 22:28:12][src.callback.progress][INFO] - Epoch 451 step 86650/192: loss 1.966e-01
[20/04/26 22:28:23][src.callback.progress][INFO] - Epoch 451 step 86700/192: loss 1.771e-01
[20/04/26 22:28:33][src.callback.progress][INFO] - Epoch 451 step 86750/192: loss 1.996e-01
[20/04/26 22:28:42][src.callback.progress][INFO] - Epoch 451: v_recons 3.428e-01  recons 1.717e-01  v_loss 5.462e-01  loss 1.848e-01  v_latent 1.199e+00  latent 6.505e-01  v_kl 8.830e+01  kl 3.697e+01  v_contrastive 2.025e+00  contrastive 1.266e-01  v_t2m/len 1530  v_t2m/R01 17.45%  v_t2m/R02 22.8%  v_t2m/R03 30.26%  v_t2m/R05 37.97%  v_t2m/R10 48.95%  v_t2m/MedR 11.0%  v_m2t/len 1530  v_m2t/R01 17.57%  v_m2t/R02 20.59%  v_m2t/R03 29.93%  v_m2t/R05 37.58%  v_m2t/R10 50.0%  v_m2t/MedR 10.5%
[20/04/26 22:28:50][src.callback.progress][INFO] - Epoch 452 step 86800/192: loss 1.698e-01
[20/04/26 22:29:00][src.callback.progress][INFO] - Epoch 452 step 86850/192: loss 1.701e-01
[20/04/26 22:29:11][src.callback.progress][INFO] - Epoch 452 step 86900/192: loss 1.823e-01
[20/04/26 22:29:21][src.callback.progress][INFO] - Epoch 452 step 86950/192: loss 1.663e-01
[20/04/26 22:29:28][src.callback.progress][INFO] - Epoch 452: v_recons 3.434e-01  recons 1.720e-01  v_loss 5.489e-01  loss 1.850e-01  v_latent 1.205e+00  latent 6.536e-01  v_kl 8.921e+01  kl 3.741e+01  v_contrastive 2.046e+00  contrastive 1.266e-01  v_t2m/len 1530  v_t2m/R01 18.76%  v_t2m/R02 22.75%  v_t2m/R03 30.64%  v_t2m/R05 38.43%  v_t2m/R10 48.75%  v_t2m/MedR 11.0%  v_m2t/len 1530  v_m2t/R01 19.67%  v_m2t/R02 22.09%  v_m2t/R03 29.67%  v_m2t/R05 37.38%  v_m2t/R10 48.5%  v_m2t/MedR 11.0%
[20/04/26 22:29:38][src.callback.progress][INFO] - Epoch 453 step 87000/192: loss 1.701e-01
[20/04/26 22:29:49][src.callback.progress][INFO] - Epoch 453 step 87050/192: loss 1.963e-01
[20/04/26 22:29:59][src.callback.progress][INFO] - Epoch 453 step 87100/192: loss 1.671e-01
[20/04/26 22:30:10][src.callback.progress][INFO] - Epoch 453 step 87150/192: loss 1.697e-01
[20/04/26 22:30:15][src.callback.progress][INFO] - Epoch 453: v_recons 3.430e-01  recons 1.712e-01  v_loss 5.469e-01  loss 1.843e-01  v_latent 1.202e+00  latent 6.532e-01  v_kl 8.882e+01  kl 3.733e+01  v_contrastive 2.030e+00  contrastive 1.270e-01  v_t2m/len 1530  v_t2m/R01 18.43%  v_t2m/R02 22.47%  v_t2m/R03 30.64%  v_t2m/R05 37.52%  v_t2m/R10 49.66%  v_t2m/MedR 11.0%  v_m2t/len 1530  v_m2t/R01 18.23%  v_m2t/R02 20.12%  v_m2t/R03 30.26%  v_m2t/R05 37.31%  v_m2t/R10 47.97%  v_m2t/MedR 11.0%
[20/04/26 22:30:27][src.callback.progress][INFO] - Epoch 454 step 87200/192: loss 1.905e-01
[20/04/26 22:30:38][src.callback.progress][INFO] - Epoch 454 step 87250/192: loss 1.766e-01
[20/04/26 22:30:48][src.callback.progress][INFO] - Epoch 454 step 87300/192: loss 2.138e-01
[20/04/26 22:30:58][src.callback.progress][INFO] - Epoch 454 step 87350/192: loss 1.777e-01
[20/04/26 22:31:02][src.callback.progress][INFO] - Epoch 454: v_recons 3.440e-01  recons 1.717e-01  v_loss 5.501e-01  loss 1.845e-01  v_latent 1.202e+00  latent 6.506e-01  v_kl 8.941e+01  kl 3.737e+01  v_contrastive 2.052e+00  contrastive 1.244e-01  v_t2m/len 1530  v_t2m/R01 18.88%  v_t2m/R02 24.63%  v_t2m/R03 31.62%  v_t2m/R05 40.13%  v_t2m/R10 50.84%  v_t2m/MedR 10.0%  v_m2t/len 1530  v_m2t/R01 18.76%  v_m2t/R02 21.23%  v_m2t/R03 30.2%  v_m2t/R05 36.93%  v_m2t/R10 50.0%  v_m2t/MedR 10.5%
[20/04/26 22:31:16][src.callback.progress][INFO] - Epoch 455 step 87400/192: loss 1.969e-01
[20/04/26 22:31:26][src.callback.progress][INFO] - Epoch 455 step 87450/192: loss 1.839e-01
[20/04/26 22:31:37][src.callback.progress][INFO] - Epoch 455 step 87500/192: loss 1.790e-01
[20/04/26 22:31:47][src.callback.progress][INFO] - Epoch 455 step 87550/192: loss 1.918e-01
[20/04/26 22:31:49][src.callback.progress][INFO] - Epoch 455: v_recons 3.416e-01  recons 1.716e-01  v_loss 5.487e-01  loss 1.843e-01  v_latent 1.204e+00  latent 6.496e-01  v_kl 9.017e+01  kl 3.721e+01  v_contrastive 2.062e+00  contrastive 1.233e-01  v_t2m/len 1530  v_t2m/R01 17.19%  v_t2m/R02 22.21%  v_t2m/R03 30.12%  v_t2m/R05 37.06%  v_t2m/R10 49.54%  v_t2m/MedR 11.0%  v_m2t/len 1530  v_m2t/R01 18.62%  v_m2t/R02 21.3%  v_m2t/R03 30.64%  v_m2t/R05 36.93%  v_m2t/R10 49.27%  v_m2t/MedR 11.0%
[20/04/26 22:32:04][src.callback.progress][INFO] - Epoch 456 step 87600/192: loss 1.782e-01
[20/04/26 22:32:15][src.callback.progress][INFO] - Epoch 456 step 87650/192: loss 1.870e-01
[20/04/26 22:32:25][src.callback.progress][INFO] - Epoch 456 step 87700/192: loss 1.880e-01
[20/04/26 22:32:36][src.callback.progress][INFO] - Epoch 456: v_recons 3.399e-01  recons 1.711e-01  v_loss 5.440e-01  loss 1.839e-01  v_latent 1.206e+00  latent 6.479e-01  v_kl 8.931e+01  kl 3.699e+01  v_contrastive 2.033e+00  contrastive 1.241e-01  v_t2m/len 1530  v_t2m/R01 18.04%  v_t2m/R02 22.09%  v_t2m/R03 30.0%  v_t2m/R05 37.31%  v_t2m/R10 50.0%  v_t2m/MedR 10.5%  v_m2t/len 1530  v_m2t/R01 19.02%  v_m2t/R02 21.37%  v_m2t/R03 29.73%  v_m2t/R05 37.58%  v_m2t/R10 49.4%  v_m2t/MedR 11.0%
[20/04/26 22:32:43][src.callback.progress][INFO] - Epoch 457 step 87750/192: loss 2.049e-01
[20/04/26 22:32:53][src.callback.progress][INFO] - Epoch 457 step 87800/192: loss 1.998e-01
[20/04/26 22:33:04][src.callback.progress][INFO] - Epoch 457 step 87850/192: loss 1.823e-01
[20/04/26 22:33:14][src.callback.progress][INFO] - Epoch 457 step 87900/192: loss 1.695e-01
[20/04/26 22:33:24][src.callback.progress][INFO] - Epoch 457: v_recons 3.394e-01  recons 1.716e-01  v_loss 5.435e-01  loss 1.843e-01  v_latent 1.207e+00  latent 6.506e-01  v_kl 9.021e+01  kl 3.712e+01  v_contrastive 2.032e+00  contrastive 1.234e-01  v_t2m/len 1530  v_t2m/R01 16.93%  v_t2m/R02 21.62%  v_t2m/R03 29.73%  v_t2m/R05 37.77%  v_t2m/R10 51.31%  v_t2m/MedR 10.0%  v_m2t/len 1530  v_m2t/R01 19.93%  v_m2t/R02 22.54%  v_m2t/R03 29.73%  v_m2t/R05 36.59%  v_m2t/R10 49.34%  v_m2t/MedR 11.0%
[20/04/26 22:33:31][src.callback.progress][INFO] - Epoch 458 step 87950/192: loss 1.767e-01
[20/04/26 22:33:42][src.callback.progress][INFO] - Epoch 458 step 88000/192: loss 1.855e-01
[20/04/26 22:33:52][src.callback.progress][INFO] - Epoch 458 step 88050/192: loss 1.738e-01
[20/04/26 22:34:03][src.callback.progress][INFO] - Epoch 458 step 88100/192: loss 1.792e-01
[20/04/26 22:34:10][src.callback.progress][INFO] - Epoch 458: v_recons 3.413e-01  recons 1.708e-01  v_loss 5.453e-01  loss 1.835e-01  v_latent 1.206e+00  latent 6.490e-01  v_kl 8.897e+01  kl 3.737e+01  v_contrastive 2.031e+00  contrastive 1.239e-01  v_t2m/len 1530  v_t2m/R01 17.96%  v_t2m/R02 22.09%  v_t2m/R03 29.02%  v_t2m/R05 37.9%  v_t2m/R10 50.84%  v_t2m/MedR 10.0%  v_m2t/len 1530  v_m2t/R01 19.28%  v_m2t/R02 21.62%  v_m2t/R03 29.07%  v_m2t/R05 36.08%  v_m2t/R10 49.4%  v_m2t/MedR 11.0%
[20/04/26 22:34:20][src.callback.progress][INFO] - Epoch 459 step 88150/192: loss 1.838e-01
[20/04/26 22:34:30][src.callback.progress][INFO] - Epoch 459 step 88200/192: loss 1.598e-01
[20/04/26 22:34:40][src.callback.progress][INFO] - Epoch 459 step 88250/192: loss 1.909e-01
[20/04/26 22:34:51][src.callback.progress][INFO] - Epoch 459 step 88300/192: loss 1.997e-01
[20/04/26 22:34:57][src.callback.progress][INFO] - Epoch 459: v_recons 3.434e-01  recons 1.713e-01  v_loss 5.487e-01  loss 1.843e-01  v_latent 1.209e+00  latent 6.531e-01  v_kl 9.043e+01  kl 3.756e+01  v_contrastive 2.043e+00  contrastive 1.258e-01  v_t2m/len 1530  v_t2m/R01 17.96%  v_t2m/R02 22.21%  v_t2m/R03 29.61%  v_t2m/R05 37.25%  v_t2m/R10 48.16%  v_t2m/MedR 11.0%  v_m2t/len 1530  v_m2t/R01 19.28%  v_m2t/R02 21.7%  v_m2t/R03 29.93%  v_m2t/R05 37.58%  v_m2t/R10 48.56%  v_m2t/MedR 11.0%
[20/04/26 22:35:08][src.callback.progress][INFO] - Epoch 460 step 88350/192: loss 1.915e-01
[20/04/26 22:35:19][src.callback.progress][INFO] - Epoch 460 step 88400/192: loss 1.796e-01
[20/04/26 22:35:29][src.callback.progress][INFO] - Epoch 460 step 88450/192: loss 2.080e-01
[20/04/26 22:35:40][src.callback.progress][INFO] - Epoch 460 step 88500/192: loss 2.067e-01
[20/04/26 22:35:44][src.callback.progress][INFO] - Epoch 460: v_recons 3.426e-01  recons 1.717e-01  v_loss 5.457e-01  loss 1.845e-01  v_latent 1.201e+00  latent 6.513e-01  v_kl 8.992e+01  kl 3.746e+01  v_contrastive 2.022e+00  contrastive 1.238e-01  v_t2m/len 1530  v_t2m/R01 18.04%  v_t2m/R02 22.87%  v_t2m/R03 30.2%  v_t2m/R05 38.75%  v_t2m/R10 50.25%  v_t2m/MedR 10.0%  v_m2t/len 1530  v_m2t/R01 18.95%  v_m2t/R02 22.03%  v_m2t/R03 31.11%  v_m2t/R05 37.97%  v_m2t/R10 49.4%  v_m2t/MedR 11.0%
[20/04/26 22:35:57][src.callback.progress][INFO] - Epoch 461 step 88550/192: loss 1.765e-01
[20/04/26 22:36:07][src.callback.progress][INFO] - Epoch 461 step 88600/192: loss 1.995e-01
[20/04/26 22:36:18][src.callback.progress][INFO] - Epoch 461 step 88650/192: loss 2.142e-01
[20/04/26 22:36:29][src.callback.progress][INFO] - Epoch 461 step 88700/192: loss 1.861e-01
[20/04/26 22:36:31][src.callback.progress][INFO] - Epoch 461: v_recons 3.429e-01  recons 1.732e-01  v_loss 5.488e-01  loss 1.862e-01  v_latent 1.212e+00  latent 6.618e-01  v_kl 9.036e+01  kl 3.832e+01  v_contrastive 2.050e+00  contrastive 1.266e-01  v_t2m/len 1530  v_t2m/R01 18.43%  v_t2m/R02 22.68%  v_t2m/R03 30.59%  v_t2m/R05 38.09%  v_t2m/R10 48.75%  v_t2m/MedR 11.0%  v_m2t/len 1530  v_m2t/R01 18.88%  v_m2t/R02 21.18%  v_m2t/R03 30.0%  v_m2t/R05 37.45%  v_m2t/R10 49.34%  v_m2t/MedR 11.0%
[20/04/26 22:36:46][src.callback.progress][INFO] - Epoch 462 step 88750/192: loss 1.787e-01
[20/04/26 22:36:56][src.callback.progress][INFO] - Epoch 462 step 88800/192: loss 1.801e-01
[20/04/26 22:37:07][src.callback.progress][INFO] - Epoch 462 step 88850/192: loss 1.995e-01
[20/04/26 22:37:18][src.callback.progress][INFO] - Epoch 462: v_recons 3.469e-01  recons 1.731e-01  v_loss 5.509e-01  loss 1.862e-01  v_latent 1.210e+00  latent 6.610e-01  v_kl 9.051e+01  kl 3.853e+01  v_contrastive 2.031e+00  contrastive 1.277e-01  v_t2m/len 1530  v_t2m/R01 17.7%  v_t2m/R02 21.89%  v_t2m/R03 29.47%  v_t2m/R05 37.25%  v_t2m/R10 50.59%  v_t2m/MedR 10.0%  v_m2t/len 1530  v_m2t/R01 19.14%  v_m2t/R02 21.76%  v_m2t/R03 30.0%  v_m2t/R05 38.04%  v_m2t/R10 49.79%  v_m2t/MedR 11.0%
[20/04/26 22:37:24][src.callback.progress][INFO] - Epoch 463 step 88900/192: loss 1.739e-01
[20/04/26 22:37:35][src.callback.progress][INFO] - Epoch 463 step 88950/192: loss 1.745e-01
[20/04/26 22:37:45][src.callback.progress][INFO] - Epoch 463 step 89000/192: loss 1.743e-01
[20/04/26 22:37:56][src.callback.progress][INFO] - Epoch 463 step 89050/192: loss 1.800e-01
[20/04/26 22:38:06][src.callback.progress][INFO] - Epoch 463: v_recons 3.449e-01  recons 1.717e-01  v_loss 5.475e-01  loss 1.847e-01  v_latent 1.203e+00  latent 6.544e-01  v_kl 9.019e+01  kl 3.768e+01  v_contrastive 2.016e+00  contrastive 1.255e-01  v_t2m/len 1530  v_t2m/R01 17.57%  v_t2m/R02 23.39%  v_t2m/R03 30.06%  v_t2m/R05 38.36%  v_t2m/R10 50.25%  v_t2m/MedR 10.0%  v_m2t/len 1530  v_m2t/R01 19.21%  v_m2t/R02 21.3%  v_m2t/R03 30.85%  v_m2t/R05 37.38%  v_m2t/R10 48.09%  v_m2t/MedR 11.0%
[20/04/26 22:38:13][src.callback.progress][INFO] - Epoch 464 step 89100/192: loss 1.735e-01
[20/04/26 22:38:23][src.callback.progress][INFO] - Epoch 464 step 89150/192: loss 1.896e-01
[20/04/26 22:38:34][src.callback.progress][INFO] - Epoch 464 step 89200/192: loss 2.140e-01
[20/04/26 22:38:44][src.callback.progress][INFO] - Epoch 464 step 89250/192: loss 1.682e-01
[20/04/26 22:38:52][src.callback.progress][INFO] - Epoch 464: v_recons 3.429e-01  recons 1.703e-01  v_loss 5.506e-01  loss 1.832e-01  v_latent 1.211e+00  latent 6.501e-01  v_kl 9.031e+01  kl 3.718e+01  v_contrastive 2.067e+00  contrastive 1.254e-01  v_t2m/len 1530  v_t2m/R01 17.9%  v_t2m/R02 22.54%  v_t2m/R03 31.18%  v_t2m/R05 39.02%  v_t2m/R10 49.74%  v_t2m/MedR 11.0%  v_m2t/len 1530  v_m2t/R01 19.4%  v_m2t/R02 21.11%  v_m2t/R03 29.61%  v_m2t/R05 36.99%  v_m2t/R10 48.56%  v_m2t/MedR 11.0%
[20/04/26 22:39:02][src.callback.progress][INFO] - Epoch 465 step 89300/192: loss 1.721e-01
[20/04/26 22:39:12][src.callback.progress][INFO] - Epoch 465 step 89350/192: loss 1.893e-01
[20/04/26 22:39:23][src.callback.progress][INFO] - Epoch 465 step 89400/192: loss 1.864e-01
[20/04/26 22:39:33][src.callback.progress][INFO] - Epoch 465 step 89450/192: loss 1.899e-01
[20/04/26 22:39:40][src.callback.progress][INFO] - Epoch 465: v_recons 3.472e-01  recons 1.710e-01  v_loss 5.552e-01  loss 1.837e-01  v_latent 1.216e+00  latent 6.510e-01  v_kl 9.029e+01  kl 3.736e+01  v_contrastive 2.071e+00  contrastive 1.232e-01  v_t2m/len 1530  v_t2m/R01 18.1%  v_t2m/R02 23.13%  v_t2m/R03 31.18%  v_t2m/R05 37.84%  v_t2m/R10 49.22%  v_t2m/MedR 11.0%  v_m2t/len 1530  v_m2t/R01 18.37%  v_m2t/R02 20.85%  v_m2t/R03 30.0%  v_m2t/R05 37.06%  v_m2t/R10 48.68%  v_m2t/MedR 11.0%
[20/04/26 22:39:50][src.callback.progress][INFO] - Epoch 466 step 89500/192: loss 1.682e-01
[20/04/26 22:40:01][src.callback.progress][INFO] - Epoch 466 step 89550/192: loss 1.918e-01
[20/04/26 22:40:11][src.callback.progress][INFO] - Epoch 466 step 89600/192: loss 1.905e-01
[20/04/26 22:40:22][src.callback.progress][INFO] - Epoch 466 step 89650/192: loss 1.760e-01
[20/04/26 22:40:27][src.callback.progress][INFO] - Epoch 466: v_recons 3.455e-01  recons 1.715e-01  v_loss 5.515e-01  loss 1.843e-01  v_latent 1.212e+00  latent 6.549e-01  v_kl 9.067e+01  kl 3.769e+01  v_contrastive 2.051e+00  contrastive 1.241e-01  v_t2m/len 1530  v_t2m/R01 17.9%  v_t2m/R02 22.68%  v_t2m/R03 29.61%  v_t2m/R05 38.63%  v_t2m/R10 51.18%  v_t2m/MedR 10.0%  v_m2t/len 1530  v_m2t/R01 18.04%  v_m2t/R02 19.93%  v_m2t/R03 29.35%  v_m2t/R05 37.52%  v_m2t/R10 48.88%  v_m2t/MedR 11.0%
[20/04/26 22:40:39][src.callback.progress][INFO] - Epoch 467 step 89700/192: loss 1.934e-01
[20/04/26 22:40:50][src.callback.progress][INFO] - Epoch 467 step 89750/192: loss 1.661e-01
[20/04/26 22:41:00][src.callback.progress][INFO] - Epoch 467 step 89800/192: loss 1.721e-01
[20/04/26 22:41:10][src.callback.progress][INFO] - Epoch 467 step 89850/192: loss 1.944e-01
[20/04/26 22:41:14][src.callback.progress][INFO] - Epoch 467: v_recons 3.422e-01  recons 1.715e-01  v_loss 5.493e-01  loss 1.841e-01  v_latent 1.210e+00  latent 6.516e-01  v_kl 9.058e+01  kl 3.754e+01  v_contrastive 2.061e+00  contrastive 1.227e-01  v_t2m/len 1530  v_t2m/R01 17.9%  v_t2m/R02 22.15%  v_t2m/R03 30.12%  v_t2m/R05 38.29%  v_t2m/R10 49.86%  v_t2m/MedR 11.0%  v_m2t/len 1530  v_m2t/R01 19.54%  v_m2t/R02 21.5%  v_m2t/R03 29.4%  v_m2t/R05 36.79%  v_m2t/R10 47.52%  v_m2t/MedR 11.0%
[20/04/26 22:41:27][src.callback.progress][INFO] - Epoch 468 step 89900/192: loss 1.973e-01
[20/04/26 22:41:38][src.callback.progress][INFO] - Epoch 468 step 89950/192: loss 1.818e-01
[20/04/26 22:41:48][src.callback.progress][INFO] - Epoch 468 step 90000/192: loss 2.055e-01
[20/04/26 22:42:00][src.callback.progress][INFO] - Epoch 468: v_recons 3.461e-01  recons 1.711e-01  v_loss 5.516e-01  loss 1.835e-01  v_latent 1.208e+00  latent 6.498e-01  v_kl 9.006e+01  kl 3.754e+01  v_contrastive 2.046e+00  contrastive 1.203e-01  v_t2m/len 1530  v_t2m/R01 17.78%  v_t2m/R02 24.25%  v_t2m/R03 30.71%  v_t2m/R05 38.68%  v_t2m/R10 49.74%  v_t2m/MedR 11.0%  v_m2t/len 1530  v_m2t/R01 18.76%  v_m2t/R02 20.92%  v_m2t/R03 29.28%  v_m2t/R05 37.31%  v_m2t/R10 48.68%  v_m2t/MedR 11.0%
[20/04/26 22:42:05][src.callback.progress][INFO] - Epoch 469 step 90050/192: loss 1.943e-01
[20/04/26 22:42:16][src.callback.progress][INFO] - Epoch 469 step 90100/192: loss 1.743e-01
[20/04/26 22:42:26][src.callback.progress][INFO] - Epoch 469 step 90150/192: loss 1.859e-01
[20/04/26 22:42:37][src.callback.progress][INFO] - Epoch 469 step 90200/192: loss 1.673e-01
[20/04/26 22:42:47][src.callback.progress][INFO] - Epoch 469: v_recons 3.452e-01  recons 1.710e-01  v_loss 5.503e-01  loss 1.837e-01  v_latent 1.209e+00  latent 6.516e-01  v_kl 8.939e+01  kl 3.755e+01  v_contrastive 2.042e+00  contrastive 1.228e-01  v_t2m/len 1530  v_t2m/R01 18.37%  v_t2m/R02 23.65%  v_t2m/R03 31.7%  v_t2m/R05 38.63%  v_t2m/R10 49.86%  v_t2m/MedR 11.0%  v_m2t/len 1530  v_m2t/R01 19.61%  v_m2t/R02 21.23%  v_m2t/R03 30.71%  v_m2t/R05 39.02%  v_m2t/R10 48.95%  v_m2t/MedR 11.0%
[20/04/26 22:42:54][src.callback.progress][INFO] - Epoch 470 step 90250/192: loss 1.862e-01
[20/04/26 22:43:05][src.callback.progress][INFO] - Epoch 470 step 90300/192: loss 1.835e-01
[20/04/26 22:43:15][src.callback.progress][INFO] - Epoch 470 step 90350/192: loss 1.690e-01
[20/04/26 22:43:26][src.callback.progress][INFO] - Epoch 470 step 90400/192: loss 1.552e-01
[20/04/26 22:43:34][src.callback.progress][INFO] - Epoch 470: v_recons 3.451e-01  recons 1.704e-01  v_loss 5.515e-01  loss 1.830e-01  v_latent 1.209e+00  latent 6.493e-01  v_kl 9.072e+01  kl 3.745e+01  v_contrastive 2.054e+00  contrastive 1.222e-01  v_t2m/len 1530  v_t2m/R01 18.43%  v_t2m/R02 23.53%  v_t2m/R03 30.64%  v_t2m/R05 38.16%  v_t2m/R10 49.93%  v_t2m/MedR 11.0%  v_m2t/len 1530  v_m2t/R01 19.14%  v_m2t/R02 21.23%  v_m2t/R03 29.61%  v_m2t/R05 37.18%  v_m2t/R10 48.29%  v_m2t/MedR 11.0%
[20/04/26 22:43:43][src.callback.progress][INFO] - Epoch 471 step 90450/192: loss 1.656e-01
[20/04/26 22:43:53][src.callback.progress][INFO] - Epoch 471 step 90500/192: loss 1.841e-01
[20/04/26 22:44:04][src.callback.progress][INFO] - Epoch 471 step 90550/192: loss 1.868e-01
[20/04/26 22:44:14][src.callback.progress][INFO] - Epoch 471 step 90600/192: loss 1.849e-01
[20/04/26 22:44:21][src.callback.progress][INFO] - Epoch 471: v_recons 3.451e-01  recons 1.708e-01  v_loss 5.511e-01  loss 1.835e-01  v_latent 1.215e+00  latent 6.498e-01  v_kl 9.083e+01  kl 3.751e+01  v_contrastive 2.051e+00  contrastive 1.224e-01  v_t2m/len 1530  v_t2m/R01 17.84%  v_t2m/R02 22.68%  v_t2m/R03 29.54%  v_t2m/R05 38.04%  v_t2m/R10 50.2%  v_t2m/MedR 10.0%  v_m2t/len 1530  v_m2t/R01 18.81%  v_m2t/R02 21.3%  v_m2t/R03 30.52%  v_m2t/R05 37.06%  v_m2t/R10 50.06%  v_m2t/MedR 10.0%
[20/04/26 22:44:31][src.callback.progress][INFO] - Epoch 472 step 90650/192: loss 1.820e-01
[20/04/26 22:44:42][src.callback.progress][INFO] - Epoch 472 step 90700/192: loss 1.769e-01
[20/04/26 22:44:52][src.callback.progress][INFO] - Epoch 472 step 90750/192: loss 1.627e-01
[20/04/26 22:45:03][src.callback.progress][INFO] - Epoch 472 step 90800/192: loss 1.662e-01
[20/04/26 22:45:08][src.callback.progress][INFO] - Epoch 472: v_recons 3.441e-01  recons 1.703e-01  v_loss 5.505e-01  loss 1.829e-01  v_latent 1.215e+00  latent 6.497e-01  v_kl 9.227e+01  kl 3.882e+01  v_contrastive 2.055e+00  contrastive 1.216e-01  v_t2m/len 1530  v_t2m/R01 17.12%  v_t2m/R02 22.21%  v_t2m/R03 29.61%  v_t2m/R05 37.65%  v_t2m/R10 50.77%  v_t2m/MedR 10.0%  v_m2t/len 1530  v_m2t/R01 18.95%  v_m2t/R02 20.85%  v_m2t/R03 29.67%  v_m2t/R05 37.84%  v_m2t/R10 48.88%  v_m2t/MedR 11.0%
[20/04/26 22:45:20][src.callback.progress][INFO] - Epoch 473 step 90850/192: loss 1.640e-01
[20/04/26 22:45:30][src.callback.progress][INFO] - Epoch 473 step 90900/192: loss 1.872e-01
[20/04/26 22:45:40][src.callback.progress][INFO] - Epoch 473 step 90950/192: loss 1.817e-01
[20/04/26 22:45:51][src.callback.progress][INFO] - Epoch 473 step 91000/192: loss 1.704e-01
[20/04/26 22:45:54][src.callback.progress][INFO] - Epoch 473: v_recons 3.439e-01  recons 1.705e-01  v_loss 5.458e-01  loss 1.830e-01  v_latent 1.204e+00  latent 6.491e-01  v_kl 9.047e+01  kl 3.762e+01  v_contrastive 2.010e+00  contrastive 1.211e-01  v_t2m/len 1530  v_t2m/R01 18.43%  v_t2m/R02 22.54%  v_t2m/R03 31.04%  v_t2m/R05 39.27%  v_t2m/R10 50.25%  v_t2m/MedR 10.0%  v_m2t/len 1530  v_m2t/R01 19.21%  v_m2t/R02 21.5%  v_m2t/R03 30.59%  v_m2t/R05 39.15%  v_m2t/R10 50.72%  v_m2t/MedR 10.0%
[20/04/26 22:46:08][src.callback.progress][INFO] - Epoch 474 step 91050/192: loss 1.794e-01
[20/04/26 22:46:19][src.callback.progress][INFO] - Epoch 474 step 91100/192: loss 1.957e-01
[20/04/26 22:46:29][src.callback.progress][INFO] - Epoch 474 step 91150/192: loss 1.845e-01
[20/04/26 22:46:39][src.callback.progress][INFO] - Epoch 474 step 91200/192: loss 2.141e-01
[20/04/26 22:46:41][src.callback.progress][INFO] - Epoch 474: v_recons 3.404e-01  recons 1.702e-01  v_loss 5.445e-01  loss 1.825e-01  v_latent 1.210e+00  latent 6.477e-01  v_kl 8.973e+01  kl 3.755e+01  v_contrastive 2.031e+00  contrastive 1.192e-01  v_t2m/len 1530  v_t2m/R01 18.29%  v_t2m/R02 23.32%  v_t2m/R03 30.12%  v_t2m/R05 38.24%  v_t2m/R10 50.33%  v_t2m/MedR 10.0%  v_m2t/len 1530  v_m2t/R01 19.02%  v_m2t/R02 21.3%  v_m2t/R03 30.78%  v_m2t/R05 38.24%  v_m2t/R10 49.22%  v_m2t/MedR 11.0%
[20/04/26 22:46:58][src.callback.progress][INFO] - Epoch 475 step 91250/192: loss 2.045e-01
[20/04/26 22:47:08][src.callback.progress][INFO] - Epoch 475 step 91300/192: loss 1.780e-01
[20/04/26 22:47:19][src.callback.progress][INFO] - Epoch 475 step 91350/192: loss 1.841e-01
[20/04/26 22:47:29][src.callback.progress][INFO] - Epoch 475: v_recons 3.424e-01  recons 1.697e-01  v_loss 5.446e-01  loss 1.820e-01  v_latent 1.211e+00  latent 6.469e-01  v_kl 8.988e+01  kl 3.739e+01  v_contrastive 2.013e+00  contrastive 1.193e-01  v_t2m/len 1530  v_t2m/R01 17.78%  v_t2m/R02 22.68%  v_t2m/R03 30.64%  v_t2m/R05 38.75%  v_t2m/R10 49.74%  v_t2m/MedR 11.0%  v_m2t/len 1530  v_m2t/R01 19.02%  v_m2t/R02 21.62%  v_m2t/R03 30.64%  v_m2t/R05 38.75%  v_m2t/R10 49.66%  v_m2t/MedR 11.0%
[20/04/26 22:47:36][src.callback.progress][INFO] - Epoch 476 step 91400/192: loss 1.812e-01
[20/04/26 22:47:47][src.callback.progress][INFO] - Epoch 476 step 91450/192: loss 1.738e-01
[20/04/26 22:47:57][src.callback.progress][INFO] - Epoch 476 step 91500/192: loss 1.705e-01
[20/04/26 22:48:08][src.callback.progress][INFO] - Epoch 476 step 91550/192: loss 1.815e-01
[20/04/26 22:48:17][src.callback.progress][INFO] - Epoch 476: v_recons 3.421e-01  recons 1.705e-01  v_loss 5.466e-01  loss 1.830e-01  v_latent 1.215e+00  latent 6.503e-01  v_kl 9.081e+01  kl 3.748e+01  v_contrastive 2.036e+00  contrastive 1.216e-01  v_t2m/len 1530  v_t2m/R01 17.64%  v_t2m/R02 22.87%  v_t2m/R03 30.64%  v_t2m/R05 37.58%  v_t2m/R10 48.68%  v_t2m/MedR 11.0%  v_m2t/len 1530  v_m2t/R01 17.96%  v_m2t/R02 21.18%  v_m2t/R03 30.38%  v_m2t/R05 37.65%  v_m2t/R10 49.4%  v_m2t/MedR 11.0%
[20/04/26 22:48:25][src.callback.progress][INFO] - Epoch 477 step 91600/192: loss 1.906e-01
[20/04/26 22:48:35][src.callback.progress][INFO] - Epoch 477 step 91650/192: loss 1.898e-01
[20/04/26 22:48:46][src.callback.progress][INFO] - Epoch 477 step 91700/192: loss 1.850e-01
[20/04/26 22:48:56][src.callback.progress][INFO] - Epoch 477 step 91750/192: loss 1.526e-01
[20/04/26 22:49:03][src.callback.progress][INFO] - Epoch 477: v_recons 3.439e-01  recons 1.706e-01  v_loss 5.483e-01  loss 1.831e-01  v_latent 1.217e+00  latent 6.512e-01  v_kl 9.121e+01  kl 3.775e+01  v_contrastive 2.035e+00  contrastive 1.211e-01  v_t2m/len 1530  v_t2m/R01 18.17%  v_t2m/R02 22.54%  v_t2m/R03 29.93%  v_t2m/R05 38.63%  v_t2m/R10 52.02%  v_t2m/MedR 9.0%  v_m2t/len 1530  v_m2t/R01 18.62%  v_m2t/R02 21.37%  v_m2t/R03 30.12%  v_m2t/R05 37.7%  v_m2t/R10 48.88%  v_m2t/MedR 11.0%
[20/04/26 22:49:13][src.callback.progress][INFO] - Epoch 478 step 91800/192: loss 1.680e-01
[20/04/26 22:49:24][src.callback.progress][INFO] - Epoch 478 step 91850/192: loss 1.772e-01
[20/04/26 22:49:34][src.callback.progress][INFO] - Epoch 478 step 91900/192: loss 1.906e-01
[20/04/26 22:49:45][src.callback.progress][INFO] - Epoch 478 step 91950/192: loss 1.945e-01
[20/04/26 22:49:50][src.callback.progress][INFO] - Epoch 478: v_recons 3.409e-01  recons 1.703e-01  v_loss 5.456e-01  loss 1.827e-01  v_latent 1.212e+00  latent 6.547e-01  v_kl 9.176e+01  kl 3.846e+01  v_contrastive 2.037e+00  contrastive 1.208e-01  v_t2m/len 1530  v_t2m/R01 18.55%  v_t2m/R02 23.72%  v_t2m/R03 31.7%  v_t2m/R05 39.22%  v_t2m/R10 50.25%  v_t2m/MedR 10.0%  v_m2t/len 1530  v_m2t/R01 20.12%  v_m2t/R02 22.47%  v_m2t/R03 31.3%  v_m2t/R05 38.43%  v_m2t/R10 49.15%  v_m2t/MedR 11.0%
[20/04/26 22:50:02][src.callback.progress][INFO] - Epoch 479 step 92000/192: loss 1.716e-01
[20/04/26 22:50:13][src.callback.progress][INFO] - Epoch 479 step 92050/192: loss 1.824e-01
[20/04/26 22:50:23][src.callback.progress][INFO] - Epoch 479 step 92100/192: loss 1.911e-01
[20/04/26 22:50:34][src.callback.progress][INFO] - Epoch 479 step 92150/192: loss 2.004e-01
[20/04/26 22:50:38][src.callback.progress][INFO] - Epoch 479: v_recons 3.401e-01  recons 1.718e-01  v_loss 5.440e-01  loss 1.845e-01  v_latent 1.213e+00  latent 6.579e-01  v_kl 9.088e+01  kl 3.855e+01  v_contrastive 2.030e+00  contrastive 1.229e-01  v_t2m/len 1530  v_t2m/R01 17.7%  v_t2m/R02 22.29%  v_t2m/R03 30.45%  v_t2m/R05 37.84%  v_t2m/R10 49.02%  v_t2m/MedR 11.0%  v_m2t/len 1530  v_m2t/R01 18.95%  v_m2t/R02 21.37%  v_m2t/R03 30.38%  v_m2t/R05 38.29%  v_m2t/R10 48.81%  v_m2t/MedR 11.0%
[20/04/26 22:50:51][src.callback.progress][INFO] - Epoch 480 step 92200/192: loss 1.839e-01
[20/04/26 22:51:01][src.callback.progress][INFO] - Epoch 480 step 92250/192: loss 1.846e-01
[20/04/26 22:51:12][src.callback.progress][INFO] - Epoch 480 step 92300/192: loss 1.747e-01
[20/04/26 22:51:22][src.callback.progress][INFO] - Epoch 480 step 92350/192: loss 1.903e-01
[20/04/26 22:51:24][src.callback.progress][INFO] - Epoch 480: v_recons 3.434e-01  recons 1.709e-01  v_loss 5.468e-01  loss 1.835e-01  v_latent 1.221e+00  latent 6.538e-01  v_kl 9.153e+01  kl 3.790e+01  v_contrastive 2.025e+00  contrastive 1.223e-01  v_t2m/len 1530  v_t2m/R01 17.64%  v_t2m/R02 21.62%  v_t2m/R03 29.21%  v_t2m/R05 38.81%  v_t2m/R10 50.38%  v_t2m/MedR 10.0%  v_m2t/len 1530  v_m2t/R01 18.76%  v_m2t/R02 21.04%  v_m2t/R03 30.97%  v_m2t/R05 36.99%  v_m2t/R10 48.29%  v_m2t/MedR 11.0%
[20/04/26 22:51:39][src.callback.progress][INFO] - Epoch 481 step 92400/192: loss 1.973e-01
[20/04/26 22:51:50][src.callback.progress][INFO] - Epoch 481 step 92450/192: loss 1.795e-01
[20/04/26 22:52:00][src.callback.progress][INFO] - Epoch 481 step 92500/192: loss 1.672e-01
[20/04/26 22:52:11][src.callback.progress][INFO] - Epoch 481: v_recons 3.436e-01  recons 1.708e-01  v_loss 5.474e-01  loss 1.834e-01  v_latent 1.212e+00  latent 6.561e-01  v_kl 9.123e+01  kl 3.816e+01  v_contrastive 2.028e+00  contrastive 1.222e-01  v_t2m/len 1530  v_t2m/R01 18.23%  v_t2m/R02 22.54%  v_t2m/R03 29.07%  v_t2m/R05 37.52%  v_t2m/R10 50.2%  v_t2m/MedR 10.0%  v_m2t/len 1530  v_m2t/R01 19.47%  v_m2t/R02 21.89%  v_m2t/R03 29.79%  v_m2t/R05 38.81%  v_m2t/R10 48.81%  v_m2t/MedR 11.0%
[20/04/26 22:52:18][src.callback.progress][INFO] - Epoch 482 step 92550/192: loss 1.931e-01
[20/04/26 22:52:28][src.callback.progress][INFO] - Epoch 482 step 92600/192: loss 1.839e-01
[20/04/26 22:52:39][src.callback.progress][INFO] - Epoch 482 step 92650/192: loss 1.875e-01
[20/04/26 22:52:49][src.callback.progress][INFO] - Epoch 482 step 92700/192: loss 1.781e-01
[20/04/26 22:52:59][src.callback.progress][INFO] - Epoch 482: v_recons 3.427e-01  recons 1.700e-01  v_loss 5.469e-01  loss 1.824e-01  v_latent 1.217e+00  latent 6.496e-01  v_kl 9.089e+01  kl 3.776e+01  v_contrastive 2.033e+00  contrastive 1.207e-01  v_t2m/len 1530  v_t2m/R01 17.19%  v_t2m/R02 22.87%  v_t2m/R03 31.3%  v_t2m/R05 38.43%  v_t2m/R10 49.54%  v_t2m/MedR 11.0%  v_m2t/len 1530  v_m2t/R01 18.81%  v_m2t/R02 21.37%  v_m2t/R03 29.67%  v_m2t/R05 37.25%  v_m2t/R10 49.27%  v_m2t/MedR 11.0%
[20/04/26 22:53:07][src.callback.progress][INFO] - Epoch 483 step 92750/192: loss 1.611e-01
[20/04/26 22:53:17][src.callback.progress][INFO] - Epoch 483 step 92800/192: loss 1.766e-01
[20/04/26 22:53:28][src.callback.progress][INFO] - Epoch 483 step 92850/192: loss 1.783e-01
[20/04/26 22:53:38][src.callback.progress][INFO] - Epoch 483 step 92900/192: loss 1.895e-01
[20/04/26 22:53:46][src.callback.progress][INFO] - Epoch 483: v_recons 3.454e-01  recons 1.695e-01  v_loss 5.499e-01  loss 1.817e-01  v_latent 1.216e+00  latent 6.471e-01  v_kl 9.083e+01  kl 3.744e+01  v_contrastive 2.035e+00  contrastive 1.177e-01  v_t2m/len 1530  v_t2m/R01 17.19%  v_t2m/R02 21.76%  v_t2m/R03 30.32%  v_t2m/R05 37.97%  v_t2m/R10 49.86%  v_t2m/MedR 11.0%  v_m2t/len 1530  v_m2t/R01 18.81%  v_m2t/R02 21.62%  v_m2t/R03 30.32%  v_m2t/R05 37.25%  v_m2t/R10 48.16%  v_m2t/MedR 11.0%
[20/04/26 22:53:55][src.callback.progress][INFO] - Epoch 484 step 92950/192: loss 2.046e-01
[20/04/26 22:54:06][src.callback.progress][INFO] - Epoch 484 step 93000/192: loss 1.742e-01
[20/04/26 22:54:16][src.callback.progress][INFO] - Epoch 484 step 93050/192: loss 2.037e-01
[20/04/26 22:54:27][src.callback.progress][INFO] - Epoch 484 step 93100/192: loss 1.607e-01
[20/04/26 22:54:33][src.callback.progress][INFO] - Epoch 484: v_recons 3.435e-01  recons 1.697e-01  v_loss 5.482e-01  loss 1.818e-01  v_latent 1.215e+00  latent 6.464e-01  v_kl 9.065e+01  kl 3.733e+01  v_contrastive 2.037e+00  contrastive 1.167e-01  v_t2m/len 1530  v_t2m/R01 18.43%  v_t2m/R02 22.75%  v_t2m/R03 30.0%  v_t2m/R05 38.43%  v_t2m/R10 49.47%  v_t2m/MedR 11.0%  v_m2t/len 1530  v_m2t/R01 19.14%  v_m2t/R02 21.11%  v_m2t/R03 29.79%  v_m2t/R05 37.45%  v_m2t/R10 48.88%  v_m2t/MedR 11.0%
[20/04/26 22:54:44][src.callback.progress][INFO] - Epoch 485 step 93150/192: loss 1.569e-01
[20/04/26 22:54:55][src.callback.progress][INFO] - Epoch 485 step 93200/192: loss 1.638e-01
[20/04/26 22:55:05][src.callback.progress][INFO] - Epoch 485 step 93250/192: loss 1.829e-01
[20/04/26 22:55:16][src.callback.progress][INFO] - Epoch 485 step 93300/192: loss 1.725e-01
[20/04/26 22:55:20][src.callback.progress][INFO] - Epoch 485: v_recons 3.434e-01  recons 1.693e-01  v_loss 5.486e-01  loss 1.816e-01  v_latent 1.221e+00  latent 6.489e-01  v_kl 9.075e+01  kl 3.790e+01  v_contrastive 2.042e+00  contrastive 1.187e-01  v_t2m/len 1530  v_t2m/R01 16.2%  v_t2m/R02 20.45%  v_t2m/R03 29.61%  v_t2m/R05 38.16%  v_t2m/R10 49.86%  v_t2m/MedR 11.0%  v_m2t/len 1530  v_m2t/R01 17.96%  v_m2t/R02 19.87%  v_m2t/R03 28.88%  v_m2t/R05 35.95%  v_m2t/R10 48.04%  v_m2t/MedR 11.0%
[20/04/26 22:55:33][src.callback.progress][INFO] - Epoch 486 step 93350/192: loss 1.632e-01
[20/04/26 22:55:44][src.callback.progress][INFO] - Epoch 486 step 93400/192: loss 1.638e-01
[20/04/26 22:55:54][src.callback.progress][INFO] - Epoch 486 step 93450/192: loss 1.836e-01
[20/04/26 22:56:04][src.callback.progress][INFO] - Epoch 486 step 93500/192: loss 1.697e-01
[20/04/26 22:56:07][src.callback.progress][INFO] - Epoch 486: v_recons 3.417e-01  recons 1.703e-01  v_loss 5.470e-01  loss 1.830e-01  v_latent 1.218e+00  latent 6.535e-01  v_kl 9.192e+01  kl 3.800e+01  v_contrastive 2.044e+00  contrastive 1.223e-01  v_t2m/len 1530  v_t2m/R01 17.25%  v_t2m/R02 22.29%  v_t2m/R03 30.52%  v_t2m/R05 37.65%  v_t2m/R10 48.81%  v_t2m/MedR 11.0%  v_m2t/len 1530  v_m2t/R01 18.37%  v_m2t/R02 20.64%  v_m2t/R03 28.37%  v_m2t/R05 37.45%  v_m2t/R10 49.47%  v_m2t/MedR 11.0%
[20/04/26 22:56:22][src.callback.progress][INFO] - Epoch 487 step 93550/192: loss 1.772e-01
[20/04/26 22:56:32][src.callback.progress][INFO] - Epoch 487 step 93600/192: loss 1.883e-01
[20/04/26 22:56:43][src.callback.progress][INFO] - Epoch 487 step 93650/192: loss 1.768e-01
[20/04/26 22:56:54][src.callback.progress][INFO] - Epoch 487: v_recons 3.430e-01  recons 1.691e-01  v_loss 5.466e-01  loss 1.813e-01  v_latent 1.213e+00  latent 6.460e-01  v_kl 9.094e+01  kl 3.743e+01  v_contrastive 2.026e+00  contrastive 1.177e-01  v_t2m/len 1530  v_t2m/R01 18.81%  v_t2m/R02 23.32%  v_t2m/R03 31.11%  v_t2m/R05 39.61%  v_t2m/R10 49.54%  v_t2m/MedR 11.0%  v_m2t/len 1530  v_m2t/R01 19.4%  v_m2t/R02 21.95%  v_m2t/R03 29.87%  v_m2t/R05 38.36%  v_m2t/R10 50.25%  v_m2t/MedR 10.0%
[20/04/26 22:57:02][src.callback.progress][INFO] - Epoch 488 step 93700/192: loss 1.914e-01
[20/04/26 22:57:12][src.callback.progress][INFO] - Epoch 488 step 93750/192: loss 1.850e-01
[20/04/26 22:57:23][src.callback.progress][INFO] - Epoch 488 step 93800/192: loss 1.921e-01
[20/04/26 22:57:33][src.callback.progress][INFO] - Epoch 488 step 93850/192: loss 1.773e-01
[20/04/26 22:57:43][src.callback.progress][INFO] - Epoch 488: v_recons 3.441e-01  recons 1.692e-01  v_loss 5.497e-01  loss 1.812e-01  v_latent 1.221e+00  latent 6.446e-01  v_kl 9.134e+01  kl 3.736e+01  v_contrastive 2.047e+00  contrastive 1.154e-01  v_t2m/len 1530  v_t2m/R01 18.1%  v_t2m/R02 22.75%  v_t2m/R03 31.3%  v_t2m/R05 38.63%  v_t2m/R10 50.52%  v_t2m/MedR 10.0%  v_m2t/len 1530  v_m2t/R01 18.55%  v_m2t/R02 21.5%  v_m2t/R03 29.61%  v_m2t/R05 37.84%  v_m2t/R10 49.66%  v_m2t/MedR 11.0%
[20/04/26 22:57:51][src.callback.progress][INFO] - Epoch 489 step 93900/192: loss 1.669e-01
[20/04/26 22:58:01][src.callback.progress][INFO] - Epoch 489 step 93950/192: loss 1.568e-01
[20/04/26 22:58:11][src.callback.progress][INFO] - Epoch 489 step 94000/192: loss 1.737e-01
[20/04/26 22:58:22][src.callback.progress][INFO] - Epoch 489 step 94050/192: loss 2.000e-01
[20/04/26 22:58:30][src.callback.progress][INFO] - Epoch 489: v_recons 3.448e-01  recons 1.689e-01  v_loss 5.506e-01  loss 1.812e-01  v_latent 1.220e+00  latent 6.463e-01  v_kl 9.141e+01  kl 3.738e+01  v_contrastive 2.049e+00  contrastive 1.193e-01  v_t2m/len 1530  v_t2m/R01 19.28%  v_t2m/R02 23.39%  v_t2m/R03 30.32%  v_t2m/R05 38.5%  v_t2m/R10 49.27%  v_t2m/MedR 11.0%  v_m2t/len 1530  v_m2t/R01 18.76%  v_m2t/R02 21.7%  v_m2t/R03 31.18%  v_m2t/R05 37.9%  v_m2t/R10 48.95%  v_m2t/MedR 11.0%
[20/04/26 22:58:39][src.callback.progress][INFO] - Epoch 490 step 94100/192: loss 1.777e-01
[20/04/26 22:58:50][src.callback.progress][INFO] - Epoch 490 step 94150/192: loss 1.820e-01
[20/04/26 22:59:00][src.callback.progress][INFO] - Epoch 490 step 94200/192: loss 1.947e-01
[20/04/26 22:59:11][src.callback.progress][INFO] - Epoch 490 step 94250/192: loss 1.962e-01
[20/04/26 22:59:17][src.callback.progress][INFO] - Epoch 490: v_recons 3.436e-01  recons 1.706e-01  v_loss 5.538e-01  loss 1.832e-01  v_latent 1.232e+00  latent 6.545e-01  v_kl 9.147e+01  kl 3.800e+01  v_contrastive 2.093e+00  contrastive 1.218e-01  v_t2m/len 1530  v_t2m/R01 17.45%  v_t2m/R02 21.56%  v_t2m/R03 29.21%  v_t2m/R05 38.36%  v_t2m/R10 49.47%  v_t2m/MedR 11.0%  v_m2t/len 1530  v_m2t/R01 18.23%  v_m2t/R02 20.78%  v_m2t/R03 30.2%  v_m2t/R05 38.68%  v_m2t/R10 48.75%  v_m2t/MedR 11.0%
[20/04/26 22:59:28][src.callback.progress][INFO] - Epoch 491 step 94300/192: loss 1.802e-01
[20/04/26 22:59:39][src.callback.progress][INFO] - Epoch 491 step 94350/192: loss 1.939e-01
[20/04/26 22:59:49][src.callback.progress][INFO] - Epoch 491 step 94400/192: loss 1.730e-01
[20/04/26 22:59:59][src.callback.progress][INFO] - Epoch 491 step 94450/192: loss 1.677e-01
[20/04/26 23:00:04][src.callback.progress][INFO] - Epoch 491: v_recons 3.444e-01  recons 1.687e-01  v_loss 5.539e-01  loss 1.808e-01  v_latent 1.226e+00  latent 6.473e-01  v_kl 9.188e+01  kl 3.741e+01  v_contrastive 2.085e+00  contrastive 1.168e-01  v_t2m/len 1530  v_t2m/R01 18.17%  v_t2m/R02 22.29%  v_t2m/R03 30.32%  v_t2m/R05 38.04%  v_t2m/R10 49.66%  v_t2m/MedR 11.0%  v_m2t/len 1530  v_m2t/R01 19.07%  v_m2t/R02 21.11%  v_m2t/R03 29.67%  v_m2t/R05 37.38%  v_m2t/R10 49.93%  v_m2t/MedR 11.0%
[20/04/26 23:00:17][src.callback.progress][INFO] - Epoch 492 step 94500/192: loss 1.629e-01
[20/04/26 23:00:28][src.callback.progress][INFO] - Epoch 492 step 94550/192: loss 1.636e-01
[20/04/26 23:00:38][src.callback.progress][INFO] - Epoch 492 step 94600/192: loss 1.698e-01
[20/04/26 23:00:49][src.callback.progress][INFO] - Epoch 492 step 94650/192: loss 1.955e-01
[20/04/26 23:00:52][src.callback.progress][INFO] - Epoch 492: v_recons 3.445e-01  recons 1.712e-01  v_loss 5.519e-01  loss 1.839e-01  v_latent 1.225e+00  latent 6.595e-01  v_kl 9.251e+01  kl 3.853e+01  v_contrastive 2.065e+00  contrastive 1.234e-01  v_t2m/len 1530  v_t2m/R01 17.19%  v_t2m/R02 22.47%  v_t2m/R03 30.59%  v_t2m/R05 39.93%  v_t2m/R10 49.79%  v_t2m/MedR 11.0%  v_m2t/len 1530  v_m2t/R01 19.28%  v_m2t/R02 21.11%  v_m2t/R03 30.45%  v_m2t/R05 38.24%  v_m2t/R10 50.06%  v_m2t/MedR 10.0%
[20/04/26 23:01:09][src.callback.progress][INFO] - Epoch 493 step 94700/192: loss 1.961e-01
[20/04/26 23:01:20][src.callback.progress][INFO] - Epoch 493 step 94750/192: loss 1.708e-01
[20/04/26 23:01:31][src.callback.progress][INFO] - Epoch 493 step 94800/192: loss 1.887e-01
[20/04/26 23:01:43][src.callback.progress][INFO] - Epoch 493: v_recons 3.450e-01  recons 1.695e-01  v_loss 5.472e-01  loss 1.820e-01  v_latent 1.224e+00  latent 6.525e-01  v_kl 9.238e+01  kl 3.811e+01  v_contrastive 2.013e+00  contrastive 1.208e-01  v_t2m/len 1530  v_t2m/R01 17.31%  v_t2m/R02 21.89%  v_t2m/R03 29.87%  v_t2m/R05 37.9%  v_t2m/R10 50.13%  v_t2m/MedR 10.0%  v_m2t/len 1530  v_m2t/R01 19.07%  v_m2t/R02 21.3%  v_m2t/R03 30.38%  v_m2t/R05 37.65%  v_m2t/R10 48.95%  v_m2t/MedR 11.0%
[20/04/26 23:01:49][src.callback.progress][INFO] - Epoch 494 step 94850/192: loss 1.683e-01
[20/04/26 23:02:00][src.callback.progress][INFO] - Epoch 494 step 94900/192: loss 1.634e-01
[20/04/26 23:02:10][src.callback.progress][INFO] - Epoch 494 step 94950/192: loss 1.622e-01
[20/04/26 23:02:21][src.callback.progress][INFO] - Epoch 494 step 95000/192: loss 2.044e-01
[20/04/26 23:02:31][src.callback.progress][INFO] - Epoch 494: v_recons 3.459e-01  recons 1.695e-01  v_loss 5.512e-01  loss 1.816e-01  v_latent 1.231e+00  latent 6.480e-01  v_kl 9.203e+01  kl 3.770e+01  v_contrastive 2.044e+00  contrastive 1.177e-01  v_t2m/len 1530  v_t2m/R01 16.67%  v_t2m/R02 20.97%  v_t2m/R03 28.5%  v_t2m/R05 37.97%  v_t2m/R10 49.61%  v_t2m/MedR 11.0%  v_m2t/len 1530  v_m2t/R01 18.43%  v_m2t/R02 21.3%  v_m2t/R03 30.12%  v_m2t/R05 37.25%  v_m2t/R10 48.68%  v_m2t/MedR 11.0%
[20/04/26 23:02:39][src.callback.progress][INFO] - Epoch 495 step 95050/192: loss 1.934e-01
[20/04/26 23:02:50][src.callback.progress][INFO] - Epoch 495 step 95100/192: loss 1.694e-01
[20/04/26 23:03:00][src.callback.progress][INFO] - Epoch 495 step 95150/192: loss 1.751e-01
[20/04/26 23:03:10][src.callback.progress][INFO] - Epoch 495 step 95200/192: loss 1.990e-01
[20/04/26 23:03:19][src.callback.progress][INFO] - Epoch 495: v_recons 3.421e-01  recons 1.707e-01  v_loss 5.463e-01  loss 1.831e-01  v_latent 1.224e+00  latent 6.570e-01  v_kl 9.235e+01  kl 3.827e+01  v_contrastive 2.032e+00  contrastive 1.200e-01  v_t2m/len 1530  v_t2m/R01 16.79%  v_t2m/R02 20.64%  v_t2m/R03 29.28%  v_t2m/R05 36.93%  v_t2m/R10 50.77%  v_t2m/MedR 10.0%  v_m2t/len 1530  v_m2t/R01 19.47%  v_m2t/R02 21.89%  v_m2t/R03 30.45%  v_m2t/R05 37.45%  v_m2t/R10 49.66%  v_m2t/MedR 11.0%
[20/04/26 23:03:28][src.callback.progress][INFO] - Epoch 496 step 95250/192: loss 1.840e-01
[20/04/26 23:03:39][src.callback.progress][INFO] - Epoch 496 step 95300/192: loss 1.798e-01
[20/04/26 23:03:49][src.callback.progress][INFO] - Epoch 496 step 95350/192: loss 2.054e-01
[20/04/26 23:04:00][src.callback.progress][INFO] - Epoch 496 step 95400/192: loss 1.825e-01
[20/04/26 23:04:06][src.callback.progress][INFO] - Epoch 496: v_recons 3.428e-01  recons 1.694e-01  v_loss 5.478e-01  loss 1.817e-01  v_latent 1.227e+00  latent 6.547e-01  v_kl 9.215e+01  kl 3.835e+01  v_contrastive 2.041e+00  contrastive 1.197e-01  v_t2m/len 1530  v_t2m/R01 15.02%  v_t2m/R02 19.35%  v_t2m/R03 28.55%  v_t2m/R05 37.31%  v_t2m/R10 49.4%  v_t2m/MedR 11.0%  v_m2t/len 1530  v_m2t/R01 19.28%  v_m2t/R02 21.62%  v_m2t/R03 31.18%  v_m2t/R05 37.11%  v_m2t/R10 47.52%  v_m2t/MedR 12.0%
[20/04/26 23:04:17][src.callback.progress][INFO] - Epoch 497 step 95450/192: loss 1.800e-01
[20/04/26 23:04:28][src.callback.progress][INFO] - Epoch 497 step 95500/192: loss 1.847e-01
[20/04/26 23:04:38][src.callback.progress][INFO] - Epoch 497 step 95550/192: loss 1.933e-01
[20/04/26 23:04:48][src.callback.progress][INFO] - Epoch 497 step 95600/192: loss 1.876e-01
[20/04/26 23:04:53][src.callback.progress][INFO] - Epoch 497: v_recons 3.443e-01  recons 1.694e-01  v_loss 5.498e-01  loss 1.820e-01  v_latent 1.225e+00  latent 6.570e-01  v_kl 9.301e+01  kl 3.844e+01  v_contrastive 2.046e+00  contrastive 1.221e-01  v_t2m/len 1530  v_t2m/R01 18.5%  v_t2m/R02 23.27%  v_t2m/R03 30.45%  v_t2m/R05 39.54%  v_t2m/R10 49.47%  v_t2m/MedR 11.0%  v_m2t/len 1530  v_m2t/R01 19.02%  v_m2t/R02 21.89%  v_m2t/R03 30.32%  v_m2t/R05 38.09%  v_m2t/R10 49.4%  v_m2t/MedR 11.0%
[20/04/26 23:05:06][src.callback.progress][INFO] - Epoch 498 step 95650/192: loss 1.890e-01
[20/04/26 23:05:16][src.callback.progress][INFO] - Epoch 498 step 95700/192: loss 1.629e-01
[20/04/26 23:05:27][src.callback.progress][INFO] - Epoch 498 step 95750/192: loss 1.883e-01
[20/04/26 23:05:37][src.callback.progress][INFO] - Epoch 498 step 95800/192: loss 1.689e-01
[20/04/26 23:05:41][src.callback.progress][INFO] - Epoch 498: v_recons 3.430e-01  recons 1.689e-01  v_loss 5.468e-01  loss 1.810e-01  v_latent 1.226e+00  latent 6.490e-01  v_kl 9.109e+01  kl 3.754e+01  v_contrastive 2.029e+00  contrastive 1.176e-01  v_t2m/len 1530  v_t2m/R01 17.64%  v_t2m/R02 21.3%  v_t2m/R03 29.67%  v_t2m/R05 38.16%  v_t2m/R10 49.27%  v_t2m/MedR 11.0%  v_m2t/len 1530  v_m2t/R01 18.04%  v_m2t/R02 20.71%  v_m2t/R03 29.93%  v_m2t/R05 37.84%  v_m2t/R10 48.88%  v_m2t/MedR 11.0%
[20/04/26 23:05:54][src.callback.progress][INFO] - Epoch 499 step 95850/192: loss 1.852e-01
[20/04/26 23:06:05][src.callback.progress][INFO] - Epoch 499 step 95900/192: loss 1.691e-01
[20/04/26 23:06:15][src.callback.progress][INFO] - Epoch 499 step 95950/192: loss 1.726e-01
[20/04/26 23:06:26][src.callback.progress][INFO] - Epoch 499 step 96000/192: loss 1.706e-01
[20/04/26 23:06:28][src.callback.progress][INFO] - Epoch 499: v_recons 3.450e-01  recons 1.684e-01  v_loss 5.517e-01  loss 1.804e-01  v_latent 1.231e+00  latent 6.453e-01  v_kl 9.378e+01  kl 3.742e+01  v_contrastive 2.057e+00  contrastive 1.162e-01  v_t2m/len 1530  v_t2m/R01 17.64%  v_t2m/R02 21.7%  v_t2m/R03 29.47%  v_t2m/R05 36.66%  v_t2m/R10 47.65%  v_t2m/MedR 11.0%  v_m2t/len 1530  v_m2t/R01 18.5%  v_m2t/R02 21.23%  v_m2t/R03 29.73%  v_m2t/R05 37.45%  v_m2t/R10 48.63%  v_m2t/MedR 11.0%
[20/04/26 23:06:33][pytorch_lightning.utilities.rank_zero][INFO] - `Trainer.fit` stopped: `max_epochs=500` reached.
[20/04/26 23:06:33][src.callback.progress][INFO] - Training done
