[20/04/26 16:53:54][__main__][INFO] - Training script
[20/04/26 16:53:54][__main__][INFO] - The config can be found here: 
outputs/humanml3d_e_mp_motion_repr_server/tmr/smpl135/config.json
[20/04/26 16:53:56][lightning_fabric.utilities.seed][INFO] - Seed set to 1234
[20/04/26 16:53:56][__main__][INFO] - Loading the dataloaders
[20/04/26 16:54:07][__main__][INFO] - Loading the model
[20/04/26 16:54:07][__main__][INFO] - Training
[20/04/26 16:54:07][pytorch_lightning.utilities.rank_zero][INFO] - GPU available: True (cuda), used: True
[20/04/26 16:54:07][pytorch_lightning.utilities.rank_zero][INFO] - TPU available: False, using: 0 TPU cores
[20/04/26 16:54:07][pytorch_lightning.utilities.rank_zero][INFO] - HPU available: False, using: 0 HPUs
[20/04/26 16:54:07][pytorch_lightning.accelerators.cuda][INFO] - LOCAL_RANK: 0 - CUDA_VISIBLE_DEVICES: [1]
[20/04/26 16:54:07][pytorch_lightning.callbacks.model_summary][INFO] - 
  | Name                   | Type              | Params | Mode 
---------------------------------------------------------------------
0 | motion_encoder         | ACTORStyleEncoder | 4.8 M  | train
1 | text_encoder           | ACTORStyleEncoder | 4.9 M  | train
2 | motion_decoder         | ACTORStyleDecoder | 6.4 M  | train
3 | reconstruction_loss_fn | SmoothL1Loss      | 0      | train
4 | latent_loss_fn         | SmoothL1Loss      | 0      | train
---------------------------------------------------------------------
16.1 M    Trainable params
0         Non-trainable params
16.1 M    Total params
64.261    Total estimated model params size (MB)
224       Modules in train mode
0         Modules in eval mode
[20/04/26 16:54:08][src.callback.progress][INFO] - Training started
[20/04/26 16:54:19][src.callback.progress][INFO] - Epoch 0 step 50/192: loss 8.173e-01
[20/04/26 16:54:29][src.callback.progress][INFO] - Epoch 0 step 100/192: loss 7.788e-01
[20/04/26 16:54:39][src.callback.progress][INFO] - Epoch 0 step 150/192: loss 6.923e-01
[20/04/26 16:54:50][src.callback.progress][INFO] - Epoch 0: v_recons 2.913e-01  recons 3.276e-01  v_loss 7.055e-01  loss 7.907e-01  v_latent 1.087e+00  latent 1.104e+00  v_kl 4.815e+00  kl 4.851e+00  v_contrastive 4.142e+00  contrastive 4.631e+00  v_t2m/len 1530  v_t2m/R01 0.38%  v_t2m/R02 1.3%  v_t2m/R03 1.7%  v_t2m/R05 3.32%  v_t2m/R10 6.59%  v_t2m/MedR 160.5%  v_m2t/len 1530  v_m2t/R01 1.11%  v_m2t/R02 2.16%  v_m2t/R03 3.14%  v_m2t/R05 4.71%  v_m2t/R10 7.65%  v_m2t/MedR 158.0%
[20/04/26 16:54:56][src.callback.progress][INFO] - Epoch 1 step 200/192: loss 6.591e-01
[20/04/26 16:55:06][src.callback.progress][INFO] - Epoch 1 step 250/192: loss 7.165e-01
[20/04/26 16:55:16][src.callback.progress][INFO] - Epoch 1 step 300/192: loss 6.752e-01
[20/04/26 16:55:26][src.callback.progress][INFO] - Epoch 1 step 350/192: loss 6.245e-01
[20/04/26 16:55:35][src.callback.progress][INFO] - Epoch 1: v_recons 2.649e-01  recons 2.776e-01  v_loss 6.373e-01  loss 6.743e-01  v_latent 1.098e+00  latent 1.116e+00  v_kl 6.217e+00  kl 5.863e+00  v_contrastive 3.723e+00  contrastive 3.966e+00  v_t2m/len 1530  v_t2m/R01 1.7%  v_t2m/R02 3.2%  v_t2m/R03 4.9%  v_t2m/R05 7.32%  v_t2m/R10 12.68%  v_t2m/MedR 99.0%  v_m2t/len 1530  v_m2t/R01 2.08%  v_m2t/R02 2.94%  v_m2t/R03 4.71%  v_m2t/R05 6.67%  v_m2t/R10 12.55%  v_m2t/MedR 97.5%
[20/04/26 16:55:44][src.callback.progress][INFO] - Epoch 2 step 400/192: loss 6.646e-01
[20/04/26 16:55:54][src.callback.progress][INFO] - Epoch 2 step 450/192: loss 6.174e-01
[20/04/26 16:56:05][src.callback.progress][INFO] - Epoch 2 step 500/192: loss 6.482e-01
[20/04/26 16:56:15][src.callback.progress][INFO] - Epoch 2 step 550/192: loss 6.078e-01
[20/04/26 16:56:22][src.callback.progress][INFO] - Epoch 2: v_recons 2.538e-01  recons 2.589e-01  v_loss 6.008e-01  loss 6.197e-01  v_latent 1.051e+00  latent 1.094e+00  v_kl 1.034e+01  kl 7.863e+00  v_contrastive 3.468e+00  contrastive 3.607e+00  v_t2m/len 1530  v_t2m/R01 3.58%  v_t2m/R02 5.03%  v_t2m/R03 6.67%  v_t2m/R05 10.19%  v_t2m/R10 16.4%  v_t2m/MedR 66.0%  v_m2t/len 1530  v_m2t/R01 2.54%  v_m2t/R02 4.44%  v_m2t/R03 6.26%  v_m2t/R05 9.67%  v_m2t/R10 17.12%  v_m2t/MedR 71.0%
[20/04/26 16:56:33][src.callback.progress][INFO] - Epoch 3 step 600/192: loss 5.714e-01
[20/04/26 16:56:43][src.callback.progress][INFO] - Epoch 3 step 650/192: loss 5.434e-01
[20/04/26 16:56:53][src.callback.progress][INFO] - Epoch 3 step 700/192: loss 6.092e-01
[20/04/26 16:57:03][src.callback.progress][INFO] - Epoch 3 step 750/192: loss 5.679e-01
[20/04/26 16:57:09][src.callback.progress][INFO] - Epoch 3: v_recons 2.454e-01  recons 2.487e-01  v_loss 5.685e-01  loss 5.845e-01  v_latent 1.006e+00  latent 1.044e+00  v_kl 2.270e+01  kl 1.791e+01  v_contrastive 3.229e+00  contrastive 3.356e+00  v_t2m/len 1530  v_t2m/R01 3.2%  v_t2m/R02 6.07%  v_t2m/R03 8.5%  v_t2m/R05 12.35%  v_t2m/R10 20.59%  v_t2m/MedR 48.0%  v_m2t/len 1530  v_m2t/R01 4.44%  v_m2t/R02 6.73%  v_m2t/R03 9.02%  v_m2t/R05 12.42%  v_m2t/R10 21.7%  v_m2t/MedR 48.0%
[20/04/26 16:57:23][src.callback.progress][INFO] - Epoch 4 step 800/192: loss 5.983e-01
[20/04/26 16:57:33][src.callback.progress][INFO] - Epoch 4 step 850/192: loss 5.468e-01
[20/04/26 16:57:43][src.callback.progress][INFO] - Epoch 4 step 900/192: loss 5.382e-01
[20/04/26 16:57:53][src.callback.progress][INFO] - Epoch 4 step 950/192: loss 5.865e-01
[20/04/26 16:57:57][src.callback.progress][INFO] - Epoch 4: v_recons 2.365e-01  recons 2.413e-01  v_loss 5.453e-01  loss 5.570e-01  v_latent 9.712e-01  latent 1.002e+00  v_kl 3.360e+01  kl 3.533e+01  v_contrastive 3.085e+00  contrastive 3.153e+00  v_t2m/len 1530  v_t2m/R01 2.94%  v_t2m/R02 6.67%  v_t2m/R03 10.19%  v_t2m/R05 15.35%  v_t2m/R10 24.7%  v_t2m/MedR 39.0%  v_m2t/len 1530  v_m2t/R01 3.73%  v_m2t/R02 6.53%  v_m2t/R03 9.73%  v_m2t/R05 13.72%  v_m2t/R10 23.27%  v_m2t/MedR 42.5%
[20/04/26 16:58:11][src.callback.progress][INFO] - Epoch 5 step 1000/192: loss 5.466e-01
[20/04/26 16:58:21][src.callback.progress][INFO] - Epoch 5 step 1050/192: loss 5.324e-01
[20/04/26 16:58:31][src.callback.progress][INFO] - Epoch 5 step 1100/192: loss 5.236e-01
[20/04/26 16:58:41][src.callback.progress][INFO] - Epoch 5 step 1150/192: loss 5.679e-01
[20/04/26 16:58:44][src.callback.progress][INFO] - Epoch 5: v_recons 2.305e-01  recons 2.346e-01  v_loss 5.246e-01  loss 5.368e-01  v_latent 9.562e-01  latent 9.801e-01  v_kl 3.671e+01  kl 4.601e+01  v_contrastive 2.937e+00  contrastive 3.018e+00  v_t2m/len 1530  v_t2m/R01 5.15%  v_t2m/R02 9.22%  v_t2m/R03 12.22%  v_t2m/R05 16.86%  v_t2m/R10 27.31%  v_t2m/MedR 32.0%  v_m2t/len 1530  v_m2t/R01 5.61%  v_m2t/R02 9.35%  v_m2t/R03 12.28%  v_m2t/R05 17.05%  v_m2t/R10 27.64%  v_m2t/MedR 34.0%
[20/04/26 16:58:59][src.callback.progress][INFO] - Epoch 6 step 1200/192: loss 5.224e-01
[20/04/26 16:59:09][src.callback.progress][INFO] - Epoch 6 step 1250/192: loss 5.218e-01
[20/04/26 16:59:20][src.callback.progress][INFO] - Epoch 6 step 1300/192: loss 5.528e-01
[20/04/26 16:59:31][src.callback.progress][INFO] - Epoch 6: v_recons 2.294e-01  recons 2.299e-01  v_loss 5.174e-01  loss 5.207e-01  v_latent 9.526e-01  latent 9.675e-01  v_kl 3.859e+01  kl 5.179e+01  v_contrastive 2.876e+00  contrastive 2.903e+00  v_t2m/len 1530  v_t2m/R01 3.92%  v_t2m/R02 8.94%  v_t2m/R03 12.35%  v_t2m/R05 18.37%  v_t2m/R10 29.14%  v_t2m/MedR 29.0%  v_m2t/len 1530  v_m2t/R01 4.71%  v_m2t/R02 8.5%  v_m2t/R03 12.81%  v_m2t/R05 19.4%  v_m2t/R10 28.17%  v_m2t/MedR 34.0%
[20/04/26 16:59:37][src.callback.progress][INFO] - Epoch 7 step 1350/192: loss 5.245e-01
[20/04/26 16:59:48][src.callback.progress][INFO] - Epoch 7 step 1400/192: loss 5.467e-01
[20/04/26 16:59:58][src.callback.progress][INFO] - Epoch 7 step 1450/192: loss 5.158e-01
[20/04/26 17:00:08][src.callback.progress][INFO] - Epoch 7 step 1500/192: loss 5.021e-01
[20/04/26 17:00:17][src.callback.progress][INFO] - Epoch 7: v_recons 2.250e-01  recons 2.261e-01  v_loss 5.007e-01  loss 5.053e-01  v_latent 9.429e-01  latent 9.586e-01  v_kl 3.685e+01  kl 5.164e+01  v_contrastive 2.753e+00  contrastive 2.787e+00  v_t2m/len 1530  v_t2m/R01 5.61%  v_t2m/R02 10.0%  v_t2m/R03 13.32%  v_t2m/R05 19.21%  v_t2m/R10 30.85%  v_t2m/MedR 27.0%  v_m2t/len 1530  v_m2t/R01 6.34%  v_m2t/R02 11.36%  v_m2t/R03 15.15%  v_m2t/R05 21.37%  v_m2t/R10 31.23%  v_m2t/MedR 27.0%
[20/04/26 17:00:26][src.callback.progress][INFO] - Epoch 8 step 1550/192: loss 4.682e-01
[20/04/26 17:00:36][src.callback.progress][INFO] - Epoch 8 step 1600/192: loss 4.941e-01
[20/04/26 17:00:46][src.callback.progress][INFO] - Epoch 8 step 1650/192: loss 4.648e-01
[20/04/26 17:00:57][src.callback.progress][INFO] - Epoch 8 step 1700/192: loss 5.019e-01
[20/04/26 17:01:04][src.callback.progress][INFO] - Epoch 8: v_recons 2.223e-01  recons 2.226e-01  v_loss 4.909e-01  loss 4.910e-01  v_latent 9.394e-01  latent 9.521e-01  v_kl 3.438e+01  kl 4.880e+01  v_contrastive 2.682e+00  contrastive 2.679e+00  v_t2m/len 1530  v_t2m/R01 5.69%  v_t2m/R02 11.05%  v_t2m/R03 15.35%  v_t2m/R05 21.18%  v_t2m/R10 32.15%  v_t2m/MedR 25.0%  v_m2t/len 1530  v_m2t/R01 6.4%  v_m2t/R02 12.55%  v_m2t/R03 16.46%  v_m2t/R05 23.32%  v_m2t/R10 33.13%  v_m2t/MedR 25.0%
[20/04/26 17:01:14][src.callback.progress][INFO] - Epoch 9 step 1750/192: loss 5.360e-01
[20/04/26 17:01:25][src.callback.progress][INFO] - Epoch 9 step 1800/192: loss 5.013e-01
[20/04/26 17:01:35][src.callback.progress][INFO] - Epoch 9 step 1850/192: loss 4.691e-01
[20/04/26 17:01:45][src.callback.progress][INFO] - Epoch 9 step 1900/192: loss 4.605e-01
[20/04/26 17:01:51][src.callback.progress][INFO] - Epoch 9: v_recons 2.192e-01  recons 2.198e-01  v_loss 4.820e-01  loss 4.788e-01  v_latent 9.347e-01  latent 9.451e-01  v_kl 3.135e+01  kl 4.658e+01  v_contrastive 2.625e+00  contrastive 2.585e+00  v_t2m/len 1530  v_t2m/R01 7.32%  v_t2m/R02 12.55%  v_t2m/R03 17.52%  v_t2m/R05 23.79%  v_t2m/R10 35.41%  v_t2m/MedR 23.0%  v_m2t/len 1530  v_m2t/R01 7.78%  v_m2t/R02 13.27%  v_m2t/R03 17.7%  v_m2t/R05 24.18%  v_m2t/R10 35.15%  v_m2t/MedR 23.0%
[20/04/26 17:02:03][src.callback.progress][INFO] - Epoch 10 step 1950/192: loss 4.779e-01
[20/04/26 17:02:13][src.callback.progress][INFO] - Epoch 10 step 2000/192: loss 4.397e-01
[20/04/26 17:02:24][src.callback.progress][INFO] - Epoch 10 step 2050/192: loss 4.804e-01
[20/04/26 17:02:34][src.callback.progress][INFO] - Epoch 10 step 2100/192: loss 4.534e-01
[20/04/26 17:02:38][src.callback.progress][INFO] - Epoch 10: v_recons 2.164e-01  recons 2.163e-01  v_loss 4.703e-01  loss 4.678e-01  v_latent 9.310e-01  latent 9.407e-01  v_kl 2.880e+01  kl 4.381e+01  v_contrastive 2.536e+00  contrastive 2.510e+00  v_t2m/len 1530  v_t2m/R01 7.11%  v_t2m/R02 12.75%  v_t2m/R03 17.45%  v_t2m/R05 24.51%  v_t2m/R10 37.06%  v_t2m/MedR 20.5%  v_m2t/len 1530  v_m2t/R01 7.9%  v_m2t/R02 13.01%  v_m2t/R03 17.57%  v_m2t/R05 25.42%  v_m2t/R10 35.61%  v_m2t/MedR 23.0%
[20/04/26 17:02:52][src.callback.progress][INFO] - Epoch 11 step 2150/192: loss 4.475e-01
[20/04/26 17:03:02][src.callback.progress][INFO] - Epoch 11 step 2200/192: loss 4.370e-01
[20/04/26 17:03:12][src.callback.progress][INFO] - Epoch 11 step 2250/192: loss 4.146e-01
[20/04/26 17:03:22][src.callback.progress][INFO] - Epoch 11 step 2300/192: loss 4.875e-01
[20/04/26 17:03:25][src.callback.progress][INFO] - Epoch 11: v_recons 2.126e-01  recons 2.130e-01  v_loss 4.598e-01  loss 4.557e-01  v_latent 9.240e-01  latent 9.331e-01  v_kl 2.850e+01  kl 4.139e+01  v_contrastive 2.470e+00  contrastive 2.422e+00  v_t2m/len 1530  v_t2m/R01 6.67%  v_t2m/R02 12.28%  v_t2m/R03 16.93%  v_t2m/R05 24.7%  v_t2m/R10 36.13%  v_t2m/MedR 20.0%  v_m2t/len 1530  v_m2t/R01 8.03%  v_m2t/R02 13.72%  v_m2t/R03 17.52%  v_m2t/R05 24.25%  v_m2t/R10 36.72%  v_m2t/MedR 20.0%
[20/04/26 17:03:41][src.callback.progress][INFO] - Epoch 12 step 2350/192: loss 4.538e-01
[20/04/26 17:03:51][src.callback.progress][INFO] - Epoch 12 step 2400/192: loss 4.738e-01
[20/04/26 17:04:02][src.callback.progress][INFO] - Epoch 12 step 2450/192: loss 4.462e-01
[20/04/26 17:04:13][src.callback.progress][INFO] - Epoch 12: v_recons 2.112e-01  recons 2.107e-01  v_loss 4.527e-01  loss 4.455e-01  v_latent 9.179e-01  latent 9.273e-01  v_kl 2.443e+01  kl 3.966e+01  v_contrastive 2.413e+00  contrastive 2.343e+00  v_t2m/len 1530  v_t2m/R01 8.17%  v_t2m/R02 13.27%  v_t2m/R03 18.5%  v_t2m/R05 26.4%  v_t2m/R10 39.79%  v_t2m/MedR 16.0%  v_m2t/len 1530  v_m2t/R01 9.02%  v_m2t/R02 15.22%  v_m2t/R03 19.79%  v_m2t/R05 27.7%  v_m2t/R10 39.22%  v_m2t/MedR 17.0%
[20/04/26 17:04:19][src.callback.progress][INFO] - Epoch 13 step 2500/192: loss 4.664e-01
[20/04/26 17:04:30][src.callback.progress][INFO] - Epoch 13 step 2550/192: loss 4.049e-01
[20/04/26 17:04:40][src.callback.progress][INFO] - Epoch 13 step 2600/192: loss 4.142e-01
[20/04/26 17:04:50][src.callback.progress][INFO] - Epoch 13 step 2650/192: loss 3.973e-01
[20/04/26 17:05:00][src.callback.progress][INFO] - Epoch 13: v_recons 2.090e-01  recons 2.082e-01  v_loss 4.423e-01  loss 4.353e-01  v_latent 9.129e-01  latent 9.219e-01  v_kl 2.169e+01  kl 3.550e+01  v_contrastive 2.331e+00  contrastive 2.268e+00  v_t2m/len 1530  v_t2m/R01 8.63%  v_t2m/R02 14.51%  v_t2m/R03 20.52%  v_t2m/R05 28.76%  v_t2m/R10 39.15%  v_t2m/MedR 17.0%  v_m2t/len 1530  v_m2t/R01 10.52%  v_m2t/R02 16.34%  v_m2t/R03 20.92%  v_m2t/R05 27.78%  v_m2t/R10 40.77%  v_m2t/MedR 16.0%
[20/04/26 17:05:08][src.callback.progress][INFO] - Epoch 14 step 2700/192: loss 4.420e-01
[20/04/26 17:05:18][src.callback.progress][INFO] - Epoch 14 step 2750/192: loss 4.507e-01
[20/04/26 17:05:28][src.callback.progress][INFO] - Epoch 14 step 2800/192: loss 3.820e-01
[20/04/26 17:05:38][src.callback.progress][INFO] - Epoch 14 step 2850/192: loss 4.225e-01
[20/04/26 17:05:46][src.callback.progress][INFO] - Epoch 14: v_recons 2.075e-01  recons 2.062e-01  v_loss 4.378e-01  loss 4.273e-01  v_latent 9.115e-01  latent 9.174e-01  v_kl 2.006e+01  kl 3.304e+01  v_contrastive 2.301e+00  contrastive 2.207e+00  v_t2m/len 1530  v_t2m/R01 10.0%  v_t2m/R02 16.86%  v_t2m/R03 20.97%  v_t2m/R05 28.29%  v_t2m/R10 41.43%  v_t2m/MedR 15.0%  v_m2t/len 1530  v_m2t/R01 10.97%  v_m2t/R02 17.38%  v_m2t/R03 22.21%  v_m2t/R05 30.32%  v_m2t/R10 41.9%  v_m2t/MedR 16.0%
[20/04/26 17:05:56][src.callback.progress][INFO] - Epoch 15 step 2900/192: loss 4.241e-01
[20/04/26 17:06:06][src.callback.progress][INFO] - Epoch 15 step 2950/192: loss 4.397e-01
[20/04/26 17:06:16][src.callback.progress][INFO] - Epoch 15 step 3000/192: loss 4.149e-01
[20/04/26 17:06:26][src.callback.progress][INFO] - Epoch 15 step 3050/192: loss 4.076e-01
[20/04/26 17:06:33][src.callback.progress][INFO] - Epoch 15: v_recons 2.060e-01  recons 2.038e-01  v_loss 4.305e-01  loss 4.184e-01  v_latent 9.053e-01  latent 9.125e-01  v_kl 1.832e+01  kl 2.873e+01  v_contrastive 2.243e+00  contrastive 2.143e+00  v_t2m/len 1530  v_t2m/R01 10.26%  v_t2m/R02 16.6%  v_t2m/R03 22.87%  v_t2m/R05 30.59%  v_t2m/R10 43.33%  v_t2m/MedR 15.0%  v_m2t/len 1530  v_m2t/R01 12.55%  v_m2t/R02 19.54%  v_m2t/R03 23.98%  v_m2t/R05 31.5%  v_m2t/R10 42.29%  v_m2t/MedR 17.0%
[20/04/26 17:06:45][src.callback.progress][INFO] - Epoch 16 step 3100/192: loss 3.919e-01
[20/04/26 17:06:55][src.callback.progress][INFO] - Epoch 16 step 3150/192: loss 4.003e-01
[20/04/26 17:07:05][src.callback.progress][INFO] - Epoch 16 step 3200/192: loss 4.270e-01
[20/04/26 17:07:15][src.callback.progress][INFO] - Epoch 16 step 3250/192: loss 4.263e-01
[20/04/26 17:07:20][src.callback.progress][INFO] - Epoch 16: v_recons 2.067e-01  recons 2.027e-01  v_loss 4.258e-01  loss 4.100e-01  v_latent 9.009e-01  latent 9.064e-01  v_kl 1.755e+01  kl 2.626e+01  v_contrastive 2.189e+00  contrastive 2.070e+00  v_t2m/len 1530  v_t2m/R01 11.96%  v_t2m/R02 18.81%  v_t2m/R03 24.3%  v_t2m/R05 31.76%  v_t2m/R10 45.88%  v_t2m/MedR 13.0%  v_m2t/len 1530  v_m2t/R01 12.35%  v_m2t/R02 19.67%  v_m2t/R03 25.75%  v_m2t/R05 33.27%  v_m2t/R10 45.95%  v_m2t/MedR 13.0%
[20/04/26 17:07:35][src.callback.progress][INFO] - Epoch 17 step 3300/192: loss 4.190e-01
[20/04/26 17:07:45][src.callback.progress][INFO] - Epoch 17 step 3350/192: loss 3.995e-01
[20/04/26 17:07:55][src.callback.progress][INFO] - Epoch 17 step 3400/192: loss 3.983e-01
[20/04/26 17:08:05][src.callback.progress][INFO] - Epoch 17 step 3450/192: loss 3.863e-01
[20/04/26 17:08:08][src.callback.progress][INFO] - Epoch 17: v_recons 2.026e-01  recons 2.009e-01  v_loss 4.177e-01  loss 4.035e-01  v_latent 9.004e-01  latent 9.028e-01  v_kl 1.529e+01  kl 2.323e+01  v_contrastive 2.149e+00  contrastive 2.024e+00  v_t2m/len 1530  v_t2m/R01 10.92%  v_t2m/R02 19.61%  v_t2m/R03 25.48%  v_t2m/R05 34.58%  v_t2m/R10 47.77%  v_t2m/MedR 12.0%  v_m2t/len 1530  v_m2t/R01 12.47%  v_m2t/R02 19.67%  v_m2t/R03 25.22%  v_m2t/R05 32.88%  v_m2t/R10 45.02%  v_m2t/MedR 13.0%
[20/04/26 17:08:23][src.callback.progress][INFO] - Epoch 18 step 3500/192: loss 4.633e-01
[20/04/26 17:08:33][src.callback.progress][INFO] - Epoch 18 step 3550/192: loss 4.127e-01
[20/04/26 17:08:43][src.callback.progress][INFO] - Epoch 18 step 3600/192: loss 4.120e-01
[20/04/26 17:08:55][src.callback.progress][INFO] - Epoch 18: v_recons 2.015e-01  recons 1.992e-01  v_loss 4.146e-01  loss 3.963e-01  v_latent 8.973e-01  latent 9.001e-01  v_kl 1.409e+01  kl 2.039e+01  v_contrastive 2.129e+00  contrastive 1.969e+00  v_t2m/len 1530  v_t2m/R01 9.86%  v_t2m/R02 17.25%  v_t2m/R03 22.87%  v_t2m/R05 31.62%  v_t2m/R10 46.27%  v_t2m/MedR 12.0%  v_m2t/len 1530  v_m2t/R01 13.06%  v_m2t/R02 19.93%  v_m2t/R03 24.51%  v_m2t/R05 32.54%  v_m2t/R10 45.56%  v_m2t/MedR 13.0%
[20/04/26 17:09:01][src.callback.progress][INFO] - Epoch 19 step 3650/192: loss 3.806e-01
[20/04/26 17:09:11][src.callback.progress][INFO] - Epoch 19 step 3700/192: loss 3.888e-01
[20/04/26 17:09:21][src.callback.progress][INFO] - Epoch 19 step 3750/192: loss 3.783e-01
[20/04/26 17:09:31][src.callback.progress][INFO] - Epoch 19 step 3800/192: loss 3.762e-01
[20/04/26 17:09:42][src.callback.progress][INFO] - Epoch 19: v_recons 2.019e-01  recons 1.978e-01  v_loss 4.122e-01  loss 3.893e-01  v_latent 8.980e-01  latent 8.955e-01  v_kl 1.316e+01  kl 1.828e+01  v_contrastive 2.101e+00  contrastive 1.913e+00  v_t2m/len 1530  v_t2m/R01 10.59%  v_t2m/R02 17.84%  v_t2m/R03 25.1%  v_t2m/R05 33.06%  v_t2m/R10 46.93%  v_t2m/MedR 12.0%  v_m2t/len 1530  v_m2t/R01 13.65%  v_m2t/R02 20.78%  v_m2t/R03 26.54%  v_m2t/R05 33.13%  v_m2t/R10 46.79%  v_m2t/MedR 12.0%
[20/04/26 17:09:49][src.callback.progress][INFO] - Epoch 20 step 3850/192: loss 3.466e-01
[20/04/26 17:09:59][src.callback.progress][INFO] - Epoch 20 step 3900/192: loss 3.625e-01
[20/04/26 17:10:09][src.callback.progress][INFO] - Epoch 20 step 3950/192: loss 3.854e-01
[20/04/26 17:10:20][src.callback.progress][INFO] - Epoch 20 step 4000/192: loss 4.223e-01
[20/04/26 17:10:28][src.callback.progress][INFO] - Epoch 20: v_recons 1.992e-01  recons 1.960e-01  v_loss 4.060e-01  loss 3.830e-01  v_latent 8.943e-01  latent 8.911e-01  v_kl 1.258e+01  kl 1.665e+01  v_contrastive 2.067e+00  contrastive 1.868e+00  v_t2m/len 1530  v_t2m/R01 10.72%  v_t2m/R02 17.9%  v_t2m/R03 24.37%  v_t2m/R05 33.91%  v_t2m/R10 46.86%  v_t2m/MedR 12.0%  v_m2t/len 1530  v_m2t/R01 12.42%  v_m2t/R02 19.61%  v_m2t/R03 24.77%  v_m2t/R05 32.61%  v_m2t/R10 45.22%  v_m2t/MedR 13.0%
[20/04/26 17:10:39][src.callback.progress][INFO] - Epoch 21 step 4050/192: loss 3.829e-01
[20/04/26 17:10:49][src.callback.progress][INFO] - Epoch 21 step 4100/192: loss 3.754e-01
[20/04/26 17:10:59][src.callback.progress][INFO] - Epoch 21 step 4150/192: loss 4.091e-01
[20/04/26 17:11:09][src.callback.progress][INFO] - Epoch 21 step 4200/192: loss 4.031e-01
[20/04/26 17:11:16][src.callback.progress][INFO] - Epoch 21: v_recons 1.981e-01  recons 1.946e-01  v_loss 4.025e-01  loss 3.769e-01  v_latent 8.890e-01  latent 8.879e-01  v_kl 1.237e+01  kl 1.575e+01  v_contrastive 2.043e+00  contrastive 1.822e+00  v_t2m/len 1530  v_t2m/R01 11.43%  v_t2m/R02 19.28%  v_t2m/R03 25.81%  v_t2m/R05 35.95%  v_t2m/R10 49.27%  v_t2m/MedR 11.0%  v_m2t/len 1530  v_m2t/R01 13.52%  v_m2t/R02 20.32%  v_m2t/R03 26.67%  v_m2t/R05 35.49%  v_m2t/R10 47.25%  v_m2t/MedR 12.0%
[20/04/26 17:11:27][src.callback.progress][INFO] - Epoch 22 step 4250/192: loss 3.728e-01
[20/04/26 17:11:37][src.callback.progress][INFO] - Epoch 22 step 4300/192: loss 3.898e-01
[20/04/26 17:11:47][src.callback.progress][INFO] - Epoch 22 step 4350/192: loss 4.054e-01
[20/04/26 17:11:58][src.callback.progress][INFO] - Epoch 22 step 4400/192: loss 3.750e-01
[20/04/26 17:12:03][src.callback.progress][INFO] - Epoch 22: v_recons 1.969e-01  recons 1.932e-01  v_loss 3.979e-01  loss 3.714e-01  v_latent 8.887e-01  latent 8.834e-01  v_kl 1.220e+01  kl 1.457e+01  v_contrastive 2.008e+00  contrastive 1.780e+00  v_t2m/len 1530  v_t2m/R01 11.63%  v_t2m/R02 18.62%  v_t2m/R03 24.96%  v_t2m/R05 32.29%  v_t2m/R10 48.36%  v_t2m/MedR 11.0%  v_m2t/len 1530  v_m2t/R01 13.59%  v_m2t/R02 21.44%  v_m2t/R03 26.79%  v_m2t/R05 34.84%  v_m2t/R10 46.72%  v_m2t/MedR 13.0%
[20/04/26 17:12:15][src.callback.progress][INFO] - Epoch 23 step 4450/192: loss 3.795e-01
[20/04/26 17:12:26][src.callback.progress][INFO] - Epoch 23 step 4500/192: loss 4.195e-01
[20/04/26 17:12:36][src.callback.progress][INFO] - Epoch 23 step 4550/192: loss 3.671e-01
[20/04/26 17:12:46][src.callback.progress][INFO] - Epoch 23 step 4600/192: loss 3.342e-01
[20/04/26 17:12:50][src.callback.progress][INFO] - Epoch 23: v_recons 1.960e-01  recons 1.917e-01  v_loss 3.950e-01  loss 3.640e-01  v_latent 8.813e-01  latent 8.783e-01  v_kl 1.132e+01  kl 1.362e+01  v_contrastive 1.989e+00  contrastive 1.722e+00  v_t2m/len 1530  v_t2m/R01 12.81%  v_t2m/R02 20.26%  v_t2m/R03 25.69%  v_t2m/R05 34.31%  v_t2m/R10 48.29%  v_t2m/MedR 11.0%  v_m2t/len 1530  v_m2t/R01 15.42%  v_m2t/R02 22.61%  v_m2t/R03 28.1%  v_m2t/R05 36.2%  v_m2t/R10 49.4%  v_m2t/MedR 11.0%
[20/04/26 17:13:04][src.callback.progress][INFO] - Epoch 24 step 4650/192: loss 3.669e-01
[20/04/26 17:13:14][src.callback.progress][INFO] - Epoch 24 step 4700/192: loss 3.241e-01
[20/04/26 17:13:24][src.callback.progress][INFO] - Epoch 24 step 4750/192: loss 3.717e-01
[20/04/26 17:13:34][src.callback.progress][INFO] - Epoch 24 step 4800/192: loss 3.843e-01
[20/04/26 17:13:36][src.callback.progress][INFO] - Epoch 24: v_recons 1.989e-01  recons 1.902e-01  v_loss 3.985e-01  loss 3.600e-01  v_latent 8.858e-01  latent 8.753e-01  v_kl 1.180e+01  kl 1.282e+01  v_contrastive 1.994e+00  contrastive 1.696e+00  v_t2m/len 1530  v_t2m/R01 11.5%  v_t2m/R02 19.93%  v_t2m/R03 25.62%  v_t2m/R05 34.77%  v_t2m/R10 48.5%  v_t2m/MedR 11.0%  v_m2t/len 1530  v_m2t/R01 13.19%  v_m2t/R02 20.38%  v_m2t/R03 26.86%  v_m2t/R05 35.49%  v_m2t/R10 48.09%  v_m2t/MedR 12.0%
[20/04/26 17:13:51][src.callback.progress][INFO] - Epoch 25 step 4850/192: loss 3.804e-01
[20/04/26 17:14:01][src.callback.progress][INFO] - Epoch 25 step 4900/192: loss 3.926e-01
[20/04/26 17:14:11][src.callback.progress][INFO] - Epoch 25 step 4950/192: loss 3.207e-01
[20/04/26 17:14:21][src.callback.progress][INFO] - Epoch 25: v_recons 1.963e-01  recons 1.894e-01  v_loss 3.925e-01  loss 3.538e-01  v_latent 8.830e-01  latent 8.709e-01  v_kl 1.157e+01  kl 1.240e+01  v_contrastive 1.960e+00  contrastive 1.643e+00  v_t2m/len 1530  v_t2m/R01 12.35%  v_t2m/R02 19.54%  v_t2m/R03 25.29%  v_t2m/R05 33.72%  v_t2m/R10 49.27%  v_t2m/MedR 11.0%  v_m2t/len 1530  v_m2t/R01 13.65%  v_m2t/R02 22.09%  v_m2t/R03 26.86%  v_m2t/R05 34.97%  v_m2t/R10 48.5%  v_m2t/MedR 11.0%
[20/04/26 17:14:28][src.callback.progress][INFO] - Epoch 26 step 5000/192: loss 3.711e-01
[20/04/26 17:14:38][src.callback.progress][INFO] - Epoch 26 step 5050/192: loss 3.235e-01
[20/04/26 17:14:48][src.callback.progress][INFO] - Epoch 26 step 5100/192: loss 3.379e-01
[20/04/26 17:14:58][src.callback.progress][INFO] - Epoch 26 step 5150/192: loss 3.699e-01
[20/04/26 17:15:07][src.callback.progress][INFO] - Epoch 26: v_recons 1.938e-01  recons 1.880e-01  v_loss 3.875e-01  loss 3.494e-01  v_latent 8.785e-01  latent 8.667e-01  v_kl 1.121e+01  kl 1.199e+01  v_contrastive 1.936e+00  contrastive 1.612e+00  v_t2m/len 1530  v_t2m/R01 13.19%  v_t2m/R02 21.7%  v_t2m/R03 27.25%  v_t2m/R05 35.88%  v_t2m/R10 49.27%  v_t2m/MedR 11.0%  v_m2t/len 1530  v_m2t/R01 14.97%  v_m2t/R02 21.76%  v_m2t/R03 27.64%  v_m2t/R05 36.72%  v_m2t/R10 49.66%  v_m2t/MedR 11.0%
[20/04/26 17:15:16][src.callback.progress][INFO] - Epoch 27 step 5200/192: loss 3.487e-01
[20/04/26 17:15:26][src.callback.progress][INFO] - Epoch 27 step 5250/192: loss 3.522e-01
[20/04/26 17:15:36][src.callback.progress][INFO] - Epoch 27 step 5300/192: loss 3.315e-01
[20/04/26 17:15:46][src.callback.progress][INFO] - Epoch 27 step 5350/192: loss 3.276e-01
[20/04/26 17:15:53][src.callback.progress][INFO] - Epoch 27: v_recons 1.933e-01  recons 1.866e-01  v_loss 3.833e-01  loss 3.445e-01  v_latent 8.763e-01  latent 8.636e-01  v_kl 1.142e+01  kl 1.159e+01  v_contrastive 1.899e+00  contrastive 1.577e+00  v_t2m/len 1530  v_t2m/R01 13.27%  v_t2m/R02 20.06%  v_t2m/R03 26.27%  v_t2m/R05 35.75%  v_t2m/R10 51.11%  v_t2m/MedR 10.0%  v_m2t/len 1530  v_m2t/R01 14.89%  v_m2t/R02 21.5%  v_m2t/R03 27.64%  v_m2t/R05 36.79%  v_m2t/R10 50.38%  v_m2t/MedR 10.0%
[20/04/26 17:16:03][src.callback.progress][INFO] - Epoch 28 step 5400/192: loss 3.544e-01
[20/04/26 17:16:14][src.callback.progress][INFO] - Epoch 28 step 5450/192: loss 3.482e-01
[20/04/26 17:16:24][src.callback.progress][INFO] - Epoch 28 step 5500/192: loss 3.467e-01
[20/04/26 17:16:34][src.callback.progress][INFO] - Epoch 28 step 5550/192: loss 3.454e-01
[20/04/26 17:16:39][src.callback.progress][INFO] - Epoch 28: v_recons 1.914e-01  recons 1.859e-01  v_loss 3.811e-01  loss 3.398e-01  v_latent 8.747e-01  latent 8.591e-01  v_kl 1.124e+01  kl 1.125e+01  v_contrastive 1.896e+00  contrastive 1.538e+00  v_t2m/len 1530  v_t2m/R01 14.31%  v_t2m/R02 21.95%  v_t2m/R03 28.17%  v_t2m/R05 37.11%  v_t2m/R10 51.11%  v_t2m/MedR 10.0%  v_m2t/len 1530  v_m2t/R01 15.81%  v_m2t/R02 23.53%  v_m2t/R03 29.54%  v_m2t/R05 37.11%  v_m2t/R10 49.61%  v_m2t/MedR 11.0%
[20/04/26 17:16:53][src.callback.progress][INFO] - Epoch 29 step 5600/192: loss 3.061e-01
[20/04/26 17:17:03][src.callback.progress][INFO] - Epoch 29 step 5650/192: loss 3.272e-01
[20/04/26 17:17:13][src.callback.progress][INFO] - Epoch 29 step 5700/192: loss 3.312e-01
[20/04/26 17:17:24][src.callback.progress][INFO] - Epoch 29 step 5750/192: loss 3.365e-01
[20/04/26 17:17:27][src.callback.progress][INFO] - Epoch 29: v_recons 1.925e-01  recons 1.842e-01  v_loss 3.826e-01  loss 3.353e-01  v_latent 8.722e-01  latent 8.556e-01  v_kl 1.130e+01  kl 1.104e+01  v_contrastive 1.900e+00  contrastive 1.510e+00  v_t2m/len 1530  v_t2m/R01 15.1%  v_t2m/R02 22.8%  v_t2m/R03 28.88%  v_t2m/R05 37.45%  v_t2m/R10 51.24%  v_t2m/MedR 10.0%  v_m2t/len 1530  v_m2t/R01 15.68%  v_m2t/R02 22.61%  v_m2t/R03 28.81%  v_m2t/R05 35.56%  v_m2t/R10 48.24%  v_m2t/MedR 11.5%
[20/04/26 17:17:41][src.callback.progress][INFO] - Epoch 30 step 5800/192: loss 3.462e-01
[20/04/26 17:17:51][src.callback.progress][INFO] - Epoch 30 step 5850/192: loss 3.112e-01
[20/04/26 17:18:01][src.callback.progress][INFO] - Epoch 30 step 5900/192: loss 3.121e-01
[20/04/26 17:18:11][src.callback.progress][INFO] - Epoch 30 step 5950/192: loss 3.004e-01
[20/04/26 17:18:13][src.callback.progress][INFO] - Epoch 30: v_recons 1.911e-01  recons 1.831e-01  v_loss 3.784e-01  loss 3.305e-01  v_latent 8.691e-01  latent 8.511e-01  v_kl 1.136e+01  kl 1.095e+01  v_contrastive 1.872e+00  contrastive 1.472e+00  v_t2m/len 1530  v_t2m/R01 14.11%  v_t2m/R02 22.8%  v_t2m/R03 29.21%  v_t2m/R05 37.11%  v_t2m/R10 52.47%  v_t2m/MedR 9.0%  v_m2t/len 1530  v_m2t/R01 15.81%  v_m2t/R02 22.15%  v_m2t/R03 28.29%  v_m2t/R05 36.99%  v_m2t/R10 50.84%  v_m2t/MedR 10.0%
[20/04/26 17:18:28][src.callback.progress][INFO] - Epoch 31 step 6000/192: loss 3.723e-01
[20/04/26 17:18:38][src.callback.progress][INFO] - Epoch 31 step 6050/192: loss 3.553e-01
[20/04/26 17:18:49][src.callback.progress][INFO] - Epoch 31 step 6100/192: loss 3.317e-01
[20/04/26 17:18:59][src.callback.progress][INFO] - Epoch 31: v_recons 1.903e-01  recons 1.820e-01  v_loss 3.777e-01  loss 3.265e-01  v_latent 8.682e-01  latent 8.470e-01  v_kl 1.113e+01  kl 1.080e+01  v_contrastive 1.872e+00  contrastive 1.444e+00  v_t2m/len 1530  v_t2m/R01 14.77%  v_t2m/R02 21.56%  v_t2m/R03 29.28%  v_t2m/R05 38.29%  v_t2m/R10 52.81%  v_t2m/MedR 9.0%  v_m2t/len 1530  v_m2t/R01 15.88%  v_m2t/R02 23.53%  v_m2t/R03 29.28%  v_m2t/R05 37.7%  v_m2t/R10 50.77%  v_m2t/MedR 10.0%
[20/04/26 17:19:05][src.callback.progress][INFO] - Epoch 32 step 6150/192: loss 3.169e-01
[20/04/26 17:19:16][src.callback.progress][INFO] - Epoch 32 step 6200/192: loss 2.985e-01
[20/04/26 17:19:26][src.callback.progress][INFO] - Epoch 32 step 6250/192: loss 3.251e-01
[20/04/26 17:19:36][src.callback.progress][INFO] - Epoch 32 step 6300/192: loss 3.296e-01
[20/04/26 17:19:45][src.callback.progress][INFO] - Epoch 32: v_recons 1.901e-01  recons 1.805e-01  v_loss 3.772e-01  loss 3.195e-01  v_latent 8.667e-01  latent 8.394e-01  v_kl 1.156e+01  kl 1.056e+01  v_contrastive 1.870e+00  contrastive 1.389e+00  v_t2m/len 1530  v_t2m/R01 14.31%  v_t2m/R02 22.03%  v_t2m/R03 28.1%  v_t2m/R05 37.25%  v_t2m/R10 50.45%  v_t2m/MedR 10.0%  v_m2t/len 1530  v_m2t/R01 15.02%  v_m2t/R02 22.21%  v_m2t/R03 28.88%  v_m2t/R05 37.25%  v_m2t/R10 50.52%  v_m2t/MedR 10.0%
[20/04/26 17:19:54][src.callback.progress][INFO] - Epoch 33 step 6350/192: loss 3.171e-01
[20/04/26 17:20:04][src.callback.progress][INFO] - Epoch 33 step 6400/192: loss 2.983e-01
[20/04/26 17:20:14][src.callback.progress][INFO] - Epoch 33 step 6450/192: loss 3.012e-01
[20/04/26 17:20:24][src.callback.progress][INFO] - Epoch 33 step 6500/192: loss 3.383e-01
[20/04/26 17:20:31][src.callback.progress][INFO] - Epoch 33: v_recons 1.894e-01  recons 1.795e-01  v_loss 3.723e-01  loss 3.166e-01  v_latent 8.618e-01  latent 8.359e-01  v_kl 1.169e+01  kl 1.062e+01  v_contrastive 1.828e+00  contrastive 1.370e+00  v_t2m/len 1530  v_t2m/R01 16.13%  v_t2m/R02 24.77%  v_t2m/R03 29.61%  v_t2m/R05 38.24%  v_t2m/R10 52.47%  v_t2m/MedR 10.0%  v_m2t/len 1530  v_m2t/R01 17.05%  v_m2t/R02 23.06%  v_m2t/R03 28.23%  v_m2t/R05 36.72%  v_m2t/R10 50.77%  v_m2t/MedR 10.0%
[20/04/26 17:20:41][src.callback.progress][INFO] - Epoch 34 step 6550/192: loss 3.111e-01
[20/04/26 17:20:51][src.callback.progress][INFO] - Epoch 34 step 6600/192: loss 2.969e-01
[20/04/26 17:21:01][src.callback.progress][INFO] - Epoch 34 step 6650/192: loss 3.466e-01
[20/04/26 17:21:12][src.callback.progress][INFO] - Epoch 34 step 6700/192: loss 3.183e-01
[20/04/26 17:21:17][src.callback.progress][INFO] - Epoch 34: v_recons 1.901e-01  recons 1.785e-01  v_loss 3.737e-01  loss 3.131e-01  v_latent 8.568e-01  latent 8.312e-01  v_kl 1.213e+01  kl 1.072e+01  v_contrastive 1.834e+00  contrastive 1.345e+00  v_t2m/len 1530  v_t2m/R01 15.75%  v_t2m/R02 24.25%  v_t2m/R03 30.85%  v_t2m/R05 38.95%  v_t2m/R10 52.81%  v_t2m/MedR 9.0%  v_m2t/len 1530  v_m2t/R01 16.46%  v_m2t/R02 23.13%  v_m2t/R03 29.4%  v_m2t/R05 38.5%  v_m2t/R10 51.24%  v_m2t/MedR 10.0%
[20/04/26 17:21:29][src.callback.progress][INFO] - Epoch 35 step 6750/192: loss 3.148e-01
[20/04/26 17:21:39][src.callback.progress][INFO] - Epoch 35 step 6800/192: loss 2.945e-01
[20/04/26 17:21:49][src.callback.progress][INFO] - Epoch 35 step 6850/192: loss 2.581e-01
[20/04/26 17:21:59][src.callback.progress][INFO] - Epoch 35 step 6900/192: loss 3.090e-01
[20/04/26 17:22:04][src.callback.progress][INFO] - Epoch 35: v_recons 1.893e-01  recons 1.776e-01  v_loss 3.725e-01  loss 3.092e-01  v_latent 8.544e-01  latent 8.259e-01  v_kl 1.268e+01  kl 1.080e+01  v_contrastive 1.830e+00  contrastive 1.315e+00  v_t2m/len 1530  v_t2m/R01 14.38%  v_t2m/R02 22.35%  v_t2m/R03 28.55%  v_t2m/R05 38.04%  v_t2m/R10 52.68%  v_t2m/MedR 9.0%  v_m2t/len 1530  v_m2t/R01 16.2%  v_m2t/R02 23.13%  v_m2t/R03 29.67%  v_m2t/R05 38.16%  v_m2t/R10 49.93%  v_m2t/MedR 11.0%
[20/04/26 17:22:17][src.callback.progress][INFO] - Epoch 36 step 6950/192: loss 3.061e-01
[20/04/26 17:22:27][src.callback.progress][INFO] - Epoch 36 step 7000/192: loss 3.289e-01
[20/04/26 17:22:37][src.callback.progress][INFO] - Epoch 36 step 7050/192: loss 2.943e-01
[20/04/26 17:22:47][src.callback.progress][INFO] - Epoch 36 step 7100/192: loss 3.062e-01
[20/04/26 17:22:49][src.callback.progress][INFO] - Epoch 36: v_recons 1.903e-01  recons 1.766e-01  v_loss 3.724e-01  loss 3.056e-01  v_latent 8.490e-01  latent 8.205e-01  v_kl 1.236e+01  kl 1.095e+01  v_contrastive 1.819e+00  contrastive 1.289e+00  v_t2m/len 1530  v_t2m/R01 15.68%  v_t2m/R02 22.68%  v_t2m/R03 29.93%  v_t2m/R05 39.22%  v_t2m/R10 52.81%  v_t2m/MedR 9.0%  v_m2t/len 1530  v_m2t/R01 17.7%  v_m2t/R02 23.53%  v_m2t/R03 29.28%  v_m2t/R05 38.09%  v_m2t/R10 51.5%  v_m2t/MedR 10.0%
[20/04/26 17:23:05][src.callback.progress][INFO] - Epoch 37 step 7150/192: loss 3.018e-01
[20/04/26 17:23:16][src.callback.progress][INFO] - Epoch 37 step 7200/192: loss 2.993e-01
[20/04/26 17:23:26][src.callback.progress][INFO] - Epoch 37 step 7250/192: loss 3.188e-01
[20/04/26 17:23:37][src.callback.progress][INFO] - Epoch 37: v_recons 1.884e-01  recons 1.759e-01  v_loss 3.696e-01  loss 3.030e-01  v_latent 8.478e-01  latent 8.161e-01  v_kl 1.305e+01  kl 1.106e+01  v_contrastive 1.811e+00  contrastive 1.270e+00  v_t2m/len 1530  v_t2m/R01 14.77%  v_t2m/R02 21.82%  v_t2m/R03 28.23%  v_t2m/R05 37.9%  v_t2m/R10 52.02%  v_t2m/MedR 10.0%  v_m2t/len 1530  v_m2t/R01 17.19%  v_m2t/R02 23.13%  v_m2t/R03 29.47%  v_m2t/R05 37.45%  v_m2t/R10 49.79%  v_m2t/MedR 11.0%
[20/04/26 17:23:43][src.callback.progress][INFO] - Epoch 38 step 7300/192: loss 3.188e-01
[20/04/26 17:23:53][src.callback.progress][INFO] - Epoch 38 step 7350/192: loss 2.929e-01
[20/04/26 17:24:03][src.callback.progress][INFO] - Epoch 38 step 7400/192: loss 3.318e-01
[20/04/26 17:24:13][src.callback.progress][INFO] - Epoch 38 step 7450/192: loss 2.748e-01
[20/04/26 17:24:23][src.callback.progress][INFO] - Epoch 38: v_recons 1.861e-01  recons 1.752e-01  v_loss 3.663e-01  loss 2.983e-01  v_latent 8.411e-01  latent 8.083e-01  v_kl 1.279e+01  kl 1.103e+01  v_contrastive 1.801e+00  contrastive 1.230e+00  v_t2m/len 1530  v_t2m/R01 17.05%  v_t2m/R02 24.57%  v_t2m/R03 31.89%  v_t2m/R05 39.93%  v_t2m/R10 52.81%  v_t2m/MedR 9.0%  v_m2t/len 1530  v_m2t/R01 17.05%  v_m2t/R02 24.37%  v_m2t/R03 31.3%  v_m2t/R05 39.27%  v_m2t/R10 50.13%  v_m2t/MedR 10.0%
[20/04/26 17:24:30][src.callback.progress][INFO] - Epoch 39 step 7500/192: loss 3.173e-01
[20/04/26 17:24:40][src.callback.progress][INFO] - Epoch 39 step 7550/192: loss 2.918e-01
[20/04/26 17:24:51][src.callback.progress][INFO] - Epoch 39 step 7600/192: loss 2.822e-01
[20/04/26 17:25:01][src.callback.progress][INFO] - Epoch 39 step 7650/192: loss 2.803e-01
[20/04/26 17:25:09][src.callback.progress][INFO] - Epoch 39: v_recons 1.876e-01  recons 1.742e-01  v_loss 3.710e-01  loss 2.952e-01  v_latent 8.434e-01  latent 8.030e-01  v_kl 1.348e+01  kl 1.114e+01  v_contrastive 1.833e+00  contrastive 1.209e+00  v_t2m/len 1530  v_t2m/R01 17.38%  v_t2m/R02 24.18%  v_t2m/R03 30.0%  v_t2m/R05 38.81%  v_t2m/R10 51.31%  v_t2m/MedR 10.0%  v_m2t/len 1530  v_m2t/R01 17.25%  v_m2t/R02 23.27%  v_m2t/R03 28.81%  v_m2t/R05 37.18%  v_m2t/R10 49.15%  v_m2t/MedR 11.0%
[20/04/26 17:25:18][src.callback.progress][INFO] - Epoch 40 step 7700/192: loss 2.897e-01
[20/04/26 17:25:29][src.callback.progress][INFO] - Epoch 40 step 7750/192: loss 2.955e-01
[20/04/26 17:25:39][src.callback.progress][INFO] - Epoch 40 step 7800/192: loss 2.991e-01
[20/04/26 17:25:49][src.callback.progress][INFO] - Epoch 40 step 7850/192: loss 3.100e-01
[20/04/26 17:25:56][src.callback.progress][INFO] - Epoch 40: v_recons 1.871e-01  recons 1.736e-01  v_loss 3.673e-01  loss 2.915e-01  v_latent 8.431e-01  latent 7.967e-01  v_kl 1.350e+01  kl 1.119e+01  v_contrastive 1.800e+00  contrastive 1.178e+00  v_t2m/len 1530  v_t2m/R01 15.88%  v_t2m/R02 23.32%  v_t2m/R03 29.47%  v_t2m/R05 37.52%  v_t2m/R10 50.84%  v_t2m/MedR 10.0%  v_m2t/len 1530  v_m2t/R01 18.04%  v_m2t/R02 24.04%  v_m2t/R03 29.14%  v_m2t/R05 38.5%  v_m2t/R10 50.33%  v_m2t/MedR 10.0%
[20/04/26 17:26:06][src.callback.progress][INFO] - Epoch 41 step 7900/192: loss 2.948e-01
[20/04/26 17:26:17][src.callback.progress][INFO] - Epoch 41 step 7950/192: loss 2.764e-01
[20/04/26 17:26:27][src.callback.progress][INFO] - Epoch 41 step 8000/192: loss 3.129e-01
[20/04/26 17:26:37][src.callback.progress][INFO] - Epoch 41 step 8050/192: loss 2.835e-01
[20/04/26 17:26:42][src.callback.progress][INFO] - Epoch 41: v_recons 1.876e-01  recons 1.722e-01  v_loss 3.669e-01  loss 2.879e-01  v_latent 8.374e-01  latent 7.922e-01  v_kl 1.412e+01  kl 1.113e+01  v_contrastive 1.791e+00  contrastive 1.156e+00  v_t2m/len 1530  v_t2m/R01 15.88%  v_t2m/R02 24.57%  v_t2m/R03 31.11%  v_t2m/R05 40.06%  v_t2m/R10 53.59%  v_t2m/MedR 9.0%  v_m2t/len 1530  v_m2t/R01 18.23%  v_m2t/R02 23.98%  v_m2t/R03 29.28%  v_m2t/R05 37.45%  v_m2t/R10 49.54%  v_m2t/MedR 11.0%
[20/04/26 17:26:55][src.callback.progress][INFO] - Epoch 42 step 8100/192: loss 2.659e-01
[20/04/26 17:27:05][src.callback.progress][INFO] - Epoch 42 step 8150/192: loss 2.615e-01
[20/04/26 17:27:15][src.callback.progress][INFO] - Epoch 42 step 8200/192: loss 3.053e-01
[20/04/26 17:27:25][src.callback.progress][INFO] - Epoch 42 step 8250/192: loss 2.938e-01
[20/04/26 17:27:28][src.callback.progress][INFO] - Epoch 42: v_recons 1.873e-01  recons 1.715e-01  v_loss 3.695e-01  loss 2.841e-01  v_latent 8.418e-01  latent 7.863e-01  v_kl 1.437e+01  kl 1.123e+01  v_contrastive 1.820e+00  contrastive 1.124e+00  v_t2m/len 1530  v_t2m/R01 14.77%  v_t2m/R02 22.29%  v_t2m/R03 29.07%  v_t2m/R05 37.45%  v_t2m/R10 52.47%  v_t2m/MedR 9.0%  v_m2t/len 1530  v_m2t/R01 17.31%  v_m2t/R02 23.27%  v_m2t/R03 28.88%  v_m2t/R05 36.59%  v_m2t/R10 49.08%  v_m2t/MedR 11.0%
[20/04/26 17:27:42][src.callback.progress][INFO] - Epoch 43 step 8300/192: loss 2.646e-01
[20/04/26 17:27:52][src.callback.progress][INFO] - Epoch 43 step 8350/192: loss 2.661e-01
[20/04/26 17:28:02][src.callback.progress][INFO] - Epoch 43 step 8400/192: loss 2.852e-01
[20/04/26 17:28:14][src.callback.progress][INFO] - Epoch 43: v_recons 1.867e-01  recons 1.712e-01  v_loss 3.643e-01  loss 2.822e-01  v_latent 8.300e-01  latent 7.807e-01  v_kl 1.425e+01  kl 1.136e+01  v_contrastive 1.774e+00  contrastive 1.109e+00  v_t2m/len 1530  v_t2m/R01 15.48%  v_t2m/R02 23.53%  v_t2m/R03 29.73%  v_t2m/R05 38.43%  v_t2m/R10 53.06%  v_t2m/MedR 9.0%  v_m2t/len 1530  v_m2t/R01 17.19%  v_m2t/R02 23.59%  v_m2t/R03 29.67%  v_m2t/R05 38.63%  v_m2t/R10 51.04%  v_m2t/MedR 10.0%
[20/04/26 17:28:20][src.callback.progress][INFO] - Epoch 44 step 8450/192: loss 2.932e-01
[20/04/26 17:28:30][src.callback.progress][INFO] - Epoch 44 step 8500/192: loss 2.591e-01
[20/04/26 17:28:40][src.callback.progress][INFO] - Epoch 44 step 8550/192: loss 2.571e-01
[20/04/26 17:28:50][src.callback.progress][INFO] - Epoch 44 step 8600/192: loss 2.959e-01
[20/04/26 17:29:00][src.callback.progress][INFO] - Epoch 44: v_recons 1.860e-01  recons 1.699e-01  v_loss 3.638e-01  loss 2.781e-01  v_latent 8.253e-01  latent 7.766e-01  v_kl 1.444e+01  kl 1.138e+01  v_contrastive 1.776e+00  contrastive 1.081e+00  v_t2m/len 1530  v_t2m/R01 17.78%  v_t2m/R02 24.84%  v_t2m/R03 31.3%  v_t2m/R05 39.22%  v_t2m/R10 52.93%  v_t2m/MedR 9.0%  v_m2t/len 1530  v_m2t/R01 18.62%  v_m2t/R02 23.45%  v_m2t/R03 29.4%  v_m2t/R05 39.27%  v_m2t/R10 51.43%  v_m2t/MedR 10.0%
[20/04/26 17:29:08][src.callback.progress][INFO] - Epoch 45 step 8650/192: loss 2.794e-01
[20/04/26 17:29:19][src.callback.progress][INFO] - Epoch 45 step 8700/192: loss 2.729e-01
[20/04/26 17:29:29][src.callback.progress][INFO] - Epoch 45 step 8750/192: loss 2.873e-01
[20/04/26 17:29:39][src.callback.progress][INFO] - Epoch 45 step 8800/192: loss 2.781e-01
[20/04/26 17:29:47][src.callback.progress][INFO] - Epoch 45: v_recons 1.857e-01  recons 1.697e-01  v_loss 3.622e-01  loss 2.760e-01  v_latent 8.223e-01  latent 7.720e-01  v_kl 1.423e+01  kl 1.138e+01  v_contrastive 1.763e+00  contrastive 1.061e+00  v_t2m/len 1530  v_t2m/R01 17.84%  v_t2m/R02 24.89%  v_t2m/R03 31.5%  v_t2m/R05 40.45%  v_t2m/R10 53.72%  v_t2m/MedR 9.0%  v_m2t/len 1530  v_m2t/R01 18.55%  v_m2t/R02 23.92%  v_m2t/R03 31.7%  v_m2t/R05 40.45%  v_m2t/R10 51.63%  v_m2t/MedR 9.0%
[20/04/26 17:29:57][src.callback.progress][INFO] - Epoch 46 step 8850/192: loss 2.404e-01
[20/04/26 17:30:07][src.callback.progress][INFO] - Epoch 46 step 8900/192: loss 2.714e-01
[20/04/26 17:30:17][src.callback.progress][INFO] - Epoch 46 step 8950/192: loss 2.687e-01
[20/04/26 17:30:27][src.callback.progress][INFO] - Epoch 46 step 9000/192: loss 3.046e-01
[20/04/26 17:30:34][src.callback.progress][INFO] - Epoch 46: v_recons 1.860e-01  recons 1.688e-01  v_loss 3.624e-01  loss 2.725e-01  v_latent 8.231e-01  latent 7.695e-01  v_kl 1.494e+01  kl 1.150e+01  v_contrastive 1.762e+00  contrastive 1.036e+00  v_t2m/len 1530  v_t2m/R01 17.12%  v_t2m/R02 24.63%  v_t2m/R03 31.82%  v_t2m/R05 41.31%  v_t2m/R10 52.22%  v_t2m/MedR 10.0%  v_m2t/len 1530  v_m2t/R01 18.81%  v_m2t/R02 24.7%  v_m2t/R03 31.18%  v_m2t/R05 39.34%  v_m2t/R10 52.09%  v_m2t/MedR 10.0%
[20/04/26 17:30:44][src.callback.progress][INFO] - Epoch 47 step 9050/192: loss 2.491e-01
[20/04/26 17:30:55][src.callback.progress][INFO] - Epoch 47 step 9100/192: loss 2.987e-01
[20/04/26 17:31:05][src.callback.progress][INFO] - Epoch 47 step 9150/192: loss 2.419e-01
[20/04/26 17:31:15][src.callback.progress][INFO] - Epoch 47 step 9200/192: loss 3.137e-01
[20/04/26 17:31:20][src.callback.progress][INFO] - Epoch 47: v_recons 1.863e-01  recons 1.681e-01  v_loss 3.628e-01  loss 2.706e-01  v_latent 8.269e-01  latent 7.662e-01  v_kl 1.496e+01  kl 1.166e+01  v_contrastive 1.764e+00  contrastive 1.023e+00  v_t2m/len 1530  v_t2m/R01 16.34%  v_t2m/R02 24.12%  v_t2m/R03 30.59%  v_t2m/R05 38.68%  v_t2m/R10 52.88%  v_t2m/MedR 9.0%  v_m2t/len 1530  v_m2t/R01 16.79%  v_m2t/R02 23.27%  v_m2t/R03 31.04%  v_m2t/R05 39.27%  v_m2t/R10 50.97%  v_m2t/MedR 10.0%
[20/04/26 17:31:32][src.callback.progress][INFO] - Epoch 48 step 9250/192: loss 2.766e-01
[20/04/26 17:31:42][src.callback.progress][INFO] - Epoch 48 step 9300/192: loss 2.604e-01
[20/04/26 17:31:52][src.callback.progress][INFO] - Epoch 48 step 9350/192: loss 2.368e-01
[20/04/26 17:32:03][src.callback.progress][INFO] - Epoch 48 step 9400/192: loss 2.906e-01
[20/04/26 17:32:06][src.callback.progress][INFO] - Epoch 48: v_recons 1.854e-01  recons 1.672e-01  v_loss 3.620e-01  loss 2.682e-01  v_latent 8.273e-01  latent 7.648e-01  v_kl 1.559e+01  kl 1.172e+01  v_contrastive 1.765e+00  contrastive 1.009e+00  v_t2m/len 1530  v_t2m/R01 15.88%  v_t2m/R02 24.04%  v_t2m/R03 32.02%  v_t2m/R05 40.2%  v_t2m/R10 53.65%  v_t2m/MedR 9.0%  v_m2t/len 1530  v_m2t/R01 18.1%  v_m2t/R02 23.53%  v_m2t/R03 30.85%  v_m2t/R05 39.66%  v_m2t/R10 51.83%  v_m2t/MedR 10.0%
[20/04/26 17:32:20][src.callback.progress][INFO] - Epoch 49 step 9450/192: loss 2.531e-01
[20/04/26 17:32:30][src.callback.progress][INFO] - Epoch 49 step 9500/192: loss 2.889e-01
[20/04/26 17:32:40][src.callback.progress][INFO] - Epoch 49 step 9550/192: loss 2.846e-01
[20/04/26 17:32:50][src.callback.progress][INFO] - Epoch 49 step 9600/192: loss 2.681e-01
[20/04/26 17:32:52][src.callback.progress][INFO] - Epoch 49: v_recons 1.851e-01  recons 1.666e-01  v_loss 3.614e-01  loss 2.648e-01  v_latent 8.211e-01  latent 7.597e-01  v_kl 1.528e+01  kl 1.169e+01  v_contrastive 1.761e+00  contrastive 9.815e-01  v_t2m/len 1530  v_t2m/R01 15.61%  v_t2m/R02 23.39%  v_t2m/R03 30.32%  v_t2m/R05 40.52%  v_t2m/R10 54.18%  v_t2m/MedR 9.0%  v_m2t/len 1530  v_m2t/R01 17.38%  v_m2t/R02 24.57%  v_m2t/R03 31.76%  v_m2t/R05 40.06%  v_m2t/R10 52.09%  v_m2t/MedR 9.0%
[20/04/26 17:33:09][src.callback.progress][INFO] - Epoch 50 step 9650/192: loss 2.536e-01
[20/04/26 17:33:19][src.callback.progress][INFO] - Epoch 50 step 9700/192: loss 2.440e-01
[20/04/26 17:33:29][src.callback.progress][INFO] - Epoch 50 step 9750/192: loss 2.882e-01
[20/04/26 17:33:39][src.callback.progress][INFO] - Epoch 50: v_recons 1.849e-01  recons 1.658e-01  v_loss 3.592e-01  loss 2.611e-01  v_latent 8.210e-01  latent 7.569e-01  v_kl 1.583e+01  kl 1.180e+01  v_contrastive 1.741e+00  contrastive 9.519e-01  v_t2m/len 1530  v_t2m/R01 15.35%  v_t2m/R02 22.75%  v_t2m/R03 28.43%  v_t2m/R05 38.56%  v_t2m/R10 53.91%  v_t2m/MedR 9.0%  v_m2t/len 1530  v_m2t/R01 17.96%  v_m2t/R02 24.12%  v_m2t/R03 31.3%  v_m2t/R05 40.13%  v_m2t/R10 52.41%  v_m2t/MedR 9.0%
[20/04/26 17:33:46][src.callback.progress][INFO] - Epoch 51 step 9800/192: loss 2.562e-01
[20/04/26 17:33:56][src.callback.progress][INFO] - Epoch 51 step 9850/192: loss 2.491e-01
[20/04/26 17:34:06][src.callback.progress][INFO] - Epoch 51 step 9900/192: loss 2.701e-01
[20/04/26 17:34:17][src.callback.progress][INFO] - Epoch 51 step 9950/192: loss 2.363e-01
[20/04/26 17:34:25][src.callback.progress][INFO] - Epoch 51: v_recons 1.852e-01  recons 1.651e-01  v_loss 3.585e-01  loss 2.600e-01  v_latent 8.226e-01  latent 7.563e-01  v_kl 1.590e+01  kl 1.206e+01  v_contrastive 1.731e+00  contrastive 9.481e-01  v_t2m/len 1530  v_t2m/R01 16.27%  v_t2m/R02 23.2%  v_t2m/R03 29.67%  v_t2m/R05 38.95%  v_t2m/R10 53.86%  v_t2m/MedR 9.0%  v_m2t/len 1530  v_m2t/R01 17.64%  v_m2t/R02 23.53%  v_m2t/R03 30.52%  v_m2t/R05 39.27%  v_m2t/R10 50.38%  v_m2t/MedR 10.0%
[20/04/26 17:34:34][src.callback.progress][INFO] - Epoch 52 step 10000/192: loss 2.738e-01
[20/04/26 17:34:45][src.callback.progress][INFO] - Epoch 52 step 10050/192: loss 2.433e-01
[20/04/26 17:34:55][src.callback.progress][INFO] - Epoch 52 step 10100/192: loss 2.505e-01
[20/04/26 17:35:05][src.callback.progress][INFO] - Epoch 52 step 10150/192: loss 2.487e-01
[20/04/26 17:35:12][src.callback.progress][INFO] - Epoch 52: v_recons 1.845e-01  recons 1.646e-01  v_loss 3.623e-01  loss 2.580e-01  v_latent 8.265e-01  latent 7.531e-01  v_kl 1.628e+01  kl 1.201e+01  v_contrastive 1.777e+00  contrastive 9.322e-01  v_t2m/len 1530  v_t2m/R01 15.75%  v_t2m/R02 23.65%  v_t2m/R03 28.69%  v_t2m/R05 37.18%  v_t2m/R10 50.33%  v_t2m/MedR 10.0%  v_m2t/len 1530  v_m2t/R01 17.52%  v_m2t/R02 24.37%  v_m2t/R03 32.09%  v_m2t/R05 40.25%  v_m2t/R10 51.5%  v_m2t/MedR 10.0%
[20/04/26 17:35:21][src.callback.progress][INFO] - Epoch 53 step 10200/192: loss 2.459e-01
[20/04/26 17:35:31][src.callback.progress][INFO] - Epoch 53 step 10250/192: loss 2.644e-01
[20/04/26 17:35:42][src.callback.progress][INFO] - Epoch 53 step 10300/192: loss 2.943e-01
[20/04/26 17:35:52][src.callback.progress][INFO] - Epoch 53 step 10350/192: loss 2.526e-01
[20/04/26 17:35:57][src.callback.progress][INFO] - Epoch 53: v_recons 1.830e-01  recons 1.640e-01  v_loss 3.587e-01  loss 2.553e-01  v_latent 8.275e-01  latent 7.508e-01  v_kl 1.636e+01  kl 1.209e+01  v_contrastive 1.755e+00  contrastive 9.125e-01  v_t2m/len 1530  v_t2m/R01 17.7%  v_t2m/R02 24.3%  v_t2m/R03 31.23%  v_t2m/R05 39.22%  v_t2m/R10 52.54%  v_t2m/MedR 9.0%  v_m2t/len 1530  v_m2t/R01 18.23%  v_m2t/R02 24.18%  v_m2t/R03 30.64%  v_m2t/R05 39.61%  v_m2t/R10 52.22%  v_m2t/MedR 10.0%
[20/04/26 17:36:09][src.callback.progress][INFO] - Epoch 54 step 10400/192: loss 2.677e-01
[20/04/26 17:36:19][src.callback.progress][INFO] - Epoch 54 step 10450/192: loss 2.339e-01
[20/04/26 17:36:30][src.callback.progress][INFO] - Epoch 54 step 10500/192: loss 2.398e-01
[20/04/26 17:36:40][src.callback.progress][INFO] - Epoch 54 step 10550/192: loss 2.484e-01
[20/04/26 17:36:43][src.callback.progress][INFO] - Epoch 54: v_recons 1.830e-01  recons 1.634e-01  v_loss 3.602e-01  loss 2.529e-01  v_latent 8.286e-01  latent 7.499e-01  v_kl 1.687e+01  kl 1.233e+01  v_contrastive 1.770e+00  contrastive 8.934e-01  v_t2m/len 1530  v_t2m/R01 16.79%  v_t2m/R02 23.59%  v_t2m/R03 30.85%  v_t2m/R05 40.91%  v_t2m/R10 51.9%  v_t2m/MedR 9.0%  v_m2t/len 1530  v_m2t/R01 18.81%  v_m2t/R02 22.8%  v_m2t/R03 29.4%  v_m2t/R05 39.22%  v_m2t/R10 51.36%  v_m2t/MedR 10.0%
[20/04/26 17:36:56][src.callback.progress][INFO] - Epoch 55 step 10600/192: loss 2.600e-01
[20/04/26 17:37:06][src.callback.progress][INFO] - Epoch 55 step 10650/192: loss 2.604e-01
[20/04/26 17:37:17][src.callback.progress][INFO] - Epoch 55 step 10700/192: loss 2.095e-01
[20/04/26 17:37:27][src.callback.progress][INFO] - Epoch 55 step 10750/192: loss 2.428e-01
[20/04/26 17:37:29][src.callback.progress][INFO] - Epoch 55: v_recons 1.835e-01  recons 1.628e-01  v_loss 3.566e-01  loss 2.511e-01  v_latent 8.216e-01  latent 7.472e-01  v_kl 1.678e+01  kl 1.237e+01  v_contrastive 1.729e+00  contrastive 8.815e-01  v_t2m/len 1530  v_t2m/R01 17.05%  v_t2m/R02 24.18%  v_t2m/R03 30.64%  v_t2m/R05 39.61%  v_t2m/R10 54.31%  v_t2m/MedR 9.0%  v_m2t/len 1530  v_m2t/R01 18.23%  v_m2t/R02 24.12%  v_m2t/R03 30.71%  v_m2t/R05 39.47%  v_m2t/R10 52.47%  v_m2t/MedR 9.0%
[20/04/26 17:37:44][src.callback.progress][INFO] - Epoch 56 step 10800/192: loss 2.526e-01
[20/04/26 17:37:54][src.callback.progress][INFO] - Epoch 56 step 10850/192: loss 2.577e-01
[20/04/26 17:38:04][src.callback.progress][INFO] - Epoch 56 step 10900/192: loss 2.868e-01
[20/04/26 17:38:15][src.callback.progress][INFO] - Epoch 56: v_recons 1.837e-01  recons 1.620e-01  v_loss 3.618e-01  loss 2.479e-01  v_latent 8.288e-01  latent 7.439e-01  v_kl 1.759e+01  kl 1.241e+01  v_contrastive 1.780e+00  contrastive 8.581e-01  v_t2m/len 1530  v_t2m/R01 16.46%  v_t2m/R02 23.79%  v_t2m/R03 30.92%  v_t2m/R05 38.56%  v_t2m/R10 51.75%  v_t2m/MedR 10.0%  v_m2t/len 1530  v_m2t/R01 18.17%  v_m2t/R02 22.8%  v_m2t/R03 30.06%  v_m2t/R05 38.43%  v_m2t/R10 50.38%  v_m2t/MedR 10.0%
[20/04/26 17:38:20][src.callback.progress][INFO] - Epoch 57 step 10950/192: loss 2.856e-01
[20/04/26 17:38:31][src.callback.progress][INFO] - Epoch 57 step 11000/192: loss 2.355e-01
[20/04/26 17:38:41][src.callback.progress][INFO] - Epoch 57 step 11050/192: loss 2.201e-01
[20/04/26 17:38:51][src.callback.progress][INFO] - Epoch 57 step 11100/192: loss 2.387e-01
[20/04/26 17:39:00][src.callback.progress][INFO] - Epoch 57: v_recons 1.853e-01  recons 1.614e-01  v_loss 3.605e-01  loss 2.476e-01  v_latent 8.303e-01  latent 7.445e-01  v_kl 1.746e+01  kl 1.263e+01  v_contrastive 1.750e+00  contrastive 8.604e-01  v_t2m/len 1530  v_t2m/R01 16.93%  v_t2m/R02 23.32%  v_t2m/R03 29.79%  v_t2m/R05 39.02%  v_t2m/R10 53.13%  v_t2m/MedR 9.0%  v_m2t/len 1530  v_m2t/R01 18.23%  v_m2t/R02 22.94%  v_m2t/R03 29.47%  v_m2t/R05 37.7%  v_m2t/R10 51.9%  v_m2t/MedR 10.0%
[20/04/26 17:39:08][src.callback.progress][INFO] - Epoch 58 step 11150/192: loss 2.179e-01
[20/04/26 17:39:18][src.callback.progress][INFO] - Epoch 58 step 11200/192: loss 2.442e-01
[20/04/26 17:39:28][src.callback.progress][INFO] - Epoch 58 step 11250/192: loss 2.337e-01
[20/04/26 17:39:39][src.callback.progress][INFO] - Epoch 58 step 11300/192: loss 2.372e-01
[20/04/26 17:39:46][src.callback.progress][INFO] - Epoch 58: v_recons 1.830e-01  recons 1.606e-01  v_loss 3.582e-01  loss 2.448e-01  v_latent 8.308e-01  latent 7.421e-01  v_kl 1.813e+01  kl 1.275e+01  v_contrastive 1.751e+00  contrastive 8.407e-01  v_t2m/len 1530  v_t2m/R01 16.27%  v_t2m/R02 23.13%  v_t2m/R03 30.2%  v_t2m/R05 39.86%  v_t2m/R10 53.86%  v_t2m/MedR 9.0%  v_m2t/len 1530  v_m2t/R01 20.06%  v_m2t/R02 25.29%  v_m2t/R03 31.62%  v_m2t/R05 38.56%  v_m2t/R10 51.5%  v_m2t/MedR 10.0%
[20/04/26 17:39:56][src.callback.progress][INFO] - Epoch 59 step 11350/192: loss 2.498e-01
[20/04/26 17:40:06][src.callback.progress][INFO] - Epoch 59 step 11400/192: loss 2.505e-01
[20/04/26 17:40:16][src.callback.progress][INFO] - Epoch 59 step 11450/192: loss 2.520e-01
[20/04/26 17:40:26][src.callback.progress][INFO] - Epoch 59 step 11500/192: loss 2.336e-01
[20/04/26 17:40:32][src.callback.progress][INFO] - Epoch 59: v_recons 1.847e-01  recons 1.599e-01  v_loss 3.600e-01  loss 2.419e-01  v_latent 8.274e-01  latent 7.393e-01  v_kl 1.796e+01  kl 1.282e+01  v_contrastive 1.751e+00  contrastive 8.188e-01  v_t2m/len 1530  v_t2m/R01 17.12%  v_t2m/R02 23.06%  v_t2m/R03 30.2%  v_t2m/R05 39.08%  v_t2m/R10 52.81%  v_t2m/MedR 9.0%  v_m2t/len 1530  v_m2t/R01 18.23%  v_m2t/R02 22.94%  v_m2t/R03 30.92%  v_m2t/R05 39.66%  v_m2t/R10 50.45%  v_m2t/MedR 10.0%
[20/04/26 17:40:43][src.callback.progress][INFO] - Epoch 60 step 11550/192: loss 2.410e-01
[20/04/26 17:40:53][src.callback.progress][INFO] - Epoch 60 step 11600/192: loss 2.321e-01
[20/04/26 17:41:03][src.callback.progress][INFO] - Epoch 60 step 11650/192: loss 2.287e-01
[20/04/26 17:41:13][src.callback.progress][INFO] - Epoch 60 step 11700/192: loss 2.263e-01
[20/04/26 17:41:18][src.callback.progress][INFO] - Epoch 60: v_recons 1.841e-01  recons 1.597e-01  v_loss 3.592e-01  loss 2.405e-01  v_latent 8.286e-01  latent 7.371e-01  v_kl 1.826e+01  kl 1.292e+01  v_contrastive 1.749e+00  contrastive 8.063e-01  v_t2m/len 1530  v_t2m/R01 16.79%  v_t2m/R02 23.53%  v_t2m/R03 30.71%  v_t2m/R05 39.4%  v_t2m/R10 53.33%  v_t2m/MedR 9.0%  v_m2t/len 1530  v_m2t/R01 17.9%  v_m2t/R02 23.92%  v_m2t/R03 30.97%  v_m2t/R05 39.4%  v_m2t/R10 50.52%  v_m2t/MedR 10.0%
[20/04/26 17:41:30][src.callback.progress][INFO] - Epoch 61 step 11750/192: loss 2.488e-01
[20/04/26 17:41:40][src.callback.progress][INFO] - Epoch 61 step 11800/192: loss 2.521e-01
[20/04/26 17:41:50][src.callback.progress][INFO] - Epoch 61 step 11850/192: loss 2.238e-01
[20/04/26 17:42:00][src.callback.progress][INFO] - Epoch 61 step 11900/192: loss 2.083e-01
[20/04/26 17:42:03][src.callback.progress][INFO] - Epoch 61: v_recons 1.819e-01  recons 1.594e-01  v_loss 3.540e-01  loss 2.389e-01  v_latent 8.265e-01  latent 7.359e-01  v_kl 1.863e+01  kl 1.303e+01  v_contrastive 1.719e+00  contrastive 7.945e-01  v_t2m/len 1530  v_t2m/R01 16.72%  v_t2m/R02 23.86%  v_t2m/R03 30.45%  v_t2m/R05 39.54%  v_t2m/R10 52.61%  v_t2m/MedR 9.0%  v_m2t/len 1530  v_m2t/R01 18.76%  v_m2t/R02 23.53%  v_m2t/R03 31.89%  v_m2t/R05 39.4%  v_m2t/R10 50.59%  v_m2t/MedR 10.0%
[20/04/26 17:42:17][src.callback.progress][INFO] - Epoch 62 step 11950/192: loss 2.286e-01
[20/04/26 17:42:28][src.callback.progress][INFO] - Epoch 62 step 12000/192: loss 2.327e-01
[20/04/26 17:42:38][src.callback.progress][INFO] - Epoch 62 step 12050/192: loss 2.334e-01
[20/04/26 17:42:49][src.callback.progress][INFO] - Epoch 62: v_recons 1.840e-01  recons 1.587e-01  v_loss 3.596e-01  loss 2.362e-01  v_latent 8.325e-01  latent 7.338e-01  v_kl 1.873e+01  kl 1.307e+01  v_contrastive 1.754e+00  contrastive 7.735e-01  v_t2m/len 1530  v_t2m/R01 18.5%  v_t2m/R02 24.25%  v_t2m/R03 31.76%  v_t2m/R05 39.79%  v_t2m/R10 53.0%  v_t2m/MedR 9.0%  v_m2t/len 1530  v_m2t/R01 19.07%  v_m2t/R02 24.04%  v_m2t/R03 30.06%  v_m2t/R05 38.5%  v_m2t/R10 50.06%  v_m2t/MedR 10.0%
[20/04/26 17:42:55][src.callback.progress][INFO] - Epoch 63 step 12100/192: loss 2.381e-01
[20/04/26 17:43:05][src.callback.progress][INFO] - Epoch 63 step 12150/192: loss 2.294e-01
[20/04/26 17:43:15][src.callback.progress][INFO] - Epoch 63 step 12200/192: loss 2.342e-01
[20/04/26 17:43:25][src.callback.progress][INFO] - Epoch 63 step 12250/192: loss 2.185e-01
[20/04/26 17:43:35][src.callback.progress][INFO] - Epoch 63: v_recons 1.828e-01  recons 1.582e-01  v_loss 3.603e-01  loss 2.350e-01  v_latent 8.385e-01  latent 7.327e-01  v_kl 1.968e+01  kl 1.337e+01  v_contrastive 1.773e+00  contrastive 7.668e-01  v_t2m/len 1530  v_t2m/R01 17.25%  v_t2m/R02 22.68%  v_t2m/R03 29.67%  v_t2m/R05 39.4%  v_t2m/R10 51.5%  v_t2m/MedR 10.0%  v_m2t/len 1530  v_m2t/R01 20.12%  v_m2t/R02 23.65%  v_m2t/R03 30.85%  v_m2t/R05 39.22%  v_m2t/R10 51.31%  v_m2t/MedR 10.0%
[20/04/26 17:43:42][src.callback.progress][INFO] - Epoch 64 step 12300/192: loss 2.229e-01
[20/04/26 17:43:52][src.callback.progress][INFO] - Epoch 64 step 12350/192: loss 2.251e-01
[20/04/26 17:44:02][src.callback.progress][INFO] - Epoch 64 step 12400/192: loss 2.445e-01
[20/04/26 17:44:12][src.callback.progress][INFO] - Epoch 64 step 12450/192: loss 2.653e-01
[20/04/26 17:44:20][src.callback.progress][INFO] - Epoch 64: v_recons 1.829e-01  recons 1.575e-01  v_loss 3.586e-01  loss 2.333e-01  v_latent 8.354e-01  latent 7.321e-01  v_kl 1.945e+01  kl 1.351e+01  v_contrastive 1.755e+00  contrastive 7.563e-01  v_t2m/len 1530  v_t2m/R01 16.4%  v_t2m/R02 23.86%  v_t2m/R03 30.85%  v_t2m/R05 38.43%  v_t2m/R10 52.34%  v_t2m/MedR 9.0%  v_m2t/len 1530  v_m2t/R01 18.23%  v_m2t/R02 23.01%  v_m2t/R03 30.12%  v_m2t/R05 37.7%  v_m2t/R10 50.77%  v_m2t/MedR 10.0%
[20/04/26 17:44:28][src.callback.progress][INFO] - Epoch 65 step 12500/192: loss 2.402e-01
[20/04/26 17:44:39][src.callback.progress][INFO] - Epoch 65 step 12550/192: loss 2.450e-01
[20/04/26 17:44:49][src.callback.progress][INFO] - Epoch 65 step 12600/192: loss 2.444e-01
[20/04/26 17:44:59][src.callback.progress][INFO] - Epoch 65 step 12650/192: loss 2.285e-01
[20/04/26 17:45:05][src.callback.progress][INFO] - Epoch 65: v_recons 1.829e-01  recons 1.571e-01  v_loss 3.587e-01  loss 2.316e-01  v_latent 8.363e-01  latent 7.304e-01  v_kl 2.011e+01  kl 1.361e+01  v_contrastive 1.756e+00  contrastive 7.443e-01  v_t2m/len 1530  v_t2m/R01 18.62%  v_t2m/R02 25.36%  v_t2m/R03 30.64%  v_t2m/R05 38.88%  v_t2m/R10 52.54%  v_t2m/MedR 9.0%  v_m2t/len 1530  v_m2t/R01 17.7%  v_m2t/R02 22.75%  v_m2t/R03 31.11%  v_m2t/R05 40.06%  v_m2t/R10 50.84%  v_m2t/MedR 10.0%
[20/04/26 17:45:16][src.callback.progress][INFO] - Epoch 66 step 12700/192: loss 2.262e-01
[20/04/26 17:45:26][src.callback.progress][INFO] - Epoch 66 step 12750/192: loss 2.185e-01
[20/04/26 17:45:36][src.callback.progress][INFO] - Epoch 66 step 12800/192: loss 1.896e-01
[20/04/26 17:45:46][src.callback.progress][INFO] - Epoch 66 step 12850/192: loss 2.194e-01
[20/04/26 17:45:51][src.callback.progress][INFO] - Epoch 66: v_recons 1.831e-01  recons 1.562e-01  v_loss 3.540e-01  loss 2.303e-01  v_latent 8.280e-01  latent 7.292e-01  v_kl 2.002e+01  kl 1.382e+01  v_contrastive 1.707e+00  contrastive 7.398e-01  v_t2m/len 1530  v_t2m/R01 16.4%  v_t2m/R02 23.79%  v_t2m/R03 30.59%  v_t2m/R05 40.33%  v_t2m/R10 54.58%  v_t2m/MedR 8.5%  v_m2t/len 1530  v_m2t/R01 18.62%  v_m2t/R02 22.87%  v_m2t/R03 31.5%  v_m2t/R05 38.43%  v_m2t/R10 51.43%  v_m2t/MedR 10.0%
[20/04/26 17:46:04][src.callback.progress][INFO] - Epoch 67 step 12900/192: loss 2.154e-01
[20/04/26 17:46:14][src.callback.progress][INFO] - Epoch 67 step 12950/192: loss 2.328e-01
[20/04/26 17:46:24][src.callback.progress][INFO] - Epoch 67 step 13000/192: loss 2.329e-01
[20/04/26 17:46:34][src.callback.progress][INFO] - Epoch 67 step 13050/192: loss 2.262e-01
[20/04/26 17:46:37][src.callback.progress][INFO] - Epoch 67: v_recons 1.827e-01  recons 1.557e-01  v_loss 3.569e-01  loss 2.272e-01  v_latent 8.362e-01  latent 7.267e-01  v_kl 2.056e+01  kl 1.384e+01  v_contrastive 1.740e+00  contrastive 7.137e-01  v_t2m/len 1530  v_t2m/R01 16.79%  v_t2m/R02 23.2%  v_t2m/R03 30.64%  v_t2m/R05 40.65%  v_t2m/R10 53.99%  v_t2m/MedR 9.0%  v_m2t/len 1530  v_m2t/R01 18.69%  v_m2t/R02 23.98%  v_m2t/R03 31.37%  v_m2t/R05 39.4%  v_m2t/R10 50.97%  v_m2t/MedR 10.0%
[20/04/26 17:46:51][src.callback.progress][INFO] - Epoch 68 step 13100/192: loss 2.169e-01
[20/04/26 17:47:01][src.callback.progress][INFO] - Epoch 68 step 13150/192: loss 2.193e-01
[20/04/26 17:47:11][src.callback.progress][INFO] - Epoch 68 step 13200/192: loss 2.264e-01
[20/04/26 17:47:22][src.callback.progress][INFO] - Epoch 68: v_recons 1.822e-01  recons 1.552e-01  v_loss 3.585e-01  loss 2.256e-01  v_latent 8.359e-01  latent 7.244e-01  v_kl 2.061e+01  kl 1.390e+01  v_contrastive 1.761e+00  contrastive 7.026e-01  v_t2m/len 1530  v_t2m/R01 18.23%  v_t2m/R02 25.03%  v_t2m/R03 31.04%  v_t2m/R05 40.13%  v_t2m/R10 52.93%  v_t2m/MedR 9.0%  v_m2t/len 1530  v_m2t/R01 18.95%  v_m2t/R02 24.25%  v_m2t/R03 30.26%  v_m2t/R05 38.36%  v_m2t/R10 49.4%  v_m2t/MedR 11.0%
[20/04/26 17:47:28][src.callback.progress][INFO] - Epoch 69 step 13250/192: loss 2.122e-01
[20/04/26 17:47:38][src.callback.progress][INFO] - Epoch 69 step 13300/192: loss 2.173e-01
[20/04/26 17:47:48][src.callback.progress][INFO] - Epoch 69 step 13350/192: loss 2.261e-01
[20/04/26 17:47:58][src.callback.progress][INFO] - Epoch 69 step 13400/192: loss 2.216e-01
[20/04/26 17:48:08][src.callback.progress][INFO] - Epoch 69: v_recons 1.821e-01  recons 1.547e-01  v_loss 3.578e-01  loss 2.243e-01  v_latent 8.358e-01  latent 7.235e-01  v_kl 2.093e+01  kl 1.397e+01  v_contrastive 1.755e+00  contrastive 6.943e-01  v_t2m/len 1530  v_t2m/R01 17.12%  v_t2m/R02 22.87%  v_t2m/R03 29.79%  v_t2m/R05 39.22%  v_t2m/R10 54.43%  v_t2m/MedR 9.0%  v_m2t/len 1530  v_m2t/R01 19.61%  v_m2t/R02 24.04%  v_m2t/R03 31.89%  v_m2t/R05 39.61%  v_m2t/R10 50.91%  v_m2t/MedR 10.0%
[20/04/26 17:48:15][src.callback.progress][INFO] - Epoch 70 step 13450/192: loss 2.140e-01
[20/04/26 17:48:25][src.callback.progress][INFO] - Epoch 70 step 13500/192: loss 2.301e-01
[20/04/26 17:48:36][src.callback.progress][INFO] - Epoch 70 step 13550/192: loss 2.305e-01
[20/04/26 17:48:46][src.callback.progress][INFO] - Epoch 70 step 13600/192: loss 1.796e-01
[20/04/26 17:48:54][src.callback.progress][INFO] - Epoch 70: v_recons 1.821e-01  recons 1.546e-01  v_loss 3.578e-01  loss 2.234e-01  v_latent 8.386e-01  latent 7.228e-01  v_kl 2.130e+01  kl 1.422e+01  v_contrastive 1.755e+00  contrastive 6.864e-01  v_t2m/len 1530  v_t2m/R01 19.14%  v_t2m/R02 25.36%  v_t2m/R03 30.45%  v_t2m/R05 39.4%  v_t2m/R10 52.15%  v_t2m/MedR 9.0%  v_m2t/len 1530  v_m2t/R01 19.02%  v_m2t/R02 24.12%  v_m2t/R03 31.7%  v_m2t/R05 39.22%  v_m2t/R10 51.18%  v_m2t/MedR 9.5%
[20/04/26 17:49:03][src.callback.progress][INFO] - Epoch 71 step 13650/192: loss 2.189e-01
[20/04/26 17:49:13][src.callback.progress][INFO] - Epoch 71 step 13700/192: loss 2.295e-01
[20/04/26 17:49:24][src.callback.progress][INFO] - Epoch 71 step 13750/192: loss 2.243e-01
[20/04/26 17:49:34][src.callback.progress][INFO] - Epoch 71 step 13800/192: loss 2.240e-01
[20/04/26 17:49:40][src.callback.progress][INFO] - Epoch 71: v_recons 1.818e-01  recons 1.536e-01  v_loss 3.559e-01  loss 2.218e-01  v_latent 8.419e-01  latent 7.212e-01  v_kl 2.181e+01  kl 1.433e+01  v_contrastive 1.739e+00  contrastive 6.808e-01  v_t2m/len 1530  v_t2m/R01 16.01%  v_t2m/R02 21.23%  v_t2m/R03 29.61%  v_t2m/R05 39.08%  v_t2m/R10 53.0%  v_t2m/MedR 9.0%  v_m2t/len 1530  v_m2t/R01 19.93%  v_m2t/R02 24.63%  v_m2t/R03 31.95%  v_m2t/R05 39.79%  v_m2t/R10 51.04%  v_m2t/MedR 10.0%
[20/04/26 17:49:51][src.callback.progress][INFO] - Epoch 72 step 13850/192: loss 2.114e-01
[20/04/26 17:50:01][src.callback.progress][INFO] - Epoch 72 step 13900/192: loss 2.107e-01
[20/04/26 17:50:12][src.callback.progress][INFO] - Epoch 72 step 13950/192: loss 2.273e-01
[20/04/26 17:50:22][src.callback.progress][INFO] - Epoch 72 step 14000/192: loss 2.027e-01
[20/04/26 17:50:27][src.callback.progress][INFO] - Epoch 72: v_recons 1.798e-01  recons 1.534e-01  v_loss 3.548e-01  loss 2.202e-01  v_latent 8.343e-01  latent 7.207e-01  v_kl 2.136e+01  kl 1.449e+01  v_contrastive 1.748e+00  contrastive 6.669e-01  v_t2m/len 1530  v_t2m/R01 19.35%  v_t2m/R02 24.84%  v_t2m/R03 32.09%  v_t2m/R05 41.11%  v_t2m/R10 53.4%  v_t2m/MedR 9.0%  v_m2t/len 1530  v_m2t/R01 20.26%  v_m2t/R02 25.1%  v_m2t/R03 32.68%  v_m2t/R05 40.59%  v_m2t/R10 51.63%  v_m2t/MedR 10.0%
[20/04/26 17:50:40][src.callback.progress][INFO] - Epoch 73 step 14050/192: loss 2.287e-01
[20/04/26 17:50:50][src.callback.progress][INFO] - Epoch 73 step 14100/192: loss 2.310e-01
[20/04/26 17:51:00][src.callback.progress][INFO] - Epoch 73 step 14150/192: loss 2.293e-01
[20/04/26 17:51:10][src.callback.progress][INFO] - Epoch 73 step 14200/192: loss 2.415e-01
[20/04/26 17:51:14][src.callback.progress][INFO] - Epoch 73: v_recons 1.804e-01  recons 1.525e-01  v_loss 3.578e-01  loss 2.178e-01  v_latent 8.401e-01  latent 7.163e-01  v_kl 2.200e+01  kl 1.445e+01  v_contrastive 1.772e+00  contrastive 6.514e-01  v_t2m/len 1530  v_t2m/R01 16.34%  v_t2m/R02 22.15%  v_t2m/R03 29.67%  v_t2m/R05 39.74%  v_t2m/R10 54.84%  v_t2m/MedR 9.0%  v_m2t/len 1530  v_m2t/R01 19.14%  v_m2t/R02 23.59%  v_m2t/R03 32.15%  v_m2t/R05 40.77%  v_m2t/R10 51.31%  v_m2t/MedR 9.0%
[20/04/26 17:51:27][src.callback.progress][INFO] - Epoch 74 step 14250/192: loss 2.009e-01
[20/04/26 17:51:37][src.callback.progress][INFO] - Epoch 74 step 14300/192: loss 2.144e-01
[20/04/26 17:51:48][src.callback.progress][INFO] - Epoch 74 step 14350/192: loss 2.054e-01
[20/04/26 17:51:58][src.callback.progress][INFO] - Epoch 74 step 14400/192: loss 2.082e-01
[20/04/26 17:52:00][src.callback.progress][INFO] - Epoch 74: v_recons 1.837e-01  recons 1.519e-01  v_loss 3.621e-01  loss 2.165e-01  v_latent 8.440e-01  latent 7.165e-01  v_kl 2.258e+01  kl 1.462e+01  v_contrastive 1.781e+00  contrastive 6.445e-01  v_t2m/len 1530  v_t2m/R01 17.64%  v_t2m/R02 24.04%  v_t2m/R03 31.18%  v_t2m/R05 40.45%  v_t2m/R10 52.68%  v_t2m/MedR 9.0%  v_m2t/len 1530  v_m2t/R01 19.73%  v_m2t/R02 23.32%  v_m2t/R03 30.97%  v_m2t/R05 39.27%  v_m2t/R10 50.91%  v_m2t/MedR 10.0%
[20/04/26 17:52:14][src.callback.progress][INFO] - Epoch 75 step 14450/192: loss 2.154e-01
[20/04/26 17:52:24][src.callback.progress][INFO] - Epoch 75 step 14500/192: loss 2.197e-01
[20/04/26 17:52:35][src.callback.progress][INFO] - Epoch 75 step 14550/192: loss 2.182e-01
[20/04/26 17:52:45][src.callback.progress][INFO] - Epoch 75: v_recons 1.808e-01  recons 1.521e-01  v_loss 3.577e-01  loss 2.159e-01  v_latent 8.418e-01  latent 7.155e-01  v_kl 2.282e+01  kl 1.476e+01  v_contrastive 1.767e+00  contrastive 6.365e-01  v_t2m/len 1530  v_t2m/R01 19.21%  v_t2m/R02 25.22%  v_t2m/R03 32.29%  v_t2m/R05 42.54%  v_t2m/R10 54.04%  v_t2m/MedR 9.0%  v_m2t/len 1530  v_m2t/R01 19.02%  v_m2t/R02 23.92%  v_m2t/R03 33.4%  v_m2t/R05 41.18%  v_m2t/R10 51.83%  v_m2t/MedR 9.0%
[20/04/26 17:52:51][src.callback.progress][INFO] - Epoch 76 step 14600/192: loss 2.145e-01
[20/04/26 17:53:01][src.callback.progress][INFO] - Epoch 76 step 14650/192: loss 2.182e-01
[20/04/26 17:53:12][src.callback.progress][INFO] - Epoch 76 step 14700/192: loss 2.208e-01
[20/04/26 17:53:22][src.callback.progress][INFO] - Epoch 76 step 14750/192: loss 2.059e-01
[20/04/26 17:53:30][src.callback.progress][INFO] - Epoch 76: v_recons 1.811e-01  recons 1.510e-01  v_loss 3.603e-01  loss 2.133e-01  v_latent 8.480e-01  latent 7.132e-01  v_kl 2.338e+01  kl 1.487e+01  v_contrastive 1.790e+00  contrastive 6.213e-01  v_t2m/len 1530  v_t2m/R01 16.72%  v_t2m/R02 24.12%  v_t2m/R03 30.26%  v_t2m/R05 39.02%  v_t2m/R10 53.91%  v_t2m/MedR 9.0%  v_m2t/len 1530  v_m2t/R01 18.69%  v_m2t/R02 23.01%  v_m2t/R03 30.12%  v_m2t/R05 39.54%  v_m2t/R10 50.72%  v_m2t/MedR 10.0%
[20/04/26 17:53:39][src.callback.progress][INFO] - Epoch 77 step 14800/192: loss 2.091e-01
[20/04/26 17:53:49][src.callback.progress][INFO] - Epoch 77 step 14850/192: loss 1.798e-01
[20/04/26 17:54:00][src.callback.progress][INFO] - Epoch 77 step 14900/192: loss 2.055e-01
[20/04/26 17:54:10][src.callback.progress][INFO] - Epoch 77 step 14950/192: loss 2.010e-01
[20/04/26 17:54:17][src.callback.progress][INFO] - Epoch 77: v_recons 1.806e-01  recons 1.504e-01  v_loss 3.593e-01  loss 2.110e-01  v_latent 8.482e-01  latent 7.096e-01  v_kl 2.349e+01  kl 1.480e+01  v_contrastive 1.784e+00  contrastive 6.042e-01  v_t2m/len 1530  v_t2m/R01 17.64%  v_t2m/R02 22.8%  v_t2m/R03 30.45%  v_t2m/R05 39.27%  v_t2m/R10 53.65%  v_t2m/MedR 9.0%  v_m2t/len 1530  v_m2t/R01 19.93%  v_m2t/R02 24.63%  v_m2t/R03 32.47%  v_m2t/R05 40.65%  v_m2t/R10 50.84%  v_m2t/MedR 10.0%
[20/04/26 17:54:27][src.callback.progress][INFO] - Epoch 78 step 15000/192: loss 2.135e-01
[20/04/26 17:54:37][src.callback.progress][INFO] - Epoch 78 step 15050/192: loss 1.925e-01
[20/04/26 17:54:47][src.callback.progress][INFO] - Epoch 78 step 15100/192: loss 2.410e-01
[20/04/26 17:54:58][src.callback.progress][INFO] - Epoch 78 step 15150/192: loss 2.152e-01
[20/04/26 17:55:03][src.callback.progress][INFO] - Epoch 78: v_recons 1.810e-01  recons 1.503e-01  v_loss 3.571e-01  loss 2.108e-01  v_latent 8.468e-01  latent 7.097e-01  v_kl 2.336e+01  kl 1.496e+01  v_contrastive 1.758e+00  contrastive 6.027e-01  v_t2m/len 1530  v_t2m/R01 16.93%  v_t2m/R02 23.79%  v_t2m/R03 30.0%  v_t2m/R05 38.95%  v_t2m/R10 52.93%  v_t2m/MedR 9.0%  v_m2t/len 1530  v_m2t/R01 19.4%  v_m2t/R02 24.25%  v_m2t/R03 32.02%  v_m2t/R05 39.02%  v_m2t/R10 50.38%  v_m2t/MedR 10.0%
[20/04/26 17:55:15][src.callback.progress][INFO] - Epoch 79 step 15200/192: loss 2.311e-01
[20/04/26 17:55:25][src.callback.progress][INFO] - Epoch 79 step 15250/192: loss 2.116e-01
[20/04/26 17:55:35][src.callback.progress][INFO] - Epoch 79 step 15300/192: loss 2.317e-01
[20/04/26 17:55:46][src.callback.progress][INFO] - Epoch 79 step 15350/192: loss 2.218e-01
[20/04/26 17:55:49][src.callback.progress][INFO] - Epoch 79: v_recons 1.813e-01  recons 1.497e-01  v_loss 3.572e-01  loss 2.100e-01  v_latent 8.460e-01  latent 7.091e-01  v_kl 2.400e+01  kl 1.511e+01  v_contrastive 1.757e+00  contrastive 6.011e-01  v_t2m/len 1530  v_t2m/R01 17.38%  v_t2m/R02 23.27%  v_t2m/R03 30.45%  v_t2m/R05 40.33%  v_t2m/R10 54.9%  v_t2m/MedR 9.0%  v_m2t/len 1530  v_m2t/R01 18.76%  v_m2t/R02 22.75%  v_m2t/R03 30.59%  v_m2t/R05 38.36%  v_m2t/R10 51.63%  v_m2t/MedR 10.0%
[20/04/26 17:56:02][src.callback.progress][INFO] - Epoch 80 step 15400/192: loss 2.023e-01
[20/04/26 17:56:12][src.callback.progress][INFO] - Epoch 80 step 15450/192: loss 1.799e-01
[20/04/26 17:56:22][src.callback.progress][INFO] - Epoch 80 step 15500/192: loss 2.480e-01
[20/04/26 17:56:32][src.callback.progress][INFO] - Epoch 80 step 15550/192: loss 1.995e-01
[20/04/26 17:56:35][src.callback.progress][INFO] - Epoch 80: v_recons 1.796e-01  recons 1.493e-01  v_loss 3.569e-01  loss 2.086e-01  v_latent 8.448e-01  latent 7.081e-01  v_kl 2.419e+01  kl 1.530e+01  v_contrastive 1.770e+00  contrastive 5.914e-01  v_t2m/len 1530  v_t2m/R01 19.14%  v_t2m/R02 24.44%  v_t2m/R03 32.22%  v_t2m/R05 41.04%  v_t2m/R10 56.0%  v_t2m/MedR 8.0%  v_m2t/len 1530  v_m2t/R01 18.29%  v_m2t/R02 22.21%  v_m2t/R03 30.64%  v_m2t/R05 39.27%  v_m2t/R10 51.24%  v_m2t/MedR 9.0%
[20/04/26 17:56:49][src.callback.progress][INFO] - Epoch 81 step 15600/192: loss 2.026e-01
[20/04/26 17:56:59][src.callback.progress][INFO] - Epoch 81 step 15650/192: loss 2.105e-01
[20/04/26 17:57:09][src.callback.progress][INFO] - Epoch 81 step 15700/192: loss 2.091e-01
[20/04/26 17:57:20][src.callback.progress][INFO] - Epoch 81: v_recons 1.796e-01  recons 1.489e-01  v_loss 3.568e-01  loss 2.072e-01  v_latent 8.467e-01  latent 7.065e-01  v_kl 2.397e+01  kl 1.534e+01  v_contrastive 1.769e+00  contrastive 5.822e-01  v_t2m/len 1530  v_t2m/R01 18.55%  v_t2m/R02 23.59%  v_t2m/R03 31.04%  v_t2m/R05 39.61%  v_t2m/R10 54.04%  v_t2m/MedR 9.0%  v_m2t/len 1530  v_m2t/R01 20.45%  v_m2t/R02 24.44%  v_m2t/R03 31.04%  v_m2t/R05 38.5%  v_m2t/R10 50.52%  v_m2t/MedR 10.0%
[20/04/26 17:57:26][src.callback.progress][INFO] - Epoch 82 step 15750/192: loss 2.207e-01
[20/04/26 17:57:36][src.callback.progress][INFO] - Epoch 82 step 15800/192: loss 2.128e-01
[20/04/26 17:57:46][src.callback.progress][INFO] - Epoch 82 step 15850/192: loss 1.905e-01
[20/04/26 17:57:56][src.callback.progress][INFO] - Epoch 82 step 15900/192: loss 2.174e-01
[20/04/26 17:58:05][src.callback.progress][INFO] - Epoch 82: v_recons 1.808e-01  recons 1.483e-01  v_loss 3.526e-01  loss 2.051e-01  v_latent 8.427e-01  latent 7.034e-01  v_kl 2.409e+01  kl 1.537e+01  v_contrastive 1.715e+00  contrastive 5.670e-01  v_t2m/len 1530  v_t2m/R01 17.64%  v_t2m/R02 24.12%  v_t2m/R03 32.54%  v_t2m/R05 40.06%  v_t2m/R10 53.91%  v_t2m/MedR 9.0%  v_m2t/len 1530  v_m2t/R01 19.61%  v_m2t/R02 23.79%  v_m2t/R03 32.22%  v_m2t/R05 39.47%  v_m2t/R10 51.56%  v_m2t/MedR 9.0%
[20/04/26 17:58:13][src.callback.progress][INFO] - Epoch 83 step 15950/192: loss 2.043e-01
[20/04/26 17:58:24][src.callback.progress][INFO] - Epoch 83 step 16000/192: loss 2.021e-01
[20/04/26 17:58:34][src.callback.progress][INFO] - Epoch 83 step 16050/192: loss 2.108e-01
[20/04/26 17:58:44][src.callback.progress][INFO] - Epoch 83 step 16100/192: loss 1.994e-01
[20/04/26 17:58:51][src.callback.progress][INFO] - Epoch 83: v_recons 1.797e-01  recons 1.479e-01  v_loss 3.553e-01  loss 2.041e-01  v_latent 8.468e-01  latent 7.012e-01  v_kl 2.468e+01  kl 1.545e+01  v_contrastive 1.753e+00  contrastive 5.604e-01  v_t2m/len 1530  v_t2m/R01 18.23%  v_t2m/R02 25.48%  v_t2m/R03 31.82%  v_t2m/R05 39.86%  v_t2m/R10 54.04%  v_t2m/MedR 9.0%  v_m2t/len 1530  v_m2t/R01 19.14%  v_m2t/R02 22.54%  v_m2t/R03 30.85%  v_m2t/R05 38.95%  v_m2t/R10 51.63%  v_m2t/MedR 10.0%
[20/04/26 17:59:00][src.callback.progress][INFO] - Epoch 84 step 16150/192: loss 1.933e-01
[20/04/26 17:59:11][src.callback.progress][INFO] - Epoch 84 step 16200/192: loss 1.994e-01
[20/04/26 17:59:21][src.callback.progress][INFO] - Epoch 84 step 16250/192: loss 2.049e-01
[20/04/26 17:59:31][src.callback.progress][INFO] - Epoch 84 step 16300/192: loss 2.135e-01
[20/04/26 17:59:37][src.callback.progress][INFO] - Epoch 84: v_recons 1.794e-01  recons 1.476e-01  v_loss 3.568e-01  loss 2.036e-01  v_latent 8.496e-01  latent 7.023e-01  v_kl 2.470e+01  kl 1.562e+01  v_contrastive 1.771e+00  contrastive 5.590e-01  v_t2m/len 1530  v_t2m/R01 18.23%  v_t2m/R02 24.37%  v_t2m/R03 31.7%  v_t2m/R05 39.93%  v_t2m/R10 53.27%  v_t2m/MedR 9.0%  v_m2t/len 1530  v_m2t/R01 19.02%  v_m2t/R02 23.92%  v_m2t/R03 32.61%  v_m2t/R05 40.0%  v_m2t/R10 51.83%  v_m2t/MedR 9.0%
[20/04/26 17:59:48][src.callback.progress][INFO] - Epoch 85 step 16350/192: loss 2.313e-01
[20/04/26 17:59:58][src.callback.progress][INFO] - Epoch 85 step 16400/192: loss 2.034e-01
[20/04/26 18:00:08][src.callback.progress][INFO] - Epoch 85 step 16450/192: loss 2.072e-01
[20/04/26 18:00:18][src.callback.progress][INFO] - Epoch 85 step 16500/192: loss 2.145e-01
[20/04/26 18:00:23][src.callback.progress][INFO] - Epoch 85: v_recons 1.818e-01  recons 1.470e-01  v_loss 3.613e-01  loss 2.025e-01  v_latent 8.556e-01  latent 7.005e-01  v_kl 2.600e+01  kl 1.584e+01  v_contrastive 1.793e+00  contrastive 5.526e-01  v_t2m/len 1530  v_t2m/R01 16.93%  v_t2m/R02 22.94%  v_t2m/R03 29.61%  v_t2m/R05 38.29%  v_t2m/R10 52.61%  v_t2m/MedR 9.0%  v_m2t/len 1530  v_m2t/R01 19.35%  v_m2t/R02 23.72%  v_m2t/R03 30.71%  v_m2t/R05 38.43%  v_m2t/R10 50.72%  v_m2t/MedR 10.0%
[20/04/26 18:00:35][src.callback.progress][INFO] - Epoch 86 step 16550/192: loss 1.954e-01
[20/04/26 18:00:45][src.callback.progress][INFO] - Epoch 86 step 16600/192: loss 2.176e-01
[20/04/26 18:00:55][src.callback.progress][INFO] - Epoch 86 step 16650/192: loss 1.995e-01
[20/04/26 18:01:05][src.callback.progress][INFO] - Epoch 86 step 16700/192: loss 1.852e-01
[20/04/26 18:01:08][src.callback.progress][INFO] - Epoch 86: v_recons 1.790e-01  recons 1.468e-01  v_loss 3.551e-01  loss 2.014e-01  v_latent 8.471e-01  latent 6.983e-01  v_kl 2.554e+01  kl 1.588e+01  v_contrastive 1.758e+00  contrastive 5.445e-01  v_t2m/len 1530  v_t2m/R01 18.1%  v_t2m/R02 24.37%  v_t2m/R03 32.93%  v_t2m/R05 41.7%  v_t2m/R10 54.63%  v_t2m/MedR 8.0%  v_m2t/len 1530  v_m2t/R01 20.45%  v_m2t/R02 25.15%  v_m2t/R03 33.52%  v_m2t/R05 40.2%  v_m2t/R10 51.56%  v_m2t/MedR 10.0%
[20/04/26 18:01:22][src.callback.progress][INFO] - Epoch 87 step 16750/192: loss 1.649e-01
[20/04/26 18:01:32][src.callback.progress][INFO] - Epoch 87 step 16800/192: loss 1.800e-01
[20/04/26 18:01:43][src.callback.progress][INFO] - Epoch 87 step 16850/192: loss 2.242e-01
[20/04/26 18:01:54][src.callback.progress][INFO] - Epoch 87: v_recons 1.802e-01  recons 1.466e-01  v_loss 3.595e-01  loss 2.003e-01  v_latent 8.559e-01  latent 6.980e-01  v_kl 2.581e+01  kl 1.591e+01  v_contrastive 1.791e+00  contrastive 5.351e-01  v_t2m/len 1530  v_t2m/R01 18.23%  v_t2m/R02 24.57%  v_t2m/R03 32.15%  v_t2m/R05 40.84%  v_t2m/R10 52.75%  v_t2m/MedR 9.0%  v_m2t/len 1530  v_m2t/R01 19.47%  v_m2t/R02 23.2%  v_m2t/R03 31.95%  v_m2t/R05 40.0%  v_m2t/R10 51.43%  v_m2t/MedR 10.0%
[20/04/26 18:01:59][src.callback.progress][INFO] - Epoch 88 step 16900/192: loss 1.775e-01
[20/04/26 18:02:09][src.callback.progress][INFO] - Epoch 88 step 16950/192: loss 2.177e-01
[20/04/26 18:02:19][src.callback.progress][INFO] - Epoch 88 step 17000/192: loss 2.098e-01
[20/04/26 18:02:29][src.callback.progress][INFO] - Epoch 88 step 17050/192: loss 2.133e-01
[20/04/26 18:02:39][src.callback.progress][INFO] - Epoch 88: v_recons 1.802e-01  recons 1.460e-01  v_loss 3.544e-01  loss 1.991e-01  v_latent 8.498e-01  latent 6.957e-01  v_kl 2.597e+01  kl 1.598e+01  v_contrastive 1.739e+00  contrastive 5.292e-01  v_t2m/len 1530  v_t2m/R01 18.23%  v_t2m/R02 24.04%  v_t2m/R03 31.23%  v_t2m/R05 39.47%  v_t2m/R10 52.88%  v_t2m/MedR 9.0%  v_m2t/len 1530  v_m2t/R01 18.62%  v_m2t/R02 22.42%  v_m2t/R03 31.62%  v_m2t/R05 39.66%  v_m2t/R10 50.65%  v_m2t/MedR 10.0%
[20/04/26 18:02:46][src.callback.progress][INFO] - Epoch 89 step 17100/192: loss 2.107e-01
[20/04/26 18:02:56][src.callback.progress][INFO] - Epoch 89 step 17150/192: loss 1.897e-01
[20/04/26 18:03:06][src.callback.progress][INFO] - Epoch 89 step 17200/192: loss 2.180e-01
[20/04/26 18:03:16][src.callback.progress][INFO] - Epoch 89 step 17250/192: loss 2.178e-01
[20/04/26 18:03:24][src.callback.progress][INFO] - Epoch 89: v_recons 1.797e-01  recons 1.453e-01  v_loss 3.596e-01  loss 1.976e-01  v_latent 8.534e-01  latent 6.950e-01  v_kl 2.633e+01  kl 1.622e+01  v_contrastive 1.796e+00  contrastive 5.213e-01  v_t2m/len 1530  v_t2m/R01 17.9%  v_t2m/R02 24.77%  v_t2m/R03 32.15%  v_t2m/R05 41.95%  v_t2m/R10 54.18%  v_t2m/MedR 8.0%  v_m2t/len 1530  v_m2t/R01 19.4%  v_m2t/R02 23.2%  v_m2t/R03 31.18%  v_m2t/R05 39.02%  v_m2t/R10 50.2%  v_m2t/MedR 10.0%
[20/04/26 18:03:34][src.callback.progress][INFO] - Epoch 90 step 17300/192: loss 1.920e-01
[20/04/26 18:03:44][src.callback.progress][INFO] - Epoch 90 step 17350/192: loss 1.996e-01
[20/04/26 18:03:54][src.callback.progress][INFO] - Epoch 90 step 17400/192: loss 1.997e-01
[20/04/26 18:04:05][src.callback.progress][INFO] - Epoch 90 step 17450/192: loss 2.216e-01
[20/04/26 18:04:11][src.callback.progress][INFO] - Epoch 90: v_recons 1.805e-01  recons 1.448e-01  v_loss 3.605e-01  loss 1.960e-01  v_latent 8.578e-01  latent 6.925e-01  v_kl 2.675e+01  kl 1.625e+01  v_contrastive 1.797e+00  contrastive 5.104e-01  v_t2m/len 1530  v_t2m/R01 18.95%  v_t2m/R02 24.89%  v_t2m/R03 31.5%  v_t2m/R05 39.47%  v_t2m/R10 51.63%  v_t2m/MedR 10.0%  v_m2t/len 1530  v_m2t/R01 19.14%  v_m2t/R02 22.94%  v_m2t/R03 31.62%  v_m2t/R05 40.38%  v_m2t/R10 51.11%  v_m2t/MedR 10.0%
[20/04/26 18:04:21][src.callback.progress][INFO] - Epoch 91 step 17500/192: loss 2.031e-01
[20/04/26 18:04:32][src.callback.progress][INFO] - Epoch 91 step 17550/192: loss 1.791e-01
[20/04/26 18:04:42][src.callback.progress][INFO] - Epoch 91 step 17600/192: loss 1.944e-01
[20/04/26 18:04:52][src.callback.progress][INFO] - Epoch 91 step 17650/192: loss 1.971e-01
[20/04/26 18:04:56][src.callback.progress][INFO] - Epoch 91: v_recons 1.816e-01  recons 1.444e-01  v_loss 3.601e-01  loss 1.947e-01  v_latent 8.538e-01  latent 6.907e-01  v_kl 2.690e+01  kl 1.627e+01  v_contrastive 1.782e+00  contrastive 5.006e-01  v_t2m/len 1530  v_t2m/R01 18.23%  v_t2m/R02 25.15%  v_t2m/R03 30.92%  v_t2m/R05 38.24%  v_t2m/R10 51.83%  v_t2m/MedR 9.5%  v_m2t/len 1530  v_m2t/R01 19.79%  v_m2t/R02 25.48%  v_m2t/R03 32.68%  v_m2t/R05 39.15%  v_m2t/R10 49.47%  v_m2t/MedR 11.0%
[20/04/26 18:05:08][src.callback.progress][INFO] - Epoch 92 step 17700/192: loss 2.085e-01
[20/04/26 18:05:19][src.callback.progress][INFO] - Epoch 92 step 17750/192: loss 2.100e-01
[20/04/26 18:05:29][src.callback.progress][INFO] - Epoch 92 step 17800/192: loss 1.866e-01
[20/04/26 18:05:39][src.callback.progress][INFO] - Epoch 92 step 17850/192: loss 1.837e-01
[20/04/26 18:05:42][src.callback.progress][INFO] - Epoch 92: v_recons 1.798e-01  recons 1.443e-01  v_loss 3.575e-01  loss 1.944e-01  v_latent 8.549e-01  latent 6.899e-01  v_kl 2.696e+01  kl 1.647e+01  v_contrastive 1.774e+00  contrastive 4.990e-01  v_t2m/len 1530  v_t2m/R01 17.45%  v_t2m/R02 23.45%  v_t2m/R03 31.18%  v_t2m/R05 39.86%  v_t2m/R10 52.88%  v_t2m/MedR 9.0%  v_m2t/len 1530  v_m2t/R01 19.61%  v_m2t/R02 23.79%  v_m2t/R03 32.02%  v_m2t/R05 40.13%  v_m2t/R10 51.04%  v_m2t/MedR 10.0%
[20/04/26 18:05:56][src.callback.progress][INFO] - Epoch 93 step 17900/192: loss 1.750e-01
[20/04/26 18:06:06][src.callback.progress][INFO] - Epoch 93 step 17950/192: loss 1.980e-01
[20/04/26 18:06:16][src.callback.progress][INFO] - Epoch 93 step 18000/192: loss 2.074e-01
[20/04/26 18:06:27][src.callback.progress][INFO] - Epoch 93: v_recons 1.803e-01  recons 1.438e-01  v_loss 3.607e-01  loss 1.935e-01  v_latent 8.599e-01  latent 6.884e-01  v_kl 2.768e+01  kl 1.657e+01  v_contrastive 1.801e+00  contrastive 4.952e-01  v_t2m/len 1530  v_t2m/R01 18.23%  v_t2m/R02 23.72%  v_t2m/R03 30.59%  v_t2m/R05 39.34%  v_t2m/R10 53.0%  v_t2m/MedR 9.0%  v_m2t/len 1530  v_m2t/R01 19.35%  v_m2t/R02 23.27%  v_m2t/R03 30.64%  v_m2t/R05 39.47%  v_m2t/R10 50.91%  v_m2t/MedR 10.0%
[20/04/26 18:06:32][src.callback.progress][INFO] - Epoch 94 step 18050/192: loss 2.036e-01
[20/04/26 18:06:42][src.callback.progress][INFO] - Epoch 94 step 18100/192: loss 2.109e-01
[20/04/26 18:06:53][src.callback.progress][INFO] - Epoch 94 step 18150/192: loss 1.802e-01
[20/04/26 18:07:03][src.callback.progress][INFO] - Epoch 94 step 18200/192: loss 2.049e-01
[20/04/26 18:07:12][src.callback.progress][INFO] - Epoch 94: v_recons 1.801e-01  recons 1.435e-01  v_loss 3.578e-01  loss 1.925e-01  v_latent 8.550e-01  latent 6.873e-01  v_kl 2.747e+01  kl 1.667e+01  v_contrastive 1.774e+00  contrastive 4.887e-01  v_t2m/len 1530  v_t2m/R01 18.43%  v_t2m/R02 24.51%  v_t2m/R03 31.89%  v_t2m/R05 40.0%  v_t2m/R10 54.31%  v_t2m/MedR 9.0%  v_m2t/len 1530  v_m2t/R01 21.18%  v_m2t/R02 25.62%  v_m2t/R03 33.13%  v_m2t/R05 40.13%  v_m2t/R10 51.11%  v_m2t/MedR 10.0%
[20/04/26 18:07:19][src.callback.progress][INFO] - Epoch 95 step 18250/192: loss 2.028e-01
[20/04/26 18:07:29][src.callback.progress][INFO] - Epoch 95 step 18300/192: loss 1.780e-01
[20/04/26 18:07:39][src.callback.progress][INFO] - Epoch 95 step 18350/192: loss 2.055e-01
[20/04/26 18:07:50][src.callback.progress][INFO] - Epoch 95 step 18400/192: loss 1.880e-01
[20/04/26 18:07:58][src.callback.progress][INFO] - Epoch 95: v_recons 1.780e-01  recons 1.431e-01  v_loss 3.570e-01  loss 1.922e-01  v_latent 8.610e-01  latent 6.864e-01  v_kl 2.861e+01  kl 1.680e+01  v_contrastive 1.787e+00  contrastive 4.888e-01  v_t2m/len 1530  v_t2m/R01 18.17%  v_t2m/R02 24.18%  v_t2m/R03 32.02%  v_t2m/R05 41.31%  v_t2m/R10 53.06%  v_t2m/MedR 9.0%  v_m2t/len 1530  v_m2t/R01 19.93%  v_m2t/R02 23.65%  v_m2t/R03 30.92%  v_m2t/R05 39.74%  v_m2t/R10 50.91%  v_m2t/MedR 10.0%
[20/04/26 18:08:06][src.callback.progress][INFO] - Epoch 96 step 18450/192: loss 1.983e-01
[20/04/26 18:08:16][src.callback.progress][INFO] - Epoch 96 step 18500/192: loss 2.145e-01
[20/04/26 18:08:27][src.callback.progress][INFO] - Epoch 96 step 18550/192: loss 1.676e-01
[20/04/26 18:08:37][src.callback.progress][INFO] - Epoch 96 step 18600/192: loss 1.805e-01
[20/04/26 18:08:43][src.callback.progress][INFO] - Epoch 96: v_recons 1.791e-01  recons 1.424e-01  v_loss 3.580e-01  loss 1.902e-01  v_latent 8.632e-01  latent 6.835e-01  v_kl 2.853e+01  kl 1.684e+01  v_contrastive 1.786e+00  contrastive 4.759e-01  v_t2m/len 1530  v_t2m/R01 18.76%  v_t2m/R02 24.84%  v_t2m/R03 31.5%  v_t2m/R05 39.93%  v_t2m/R10 52.93%  v_t2m/MedR 9.0%  v_m2t/len 1530  v_m2t/R01 19.54%  v_m2t/R02 23.45%  v_m2t/R03 32.34%  v_m2t/R05 39.54%  v_m2t/R10 51.36%  v_m2t/MedR 10.0%
[20/04/26 18:08:53][src.callback.progress][INFO] - Epoch 97 step 18650/192: loss 1.730e-01
[20/04/26 18:09:04][src.callback.progress][INFO] - Epoch 97 step 18700/192: loss 1.823e-01
[20/04/26 18:09:14][src.callback.progress][INFO] - Epoch 97 step 18750/192: loss 1.891e-01
[20/04/26 18:09:24][src.callback.progress][INFO] - Epoch 97 step 18800/192: loss 1.847e-01
[20/04/26 18:09:29][src.callback.progress][INFO] - Epoch 97: v_recons 1.801e-01  recons 1.423e-01  v_loss 3.599e-01  loss 1.900e-01  v_latent 8.681e-01  latent 6.849e-01  v_kl 2.892e+01  kl 1.710e+01  v_contrastive 1.795e+00  contrastive 4.756e-01  v_t2m/len 1530  v_t2m/R01 16.98%  v_t2m/R02 22.75%  v_t2m/R03 30.12%  v_t2m/R05 38.43%  v_t2m/R10 52.88%  v_t2m/MedR 9.0%  v_m2t/len 1530  v_m2t/R01 19.67%  v_m2t/R02 23.45%  v_m2t/R03 31.3%  v_m2t/R05 38.04%  v_m2t/R10 49.93%  v_m2t/MedR 11.0%
[20/04/26 18:09:41][src.callback.progress][INFO] - Epoch 98 step 18850/192: loss 1.847e-01
[20/04/26 18:09:51][src.callback.progress][INFO] - Epoch 98 step 18900/192: loss 1.943e-01
[20/04/26 18:10:01][src.callback.progress][INFO] - Epoch 98 step 18950/192: loss 2.119e-01
[20/04/26 18:10:11][src.callback.progress][INFO] - Epoch 98 step 19000/192: loss 2.027e-01
[20/04/26 18:10:14][src.callback.progress][INFO] - Epoch 98: v_recons 1.781e-01  recons 1.421e-01  v_loss 3.568e-01  loss 1.887e-01  v_latent 8.596e-01  latent 6.822e-01  v_kl 2.867e+01  kl 1.717e+01  v_contrastive 1.784e+00  contrastive 4.644e-01  v_t2m/len 1530  v_t2m/R01 18.95%  v_t2m/R02 24.77%  v_t2m/R03 31.3%  v_t2m/R05 39.86%  v_t2m/R10 53.79%  v_t2m/MedR 8.0%  v_m2t/len 1530  v_m2t/R01 19.02%  v_m2t/R02 23.53%  v_m2t/R03 32.47%  v_m2t/R05 40.52%  v_m2t/R10 51.18%  v_m2t/MedR 10.0%
[20/04/26 18:10:28][src.callback.progress][INFO] - Epoch 99 step 19050/192: loss 1.978e-01
[20/04/26 18:10:38][src.callback.progress][INFO] - Epoch 99 step 19100/192: loss 1.957e-01
[20/04/26 18:10:48][src.callback.progress][INFO] - Epoch 99 step 19150/192: loss 1.828e-01
[20/04/26 18:10:58][src.callback.progress][INFO] - Epoch 99 step 19200/192: loss 1.569e-01
[20/04/26 18:11:00][src.callback.progress][INFO] - Epoch 99: v_recons 1.803e-01  recons 1.415e-01  v_loss 3.620e-01  loss 1.874e-01  v_latent 8.655e-01  latent 6.797e-01  v_kl 2.917e+01  kl 1.712e+01  v_contrastive 1.815e+00  contrastive 4.578e-01  v_t2m/len 1530  v_t2m/R01 16.86%  v_t2m/R02 24.04%  v_t2m/R03 32.22%  v_t2m/R05 40.38%  v_t2m/R10 52.34%  v_t2m/MedR 9.0%  v_m2t/len 1530  v_m2t/R01 19.73%  v_m2t/R02 23.65%  v_m2t/R03 31.76%  v_m2t/R05 40.59%  v_m2t/R10 51.11%  v_m2t/MedR 10.0%
[20/04/26 18:11:15][src.callback.progress][INFO] - Epoch 100 step 19250/192: loss 2.174e-01
[20/04/26 18:11:25][src.callback.progress][INFO] - Epoch 100 step 19300/192: loss 2.013e-01
[20/04/26 18:11:35][src.callback.progress][INFO] - Epoch 100 step 19350/192: loss 1.702e-01
[20/04/26 18:11:46][src.callback.progress][INFO] - Epoch 100: v_recons 1.785e-01  recons 1.410e-01  v_loss 3.587e-01  loss 1.868e-01  v_latent 8.609e-01  latent 6.789e-01  v_kl 2.937e+01  kl 1.734e+01  v_contrastive 1.798e+00  contrastive 4.563e-01  v_t2m/len 1530  v_t2m/R01 18.29%  v_t2m/R02 23.92%  v_t2m/R03 32.88%  v_t2m/R05 40.65%  v_t2m/R10 54.58%  v_t2m/MedR 9.0%  v_m2t/len 1530  v_m2t/R01 20.59%  v_m2t/R02 23.98%  v_m2t/R03 33.27%  v_m2t/R05 40.2%  v_m2t/R10 51.11%  v_m2t/MedR 10.0%
[20/04/26 18:11:53][src.callback.progress][INFO] - Epoch 101 step 19400/192: loss 1.847e-01
[20/04/26 18:12:04][src.callback.progress][INFO] - Epoch 101 step 19450/192: loss 1.883e-01
[20/04/26 18:12:14][src.callback.progress][INFO] - Epoch 101 step 19500/192: loss 1.842e-01
[20/04/26 18:12:24][src.callback.progress][INFO] - Epoch 101 step 19550/192: loss 2.060e-01
[20/04/26 18:12:33][src.callback.progress][INFO] - Epoch 101: v_recons 1.776e-01  recons 1.403e-01  v_loss 3.528e-01  loss 1.859e-01  v_latent 8.579e-01  latent 6.777e-01  v_kl 2.925e+01  kl 1.742e+01  v_contrastive 1.749e+00  contrastive 4.535e-01  v_t2m/len 1530  v_t2m/R01 18.62%  v_t2m/R02 23.79%  v_t2m/R03 30.92%  v_t2m/R05 39.66%  v_t2m/R10 54.25%  v_t2m/MedR 9.0%  v_m2t/len 1530  v_m2t/R01 20.45%  v_m2t/R02 24.18%  v_m2t/R03 31.7%  v_m2t/R05 40.65%  v_m2t/R10 52.22%  v_m2t/MedR 9.0%
[20/04/26 18:12:41][src.callback.progress][INFO] - Epoch 102 step 19600/192: loss 1.801e-01
[20/04/26 18:12:51][src.callback.progress][INFO] - Epoch 102 step 19650/192: loss 1.920e-01
[20/04/26 18:13:01][src.callback.progress][INFO] - Epoch 102 step 19700/192: loss 1.912e-01
[20/04/26 18:13:11][src.callback.progress][INFO] - Epoch 102 step 19750/192: loss 2.021e-01
[20/04/26 18:13:18][src.callback.progress][INFO] - Epoch 102: v_recons 1.784e-01  recons 1.403e-01  v_loss 3.587e-01  loss 1.850e-01  v_latent 8.636e-01  latent 6.760e-01  v_kl 3.015e+01  kl 1.749e+01  v_contrastive 1.800e+00  contrastive 4.449e-01  v_t2m/len 1530  v_t2m/R01 19.61%  v_t2m/R02 24.3%  v_t2m/R03 31.82%  v_t2m/R05 38.81%  v_t2m/R10 52.34%  v_t2m/MedR 10.0%  v_m2t/len 1530  v_m2t/R01 19.54%  v_m2t/R02 23.2%  v_m2t/R03 31.82%  v_m2t/R05 39.61%  v_m2t/R10 50.84%  v_m2t/MedR 10.0%
[20/04/26 18:13:28][src.callback.progress][INFO] - Epoch 103 step 19800/192: loss 2.064e-01
[20/04/26 18:13:38][src.callback.progress][INFO] - Epoch 103 step 19850/192: loss 1.787e-01
[20/04/26 18:13:49][src.callback.progress][INFO] - Epoch 103 step 19900/192: loss 1.776e-01
[20/04/26 18:13:59][src.callback.progress][INFO] - Epoch 103 step 19950/192: loss 1.897e-01
[20/04/26 18:14:04][src.callback.progress][INFO] - Epoch 103: v_recons 1.794e-01  recons 1.400e-01  v_loss 3.615e-01  loss 1.842e-01  v_latent 8.724e-01  latent 6.748e-01  v_kl 3.053e+01  kl 1.775e+01  v_contrastive 1.818e+00  contrastive 4.401e-01  v_t2m/len 1530  v_t2m/R01 17.31%  v_t2m/R02 22.61%  v_t2m/R03 30.64%  v_t2m/R05 37.52%  v_t2m/R10 52.68%  v_t2m/MedR 9.0%  v_m2t/len 1530  v_m2t/R01 19.35%  v_m2t/R02 23.39%  v_m2t/R03 30.71%  v_m2t/R05 39.93%  v_m2t/R10 50.13%  v_m2t/MedR 10.0%
[20/04/26 18:14:15][src.callback.progress][INFO] - Epoch 104 step 20000/192: loss 1.759e-01
[20/04/26 18:14:26][src.callback.progress][INFO] - Epoch 104 step 20050/192: loss 1.851e-01
[20/04/26 18:14:36][src.callback.progress][INFO] - Epoch 104 step 20100/192: loss 1.755e-01
[20/04/26 18:14:46][src.callback.progress][INFO] - Epoch 104 step 20150/192: loss 2.089e-01
[20/04/26 18:14:49][src.callback.progress][INFO] - Epoch 104: v_recons 1.785e-01  recons 1.396e-01  v_loss 3.594e-01  loss 1.838e-01  v_latent 8.688e-01  latent 6.750e-01  v_kl 3.062e+01  kl 1.781e+01  v_contrastive 1.806e+00  contrastive 4.401e-01  v_t2m/len 1530  v_t2m/R01 17.64%  v_t2m/R02 22.42%  v_t2m/R03 30.06%  v_t2m/R05 39.54%  v_t2m/R10 53.13%  v_t2m/MedR 9.0%  v_m2t/len 1530  v_m2t/R01 19.35%  v_m2t/R02 22.68%  v_m2t/R03 31.04%  v_m2t/R05 39.22%  v_m2t/R10 50.06%  v_m2t/MedR 10.0%
[20/04/26 18:15:02][src.callback.progress][INFO] - Epoch 105 step 20200/192: loss 1.738e-01
[20/04/26 18:15:12][src.callback.progress][INFO] - Epoch 105 step 20250/192: loss 1.912e-01
[20/04/26 18:15:23][src.callback.progress][INFO] - Epoch 105 step 20300/192: loss 1.803e-01
[20/04/26 18:15:33][src.callback.progress][INFO] - Epoch 105 step 20350/192: loss 1.754e-01
[20/04/26 18:15:35][src.callback.progress][INFO] - Epoch 105: v_recons 1.778e-01  recons 1.392e-01  v_loss 3.570e-01  loss 1.824e-01  v_latent 8.653e-01  latent 6.728e-01  v_kl 3.067e+01  kl 1.790e+01  v_contrastive 1.790e+00  contrastive 4.295e-01  v_t2m/len 1530  v_t2m/R01 18.04%  v_t2m/R02 22.68%  v_t2m/R03 31.37%  v_t2m/R05 38.36%  v_t2m/R10 52.68%  v_t2m/MedR 10.0%  v_m2t/len 1530  v_m2t/R01 19.02%  v_m2t/R02 23.01%  v_m2t/R03 32.02%  v_m2t/R05 40.77%  v_m2t/R10 51.75%  v_m2t/MedR 9.0%
[20/04/26 18:15:50][src.callback.progress][INFO] - Epoch 106 step 20400/192: loss 1.647e-01
[20/04/26 18:16:01][src.callback.progress][INFO] - Epoch 106 step 20450/192: loss 1.814e-01
[20/04/26 18:16:11][src.callback.progress][INFO] - Epoch 106 step 20500/192: loss 2.139e-01
[20/04/26 18:16:21][src.callback.progress][INFO] - Epoch 106: v_recons 1.783e-01  recons 1.389e-01  v_loss 3.556e-01  loss 1.818e-01  v_latent 8.667e-01  latent 6.723e-01  v_kl 3.115e+01  kl 1.794e+01  v_contrastive 1.769e+00  contrastive 4.270e-01  v_t2m/len 1530  v_t2m/R01 17.64%  v_t2m/R02 22.75%  v_t2m/R03 30.32%  v_t2m/R05 39.22%  v_t2m/R10 53.27%  v_t2m/MedR 9.0%  v_m2t/len 1530  v_m2t/R01 19.02%  v_m2t/R02 22.35%  v_m2t/R03 31.56%  v_m2t/R05 39.54%  v_m2t/R10 50.45%  v_m2t/MedR 10.0%
[20/04/26 18:16:27][src.callback.progress][INFO] - Epoch 107 step 20550/192: loss 2.002e-01
[20/04/26 18:16:38][src.callback.progress][INFO] - Epoch 107 step 20600/192: loss 1.686e-01
[20/04/26 18:16:48][src.callback.progress][INFO] - Epoch 107 step 20650/192: loss 1.919e-01
[20/04/26 18:16:58][src.callback.progress][INFO] - Epoch 107 step 20700/192: loss 1.669e-01
[20/04/26 18:17:07][src.callback.progress][INFO] - Epoch 107: v_recons 1.777e-01  recons 1.384e-01  v_loss 3.541e-01  loss 1.809e-01  v_latent 8.660e-01  latent 6.710e-01  v_kl 3.094e+01  kl 1.810e+01  v_contrastive 1.761e+00  contrastive 4.232e-01  v_t2m/len 1530  v_t2m/R01 16.6%  v_t2m/R02 21.82%  v_t2m/R03 30.45%  v_t2m/R05 39.22%  v_t2m/R10 52.88%  v_t2m/MedR 9.0%  v_m2t/len 1530  v_m2t/R01 19.35%  v_m2t/R02 22.42%  v_m2t/R03 30.52%  v_m2t/R05 39.54%  v_m2t/R10 52.15%  v_m2t/MedR 10.0%
[20/04/26 18:17:15][src.callback.progress][INFO] - Epoch 108 step 20750/192: loss 1.706e-01
[20/04/26 18:17:25][src.callback.progress][INFO] - Epoch 108 step 20800/192: loss 1.915e-01
[20/04/26 18:17:36][src.callback.progress][INFO] - Epoch 108 step 20850/192: loss 1.703e-01
[20/04/26 18:17:46][src.callback.progress][INFO] - Epoch 108 step 20900/192: loss 1.825e-01
[20/04/26 18:17:53][src.callback.progress][INFO] - Epoch 108: v_recons 1.787e-01  recons 1.384e-01  v_loss 3.582e-01  loss 1.804e-01  v_latent 8.700e-01  latent 6.703e-01  v_kl 3.168e+01  kl 1.819e+01  v_contrastive 1.793e+00  contrastive 4.185e-01  v_t2m/len 1530  v_t2m/R01 19.79%  v_t2m/R02 23.79%  v_t2m/R03 31.82%  v_t2m/R05 39.86%  v_t2m/R10 53.4%  v_t2m/MedR 9.0%  v_m2t/len 1530  v_m2t/R01 19.14%  v_m2t/R02 22.87%  v_m2t/R03 29.93%  v_m2t/R05 39.61%  v_m2t/R10 50.52%  v_m2t/MedR 10.0%
[20/04/26 18:18:02][src.callback.progress][INFO] - Epoch 109 step 20950/192: loss 1.993e-01
[20/04/26 18:18:13][src.callback.progress][INFO] - Epoch 109 step 21000/192: loss 1.777e-01
[20/04/26 18:18:23][src.callback.progress][INFO] - Epoch 109 step 21050/192: loss 1.870e-01
[20/04/26 18:18:33][src.callback.progress][INFO] - Epoch 109 step 21100/192: loss 1.522e-01
[20/04/26 18:18:39][src.callback.progress][INFO] - Epoch 109: v_recons 1.795e-01  recons 1.379e-01  v_loss 3.589e-01  loss 1.788e-01  v_latent 8.666e-01  latent 6.677e-01  v_kl 3.091e+01  kl 1.815e+01  v_contrastive 1.790e+00  contrastive 4.071e-01  v_t2m/len 1530  v_t2m/R01 18.23%  v_t2m/R02 23.86%  v_t2m/R03 31.95%  v_t2m/R05 38.68%  v_t2m/R10 52.41%  v_t2m/MedR 9.0%  v_m2t/len 1530  v_m2t/R01 19.61%  v_m2t/R02 23.01%  v_m2t/R03 31.18%  v_m2t/R05 39.27%  v_m2t/R10 49.74%  v_m2t/MedR 11.0%
[20/04/26 18:18:50][src.callback.progress][INFO] - Epoch 110 step 21150/192: loss 1.942e-01
[20/04/26 18:19:00][src.callback.progress][INFO] - Epoch 110 step 21200/192: loss 1.751e-01
[20/04/26 18:19:10][src.callback.progress][INFO] - Epoch 110 step 21250/192: loss 1.749e-01
[20/04/26 18:19:20][src.callback.progress][INFO] - Epoch 110 step 21300/192: loss 1.722e-01
[20/04/26 18:19:24][src.callback.progress][INFO] - Epoch 110: v_recons 1.794e-01  recons 1.373e-01  v_loss 3.584e-01  loss 1.791e-01  v_latent 8.695e-01  latent 6.677e-01  v_kl 3.210e+01  kl 1.826e+01  v_contrastive 1.787e+00  contrastive 4.155e-01  v_t2m/len 1530  v_t2m/R01 17.25%  v_t2m/R02 25.03%  v_t2m/R03 31.37%  v_t2m/R05 39.66%  v_t2m/R10 52.68%  v_t2m/MedR 9.0%  v_m2t/len 1530  v_m2t/R01 19.67%  v_m2t/R02 23.59%  v_m2t/R03 31.5%  v_m2t/R05 38.88%  v_m2t/R10 50.06%  v_m2t/MedR 10.0%
[20/04/26 18:19:37][src.callback.progress][INFO] - Epoch 111 step 21350/192: loss 1.752e-01
[20/04/26 18:19:47][src.callback.progress][INFO] - Epoch 111 step 21400/192: loss 1.862e-01
[20/04/26 18:19:57][src.callback.progress][INFO] - Epoch 111 step 21450/192: loss 1.553e-01
[20/04/26 18:20:07][src.callback.progress][INFO] - Epoch 111 step 21500/192: loss 1.620e-01
[20/04/26 18:20:10][src.callback.progress][INFO] - Epoch 111: v_recons 1.784e-01  recons 1.368e-01  v_loss 3.597e-01  loss 1.772e-01  v_latent 8.745e-01  latent 6.660e-01  v_kl 3.225e+01  kl 1.835e+01  v_contrastive 1.809e+00  contrastive 4.013e-01  v_t2m/len 1530  v_t2m/R01 18.43%  v_t2m/R02 23.92%  v_t2m/R03 30.92%  v_t2m/R05 39.4%  v_t2m/R10 53.0%  v_t2m/MedR 9.0%  v_m2t/len 1530  v_m2t/R01 19.47%  v_m2t/R02 22.09%  v_m2t/R03 31.5%  v_m2t/R05 39.86%  v_m2t/R10 50.97%  v_m2t/MedR 10.0%
[20/04/26 18:20:25][src.callback.progress][INFO] - Epoch 112 step 21550/192: loss 1.784e-01
[20/04/26 18:20:35][src.callback.progress][INFO] - Epoch 112 step 21600/192: loss 1.481e-01
[20/04/26 18:20:46][src.callback.progress][INFO] - Epoch 112 step 21650/192: loss 1.840e-01
[20/04/26 18:20:57][src.callback.progress][INFO] - Epoch 112: v_recons 1.787e-01  recons 1.369e-01  v_loss 3.594e-01  loss 1.770e-01  v_latent 8.720e-01  latent 6.663e-01  v_kl 3.284e+01  kl 1.856e+01  v_contrastive 1.804e+00  contrastive 3.983e-01  v_t2m/len 1530  v_t2m/R01 18.55%  v_t2m/R02 24.44%  v_t2m/R03 31.44%  v_t2m/R05 39.54%  v_t2m/R10 53.86%  v_t2m/MedR 9.0%  v_m2t/len 1530  v_m2t/R01 19.87%  v_m2t/R02 23.65%  v_m2t/R03 32.41%  v_m2t/R05 40.06%  v_m2t/R10 51.5%  v_m2t/MedR 9.5%
[20/04/26 18:21:02][src.callback.progress][INFO] - Epoch 113 step 21700/192: loss 1.586e-01
[20/04/26 18:21:12][src.callback.progress][INFO] - Epoch 113 step 21750/192: loss 1.882e-01
[20/04/26 18:21:23][src.callback.progress][INFO] - Epoch 113 step 21800/192: loss 1.667e-01
[20/04/26 18:21:33][src.callback.progress][INFO] - Epoch 113 step 21850/192: loss 1.753e-01
[20/04/26 18:21:42][src.callback.progress][INFO] - Epoch 113: v_recons 1.797e-01  recons 1.364e-01  v_loss 3.629e-01  loss 1.759e-01  v_latent 8.779e-01  latent 6.634e-01  v_kl 3.264e+01  kl 1.852e+01  v_contrastive 1.829e+00  contrastive 3.930e-01  v_t2m/len 1530  v_t2m/R01 17.31%  v_t2m/R02 24.7%  v_t2m/R03 31.44%  v_t2m/R05 38.56%  v_t2m/R10 52.41%  v_t2m/MedR 9.0%  v_m2t/len 1530  v_m2t/R01 20.2%  v_m2t/R02 24.3%  v_m2t/R03 33.0%  v_m2t/R05 40.72%  v_m2t/R10 50.59%  v_m2t/MedR 10.0%
[20/04/26 18:21:50][src.callback.progress][INFO] - Epoch 114 step 21900/192: loss 1.511e-01
[20/04/26 18:22:00][src.callback.progress][INFO] - Epoch 114 step 21950/192: loss 1.646e-01
[20/04/26 18:22:10][src.callback.progress][INFO] - Epoch 114 step 22000/192: loss 1.641e-01
[20/04/26 18:22:20][src.callback.progress][INFO] - Epoch 114 step 22050/192: loss 1.769e-01
[20/04/26 18:22:28][src.callback.progress][INFO] - Epoch 114: v_recons 1.817e-01  recons 1.358e-01  v_loss 3.613e-01  loss 1.750e-01  v_latent 8.727e-01  latent 6.627e-01  v_kl 3.255e+01  kl 1.870e+01  v_contrastive 1.793e+00  contrastive 3.896e-01  v_t2m/len 1530  v_t2m/R01 17.57%  v_t2m/R02 23.39%  v_t2m/R03 30.92%  v_t2m/R05 39.86%  v_t2m/R10 53.59%  v_t2m/MedR 9.0%  v_m2t/len 1530  v_m2t/R01 17.96%  v_m2t/R02 22.09%  v_m2t/R03 30.38%  v_m2t/R05 40.25%  v_m2t/R10 51.7%  v_m2t/MedR 9.0%
[20/04/26 18:22:37][src.callback.progress][INFO] - Epoch 115 step 22100/192: loss 1.828e-01
[20/04/26 18:22:47][src.callback.progress][INFO] - Epoch 115 step 22150/192: loss 1.827e-01
[20/04/26 18:22:57][src.callback.progress][INFO] - Epoch 115 step 22200/192: loss 1.719e-01
[20/04/26 18:23:07][src.callback.progress][INFO] - Epoch 115 step 22250/192: loss 1.933e-01
[20/04/26 18:23:14][src.callback.progress][INFO] - Epoch 115: v_recons 1.782e-01  recons 1.356e-01  v_loss 3.606e-01  loss 1.746e-01  v_latent 8.787e-01  latent 6.621e-01  v_kl 3.298e+01  kl 1.882e+01  v_contrastive 1.820e+00  contrastive 3.877e-01  v_t2m/len 1530  v_t2m/R01 19.67%  v_t2m/R02 24.7%  v_t2m/R03 30.59%  v_t2m/R05 39.15%  v_t2m/R10 53.79%  v_t2m/MedR 9.0%  v_m2t/len 1530  v_m2t/R01 20.52%  v_m2t/R02 24.84%  v_m2t/R03 32.68%  v_m2t/R05 39.79%  v_m2t/R10 50.77%  v_m2t/MedR 10.0%
[20/04/26 18:23:24][src.callback.progress][INFO] - Epoch 116 step 22300/192: loss 1.765e-01
[20/04/26 18:23:34][src.callback.progress][INFO] - Epoch 116 step 22350/192: loss 1.534e-01
[20/04/26 18:23:44][src.callback.progress][INFO] - Epoch 116 step 22400/192: loss 1.630e-01
[20/04/26 18:23:55][src.callback.progress][INFO] - Epoch 116 step 22450/192: loss 1.921e-01
[20/04/26 18:23:59][src.callback.progress][INFO] - Epoch 116: v_recons 1.785e-01  recons 1.354e-01  v_loss 3.584e-01  loss 1.742e-01  v_latent 8.764e-01  latent 6.620e-01  v_kl 3.357e+01  kl 1.897e+01  v_contrastive 1.796e+00  contrastive 3.864e-01  v_t2m/len 1530  v_t2m/R01 19.79%  v_t2m/R02 24.77%  v_t2m/R03 32.29%  v_t2m/R05 40.25%  v_t2m/R10 53.72%  v_t2m/MedR 9.0%  v_m2t/len 1530  v_m2t/R01 19.4%  v_m2t/R02 23.13%  v_m2t/R03 31.56%  v_m2t/R05 40.2%  v_m2t/R10 50.2%  v_m2t/MedR 10.0%
[20/04/26 18:24:11][src.callback.progress][INFO] - Epoch 117 step 22500/192: loss 1.788e-01
[20/04/26 18:24:22][src.callback.progress][INFO] - Epoch 117 step 22550/192: loss 1.421e-01
[20/04/26 18:24:32][src.callback.progress][INFO] - Epoch 117 step 22600/192: loss 1.738e-01
[20/04/26 18:24:42][src.callback.progress][INFO] - Epoch 117 step 22650/192: loss 2.015e-01
[20/04/26 18:24:45][src.callback.progress][INFO] - Epoch 117: v_recons 1.761e-01  recons 1.352e-01  v_loss 3.594e-01  loss 1.736e-01  v_latent 8.838e-01  latent 6.611e-01  v_kl 3.411e+01  kl 1.890e+01  v_contrastive 1.830e+00  contrastive 3.821e-01  v_t2m/len 1530  v_t2m/R01 16.79%  v_t2m/R02 22.87%  v_t2m/R03 30.06%  v_t2m/R05 37.58%  v_t2m/R10 51.95%  v_t2m/MedR 9.0%  v_m2t/len 1530  v_m2t/R01 18.29%  v_m2t/R02 20.97%  v_m2t/R03 30.92%  v_m2t/R05 38.88%  v_m2t/R10 50.38%  v_m2t/MedR 10.0%
[20/04/26 18:24:59][src.callback.progress][INFO] - Epoch 118 step 22700/192: loss 1.695e-01
[20/04/26 18:25:09][src.callback.progress][INFO] - Epoch 118 step 22750/192: loss 1.492e-01
[20/04/26 18:25:19][src.callback.progress][INFO] - Epoch 118 step 22800/192: loss 1.722e-01
[20/04/26 18:25:31][src.callback.progress][INFO] - Epoch 118: v_recons 1.788e-01  recons 1.351e-01  v_loss 3.588e-01  loss 1.736e-01  v_latent 8.761e-01  latent 6.614e-01  v_kl 3.349e+01  kl 1.920e+01  v_contrastive 1.796e+00  contrastive 3.835e-01  v_t2m/len 1530  v_t2m/R01 17.7%  v_t2m/R02 22.42%  v_t2m/R03 30.78%  v_t2m/R05 40.25%  v_t2m/R10 52.61%  v_t2m/MedR 9.0%  v_m2t/len 1530  v_m2t/R01 17.45%  v_m2t/R02 20.38%  v_m2t/R03 29.28%  v_m2t/R05 38.29%  v_m2t/R10 51.04%  v_m2t/MedR 10.0%
[20/04/26 18:25:36][src.callback.progress][INFO] - Epoch 119 step 22850/192: loss 1.945e-01
[20/04/26 18:25:46][src.callback.progress][INFO] - Epoch 119 step 22900/192: loss 1.753e-01
[20/04/26 18:25:56][src.callback.progress][INFO] - Epoch 119 step 22950/192: loss 1.820e-01
[20/04/26 18:26:07][src.callback.progress][INFO] - Epoch 119 step 23000/192: loss 1.724e-01
[20/04/26 18:26:16][src.callback.progress][INFO] - Epoch 119: v_recons 1.789e-01  recons 1.345e-01  v_loss 3.592e-01  loss 1.719e-01  v_latent 8.797e-01  latent 6.587e-01  v_kl 3.412e+01  kl 1.927e+01  v_contrastive 1.800e+00  contrastive 3.725e-01  v_t2m/len 1530  v_t2m/R01 17.84%  v_t2m/R02 23.39%  v_t2m/R03 31.3%  v_t2m/R05 40.72%  v_t2m/R10 53.59%  v_t2m/MedR 9.0%  v_m2t/len 1530  v_m2t/R01 19.79%  v_m2t/R02 23.65%  v_m2t/R03 32.09%  v_m2t/R05 41.63%  v_m2t/R10 51.43%  v_m2t/MedR 9.0%
[20/04/26 18:26:23][src.callback.progress][INFO] - Epoch 120 step 23050/192: loss 1.615e-01
[20/04/26 18:26:33][src.callback.progress][INFO] - Epoch 120 step 23100/192: loss 1.620e-01
[20/04/26 18:26:43][src.callback.progress][INFO] - Epoch 120 step 23150/192: loss 1.852e-01
[20/04/26 18:26:53][src.callback.progress][INFO] - Epoch 120 step 23200/192: loss 1.573e-01
[20/04/26 18:27:01][src.callback.progress][INFO] - Epoch 120: v_recons 1.782e-01  recons 1.342e-01  v_loss 3.581e-01  loss 1.714e-01  v_latent 8.779e-01  latent 6.586e-01  v_kl 3.368e+01  kl 1.933e+01  v_contrastive 1.795e+00  contrastive 3.703e-01  v_t2m/len 1530  v_t2m/R01 16.93%  v_t2m/R02 23.32%  v_t2m/R03 31.56%  v_t2m/R05 39.54%  v_t2m/R10 53.52%  v_t2m/MedR 9.0%  v_m2t/len 1530  v_m2t/R01 19.47%  v_m2t/R02 22.54%  v_m2t/R03 30.71%  v_m2t/R05 39.47%  v_m2t/R10 51.36%  v_m2t/MedR 9.0%
[20/04/26 18:27:10][src.callback.progress][INFO] - Epoch 121 step 23250/192: loss 1.566e-01
[20/04/26 18:27:20][src.callback.progress][INFO] - Epoch 121 step 23300/192: loss 1.702e-01
[20/04/26 18:27:30][src.callback.progress][INFO] - Epoch 121 step 23350/192: loss 1.753e-01
[20/04/26 18:27:40][src.callback.progress][INFO] - Epoch 121 step 23400/192: loss 1.498e-01
[20/04/26 18:27:47][src.callback.progress][INFO] - Epoch 121: v_recons 1.796e-01  recons 1.341e-01  v_loss 3.636e-01  loss 1.706e-01  v_latent 8.795e-01  latent 6.575e-01  v_kl 3.484e+01  kl 1.937e+01  v_contrastive 1.836e+00  contrastive 3.633e-01  v_t2m/len 1530  v_t2m/R01 18.04%  v_t2m/R02 23.45%  v_t2m/R03 30.12%  v_t2m/R05 39.02%  v_t2m/R10 51.95%  v_t2m/MedR 9.0%  v_m2t/len 1530  v_m2t/R01 19.14%  v_m2t/R02 23.13%  v_m2t/R03 32.02%  v_m2t/R05 40.72%  v_m2t/R10 51.56%  v_m2t/MedR 10.0%
[20/04/26 18:27:57][src.callback.progress][INFO] - Epoch 122 step 23450/192: loss 1.733e-01
[20/04/26 18:28:07][src.callback.progress][INFO] - Epoch 122 step 23500/192: loss 1.924e-01
[20/04/26 18:28:17][src.callback.progress][INFO] - Epoch 122 step 23550/192: loss 1.575e-01
[20/04/26 18:28:27][src.callback.progress][INFO] - Epoch 122 step 23600/192: loss 1.932e-01
[20/04/26 18:28:32][src.callback.progress][INFO] - Epoch 122: v_recons 1.796e-01  recons 1.335e-01  v_loss 3.625e-01  loss 1.699e-01  v_latent 8.858e-01  latent 6.553e-01  v_kl 3.515e+01  kl 1.964e+01  v_contrastive 1.825e+00  contrastive 3.624e-01  v_t2m/len 1530  v_t2m/R01 16.72%  v_t2m/R02 22.47%  v_t2m/R03 31.18%  v_t2m/R05 38.95%  v_t2m/R10 52.81%  v_t2m/MedR 9.0%  v_m2t/len 1530  v_m2t/R01 19.21%  v_m2t/R02 22.35%  v_m2t/R03 30.12%  v_m2t/R05 39.4%  v_m2t/R10 51.24%  v_m2t/MedR 9.5%
[20/04/26 18:28:44][src.callback.progress][INFO] - Epoch 123 step 23650/192: loss 1.573e-01
[20/04/26 18:28:54][src.callback.progress][INFO] - Epoch 123 step 23700/192: loss 1.682e-01
[20/04/26 18:29:04][src.callback.progress][INFO] - Epoch 123 step 23750/192: loss 1.982e-01
[20/04/26 18:29:15][src.callback.progress][INFO] - Epoch 123 step 23800/192: loss 1.974e-01
[20/04/26 18:29:18][src.callback.progress][INFO] - Epoch 123: v_recons 1.789e-01  recons 1.334e-01  v_loss 3.636e-01  loss 1.700e-01  v_latent 8.844e-01  latent 6.570e-01  v_kl 3.513e+01  kl 1.975e+01  v_contrastive 1.843e+00  contrastive 3.632e-01  v_t2m/len 1530  v_t2m/R01 17.05%  v_t2m/R02 22.54%  v_t2m/R03 30.71%  v_t2m/R05 39.22%  v_t2m/R10 52.41%  v_t2m/MedR 9.0%  v_m2t/len 1530  v_m2t/R01 19.4%  v_m2t/R02 23.59%  v_m2t/R03 31.82%  v_m2t/R05 39.54%  v_m2t/R10 50.33%  v_m2t/MedR 10.0%
[20/04/26 18:29:31][src.callback.progress][INFO] - Epoch 124 step 23850/192: loss 1.627e-01
[20/04/26 18:29:41][src.callback.progress][INFO] - Epoch 124 step 23900/192: loss 1.762e-01
[20/04/26 18:29:51][src.callback.progress][INFO] - Epoch 124 step 23950/192: loss 1.426e-01
[20/04/26 18:30:02][src.callback.progress][INFO] - Epoch 124 step 24000/192: loss 1.562e-01
[20/04/26 18:30:03][src.callback.progress][INFO] - Epoch 124: v_recons 1.792e-01  recons 1.329e-01  v_loss 3.616e-01  loss 1.687e-01  v_latent 8.871e-01  latent 6.543e-01  v_kl 3.541e+01  kl 1.959e+01  v_contrastive 1.820e+00  contrastive 3.561e-01  v_t2m/len 1530  v_t2m/R01 19.28%  v_t2m/R02 24.3%  v_t2m/R03 31.3%  v_t2m/R05 38.43%  v_t2m/R10 51.83%  v_t2m/MedR 10.0%  v_m2t/len 1530  v_m2t/R01 18.76%  v_m2t/R02 21.89%  v_m2t/R03 31.5%  v_m2t/R05 39.93%  v_m2t/R10 50.72%  v_m2t/MedR 10.0%
[20/04/26 18:30:18][src.callback.progress][INFO] - Epoch 125 step 24050/192: loss 1.705e-01
[20/04/26 18:30:29][src.callback.progress][INFO] - Epoch 125 step 24100/192: loss 1.826e-01
[20/04/26 18:30:39][src.callback.progress][INFO] - Epoch 125 step 24150/192: loss 1.778e-01
[20/04/26 18:30:49][src.callback.progress][INFO] - Epoch 125: v_recons 1.771e-01  recons 1.326e-01  v_loss 3.605e-01  loss 1.687e-01  v_latent 8.829e-01  latent 6.557e-01  v_kl 3.575e+01  kl 1.998e+01  v_contrastive 1.831e+00  contrastive 3.589e-01  v_t2m/len 1530  v_t2m/R01 18.62%  v_t2m/R02 24.84%  v_t2m/R03 32.29%  v_t2m/R05 40.59%  v_t2m/R10 52.93%  v_t2m/MedR 9.0%  v_m2t/len 1530  v_m2t/R01 19.21%  v_m2t/R02 23.45%  v_m2t/R03 33.72%  v_m2t/R05 41.04%  v_m2t/R10 51.24%  v_m2t/MedR 10.0%
[20/04/26 18:30:56][src.callback.progress][INFO] - Epoch 126 step 24200/192: loss 1.544e-01
[20/04/26 18:31:06][src.callback.progress][INFO] - Epoch 126 step 24250/192: loss 1.683e-01
[20/04/26 18:31:16][src.callback.progress][INFO] - Epoch 126 step 24300/192: loss 1.684e-01
[20/04/26 18:31:27][src.callback.progress][INFO] - Epoch 126 step 24350/192: loss 1.571e-01
[20/04/26 18:31:35][src.callback.progress][INFO] - Epoch 126: v_recons 1.773e-01  recons 1.322e-01  v_loss 3.604e-01  loss 1.672e-01  v_latent 8.863e-01  latent 6.531e-01  v_kl 3.550e+01  kl 1.993e+01  v_contrastive 1.828e+00  contrastive 3.488e-01  v_t2m/len 1530  v_t2m/R01 18.29%  v_t2m/R02 24.96%  v_t2m/R03 31.56%  v_t2m/R05 39.66%  v_t2m/R10 54.63%  v_t2m/MedR 9.0%  v_m2t/len 1530  v_m2t/R01 20.32%  v_m2t/R02 24.18%  v_m2t/R03 33.52%  v_m2t/R05 42.61%  v_m2t/R10 52.68%  v_m2t/MedR 9.0%
[20/04/26 18:31:43][src.callback.progress][INFO] - Epoch 127 step 24400/192: loss 1.464e-01
[20/04/26 18:31:53][src.callback.progress][INFO] - Epoch 127 step 24450/192: loss 1.512e-01
[20/04/26 18:32:03][src.callback.progress][INFO] - Epoch 127 step 24500/192: loss 1.731e-01
[20/04/26 18:32:14][src.callback.progress][INFO] - Epoch 127 step 24550/192: loss 1.606e-01
[20/04/26 18:32:20][src.callback.progress][INFO] - Epoch 127: v_recons 1.773e-01  recons 1.320e-01  v_loss 3.602e-01  loss 1.669e-01  v_latent 8.877e-01  latent 6.529e-01  v_kl 3.603e+01  kl 2.000e+01  v_contrastive 1.825e+00  contrastive 3.467e-01  v_t2m/len 1530  v_t2m/R01 17.84%  v_t2m/R02 22.87%  v_t2m/R03 29.79%  v_t2m/R05 38.29%  v_t2m/R10 53.0%  v_t2m/MedR 9.0%  v_m2t/len 1530  v_m2t/R01 19.61%  v_m2t/R02 22.75%  v_m2t/R03 32.09%  v_m2t/R05 40.33%  v_m2t/R10 50.65%  v_m2t/MedR 10.0%
[20/04/26 18:32:30][src.callback.progress][INFO] - Epoch 128 step 24600/192: loss 1.781e-01
[20/04/26 18:32:40][src.callback.progress][INFO] - Epoch 128 step 24650/192: loss 1.745e-01
[20/04/26 18:32:51][src.callback.progress][INFO] - Epoch 128 step 24700/192: loss 1.718e-01
[20/04/26 18:33:01][src.callback.progress][INFO] - Epoch 128 step 24750/192: loss 1.676e-01
[20/04/26 18:33:06][src.callback.progress][INFO] - Epoch 128: v_recons 1.793e-01  recons 1.315e-01  v_loss 3.634e-01  loss 1.657e-01  v_latent 8.842e-01  latent 6.514e-01  v_kl 3.626e+01  kl 2.015e+01  v_contrastive 1.837e+00  contrastive 3.401e-01  v_t2m/len 1530  v_t2m/R01 19.28%  v_t2m/R02 24.25%  v_t2m/R03 30.12%  v_t2m/R05 39.34%  v_t2m/R10 54.18%  v_t2m/MedR 9.0%  v_m2t/len 1530  v_m2t/R01 20.92%  v_m2t/R02 25.1%  v_m2t/R03 33.52%  v_m2t/R05 40.2%  v_m2t/R10 51.31%  v_m2t/MedR 9.0%
[20/04/26 18:33:17][src.callback.progress][INFO] - Epoch 129 step 24800/192: loss 1.695e-01
[20/04/26 18:33:28][src.callback.progress][INFO] - Epoch 129 step 24850/192: loss 1.577e-01
[20/04/26 18:33:38][src.callback.progress][INFO] - Epoch 129 step 24900/192: loss 1.820e-01
[20/04/26 18:33:48][src.callback.progress][INFO] - Epoch 129 step 24950/192: loss 1.574e-01
[20/04/26 18:33:52][src.callback.progress][INFO] - Epoch 129: v_recons 1.783e-01  recons 1.316e-01  v_loss 3.594e-01  loss 1.656e-01  v_latent 8.910e-01  latent 6.520e-01  v_kl 3.632e+01  kl 2.029e+01  v_contrastive 1.807e+00  contrastive 3.375e-01  v_t2m/len 1530  v_t2m/R01 17.64%  v_t2m/R02 22.8%  v_t2m/R03 30.45%  v_t2m/R05 39.79%  v_t2m/R10 53.65%  v_t2m/MedR 9.0%  v_m2t/len 1530  v_m2t/R01 19.67%  v_m2t/R02 22.54%  v_m2t/R03 30.97%  v_m2t/R05 38.5%  v_m2t/R10 50.65%  v_m2t/MedR 10.0%
[20/04/26 18:34:04][src.callback.progress][INFO] - Epoch 130 step 25000/192: loss 1.703e-01
[20/04/26 18:34:15][src.callback.progress][INFO] - Epoch 130 step 25050/192: loss 1.514e-01
[20/04/26 18:34:25][src.callback.progress][INFO] - Epoch 130 step 25100/192: loss 1.781e-01
[20/04/26 18:34:35][src.callback.progress][INFO] - Epoch 130 step 25150/192: loss 1.807e-01
[20/04/26 18:34:37][src.callback.progress][INFO] - Epoch 130: v_recons 1.789e-01  recons 1.312e-01  v_loss 3.604e-01  loss 1.651e-01  v_latent 8.908e-01  latent 6.519e-01  v_kl 3.677e+01  kl 2.036e+01  v_contrastive 1.811e+00  contrastive 3.363e-01  v_t2m/len 1530  v_t2m/R01 19.67%  v_t2m/R02 24.57%  v_t2m/R03 31.62%  v_t2m/R05 40.97%  v_t2m/R10 53.91%  v_t2m/MedR 9.0%  v_m2t/len 1530  v_m2t/R01 19.4%  v_m2t/R02 22.8%  v_m2t/R03 31.82%  v_m2t/R05 40.33%  v_m2t/R10 51.36%  v_m2t/MedR 9.0%
[20/04/26 18:34:52][src.callback.progress][INFO] - Epoch 131 step 25200/192: loss 1.483e-01
[20/04/26 18:35:02][src.callback.progress][INFO] - Epoch 131 step 25250/192: loss 1.484e-01
[20/04/26 18:35:13][src.callback.progress][INFO] - Epoch 131 step 25300/192: loss 1.706e-01
[20/04/26 18:35:23][src.callback.progress][INFO] - Epoch 131: v_recons 1.768e-01  recons 1.308e-01  v_loss 3.578e-01  loss 1.645e-01  v_latent 8.876e-01  latent 6.521e-01  v_kl 3.620e+01  kl 2.049e+01  v_contrastive 1.806e+00  contrastive 3.346e-01  v_t2m/len 1530  v_t2m/R01 19.67%  v_t2m/R02 25.95%  v_t2m/R03 32.75%  v_t2m/R05 40.77%  v_t2m/R10 53.2%  v_t2m/MedR 9.0%  v_m2t/len 1530  v_m2t/R01 20.71%  v_m2t/R02 24.37%  v_m2t/R03 32.41%  v_m2t/R05 39.66%  v_m2t/R10 51.36%  v_m2t/MedR 10.0%
[20/04/26 18:35:29][src.callback.progress][INFO] - Epoch 132 step 25350/192: loss 1.611e-01
[20/04/26 18:35:40][src.callback.progress][INFO] - Epoch 132 step 25400/192: loss 1.422e-01
[20/04/26 18:35:50][src.callback.progress][INFO] - Epoch 132 step 25450/192: loss 1.572e-01
[20/04/26 18:36:00][src.callback.progress][INFO] - Epoch 132 step 25500/192: loss 1.710e-01
[20/04/26 18:36:09][src.callback.progress][INFO] - Epoch 132: v_recons 1.783e-01  recons 1.305e-01  v_loss 3.574e-01  loss 1.640e-01  v_latent 8.872e-01  latent 6.512e-01  v_kl 3.763e+01  kl 2.058e+01  v_contrastive 1.787e+00  contrastive 3.328e-01  v_t2m/len 1530  v_t2m/R01 18.95%  v_t2m/R02 25.1%  v_t2m/R03 33.4%  v_t2m/R05 41.04%  v_t2m/R10 54.31%  v_t2m/MedR 9.0%  v_m2t/len 1530  v_m2t/R01 19.93%  v_m2t/R02 23.65%  v_m2t/R03 32.88%  v_m2t/R05 40.65%  v_m2t/R10 52.15%  v_m2t/MedR 9.0%
[20/04/26 18:36:16][src.callback.progress][INFO] - Epoch 133 step 25550/192: loss 1.785e-01
[20/04/26 18:36:26][src.callback.progress][INFO] - Epoch 133 step 25600/192: loss 1.607e-01
[20/04/26 18:36:37][src.callback.progress][INFO] - Epoch 133 step 25650/192: loss 1.754e-01
[20/04/26 18:36:47][src.callback.progress][INFO] - Epoch 133 step 25700/192: loss 1.745e-01
[20/04/26 18:36:54][src.callback.progress][INFO] - Epoch 133: v_recons 1.773e-01  recons 1.303e-01  v_loss 3.560e-01  loss 1.633e-01  v_latent 8.855e-01  latent 6.498e-01  v_kl 3.726e+01  kl 2.070e+01  v_contrastive 1.783e+00  contrastive 3.283e-01  v_t2m/len 1530  v_t2m/R01 18.69%  v_t2m/R02 24.57%  v_t2m/R03 31.82%  v_t2m/R05 39.93%  v_t2m/R10 54.43%  v_t2m/MedR 9.0%  v_m2t/len 1530  v_m2t/R01 20.45%  v_m2t/R02 24.18%  v_m2t/R03 32.88%  v_m2t/R05 41.04%  v_m2t/R10 51.95%  v_m2t/MedR 9.0%
[20/04/26 18:37:03][src.callback.progress][INFO] - Epoch 134 step 25750/192: loss 1.573e-01
[20/04/26 18:37:14][src.callback.progress][INFO] - Epoch 134 step 25800/192: loss 1.637e-01
[20/04/26 18:37:24][src.callback.progress][INFO] - Epoch 134 step 25850/192: loss 1.683e-01
[20/04/26 18:37:34][src.callback.progress][INFO] - Epoch 134 step 25900/192: loss 1.621e-01
[20/04/26 18:37:40][src.callback.progress][INFO] - Epoch 134: v_recons 1.774e-01  recons 1.300e-01  v_loss 3.578e-01  loss 1.628e-01  v_latent 8.889e-01  latent 6.497e-01  v_kl 3.751e+01  kl 2.081e+01  v_contrastive 1.800e+00  contrastive 3.257e-01  v_t2m/len 1530  v_t2m/R01 18.62%  v_t2m/R02 24.37%  v_t2m/R03 31.11%  v_t2m/R05 39.47%  v_t2m/R10 53.59%  v_t2m/MedR 9.0%  v_m2t/len 1530  v_m2t/R01 21.04%  v_m2t/R02 24.44%  v_m2t/R03 32.34%  v_m2t/R05 39.66%  v_m2t/R10 51.31%  v_m2t/MedR 10.0%
[20/04/26 18:37:50][src.callback.progress][INFO] - Epoch 135 step 25950/192: loss 1.490e-01
[20/04/26 18:38:00][src.callback.progress][INFO] - Epoch 135 step 26000/192: loss 1.814e-01
[20/04/26 18:38:11][src.callback.progress][INFO] - Epoch 135 step 26050/192: loss 1.638e-01
[20/04/26 18:38:21][src.callback.progress][INFO] - Epoch 135 step 26100/192: loss 1.544e-01
[20/04/26 18:38:25][src.callback.progress][INFO] - Epoch 135: v_recons 1.776e-01  recons 1.297e-01  v_loss 3.598e-01  loss 1.621e-01  v_latent 8.957e-01  latent 6.498e-01  v_kl 3.870e+01  kl 2.093e+01  v_contrastive 1.818e+00  contrastive 3.215e-01  v_t2m/len 1530  v_t2m/R01 18.1%  v_t2m/R02 23.39%  v_t2m/R03 32.09%  v_t2m/R05 40.77%  v_t2m/R10 53.59%  v_t2m/MedR 9.0%  v_m2t/len 1530  v_m2t/R01 19.61%  v_m2t/R02 22.87%  v_m2t/R03 30.32%  v_m2t/R05 38.56%  v_m2t/R10 50.38%  v_m2t/MedR 10.0%
[20/04/26 18:38:39][src.callback.progress][INFO] - Epoch 136 step 26150/192: loss 1.771e-01
[20/04/26 18:38:49][src.callback.progress][INFO] - Epoch 136 step 26200/192: loss 1.614e-01
[20/04/26 18:38:59][src.callback.progress][INFO] - Epoch 136 step 26250/192: loss 1.758e-01
[20/04/26 18:39:09][src.callback.progress][INFO] - Epoch 136 step 26300/192: loss 1.646e-01
[20/04/26 18:39:12][src.callback.progress][INFO] - Epoch 136: v_recons 1.775e-01  recons 1.296e-01  v_loss 3.589e-01  loss 1.621e-01  v_latent 8.974e-01  latent 6.506e-01  v_kl 3.826e+01  kl 2.112e+01  v_contrastive 1.810e+00  contrastive 3.228e-01  v_t2m/len 1530  v_t2m/R01 18.69%  v_t2m/R02 24.12%  v_t2m/R03 31.5%  v_t2m/R05 41.04%  v_t2m/R10 54.11%  v_t2m/MedR 9.0%  v_m2t/len 1530  v_m2t/R01 21.23%  v_m2t/R02 25.03%  v_m2t/R03 32.81%  v_m2t/R05 40.45%  v_m2t/R10 51.18%  v_m2t/MedR 10.0%
[20/04/26 18:39:26][src.callback.progress][INFO] - Epoch 137 step 26350/192: loss 1.562e-01
[20/04/26 18:39:36][src.callback.progress][INFO] - Epoch 137 step 26400/192: loss 1.587e-01
[20/04/26 18:39:46][src.callback.progress][INFO] - Epoch 137 step 26450/192: loss 1.601e-01
[20/04/26 18:39:57][src.callback.progress][INFO] - Epoch 137: v_recons 1.779e-01  recons 1.292e-01  v_loss 3.617e-01  loss 1.613e-01  v_latent 8.967e-01  latent 6.491e-01  v_kl 3.877e+01  kl 2.119e+01  v_contrastive 1.834e+00  contrastive 3.187e-01  v_t2m/len 1530  v_t2m/R01 17.96%  v_t2m/R02 24.51%  v_t2m/R03 31.18%  v_t2m/R05 40.0%  v_t2m/R10 54.04%  v_t2m/MedR 9.0%  v_m2t/len 1530  v_m2t/R01 20.59%  v_m2t/R02 24.04%  v_m2t/R03 33.06%  v_m2t/R05 41.56%  v_m2t/R10 52.34%  v_m2t/MedR 9.0%
[20/04/26 18:40:02][src.callback.progress][INFO] - Epoch 138 step 26500/192: loss 1.685e-01
[20/04/26 18:40:12][src.callback.progress][INFO] - Epoch 138 step 26550/192: loss 1.668e-01
[20/04/26 18:40:22][src.callback.progress][INFO] - Epoch 138 step 26600/192: loss 1.763e-01
[20/04/26 18:40:33][src.callback.progress][INFO] - Epoch 138 step 26650/192: loss 1.654e-01
[20/04/26 18:40:42][src.callback.progress][INFO] - Epoch 138: v_recons 1.773e-01  recons 1.289e-01  v_loss 3.616e-01  loss 1.603e-01  v_latent 9.055e-01  latent 6.477e-01  v_kl 3.930e+01  kl 2.127e+01  v_contrastive 1.839e+00  contrastive 3.119e-01  v_t2m/len 1530  v_t2m/R01 17.84%  v_t2m/R02 23.01%  v_t2m/R03 31.23%  v_t2m/R05 39.34%  v_t2m/R10 53.33%  v_t2m/MedR 9.0%  v_m2t/len 1530  v_m2t/R01 21.18%  v_m2t/R02 23.72%  v_m2t/R03 32.47%  v_m2t/R05 39.61%  v_m2t/R10 51.04%  v_m2t/MedR 10.0%
[20/04/26 18:40:49][src.callback.progress][INFO] - Epoch 139 step 26700/192: loss 1.572e-01
[20/04/26 18:40:59][src.callback.progress][INFO] - Epoch 139 step 26750/192: loss 1.705e-01
[20/04/26 18:41:09][src.callback.progress][INFO] - Epoch 139 step 26800/192: loss 1.456e-01
[20/04/26 18:41:20][src.callback.progress][INFO] - Epoch 139 step 26850/192: loss 1.650e-01
[20/04/26 18:41:27][src.callback.progress][INFO] - Epoch 139: v_recons 1.786e-01  recons 1.287e-01  v_loss 3.649e-01  loss 1.599e-01  v_latent 9.056e-01  latent 6.483e-01  v_kl 3.944e+01  kl 2.130e+01  v_contrastive 1.859e+00  contrastive 3.102e-01  v_t2m/len 1530  v_t2m/R01 19.35%  v_t2m/R02 24.25%  v_t2m/R03 32.02%  v_t2m/R05 39.74%  v_t2m/R10 53.99%  v_t2m/MedR 9.0%  v_m2t/len 1530  v_m2t/R01 20.52%  v_m2t/R02 24.18%  v_m2t/R03 32.88%  v_m2t/R05 40.25%  v_m2t/R10 50.33%  v_m2t/MedR 10.0%
[20/04/26 18:41:36][src.callback.progress][INFO] - Epoch 140 step 26900/192: loss 1.482e-01
[20/04/26 18:41:46][src.callback.progress][INFO] - Epoch 140 step 26950/192: loss 1.824e-01
[20/04/26 18:41:56][src.callback.progress][INFO] - Epoch 140 step 27000/192: loss 1.528e-01
[20/04/26 18:42:06][src.callback.progress][INFO] - Epoch 140 step 27050/192: loss 1.505e-01
[20/04/26 18:42:13][src.callback.progress][INFO] - Epoch 140: v_recons 1.793e-01  recons 1.284e-01  v_loss 3.655e-01  loss 1.593e-01  v_latent 9.086e-01  latent 6.477e-01  v_kl 3.934e+01  kl 2.128e+01  v_contrastive 1.859e+00  contrastive 3.074e-01  v_t2m/len 1530  v_t2m/R01 18.1%  v_t2m/R02 23.01%  v_t2m/R03 31.23%  v_t2m/R05 39.27%  v_t2m/R10 51.04%  v_t2m/MedR 10.0%  v_m2t/len 1530  v_m2t/R01 19.07%  v_m2t/R02 22.68%  v_m2t/R03 31.62%  v_m2t/R05 39.02%  v_m2t/R10 49.34%  v_m2t/MedR 11.0%
[20/04/26 18:42:24][src.callback.progress][INFO] - Epoch 141 step 27100/192: loss 1.478e-01
[20/04/26 18:42:34][src.callback.progress][INFO] - Epoch 141 step 27150/192: loss 1.466e-01
[20/04/26 18:42:44][src.callback.progress][INFO] - Epoch 141 step 27200/192: loss 1.739e-01
[20/04/26 18:42:55][src.callback.progress][INFO] - Epoch 141 step 27250/192: loss 1.459e-01
[20/04/26 18:42:59][src.callback.progress][INFO] - Epoch 141: v_recons 1.786e-01  recons 1.279e-01  v_loss 3.637e-01  loss 1.591e-01  v_latent 9.072e-01  latent 6.491e-01  v_kl 3.937e+01  kl 2.142e+01  v_contrastive 1.846e+00  contrastive 3.095e-01  v_t2m/len 1530  v_t2m/R01 18.95%  v_t2m/R02 24.51%  v_t2m/R03 31.44%  v_t2m/R05 39.93%  v_t2m/R10 53.27%  v_t2m/MedR 9.0%  v_m2t/len 1530  v_m2t/R01 19.21%  v_m2t/R02 22.68%  v_m2t/R03 31.62%  v_m2t/R05 40.38%  v_m2t/R10 52.54%  v_m2t/MedR 9.0%
[20/04/26 18:43:11][src.callback.progress][INFO] - Epoch 142 step 27300/192: loss 1.513e-01
[20/04/26 18:43:22][src.callback.progress][INFO] - Epoch 142 step 27350/192: loss 1.530e-01
[20/04/26 18:43:32][src.callback.progress][INFO] - Epoch 142 step 27400/192: loss 1.562e-01
[20/04/26 18:43:42][src.callback.progress][INFO] - Epoch 142 step 27450/192: loss 1.840e-01
[20/04/26 18:43:45][src.callback.progress][INFO] - Epoch 142: v_recons 1.787e-01  recons 1.277e-01  v_loss 3.640e-01  loss 1.585e-01  v_latent 9.100e-01  latent 6.462e-01  v_kl 4.008e+01  kl 2.150e+01  v_contrastive 1.849e+00  contrastive 3.060e-01  v_t2m/len 1530  v_t2m/R01 18.23%  v_t2m/R02 22.94%  v_t2m/R03 31.62%  v_t2m/R05 39.02%  v_t2m/R10 51.63%  v_t2m/MedR 9.0%  v_m2t/len 1530  v_m2t/R01 19.21%  v_m2t/R02 23.01%  v_m2t/R03 31.95%  v_m2t/R05 40.72%  v_m2t/R10 50.25%  v_m2t/MedR 10.0%
[20/04/26 18:43:59][src.callback.progress][INFO] - Epoch 143 step 27500/192: loss 1.651e-01
[20/04/26 18:44:09][src.callback.progress][INFO] - Epoch 143 step 27550/192: loss 1.535e-01
[20/04/26 18:44:19][src.callback.progress][INFO] - Epoch 143 step 27600/192: loss 1.818e-01
[20/04/26 18:44:31][src.callback.progress][INFO] - Epoch 143: v_recons 1.793e-01  recons 1.273e-01  v_loss 3.603e-01  loss 1.581e-01  v_latent 9.051e-01  latent 6.482e-01  v_kl 3.961e+01  kl 2.179e+01  v_contrastive 1.806e+00  contrastive 3.054e-01  v_t2m/len 1530  v_t2m/R01 16.98%  v_t2m/R02 21.44%  v_t2m/R03 32.22%  v_t2m/R05 40.38%  v_t2m/R10 53.99%  v_t2m/MedR 9.0%  v_m2t/len 1530  v_m2t/R01 19.02%  v_m2t/R02 22.8%  v_m2t/R03 30.26%  v_m2t/R05 39.66%  v_m2t/R10 51.11%  v_m2t/MedR 10.0%
[20/04/26 18:44:36][src.callback.progress][INFO] - Epoch 144 step 27650/192: loss 1.603e-01
[20/04/26 18:44:46][src.callback.progress][INFO] - Epoch 144 step 27700/192: loss 1.542e-01
[20/04/26 18:44:56][src.callback.progress][INFO] - Epoch 144 step 27750/192: loss 1.758e-01
[20/04/26 18:45:06][src.callback.progress][INFO] - Epoch 144 step 27800/192: loss 1.577e-01
[20/04/26 18:45:16][src.callback.progress][INFO] - Epoch 144: v_recons 1.802e-01  recons 1.272e-01  v_loss 3.667e-01  loss 1.574e-01  v_latent 9.118e-01  latent 6.475e-01  v_kl 4.078e+01  kl 2.184e+01  v_contrastive 1.861e+00  contrastive 2.999e-01  v_t2m/len 1530  v_t2m/R01 19.28%  v_t2m/R02 23.72%  v_t2m/R03 31.76%  v_t2m/R05 39.4%  v_t2m/R10 52.93%  v_t2m/MedR 9.0%  v_m2t/len 1530  v_m2t/R01 19.61%  v_m2t/R02 21.95%  v_m2t/R03 31.04%  v_m2t/R05 39.15%  v_m2t/R10 50.0%  v_m2t/MedR 10.5%
[20/04/26 18:45:23][src.callback.progress][INFO] - Epoch 145 step 27850/192: loss 1.547e-01
[20/04/26 18:45:33][src.callback.progress][INFO] - Epoch 145 step 27900/192: loss 1.487e-01
[20/04/26 18:45:43][src.callback.progress][INFO] - Epoch 145 step 27950/192: loss 1.584e-01
[20/04/26 18:45:53][src.callback.progress][INFO] - Epoch 145 step 28000/192: loss 1.389e-01
[20/04/26 18:46:02][src.callback.progress][INFO] - Epoch 145: v_recons 1.778e-01  recons 1.268e-01  v_loss 3.640e-01  loss 1.568e-01  v_latent 9.129e-01  latent 6.480e-01  v_kl 4.021e+01  kl 2.185e+01  v_contrastive 1.859e+00  contrastive 2.971e-01  v_t2m/len 1530  v_t2m/R01 19.07%  v_t2m/R02 24.25%  v_t2m/R03 32.15%  v_t2m/R05 40.0%  v_t2m/R10 53.72%  v_t2m/MedR 9.0%  v_m2t/len 1530  v_m2t/R01 19.73%  v_m2t/R02 23.45%  v_m2t/R03 32.88%  v_m2t/R05 40.13%  v_m2t/R10 49.74%  v_m2t/MedR 11.0%
[20/04/26 18:46:10][src.callback.progress][INFO] - Epoch 146 step 28050/192: loss 1.684e-01
[20/04/26 18:46:20][src.callback.progress][INFO] - Epoch 146 step 28100/192: loss 1.713e-01
[20/04/26 18:46:30][src.callback.progress][INFO] - Epoch 146 step 28150/192: loss 1.685e-01
[20/04/26 18:46:40][src.callback.progress][INFO] - Epoch 146 step 28200/192: loss 1.595e-01
[20/04/26 18:46:47][src.callback.progress][INFO] - Epoch 146: v_recons 1.782e-01  recons 1.265e-01  v_loss 3.621e-01  loss 1.568e-01  v_latent 9.160e-01  latent 6.477e-01  v_kl 4.070e+01  kl 2.196e+01  v_contrastive 1.835e+00  contrastive 3.004e-01  v_t2m/len 1530  v_t2m/R01 18.04%  v_t2m/R02 23.53%  v_t2m/R03 32.09%  v_t2m/R05 40.13%  v_t2m/R10 53.99%  v_t2m/MedR 9.0%  v_m2t/len 1530  v_m2t/R01 20.12%  v_m2t/R02 23.01%  v_m2t/R03 32.47%  v_m2t/R05 39.86%  v_m2t/R10 51.56%  v_m2t/MedR 9.0%
[20/04/26 18:46:57][src.callback.progress][INFO] - Epoch 147 step 28250/192: loss 1.627e-01
[20/04/26 18:47:07][src.callback.progress][INFO] - Epoch 147 step 28300/192: loss 1.596e-01
[20/04/26 18:47:17][src.callback.progress][INFO] - Epoch 147 step 28350/192: loss 1.530e-01
[20/04/26 18:47:28][src.callback.progress][INFO] - Epoch 147 step 28400/192: loss 1.601e-01
[20/04/26 18:47:33][src.callback.progress][INFO] - Epoch 147: v_recons 1.760e-01  recons 1.263e-01  v_loss 3.605e-01  loss 1.559e-01  v_latent 9.148e-01  latent 6.468e-01  v_kl 4.122e+01  kl 2.209e+01  v_contrastive 1.842e+00  contrastive 2.938e-01  v_t2m/len 1530  v_t2m/R01 17.7%  v_t2m/R02 23.39%  v_t2m/R03 31.82%  v_t2m/R05 39.93%  v_t2m/R10 52.68%  v_t2m/MedR 9.0%  v_m2t/len 1530  v_m2t/R01 18.69%  v_m2t/R02 22.03%  v_m2t/R03 33.27%  v_m2t/R05 40.45%  v_m2t/R10 49.66%  v_m2t/MedR 11.0%
[20/04/26 18:47:44][src.callback.progress][INFO] - Epoch 148 step 28450/192: loss 1.649e-01
[20/04/26 18:47:54][src.callback.progress][INFO] - Epoch 148 step 28500/192: loss 1.494e-01
[20/04/26 18:48:04][src.callback.progress][INFO] - Epoch 148 step 28550/192: loss 1.458e-01
[20/04/26 18:48:14][src.callback.progress][INFO] - Epoch 148 step 28600/192: loss 1.486e-01
[20/04/26 18:48:18][src.callback.progress][INFO] - Epoch 148: v_recons 1.788e-01  recons 1.258e-01  v_loss 3.604e-01  loss 1.553e-01  v_latent 9.102e-01  latent 6.461e-01  v_kl 4.069e+01  kl 2.218e+01  v_contrastive 1.813e+00  contrastive 2.927e-01  v_t2m/len 1530  v_t2m/R01 18.04%  v_t2m/R02 23.13%  v_t2m/R03 31.89%  v_t2m/R05 39.08%  v_t2m/R10 53.91%  v_t2m/MedR 9.0%  v_m2t/len 1530  v_m2t/R01 19.93%  v_m2t/R02 23.39%  v_m2t/R03 32.81%  v_m2t/R05 39.4%  v_m2t/R10 51.9%  v_m2t/MedR 9.5%
[20/04/26 18:48:31][src.callback.progress][INFO] - Epoch 149 step 28650/192: loss 1.586e-01
[20/04/26 18:48:41][src.callback.progress][INFO] - Epoch 149 step 28700/192: loss 1.637e-01
[20/04/26 18:48:51][src.callback.progress][INFO] - Epoch 149 step 28750/192: loss 1.389e-01
[20/04/26 18:49:01][src.callback.progress][INFO] - Epoch 149 step 28800/192: loss 1.504e-01
[20/04/26 18:49:03][src.callback.progress][INFO] - Epoch 149: v_recons 1.772e-01  recons 1.260e-01  v_loss 3.618e-01  loss 1.552e-01  v_latent 9.164e-01  latent 6.489e-01  v_kl 4.138e+01  kl 2.234e+01  v_contrastive 1.841e+00  contrastive 2.898e-01  v_t2m/len 1530  v_t2m/R01 18.43%  v_t2m/R02 23.79%  v_t2m/R03 30.97%  v_t2m/R05 38.88%  v_t2m/R10 53.59%  v_t2m/MedR 9.0%  v_m2t/len 1530  v_m2t/R01 20.0%  v_m2t/R02 22.8%  v_m2t/R03 33.06%  v_m2t/R05 39.22%  v_m2t/R10 49.79%  v_m2t/MedR 11.0%
[20/04/26 18:49:18][src.callback.progress][INFO] - Epoch 150 step 28850/192: loss 1.472e-01
[20/04/26 18:49:28][src.callback.progress][INFO] - Epoch 150 step 28900/192: loss 1.424e-01
[20/04/26 18:49:38][src.callback.progress][INFO] - Epoch 150 step 28950/192: loss 1.499e-01
[20/04/26 18:49:48][src.callback.progress][INFO] - Epoch 150: v_recons 1.770e-01  recons 1.254e-01  v_loss 3.583e-01  loss 1.543e-01  v_latent 9.141e-01  latent 6.461e-01  v_kl 4.102e+01  kl 2.236e+01  v_contrastive 1.809e+00  contrastive 2.872e-01  v_t2m/len 1530  v_t2m/R01 18.62%  v_t2m/R02 24.3%  v_t2m/R03 32.02%  v_t2m/R05 40.25%  v_t2m/R10 53.27%  v_t2m/MedR 9.0%  v_m2t/len 1530  v_m2t/R01 19.14%  v_m2t/R02 23.32%  v_m2t/R03 33.72%  v_m2t/R05 41.24%  v_m2t/R10 51.11%  v_m2t/MedR 9.0%
[20/04/26 18:49:56][src.callback.progress][INFO] - Epoch 151 step 29000/192: loss 1.694e-01
[20/04/26 18:50:06][src.callback.progress][INFO] - Epoch 151 step 29050/192: loss 1.710e-01
[20/04/26 18:50:16][src.callback.progress][INFO] - Epoch 151 step 29100/192: loss 1.720e-01
[20/04/26 18:50:26][src.callback.progress][INFO] - Epoch 151 step 29150/192: loss 1.572e-01
[20/04/26 18:50:35][src.callback.progress][INFO] - Epoch 151: v_recons 1.796e-01  recons 1.249e-01  v_loss 3.647e-01  loss 1.535e-01  v_latent 9.254e-01  latent 6.457e-01  v_kl 4.213e+01  kl 2.233e+01  v_contrastive 1.847e+00  contrastive 2.835e-01  v_t2m/len 1530  v_t2m/R01 18.37%  v_t2m/R02 23.01%  v_t2m/R03 31.5%  v_t2m/R05 40.06%  v_t2m/R10 53.27%  v_t2m/MedR 9.0%  v_m2t/len 1530  v_m2t/R01 19.35%  v_m2t/R02 22.47%  v_m2t/R03 32.02%  v_m2t/R05 40.0%  v_m2t/R10 51.24%  v_m2t/MedR 9.0%
[20/04/26 18:50:43][src.callback.progress][INFO] - Epoch 152 step 29200/192: loss 1.654e-01
[20/04/26 18:50:53][src.callback.progress][INFO] - Epoch 152 step 29250/192: loss 1.355e-01
[20/04/26 18:51:03][src.callback.progress][INFO] - Epoch 152 step 29300/192: loss 1.438e-01
[20/04/26 18:51:13][src.callback.progress][INFO] - Epoch 152 step 29350/192: loss 1.427e-01
[20/04/26 18:51:20][src.callback.progress][INFO] - Epoch 152: v_recons 1.762e-01  recons 1.247e-01  v_loss 3.606e-01  loss 1.535e-01  v_latent 9.203e-01  latent 6.474e-01  v_kl 4.203e+01  kl 2.264e+01  v_contrastive 1.839e+00  contrastive 2.856e-01  v_t2m/len 1530  v_t2m/R01 17.25%  v_t2m/R02 22.87%  v_t2m/R03 31.7%  v_t2m/R05 40.38%  v_t2m/R10 52.54%  v_t2m/MedR 9.0%  v_m2t/len 1530  v_m2t/R01 19.4%  v_m2t/R02 22.54%  v_m2t/R03 32.54%  v_m2t/R05 40.06%  v_m2t/R10 51.95%  v_m2t/MedR 9.0%
[20/04/26 18:51:30][src.callback.progress][INFO] - Epoch 153 step 29400/192: loss 1.395e-01
[20/04/26 18:51:40][src.callback.progress][INFO] - Epoch 153 step 29450/192: loss 1.594e-01
[20/04/26 18:51:50][src.callback.progress][INFO] - Epoch 153 step 29500/192: loss 1.427e-01
[20/04/26 18:52:00][src.callback.progress][INFO] - Epoch 153 step 29550/192: loss 1.555e-01
[20/04/26 18:52:06][src.callback.progress][INFO] - Epoch 153: v_recons 1.782e-01  recons 1.245e-01  v_loss 3.624e-01  loss 1.527e-01  v_latent 9.236e-01  latent 6.452e-01  v_kl 4.234e+01  kl 2.252e+01  v_contrastive 1.838e+00  contrastive 2.794e-01  v_t2m/len 1530  v_t2m/R01 17.84%  v_t2m/R02 23.13%  v_t2m/R03 31.82%  v_t2m/R05 40.77%  v_t2m/R10 53.06%  v_t2m/MedR 9.0%  v_m2t/len 1530  v_m2t/R01 19.28%  v_m2t/R02 23.72%  v_m2t/R03 31.5%  v_m2t/R05 40.13%  v_m2t/R10 50.84%  v_m2t/MedR 10.0%
[20/04/26 18:52:17][src.callback.progress][INFO] - Epoch 154 step 29600/192: loss 1.631e-01
[20/04/26 18:52:27][src.callback.progress][INFO] - Epoch 154 step 29650/192: loss 1.729e-01
[20/04/26 18:52:37][src.callback.progress][INFO] - Epoch 154 step 29700/192: loss 1.617e-01
[20/04/26 18:52:48][src.callback.progress][INFO] - Epoch 154 step 29750/192: loss 1.297e-01
[20/04/26 18:52:52][src.callback.progress][INFO] - Epoch 154: v_recons 1.772e-01  recons 1.243e-01  v_loss 3.601e-01  loss 1.523e-01  v_latent 9.219e-01  latent 6.470e-01  v_kl 4.154e+01  kl 2.271e+01  v_contrastive 1.824e+00  contrastive 2.780e-01  v_t2m/len 1530  v_t2m/R01 18.62%  v_t2m/R02 25.48%  v_t2m/R03 31.89%  v_t2m/R05 40.65%  v_t2m/R10 54.25%  v_t2m/MedR 9.0%  v_m2t/len 1530  v_m2t/R01 21.56%  v_m2t/R02 24.44%  v_m2t/R03 32.29%  v_m2t/R05 40.52%  v_m2t/R10 50.38%  v_m2t/MedR 10.0%
[20/04/26 18:53:05][src.callback.progress][INFO] - Epoch 155 step 29800/192: loss 1.454e-01
[20/04/26 18:53:16][src.callback.progress][INFO] - Epoch 155 step 29850/192: loss 1.623e-01
[20/04/26 18:53:26][src.callback.progress][INFO] - Epoch 155 step 29900/192: loss 1.352e-01
[20/04/26 18:53:36][src.callback.progress][INFO] - Epoch 155 step 29950/192: loss 1.417e-01
[20/04/26 18:53:38][src.callback.progress][INFO] - Epoch 155: v_recons 1.786e-01  recons 1.243e-01  v_loss 3.652e-01  loss 1.520e-01  v_latent 9.338e-01  latent 6.453e-01  v_kl 4.318e+01  kl 2.275e+01  v_contrastive 1.861e+00  contrastive 2.748e-01  v_t2m/len 1530  v_t2m/R01 17.25%  v_t2m/R02 21.7%  v_t2m/R03 30.92%  v_t2m/R05 40.06%  v_t2m/R10 53.13%  v_t2m/MedR 9.0%  v_m2t/len 1530  v_m2t/R01 19.79%  v_m2t/R02 22.68%  v_m2t/R03 31.56%  v_m2t/R05 39.02%  v_m2t/R10 50.65%  v_m2t/MedR 10.0%
[20/04/26 18:53:53][src.callback.progress][INFO] - Epoch 156 step 30000/192: loss 1.542e-01
[20/04/26 18:54:03][src.callback.progress][INFO] - Epoch 156 step 30050/192: loss 1.434e-01
[20/04/26 18:54:13][src.callback.progress][INFO] - Epoch 156 step 30100/192: loss 1.393e-01
[20/04/26 18:54:24][src.callback.progress][INFO] - Epoch 156: v_recons 1.775e-01  recons 1.241e-01  v_loss 3.630e-01  loss 1.519e-01  v_latent 9.256e-01  latent 6.476e-01  v_kl 4.254e+01  kl 2.288e+01  v_contrastive 1.851e+00  contrastive 2.755e-01  v_t2m/len 1530  v_t2m/R01 18.23%  v_t2m/R02 23.39%  v_t2m/R03 31.11%  v_t2m/R05 39.4%  v_t2m/R10 53.91%  v_t2m/MedR 9.0%  v_m2t/len 1530  v_m2t/R01 19.73%  v_m2t/R02 22.8%  v_m2t/R03 31.23%  v_m2t/R05 39.47%  v_m2t/R10 50.25%  v_m2t/MedR 10.0%
[20/04/26 18:54:29][src.callback.progress][INFO] - Epoch 157 step 30150/192: loss 1.440e-01
[20/04/26 18:54:40][src.callback.progress][INFO] - Epoch 157 step 30200/192: loss 1.372e-01
[20/04/26 18:54:50][src.callback.progress][INFO] - Epoch 157 step 30250/192: loss 1.461e-01
[20/04/26 18:55:00][src.callback.progress][INFO] - Epoch 157 step 30300/192: loss 1.520e-01
[20/04/26 18:55:09][src.callback.progress][INFO] - Epoch 157: v_recons 1.773e-01  recons 1.240e-01  v_loss 3.632e-01  loss 1.509e-01  v_latent 9.297e-01  latent 6.468e-01  v_kl 4.312e+01  kl 2.299e+01  v_contrastive 1.855e+00  contrastive 2.662e-01  v_t2m/len 1530  v_t2m/R01 18.95%  v_t2m/R02 24.84%  v_t2m/R03 32.22%  v_t2m/R05 40.13%  v_t2m/R10 53.27%  v_t2m/MedR 9.0%  v_m2t/len 1530  v_m2t/R01 20.2%  v_m2t/R02 23.2%  v_m2t/R03 33.65%  v_m2t/R05 40.77%  v_m2t/R10 52.09%  v_m2t/MedR 9.0%
[20/04/26 18:55:16][src.callback.progress][INFO] - Epoch 158 step 30350/192: loss 1.605e-01
[20/04/26 18:55:26][src.callback.progress][INFO] - Epoch 158 step 30400/192: loss 1.363e-01
[20/04/26 18:55:37][src.callback.progress][INFO] - Epoch 158 step 30450/192: loss 1.594e-01
[20/04/26 18:55:47][src.callback.progress][INFO] - Epoch 158 step 30500/192: loss 1.566e-01
[20/04/26 18:55:54][src.callback.progress][INFO] - Epoch 158: v_recons 1.774e-01  recons 1.235e-01  v_loss 3.630e-01  loss 1.512e-01  v_latent 9.306e-01  latent 6.491e-01  v_kl 4.321e+01  kl 2.309e+01  v_contrastive 1.851e+00  contrastive 2.748e-01  v_t2m/len 1530  v_t2m/R01 19.79%  v_t2m/R02 24.89%  v_t2m/R03 32.81%  v_t2m/R05 40.45%  v_t2m/R10 53.79%  v_t2m/MedR 9.0%  v_m2t/len 1530  v_m2t/R01 20.26%  v_m2t/R02 23.13%  v_m2t/R03 32.34%  v_m2t/R05 40.2%  v_m2t/R10 51.11%  v_m2t/MedR 9.5%
[20/04/26 18:56:04][src.callback.progress][INFO] - Epoch 159 step 30550/192: loss 1.255e-01
[20/04/26 18:56:14][src.callback.progress][INFO] - Epoch 159 step 30600/192: loss 1.606e-01
[20/04/26 18:56:24][src.callback.progress][INFO] - Epoch 159 step 30650/192: loss 1.490e-01
[20/04/26 18:56:34][src.callback.progress][INFO] - Epoch 159 step 30700/192: loss 1.305e-01
[20/04/26 18:56:40][src.callback.progress][INFO] - Epoch 159: v_recons 1.774e-01  recons 1.231e-01  v_loss 3.600e-01  loss 1.505e-01  v_latent 9.292e-01  latent 6.468e-01  v_kl 4.342e+01  kl 2.317e+01  v_contrastive 1.821e+00  contrastive 2.718e-01  v_t2m/len 1530  v_t2m/R01 18.88%  v_t2m/R02 23.06%  v_t2m/R03 32.34%  v_t2m/R05 41.9%  v_t2m/R10 54.7%  v_t2m/MedR 8.0%  v_m2t/len 1530  v_m2t/R01 19.07%  v_m2t/R02 22.54%  v_m2t/R03 32.93%  v_m2t/R05 41.04%  v_m2t/R10 52.02%  v_m2t/MedR 9.0%
[20/04/26 18:56:54][src.callback.progress][INFO] - Epoch 160 step 30750/192: loss 1.447e-01
[20/04/26 18:57:04][src.callback.progress][INFO] - Epoch 160 step 30800/192: loss 1.481e-01
[20/04/26 18:57:14][src.callback.progress][INFO] - Epoch 160 step 30850/192: loss 1.436e-01
[20/04/26 18:57:24][src.callback.progress][INFO] - Epoch 160 step 30900/192: loss 1.492e-01
[20/04/26 18:57:28][src.callback.progress][INFO] - Epoch 160: v_recons 1.774e-01  recons 1.229e-01  v_loss 3.642e-01  loss 1.501e-01  v_latent 9.376e-01  latent 6.469e-01  v_kl 4.390e+01  kl 2.321e+01  v_contrastive 1.864e+00  contrastive 2.695e-01  v_t2m/len 1530  v_t2m/R01 18.5%  v_t2m/R02 23.79%  v_t2m/R03 32.22%  v_t2m/R05 41.18%  v_t2m/R10 53.59%  v_t2m/MedR 9.0%  v_m2t/len 1530  v_m2t/R01 19.14%  v_m2t/R02 22.29%  v_m2t/R03 32.15%  v_m2t/R05 41.11%  v_m2t/R10 52.34%  v_m2t/MedR 9.0%
[20/04/26 18:57:41][src.callback.progress][INFO] - Epoch 161 step 30950/192: loss 1.603e-01
[20/04/26 18:57:51][src.callback.progress][INFO] - Epoch 161 step 31000/192: loss 1.516e-01
[20/04/26 18:58:01][src.callback.progress][INFO] - Epoch 161 step 31050/192: loss 1.358e-01
[20/04/26 18:58:11][src.callback.progress][INFO] - Epoch 161 step 31100/192: loss 1.420e-01
[20/04/26 18:58:14][src.callback.progress][INFO] - Epoch 161: v_recons 1.797e-01  recons 1.226e-01  v_loss 3.672e-01  loss 1.493e-01  v_latent 9.396e-01  latent 6.471e-01  v_kl 4.450e+01  kl 2.337e+01  v_contrastive 1.871e+00  contrastive 2.652e-01  v_t2m/len 1530  v_t2m/R01 18.5%  v_t2m/R02 24.51%  v_t2m/R03 32.61%  v_t2m/R05 39.79%  v_t2m/R10 51.83%  v_t2m/MedR 9.0%  v_m2t/len 1530  v_m2t/R01 18.88%  v_m2t/R02 22.68%  v_m2t/R03 32.22%  v_m2t/R05 39.54%  v_m2t/R10 50.72%  v_m2t/MedR 10.0%
[20/04/26 18:58:28][src.callback.progress][INFO] - Epoch 162 step 31150/192: loss 1.373e-01
[20/04/26 18:58:38][src.callback.progress][INFO] - Epoch 162 step 31200/192: loss 1.744e-01
[20/04/26 18:58:49][src.callback.progress][INFO] - Epoch 162 step 31250/192: loss 1.609e-01
[20/04/26 18:59:00][src.callback.progress][INFO] - Epoch 162: v_recons 1.782e-01  recons 1.223e-01  v_loss 3.621e-01  loss 1.489e-01  v_latent 9.365e-01  latent 6.470e-01  v_kl 4.442e+01  kl 2.348e+01  v_contrastive 1.834e+00  contrastive 2.635e-01  v_t2m/len 1530  v_t2m/R01 18.37%  v_t2m/R02 23.59%  v_t2m/R03 31.7%  v_t2m/R05 41.43%  v_t2m/R10 54.38%  v_t2m/MedR 9.0%  v_m2t/len 1530  v_m2t/R01 20.38%  v_m2t/R02 23.92%  v_m2t/R03 33.27%  v_m2t/R05 40.25%  v_m2t/R10 50.65%  v_m2t/MedR 10.0%
[20/04/26 18:59:05][src.callback.progress][INFO] - Epoch 163 step 31300/192: loss 1.569e-01
[20/04/26 18:59:16][src.callback.progress][INFO] - Epoch 163 step 31350/192: loss 1.460e-01
[20/04/26 18:59:26][src.callback.progress][INFO] - Epoch 163 step 31400/192: loss 1.355e-01
[20/04/26 18:59:36][src.callback.progress][INFO] - Epoch 163 step 31450/192: loss 1.544e-01
[20/04/26 18:59:45][src.callback.progress][INFO] - Epoch 163: v_recons 1.789e-01  recons 1.221e-01  v_loss 3.639e-01  loss 1.487e-01  v_latent 9.409e-01  latent 6.478e-01  v_kl 4.465e+01  kl 2.357e+01  v_contrastive 1.845e+00  contrastive 2.641e-01  v_t2m/len 1530  v_t2m/R01 17.25%  v_t2m/R02 22.15%  v_t2m/R03 29.79%  v_t2m/R05 38.75%  v_t2m/R10 53.86%  v_t2m/MedR 9.0%  v_m2t/len 1530  v_m2t/R01 19.28%  v_m2t/R02 22.61%  v_m2t/R03 31.7%  v_m2t/R05 39.54%  v_m2t/R10 52.29%  v_m2t/MedR 9.0%
[20/04/26 18:59:53][src.callback.progress][INFO] - Epoch 164 step 31500/192: loss 1.351e-01
[20/04/26 19:00:04][src.callback.progress][INFO] - Epoch 164 step 31550/192: loss 1.656e-01
[20/04/26 19:00:14][src.callback.progress][INFO] - Epoch 164 step 31600/192: loss 1.516e-01
[20/04/26 19:00:24][src.callback.progress][INFO] - Epoch 164 step 31650/192: loss 1.620e-01
[20/04/26 19:00:32][src.callback.progress][INFO] - Epoch 164: v_recons 1.779e-01  recons 1.220e-01  v_loss 3.664e-01  loss 1.483e-01  v_latent 9.435e-01  latent 6.471e-01  v_kl 4.501e+01  kl 2.355e+01  v_contrastive 1.881e+00  contrastive 2.610e-01  v_t2m/len 1530  v_t2m/R01 17.64%  v_t2m/R02 23.13%  v_t2m/R03 31.89%  v_t2m/R05 41.04%  v_t2m/R10 54.84%  v_t2m/MedR 9.0%  v_m2t/len 1530  v_m2t/R01 20.85%  v_m2t/R02 24.37%  v_m2t/R03 33.86%  v_m2t/R05 41.83%  v_m2t/R10 52.02%  v_m2t/MedR 9.0%
[20/04/26 19:00:41][src.callback.progress][INFO] - Epoch 165 step 31700/192: loss 1.429e-01
[20/04/26 19:00:51][src.callback.progress][INFO] - Epoch 165 step 31750/192: loss 1.467e-01
[20/04/26 19:01:01][src.callback.progress][INFO] - Epoch 165 step 31800/192: loss 1.424e-01
[20/04/26 19:01:11][src.callback.progress][INFO] - Epoch 165 step 31850/192: loss 1.571e-01
[20/04/26 19:01:17][src.callback.progress][INFO] - Epoch 165: v_recons 1.795e-01  recons 1.214e-01  v_loss 3.663e-01  loss 1.476e-01  v_latent 9.486e-01  latent 6.477e-01  v_kl 4.551e+01  kl 2.378e+01  v_contrastive 1.863e+00  contrastive 2.594e-01  v_t2m/len 1530  v_t2m/R01 17.31%  v_t2m/R02 22.8%  v_t2m/R03 30.45%  v_t2m/R05 39.61%  v_t2m/R10 54.43%  v_t2m/MedR 9.0%  v_m2t/len 1530  v_m2t/R01 21.04%  v_m2t/R02 23.98%  v_m2t/R03 32.15%  v_m2t/R05 40.65%  v_m2t/R10 51.7%  v_m2t/MedR 9.0%
[20/04/26 19:01:28][src.callback.progress][INFO] - Epoch 166 step 31900/192: loss 1.518e-01
[20/04/26 19:01:38][src.callback.progress][INFO] - Epoch 166 step 31950/192: loss 1.515e-01
[20/04/26 19:01:49][src.callback.progress][INFO] - Epoch 166 step 32000/192: loss 1.518e-01
[20/04/26 19:01:59][src.callback.progress][INFO] - Epoch 166 step 32050/192: loss 1.590e-01
[20/04/26 19:02:03][src.callback.progress][INFO] - Epoch 166: v_recons 1.775e-01  recons 1.212e-01  v_loss 3.621e-01  loss 1.475e-01  v_latent 9.377e-01  latent 6.479e-01  v_kl 4.491e+01  kl 2.389e+01  v_contrastive 1.842e+00  contrastive 2.603e-01  v_t2m/len 1530  v_t2m/R01 17.7%  v_t2m/R02 23.53%  v_t2m/R03 32.09%  v_t2m/R05 41.43%  v_t2m/R10 53.59%  v_t2m/MedR 8.5%  v_m2t/len 1530  v_m2t/R01 19.4%  v_m2t/R02 22.8%  v_m2t/R03 33.0%  v_m2t/R05 41.24%  v_m2t/R10 51.9%  v_m2t/MedR 9.0%
[20/04/26 19:02:15][src.callback.progress][INFO] - Epoch 167 step 32100/192: loss 1.286e-01
[20/04/26 19:02:26][src.callback.progress][INFO] - Epoch 167 step 32150/192: loss 1.426e-01
[20/04/26 19:02:36][src.callback.progress][INFO] - Epoch 167 step 32200/192: loss 1.481e-01
[20/04/26 19:02:46][src.callback.progress][INFO] - Epoch 167 step 32250/192: loss 1.406e-01
[20/04/26 19:02:49][src.callback.progress][INFO] - Epoch 167: v_recons 1.779e-01  recons 1.208e-01  v_loss 3.646e-01  loss 1.466e-01  v_latent 9.493e-01  latent 6.470e-01  v_kl 4.583e+01  kl 2.390e+01  v_contrastive 1.863e+00  contrastive 2.549e-01  v_t2m/len 1530  v_t2m/R01 18.43%  v_t2m/R02 24.63%  v_t2m/R03 31.04%  v_t2m/R05 41.04%  v_t2m/R10 54.58%  v_t2m/MedR 8.0%  v_m2t/len 1530  v_m2t/R01 19.28%  v_m2t/R02 22.42%  v_m2t/R03 31.44%  v_m2t/R05 39.61%  v_m2t/R10 51.31%  v_m2t/MedR 10.0%
[20/04/26 19:03:03][src.callback.progress][INFO] - Epoch 168 step 32300/192: loss 1.451e-01
[20/04/26 19:03:13][src.callback.progress][INFO] - Epoch 168 step 32350/192: loss 1.321e-01
[20/04/26 19:03:23][src.callback.progress][INFO] - Epoch 168 step 32400/192: loss 1.455e-01
[20/04/26 19:03:34][src.callback.progress][INFO] - Epoch 168: v_recons 1.795e-01  recons 1.210e-01  v_loss 3.654e-01  loss 1.466e-01  v_latent 9.495e-01  latent 6.485e-01  v_kl 4.586e+01  kl 2.412e+01  v_contrastive 1.854e+00  contrastive 2.536e-01  v_t2m/len 1530  v_t2m/R01 17.96%  v_t2m/R02 24.04%  v_t2m/R03 31.7%  v_t2m/R05 39.15%  v_t2m/R10 53.0%  v_t2m/MedR 9.0%  v_m2t/len 1530  v_m2t/R01 19.79%  v_m2t/R02 22.68%  v_m2t/R03 31.76%  v_m2t/R05 40.65%  v_m2t/R10 51.9%  v_m2t/MedR 9.0%
[20/04/26 19:03:40][src.callback.progress][INFO] - Epoch 169 step 32450/192: loss 1.460e-01
[20/04/26 19:03:51][src.callback.progress][INFO] - Epoch 169 step 32500/192: loss 1.546e-01
[20/04/26 19:04:01][src.callback.progress][INFO] - Epoch 169 step 32550/192: loss 1.407e-01
[20/04/26 19:04:11][src.callback.progress][INFO] - Epoch 169 step 32600/192: loss 1.440e-01
[20/04/26 19:04:21][src.callback.progress][INFO] - Epoch 169: v_recons 1.799e-01  recons 1.205e-01  v_loss 3.665e-01  loss 1.460e-01  v_latent 9.583e-01  latent 6.492e-01  v_kl 4.630e+01  kl 2.418e+01  v_contrastive 1.861e+00  contrastive 2.523e-01  v_t2m/len 1530  v_t2m/R01 17.38%  v_t2m/R02 24.7%  v_t2m/R03 31.82%  v_t2m/R05 38.68%  v_t2m/R10 53.52%  v_t2m/MedR 9.0%  v_m2t/len 1530  v_m2t/R01 20.0%  v_m2t/R02 22.61%  v_m2t/R03 30.97%  v_m2t/R05 39.15%  v_m2t/R10 50.59%  v_m2t/MedR 10.0%
[20/04/26 19:04:27][src.callback.progress][INFO] - Epoch 170 step 32650/192: loss 1.500e-01
[20/04/26 19:04:37][src.callback.progress][INFO] - Epoch 170 step 32700/192: loss 1.482e-01
[20/04/26 19:04:48][src.callback.progress][INFO] - Epoch 170 step 32750/192: loss 1.531e-01
[20/04/26 19:04:58][src.callback.progress][INFO] - Epoch 170 step 32800/192: loss 1.492e-01
[20/04/26 19:05:06][src.callback.progress][INFO] - Epoch 170: v_recons 1.791e-01  recons 1.201e-01  v_loss 3.648e-01  loss 1.455e-01  v_latent 9.532e-01  latent 6.491e-01  v_kl 4.589e+01  kl 2.412e+01  v_contrastive 1.852e+00  contrastive 2.516e-01  v_t2m/len 1530  v_t2m/R01 18.95%  v_t2m/R02 23.92%  v_t2m/R03 31.3%  v_t2m/R05 41.18%  v_t2m/R10 54.84%  v_t2m/MedR 9.0%  v_m2t/len 1530  v_m2t/R01 19.35%  v_m2t/R02 22.8%  v_m2t/R03 33.13%  v_m2t/R05 41.5%  v_m2t/R10 51.95%  v_m2t/MedR 9.0%
[20/04/26 19:05:14][src.callback.progress][INFO] - Epoch 171 step 32850/192: loss 1.381e-01
[20/04/26 19:05:25][src.callback.progress][INFO] - Epoch 171 step 32900/192: loss 1.461e-01
[20/04/26 19:05:35][src.callback.progress][INFO] - Epoch 171 step 32950/192: loss 1.614e-01
[20/04/26 19:05:45][src.callback.progress][INFO] - Epoch 171 step 33000/192: loss 1.456e-01
[20/04/26 19:05:51][src.callback.progress][INFO] - Epoch 171: v_recons 1.774e-01  recons 1.201e-01  v_loss 3.636e-01  loss 1.455e-01  v_latent 9.549e-01  latent 6.496e-01  v_kl 4.650e+01  kl 2.438e+01  v_contrastive 1.857e+00  contrastive 2.521e-01  v_t2m/len 1530  v_t2m/R01 17.7%  v_t2m/R02 22.75%  v_t2m/R03 30.32%  v_t2m/R05 40.77%  v_t2m/R10 53.79%  v_t2m/MedR 9.0%  v_m2t/len 1530  v_m2t/R01 19.35%  v_m2t/R02 22.8%  v_m2t/R03 33.06%  v_m2t/R05 41.75%  v_m2t/R10 53.59%  v_m2t/MedR 9.0%
[20/04/26 19:06:01][src.callback.progress][INFO] - Epoch 172 step 33050/192: loss 1.621e-01
[20/04/26 19:06:12][src.callback.progress][INFO] - Epoch 172 step 33100/192: loss 1.732e-01
[20/04/26 19:06:22][src.callback.progress][INFO] - Epoch 172 step 33150/192: loss 1.445e-01
[20/04/26 19:06:32][src.callback.progress][INFO] - Epoch 172 step 33200/192: loss 1.462e-01
[20/04/26 19:06:37][src.callback.progress][INFO] - Epoch 172: v_recons 1.778e-01  recons 1.196e-01  v_loss 3.669e-01  loss 1.448e-01  v_latent 9.607e-01  latent 6.496e-01  v_kl 4.722e+01  kl 2.447e+01  v_contrastive 1.886e+00  contrastive 2.491e-01  v_t2m/len 1530  v_t2m/R01 18.76%  v_t2m/R02 23.59%  v_t2m/R03 31.18%  v_t2m/R05 39.08%  v_t2m/R10 52.34%  v_t2m/MedR 9.0%  v_m2t/len 1530  v_m2t/R01 19.54%  v_m2t/R02 23.27%  v_m2t/R03 32.15%  v_m2t/R05 40.25%  v_m2t/R10 51.36%  v_m2t/MedR 9.0%
[20/04/26 19:06:48][src.callback.progress][INFO] - Epoch 173 step 33250/192: loss 1.445e-01
[20/04/26 19:06:59][src.callback.progress][INFO] - Epoch 173 step 33300/192: loss 1.430e-01
[20/04/26 19:07:09][src.callback.progress][INFO] - Epoch 173 step 33350/192: loss 1.480e-01
[20/04/26 19:07:19][src.callback.progress][INFO] - Epoch 173 step 33400/192: loss 1.402e-01
[20/04/26 19:07:22][src.callback.progress][INFO] - Epoch 173: v_recons 1.791e-01  recons 1.201e-01  v_loss 3.668e-01  loss 1.453e-01  v_latent 9.626e-01  latent 6.506e-01  v_kl 4.689e+01  kl 2.454e+01  v_contrastive 1.872e+00  contrastive 2.499e-01  v_t2m/len 1530  v_t2m/R01 17.38%  v_t2m/R02 22.47%  v_t2m/R03 31.23%  v_t2m/R05 40.33%  v_t2m/R10 53.2%  v_t2m/MedR 9.0%  v_m2t/len 1530  v_m2t/R01 20.06%  v_m2t/R02 22.54%  v_m2t/R03 31.5%  v_m2t/R05 39.22%  v_m2t/R10 51.56%  v_m2t/MedR 9.0%
[20/04/26 19:07:36][src.callback.progress][INFO] - Epoch 174 step 33450/192: loss 1.429e-01
[20/04/26 19:07:46][src.callback.progress][INFO] - Epoch 174 step 33500/192: loss 1.486e-01
[20/04/26 19:07:56][src.callback.progress][INFO] - Epoch 174 step 33550/192: loss 1.545e-01
[20/04/26 19:08:06][src.callback.progress][INFO] - Epoch 174 step 33600/192: loss 1.530e-01
[20/04/26 19:08:08][src.callback.progress][INFO] - Epoch 174: v_recons 1.786e-01  recons 1.193e-01  v_loss 3.635e-01  loss 1.440e-01  v_latent 9.576e-01  latent 6.506e-01  v_kl 4.642e+01  kl 2.454e+01  v_contrastive 1.844e+00  contrastive 2.445e-01  v_t2m/len 1530  v_t2m/R01 19.21%  v_t2m/R02 24.12%  v_t2m/R03 32.47%  v_t2m/R05 41.18%  v_t2m/R10 53.59%  v_t2m/MedR 9.0%  v_m2t/len 1530  v_m2t/R01 21.18%  v_m2t/R02 23.01%  v_m2t/R03 33.4%  v_m2t/R05 41.5%  v_m2t/R10 51.56%  v_m2t/MedR 9.0%
[20/04/26 19:08:22][src.callback.progress][INFO] - Epoch 175 step 33650/192: loss 1.372e-01
[20/04/26 19:08:32][src.callback.progress][INFO] - Epoch 175 step 33700/192: loss 1.556e-01
[20/04/26 19:08:42][src.callback.progress][INFO] - Epoch 175 step 33750/192: loss 1.458e-01
[20/04/26 19:08:52][src.callback.progress][INFO] - Epoch 175: v_recons 1.775e-01  recons 1.190e-01  v_loss 3.654e-01  loss 1.434e-01  v_latent 9.662e-01  latent 6.500e-01  v_kl 4.722e+01  kl 2.454e+01  v_contrastive 1.874e+00  contrastive 2.413e-01  v_t2m/len 1530  v_t2m/R01 18.88%  v_t2m/R02 24.57%  v_t2m/R03 31.44%  v_t2m/R05 39.22%  v_t2m/R10 53.45%  v_t2m/MedR 9.0%  v_m2t/len 1530  v_m2t/R01 20.85%  v_m2t/R02 23.45%  v_m2t/R03 32.68%  v_m2t/R05 40.33%  v_m2t/R10 51.11%  v_m2t/MedR 10.0%
[20/04/26 19:08:58][src.callback.progress][INFO] - Epoch 176 step 33800/192: loss 1.499e-01
[20/04/26 19:09:09][src.callback.progress][INFO] - Epoch 176 step 33850/192: loss 1.551e-01
[20/04/26 19:09:19][src.callback.progress][INFO] - Epoch 176 step 33900/192: loss 1.329e-01
[20/04/26 19:09:29][src.callback.progress][INFO] - Epoch 176 step 33950/192: loss 1.370e-01
[20/04/26 19:09:37][src.callback.progress][INFO] - Epoch 176: v_recons 1.780e-01  recons 1.186e-01  v_loss 3.644e-01  loss 1.427e-01  v_latent 9.635e-01  latent 6.475e-01  v_kl 4.730e+01  kl 2.463e+01  v_contrastive 1.859e+00  contrastive 2.391e-01  v_t2m/len 1530  v_t2m/R01 18.95%  v_t2m/R02 24.18%  v_t2m/R03 31.04%  v_t2m/R05 40.77%  v_t2m/R10 54.04%  v_t2m/MedR 9.0%  v_m2t/len 1530  v_m2t/R01 20.06%  v_m2t/R02 22.8%  v_m2t/R03 32.09%  v_m2t/R05 40.91%  v_m2t/R10 51.43%  v_m2t/MedR 9.0%
[20/04/26 19:09:46][src.callback.progress][INFO] - Epoch 177 step 34000/192: loss 1.482e-01
[20/04/26 19:09:56][src.callback.progress][INFO] - Epoch 177 step 34050/192: loss 1.471e-01
[20/04/26 19:10:06][src.callback.progress][INFO] - Epoch 177 step 34100/192: loss 1.464e-01
[20/04/26 19:10:16][src.callback.progress][INFO] - Epoch 177 step 34150/192: loss 1.533e-01
[20/04/26 19:10:23][src.callback.progress][INFO] - Epoch 177: v_recons 1.766e-01  recons 1.185e-01  v_loss 3.629e-01  loss 1.428e-01  v_latent 9.654e-01  latent 6.495e-01  v_kl 4.729e+01  kl 2.472e+01  v_contrastive 1.859e+00  contrastive 2.398e-01  v_t2m/len 1530  v_t2m/R01 18.81%  v_t2m/R02 23.65%  v_t2m/R03 33.2%  v_t2m/R05 40.2%  v_t2m/R10 52.93%  v_t2m/MedR 9.0%  v_m2t/len 1530  v_m2t/R01 20.64%  v_m2t/R02 23.32%  v_m2t/R03 31.11%  v_m2t/R05 40.0%  v_m2t/R10 51.18%  v_m2t/MedR 9.0%
[20/04/26 19:10:32][src.callback.progress][INFO] - Epoch 178 step 34200/192: loss 1.401e-01
[20/04/26 19:10:42][src.callback.progress][INFO] - Epoch 178 step 34250/192: loss 1.466e-01
[20/04/26 19:10:53][src.callback.progress][INFO] - Epoch 178 step 34300/192: loss 1.567e-01
[20/04/26 19:11:02][src.callback.progress][INFO] - Epoch 178 step 34350/192: loss 1.374e-01
[20/04/26 19:11:08][src.callback.progress][INFO] - Epoch 178: v_recons 1.773e-01  recons 1.181e-01  v_loss 3.608e-01  loss 1.424e-01  v_latent 9.587e-01  latent 6.504e-01  v_kl 4.779e+01  kl 2.494e+01  v_contrastive 1.831e+00  contrastive 2.410e-01  v_t2m/len 1530  v_t2m/R01 19.02%  v_t2m/R02 24.3%  v_t2m/R03 31.5%  v_t2m/R05 40.72%  v_t2m/R10 54.25%  v_t2m/MedR 9.0%  v_m2t/len 1530  v_m2t/R01 20.32%  v_m2t/R02 23.53%  v_m2t/R03 32.61%  v_m2t/R05 40.77%  v_m2t/R10 52.15%  v_m2t/MedR 9.0%
[20/04/26 19:11:20][src.callback.progress][INFO] - Epoch 179 step 34400/192: loss 1.621e-01
[20/04/26 19:11:30][src.callback.progress][INFO] - Epoch 179 step 34450/192: loss 1.281e-01
[20/04/26 19:11:40][src.callback.progress][INFO] - Epoch 179 step 34500/192: loss 1.449e-01
[20/04/26 19:11:50][src.callback.progress][INFO] - Epoch 179 step 34550/192: loss 1.561e-01
[20/04/26 19:11:53][src.callback.progress][INFO] - Epoch 179: v_recons 1.781e-01  recons 1.184e-01  v_loss 3.670e-01  loss 1.432e-01  v_latent 9.766e-01  latent 6.532e-01  v_kl 4.858e+01  kl 2.512e+01  v_contrastive 1.884e+00  contrastive 2.446e-01  v_t2m/len 1530  v_t2m/R01 18.81%  v_t2m/R02 23.79%  v_t2m/R03 30.64%  v_t2m/R05 39.22%  v_t2m/R10 53.0%  v_t2m/MedR 9.0%  v_m2t/len 1530  v_m2t/R01 19.14%  v_m2t/R02 22.35%  v_m2t/R03 31.7%  v_m2t/R05 40.33%  v_m2t/R10 51.11%  v_m2t/MedR 10.0%
[20/04/26 19:12:06][src.callback.progress][INFO] - Epoch 180 step 34600/192: loss 1.496e-01
[20/04/26 19:12:16][src.callback.progress][INFO] - Epoch 180 step 34650/192: loss 1.437e-01
[20/04/26 19:12:26][src.callback.progress][INFO] - Epoch 180 step 34700/192: loss 1.333e-01
[20/04/26 19:12:36][src.callback.progress][INFO] - Epoch 180 step 34750/192: loss 1.482e-01
[20/04/26 19:12:38][src.callback.progress][INFO] - Epoch 180: v_recons 1.779e-01  recons 1.176e-01  v_loss 3.684e-01  loss 1.414e-01  v_latent 9.762e-01  latent 6.514e-01  v_kl 4.911e+01  kl 2.504e+01  v_contrastive 1.900e+00  contrastive 2.356e-01  v_t2m/len 1530  v_t2m/R01 17.7%  v_t2m/R02 22.8%  v_t2m/R03 31.3%  v_t2m/R05 38.29%  v_t2m/R10 54.43%  v_t2m/MedR 9.0%  v_m2t/len 1530  v_m2t/R01 19.93%  v_m2t/R02 22.61%  v_m2t/R03 31.76%  v_m2t/R05 40.06%  v_m2t/R10 51.36%  v_m2t/MedR 10.0%
[20/04/26 19:12:52][src.callback.progress][INFO] - Epoch 181 step 34800/192: loss 1.374e-01
[20/04/26 19:13:02][src.callback.progress][INFO] - Epoch 181 step 34850/192: loss 1.527e-01
[20/04/26 19:13:12][src.callback.progress][INFO] - Epoch 181 step 34900/192: loss 1.411e-01
[20/04/26 19:13:22][src.callback.progress][INFO] - Epoch 181: v_recons 1.792e-01  recons 1.176e-01  v_loss 3.665e-01  loss 1.417e-01  v_latent 9.691e-01  latent 6.520e-01  v_kl 4.800e+01  kl 2.505e+01  v_contrastive 1.868e+00  contrastive 2.378e-01  v_t2m/len 1530  v_t2m/R01 19.07%  v_t2m/R02 25.15%  v_t2m/R03 31.37%  v_t2m/R05 39.61%  v_t2m/R10 53.45%  v_t2m/MedR 9.0%  v_m2t/len 1530  v_m2t/R01 20.71%  v_m2t/R02 23.59%  v_m2t/R03 32.09%  v_m2t/R05 40.84%  v_m2t/R10 51.11%  v_m2t/MedR 10.0%
[20/04/26 19:13:28][src.callback.progress][INFO] - Epoch 182 step 34950/192: loss 1.462e-01
[20/04/26 19:13:38][src.callback.progress][INFO] - Epoch 182 step 35000/192: loss 1.448e-01
[20/04/26 19:13:48][src.callback.progress][INFO] - Epoch 182 step 35050/192: loss 1.486e-01
[20/04/26 19:13:58][src.callback.progress][INFO] - Epoch 182 step 35100/192: loss 1.418e-01
[20/04/26 19:14:08][src.callback.progress][INFO] - Epoch 182: v_recons 1.784e-01  recons 1.174e-01  v_loss 3.676e-01  loss 1.407e-01  v_latent 9.788e-01  latent 6.520e-01  v_kl 4.936e+01  kl 2.522e+01  v_contrastive 1.887e+00  contrastive 2.308e-01  v_t2m/len 1530  v_t2m/R01 19.14%  v_t2m/R02 24.25%  v_t2m/R03 32.22%  v_t2m/R05 40.13%  v_t2m/R10 53.86%  v_t2m/MedR 9.0%  v_m2t/len 1530  v_m2t/R01 19.4%  v_m2t/R02 22.29%  v_m2t/R03 32.15%  v_m2t/R05 40.45%  v_m2t/R10 50.59%  v_m2t/MedR 10.0%
[20/04/26 19:14:15][src.callback.progress][INFO] - Epoch 183 step 35150/192: loss 1.461e-01
[20/04/26 19:14:25][src.callback.progress][INFO] - Epoch 183 step 35200/192: loss 1.265e-01
[20/04/26 19:14:35][src.callback.progress][INFO] - Epoch 183 step 35250/192: loss 1.290e-01
[20/04/26 19:14:45][src.callback.progress][INFO] - Epoch 183 step 35300/192: loss 1.477e-01
[20/04/26 19:14:52][src.callback.progress][INFO] - Epoch 183: v_recons 1.787e-01  recons 1.173e-01  v_loss 3.672e-01  loss 1.412e-01  v_latent 9.780e-01  latent 6.531e-01  v_kl 4.885e+01  kl 2.530e+01  v_contrastive 1.881e+00  contrastive 2.364e-01  v_t2m/len 1530  v_t2m/R01 20.0%  v_t2m/R02 25.22%  v_t2m/R03 32.29%  v_t2m/R05 41.7%  v_t2m/R10 54.04%  v_t2m/MedR 9.0%  v_m2t/len 1530  v_m2t/R01 19.87%  v_m2t/R02 22.94%  v_m2t/R03 32.09%  v_m2t/R05 40.25%  v_m2t/R10 50.84%  v_m2t/MedR 10.0%
[20/04/26 19:15:02][src.callback.progress][INFO] - Epoch 184 step 35350/192: loss 1.424e-01
[20/04/26 19:15:12][src.callback.progress][INFO] - Epoch 184 step 35400/192: loss 1.411e-01
[20/04/26 19:15:22][src.callback.progress][INFO] - Epoch 184 step 35450/192: loss 1.241e-01
[20/04/26 19:15:32][src.callback.progress][INFO] - Epoch 184 step 35500/192: loss 1.545e-01
[20/04/26 19:15:37][src.callback.progress][INFO] - Epoch 184: v_recons 1.792e-01  recons 1.175e-01  v_loss 3.663e-01  loss 1.410e-01  v_latent 9.813e-01  latent 6.538e-01  v_kl 4.949e+01  kl 2.547e+01  v_contrastive 1.867e+00  contrastive 2.320e-01  v_t2m/len 1530  v_t2m/R01 17.57%  v_t2m/R02 23.27%  v_t2m/R03 31.62%  v_t2m/R05 41.5%  v_t2m/R10 53.65%  v_t2m/MedR 9.0%  v_m2t/len 1530  v_m2t/R01 20.38%  v_m2t/R02 23.45%  v_m2t/R03 33.33%  v_m2t/R05 39.86%  v_m2t/R10 50.84%  v_m2t/MedR 10.0%
[20/04/26 19:15:48][src.callback.progress][INFO] - Epoch 185 step 35550/192: loss 1.217e-01
[20/04/26 19:15:58][src.callback.progress][INFO] - Epoch 185 step 35600/192: loss 1.345e-01
[20/04/26 19:16:08][src.callback.progress][INFO] - Epoch 185 step 35650/192: loss 1.489e-01
[20/04/26 19:16:18][src.callback.progress][INFO] - Epoch 185 step 35700/192: loss 1.326e-01
[20/04/26 19:16:22][src.callback.progress][INFO] - Epoch 185: v_recons 1.793e-01  recons 1.162e-01  v_loss 3.658e-01  loss 1.395e-01  v_latent 9.754e-01  latent 6.515e-01  v_kl 4.906e+01  kl 2.536e+01  v_contrastive 1.859e+00  contrastive 2.299e-01  v_t2m/len 1530  v_t2m/R01 19.35%  v_t2m/R02 24.18%  v_t2m/R03 32.34%  v_t2m/R05 40.91%  v_t2m/R10 54.9%  v_t2m/MedR 9.0%  v_m2t/len 1530  v_m2t/R01 20.78%  v_m2t/R02 24.44%  v_m2t/R03 34.18%  v_m2t/R05 42.22%  v_m2t/R10 52.34%  v_m2t/MedR 9.0%
[20/04/26 19:16:35][src.callback.progress][INFO] - Epoch 186 step 35750/192: loss 1.305e-01
[20/04/26 19:16:45][src.callback.progress][INFO] - Epoch 186 step 35800/192: loss 1.293e-01
[20/04/26 19:16:55][src.callback.progress][INFO] - Epoch 186 step 35850/192: loss 1.449e-01
[20/04/26 19:17:04][src.callback.progress][INFO] - Epoch 186 step 35900/192: loss 1.502e-01
[20/04/26 19:17:07][src.callback.progress][INFO] - Epoch 186: v_recons 1.786e-01  recons 1.165e-01  v_loss 3.655e-01  loss 1.397e-01  v_latent 9.843e-01  latent 6.543e-01  v_kl 4.987e+01  kl 2.567e+01  v_contrastive 1.863e+00  contrastive 2.290e-01  v_t2m/len 1530  v_t2m/R01 18.76%  v_t2m/R02 23.72%  v_t2m/R03 32.29%  v_t2m/R05 40.72%  v_t2m/R10 53.91%  v_t2m/MedR 9.0%  v_m2t/len 1530  v_m2t/R01 18.43%  v_m2t/R02 22.47%  v_m2t/R03 32.22%  v_m2t/R05 39.79%  v_m2t/R10 50.2%  v_m2t/MedR 10.0%
[20/04/26 19:17:21][src.callback.progress][INFO] - Epoch 187 step 35950/192: loss 1.187e-01
[20/04/26 19:17:31][src.callback.progress][INFO] - Epoch 187 step 36000/192: loss 1.623e-01
[20/04/26 19:17:41][src.callback.progress][INFO] - Epoch 187 step 36050/192: loss 1.276e-01
[20/04/26 19:17:51][src.callback.progress][INFO] - Epoch 187: v_recons 1.796e-01  recons 1.159e-01  v_loss 3.648e-01  loss 1.388e-01  v_latent 9.726e-01  latent 6.535e-01  v_kl 4.992e+01  kl 2.575e+01  v_contrastive 1.846e+00  contrastive 2.261e-01  v_t2m/len 1530  v_t2m/R01 18.81%  v_t2m/R02 24.25%  v_t2m/R03 31.89%  v_t2m/R05 41.36%  v_t2m/R10 52.81%  v_t2m/MedR 9.0%  v_m2t/len 1530  v_m2t/R01 20.52%  v_m2t/R02 23.65%  v_m2t/R03 33.59%  v_m2t/R05 42.34%  v_m2t/R10 51.31%  v_m2t/MedR 9.0%
[20/04/26 19:17:57][src.callback.progress][INFO] - Epoch 188 step 36100/192: loss 1.446e-01
[20/04/26 19:18:08][src.callback.progress][INFO] - Epoch 188 step 36150/192: loss 1.380e-01
[20/04/26 19:18:18][src.callback.progress][INFO] - Epoch 188 step 36200/192: loss 1.571e-01
[20/04/26 19:18:28][src.callback.progress][INFO] - Epoch 188 step 36250/192: loss 1.443e-01
[20/04/26 19:18:37][src.callback.progress][INFO] - Epoch 188: v_recons 1.774e-01  recons 1.156e-01  v_loss 3.642e-01  loss 1.381e-01  v_latent 9.816e-01  latent 6.515e-01  v_kl 4.987e+01  kl 2.571e+01  v_contrastive 1.863e+00  contrastive 2.227e-01  v_t2m/len 1530  v_t2m/R01 18.29%  v_t2m/R02 24.04%  v_t2m/R03 31.18%  v_t2m/R05 38.68%  v_t2m/R10 53.52%  v_t2m/MedR 9.0%  v_m2t/len 1530  v_m2t/R01 20.2%  v_m2t/R02 23.32%  v_m2t/R03 32.34%  v_m2t/R05 41.11%  v_m2t/R10 50.59%  v_m2t/MedR 9.5%
[20/04/26 19:18:44][src.callback.progress][INFO] - Epoch 189 step 36300/192: loss 1.376e-01
[20/04/26 19:18:54][src.callback.progress][INFO] - Epoch 189 step 36350/192: loss 1.300e-01
[20/04/26 19:19:04][src.callback.progress][INFO] - Epoch 189 step 36400/192: loss 1.426e-01
[20/04/26 19:19:14][src.callback.progress][INFO] - Epoch 189 step 36450/192: loss 1.243e-01
[20/04/26 19:19:22][src.callback.progress][INFO] - Epoch 189: v_recons 1.777e-01  recons 1.158e-01  v_loss 3.642e-01  loss 1.383e-01  v_latent 9.859e-01  latent 6.539e-01  v_kl 4.945e+01  kl 2.574e+01  v_contrastive 1.860e+00  contrastive 2.227e-01  v_t2m/len 1530  v_t2m/R01 17.78%  v_t2m/R02 22.94%  v_t2m/R03 31.3%  v_t2m/R05 39.86%  v_t2m/R10 53.06%  v_t2m/MedR 9.0%  v_m2t/len 1530  v_m2t/R01 20.06%  v_m2t/R02 22.8%  v_m2t/R03 32.34%  v_m2t/R05 39.93%  v_m2t/R10 50.06%  v_m2t/MedR 10.0%
[20/04/26 19:19:31][src.callback.progress][INFO] - Epoch 190 step 36500/192: loss 1.254e-01
[20/04/26 19:19:41][src.callback.progress][INFO] - Epoch 190 step 36550/192: loss 1.390e-01
[20/04/26 19:19:51][src.callback.progress][INFO] - Epoch 190 step 36600/192: loss 1.263e-01
[20/04/26 19:20:01][src.callback.progress][INFO] - Epoch 190 step 36650/192: loss 1.267e-01
[20/04/26 19:20:08][src.callback.progress][INFO] - Epoch 190: v_recons 1.781e-01  recons 1.155e-01  v_loss 3.614e-01  loss 1.383e-01  v_latent 9.843e-01  latent 6.520e-01  v_kl 5.015e+01  kl 2.577e+01  v_contrastive 1.828e+00  contrastive 2.252e-01  v_t2m/len 1530  v_t2m/R01 18.55%  v_t2m/R02 23.53%  v_t2m/R03 31.82%  v_t2m/R05 41.36%  v_t2m/R10 54.04%  v_t2m/MedR 9.0%  v_m2t/len 1530  v_m2t/R01 21.23%  v_m2t/R02 24.18%  v_m2t/R03 32.93%  v_m2t/R05 40.33%  v_m2t/R10 50.38%  v_m2t/MedR 10.0%
[20/04/26 19:20:18][src.callback.progress][INFO] - Epoch 191 step 36700/192: loss 1.353e-01
[20/04/26 19:20:28][src.callback.progress][INFO] - Epoch 191 step 36750/192: loss 1.365e-01
[20/04/26 19:20:38][src.callback.progress][INFO] - Epoch 191 step 36800/192: loss 1.448e-01
[20/04/26 19:20:48][src.callback.progress][INFO] - Epoch 191 step 36850/192: loss 1.374e-01
[20/04/26 19:20:52][src.callback.progress][INFO] - Epoch 191: v_recons 1.775e-01  recons 1.156e-01  v_loss 3.625e-01  loss 1.386e-01  v_latent 9.823e-01  latent 6.562e-01  v_kl 4.975e+01  kl 2.612e+01  v_contrastive 1.845e+00  contrastive 2.278e-01  v_t2m/len 1530  v_t2m/R01 18.76%  v_t2m/R02 24.77%  v_t2m/R03 33.2%  v_t2m/R05 40.84%  v_t2m/R10 53.13%  v_t2m/MedR 9.0%  v_m2t/len 1530  v_m2t/R01 20.97%  v_m2t/R02 24.7%  v_m2t/R03 32.02%  v_m2t/R05 40.38%  v_m2t/R10 52.02%  v_m2t/MedR 9.0%
[20/04/26 19:21:04][src.callback.progress][INFO] - Epoch 192 step 36900/192: loss 1.519e-01
[20/04/26 19:21:14][src.callback.progress][INFO] - Epoch 192 step 36950/192: loss 1.244e-01
[20/04/26 19:21:24][src.callback.progress][INFO] - Epoch 192 step 37000/192: loss 1.465e-01
[20/04/26 19:21:34][src.callback.progress][INFO] - Epoch 192 step 37050/192: loss 1.342e-01
[20/04/26 19:21:37][src.callback.progress][INFO] - Epoch 192: v_recons 1.784e-01  recons 1.150e-01  v_loss 3.650e-01  loss 1.375e-01  v_latent 9.882e-01  latent 6.541e-01  v_kl 5.112e+01  kl 2.604e+01  v_contrastive 1.861e+00  contrastive 2.229e-01  v_t2m/len 1530  v_t2m/R01 19.35%  v_t2m/R02 24.04%  v_t2m/R03 32.81%  v_t2m/R05 41.83%  v_t2m/R10 53.65%  v_t2m/MedR 8.0%  v_m2t/len 1530  v_m2t/R01 21.18%  v_m2t/R02 24.37%  v_m2t/R03 33.13%  v_m2t/R05 41.43%  v_m2t/R10 50.45%  v_m2t/MedR 10.0%
[20/04/26 19:21:51][src.callback.progress][INFO] - Epoch 193 step 37100/192: loss 1.452e-01
[20/04/26 19:22:01][src.callback.progress][INFO] - Epoch 193 step 37150/192: loss 1.400e-01
[20/04/26 19:22:11][src.callback.progress][INFO] - Epoch 193 step 37200/192: loss 1.230e-01
[20/04/26 19:22:23][src.callback.progress][INFO] - Epoch 193: v_recons 1.760e-01  recons 1.151e-01  v_loss 3.593e-01  loss 1.377e-01  v_latent 9.860e-01  latent 6.547e-01  v_kl 5.069e+01  kl 2.618e+01  v_contrastive 1.828e+00  contrastive 2.228e-01  v_t2m/len 1530  v_t2m/R01 19.79%  v_t2m/R02 24.77%  v_t2m/R03 32.22%  v_t2m/R05 40.38%  v_t2m/R10 53.52%  v_t2m/MedR 9.0%  v_m2t/len 1530  v_m2t/R01 20.92%  v_m2t/R02 23.72%  v_m2t/R03 32.88%  v_m2t/R05 40.59%  v_m2t/R10 51.56%  v_m2t/MedR 9.0%
[20/04/26 19:22:28][src.callback.progress][INFO] - Epoch 194 step 37250/192: loss 1.347e-01
[20/04/26 19:22:38][src.callback.progress][INFO] - Epoch 194 step 37300/192: loss 1.437e-01
[20/04/26 19:22:48][src.callback.progress][INFO] - Epoch 194 step 37350/192: loss 1.478e-01
[20/04/26 19:22:58][src.callback.progress][INFO] - Epoch 194 step 37400/192: loss 1.512e-01
[20/04/26 19:23:07][src.callback.progress][INFO] - Epoch 194: v_recons 1.780e-01  recons 1.147e-01  v_loss 3.640e-01  loss 1.369e-01  v_latent 9.887e-01  latent 6.538e-01  v_kl 5.065e+01  kl 2.619e+01  v_contrastive 1.855e+00  contrastive 2.199e-01  v_t2m/len 1530  v_t2m/R01 17.7%  v_t2m/R02 23.01%  v_t2m/R03 31.3%  v_t2m/R05 41.36%  v_t2m/R10 54.84%  v_t2m/MedR 9.0%  v_m2t/len 1530  v_m2t/R01 20.12%  v_m2t/R02 23.2%  v_m2t/R03 32.02%  v_m2t/R05 40.91%  v_m2t/R10 52.54%  v_m2t/MedR 9.0%
[20/04/26 19:23:14][src.callback.progress][INFO] - Epoch 195 step 37450/192: loss 1.293e-01
[20/04/26 19:23:24][src.callback.progress][INFO] - Epoch 195 step 37500/192: loss 1.329e-01
[20/04/26 19:23:34][src.callback.progress][INFO] - Epoch 195 step 37550/192: loss 1.347e-01
[20/04/26 19:23:44][src.callback.progress][INFO] - Epoch 195 step 37600/192: loss 1.240e-01
[20/04/26 19:23:52][src.callback.progress][INFO] - Epoch 195: v_recons 1.788e-01  recons 1.143e-01  v_loss 3.680e-01  loss 1.365e-01  v_latent 1.002e+00  latent 6.551e-01  v_kl 5.189e+01  kl 2.622e+01  v_contrastive 1.886e+00  contrastive 2.201e-01  v_t2m/len 1530  v_t2m/R01 19.4%  v_t2m/R02 23.72%  v_t2m/R03 32.41%  v_t2m/R05 40.33%  v_t2m/R10 53.13%  v_t2m/MedR 9.0%  v_m2t/len 1530  v_m2t/R01 18.88%  v_m2t/R02 21.5%  v_m2t/R03 32.41%  v_m2t/R05 40.72%  v_m2t/R10 52.15%  v_m2t/MedR 9.0%
[20/04/26 19:24:01][src.callback.progress][INFO] - Epoch 196 step 37650/192: loss 1.282e-01
[20/04/26 19:24:11][src.callback.progress][INFO] - Epoch 196 step 37700/192: loss 1.323e-01
[20/04/26 19:24:21][src.callback.progress][INFO] - Epoch 196 step 37750/192: loss 1.495e-01
[20/04/26 19:24:31][src.callback.progress][INFO] - Epoch 196 step 37800/192: loss 1.353e-01
[20/04/26 19:24:38][src.callback.progress][INFO] - Epoch 196: v_recons 1.770e-01  recons 1.140e-01  v_loss 3.641e-01  loss 1.364e-01  v_latent 9.966e-01  latent 6.551e-01  v_kl 5.107e+01  kl 2.630e+01  v_contrastive 1.866e+00  contrastive 2.212e-01  v_t2m/len 1530  v_t2m/R01 18.55%  v_t2m/R02 23.32%  v_t2m/R03 31.11%  v_t2m/R05 39.93%  v_t2m/R10 54.97%  v_t2m/MedR 9.0%  v_m2t/len 1530  v_m2t/R01 19.4%  v_m2t/R02 23.59%  v_m2t/R03 32.68%  v_m2t/R05 40.72%  v_m2t/R10 50.38%  v_m2t/MedR 10.0%
[20/04/26 19:24:47][src.callback.progress][INFO] - Epoch 197 step 37850/192: loss 1.388e-01
[20/04/26 19:24:57][src.callback.progress][INFO] - Epoch 197 step 37900/192: loss 1.380e-01
[20/04/26 19:25:07][src.callback.progress][INFO] - Epoch 197 step 37950/192: loss 1.439e-01
[20/04/26 19:25:17][src.callback.progress][INFO] - Epoch 197 step 38000/192: loss 1.436e-01
[20/04/26 19:25:22][src.callback.progress][INFO] - Epoch 197: v_recons 1.774e-01  recons 1.137e-01  v_loss 3.641e-01  loss 1.356e-01  v_latent 1.000e+00  latent 6.558e-01  v_kl 5.174e+01  kl 2.629e+01  v_contrastive 1.861e+00  contrastive 2.164e-01  v_t2m/len 1530  v_t2m/R01 19.14%  v_t2m/R02 24.12%  v_t2m/R03 32.47%  v_t2m/R05 41.11%  v_t2m/R10 54.84%  v_t2m/MedR 9.0%  v_m2t/len 1530  v_m2t/R01 20.59%  v_m2t/R02 23.79%  v_m2t/R03 33.59%  v_m2t/R05 41.36%  v_m2t/R10 51.63%  v_m2t/MedR 9.0%
[20/04/26 19:25:33][src.callback.progress][INFO] - Epoch 198 step 38050/192: loss 1.417e-01
[20/04/26 19:25:43][src.callback.progress][INFO] - Epoch 198 step 38100/192: loss 1.255e-01
[20/04/26 19:25:53][src.callback.progress][INFO] - Epoch 198 step 38150/192: loss 1.299e-01
[20/04/26 19:26:03][src.callback.progress][INFO] - Epoch 198 step 38200/192: loss 1.486e-01
[20/04/26 19:26:06][src.callback.progress][INFO] - Epoch 198: v_recons 1.782e-01  recons 1.137e-01  v_loss 3.627e-01  loss 1.357e-01  v_latent 9.942e-01  latent 6.557e-01  v_kl 5.113e+01  kl 2.631e+01  v_contrastive 1.840e+00  contrastive 2.169e-01  v_t2m/len 1530  v_t2m/R01 19.14%  v_t2m/R02 24.25%  v_t2m/R03 33.0%  v_t2m/R05 40.33%  v_t2m/R10 54.04%  v_t2m/MedR 9.0%  v_m2t/len 1530  v_m2t/R01 19.67%  v_m2t/R02 23.45%  v_m2t/R03 34.25%  v_m2t/R05 41.5%  v_m2t/R10 51.11%  v_m2t/MedR 9.0%
[20/04/26 19:26:19][src.callback.progress][INFO] - Epoch 199 step 38250/192: loss 1.156e-01
[20/04/26 19:26:29][src.callback.progress][INFO] - Epoch 199 step 38300/192: loss 1.397e-01
[20/04/26 19:26:39][src.callback.progress][INFO] - Epoch 199 step 38350/192: loss 1.361e-01
[20/04/26 19:26:49][src.callback.progress][INFO] - Epoch 199 step 38400/192: loss 1.333e-01
[20/04/26 19:26:50][src.callback.progress][INFO] - Epoch 199: v_recons 1.780e-01  recons 1.133e-01  v_loss 3.643e-01  loss 1.345e-01  v_latent 1.001e+00  latent 6.549e-01  v_kl 5.205e+01  kl 2.641e+01  v_contrastive 1.858e+00  contrastive 2.098e-01  v_t2m/len 1530  v_t2m/R01 19.02%  v_t2m/R02 24.04%  v_t2m/R03 32.15%  v_t2m/R05 41.11%  v_t2m/R10 54.11%  v_t2m/MedR 9.0%  v_m2t/len 1530  v_m2t/R01 20.0%  v_m2t/R02 22.8%  v_m2t/R03 33.13%  v_m2t/R05 40.97%  v_m2t/R10 50.72%  v_m2t/MedR 10.0%
[20/04/26 19:27:08][src.callback.progress][INFO] - Epoch 200 step 38450/192: loss 1.414e-01
[20/04/26 19:27:18][src.callback.progress][INFO] - Epoch 200 step 38500/192: loss 1.510e-01
[20/04/26 19:27:27][src.callback.progress][INFO] - Epoch 200 step 38550/192: loss 1.333e-01
[20/04/26 19:27:37][src.callback.progress][INFO] - Epoch 200: v_recons 1.797e-01  recons 1.135e-01  v_loss 3.674e-01  loss 1.353e-01  v_latent 1.009e+00  latent 6.567e-01  v_kl 5.296e+01  kl 2.653e+01  v_contrastive 1.871e+00  contrastive 2.153e-01  v_t2m/len 1530  v_t2m/R01 19.61%  v_t2m/R02 23.79%  v_t2m/R03 31.95%  v_t2m/R05 40.06%  v_t2m/R10 53.27%  v_t2m/MedR 9.0%  v_m2t/len 1530  v_m2t/R01 19.21%  v_m2t/R02 22.8%  v_m2t/R03 31.76%  v_m2t/R05 39.79%  v_m2t/R10 50.0%  v_m2t/MedR 10.5%
[20/04/26 19:27:44][src.callback.progress][INFO] - Epoch 201 step 38600/192: loss 1.315e-01
[20/04/26 19:27:54][src.callback.progress][INFO] - Epoch 201 step 38650/192: loss 1.422e-01
[20/04/26 19:28:04][src.callback.progress][INFO] - Epoch 201 step 38700/192: loss 1.297e-01
[20/04/26 19:28:14][src.callback.progress][INFO] - Epoch 201 step 38750/192: loss 1.339e-01
[20/04/26 19:28:22][src.callback.progress][INFO] - Epoch 201: v_recons 1.778e-01  recons 1.129e-01  v_loss 3.649e-01  loss 1.348e-01  v_latent 1.002e+00  latent 6.554e-01  v_kl 5.224e+01  kl 2.647e+01  v_contrastive 1.866e+00  contrastive 2.161e-01  v_t2m/len 1530  v_t2m/R01 17.45%  v_t2m/R02 22.68%  v_t2m/R03 32.34%  v_t2m/R05 40.91%  v_t2m/R10 55.36%  v_t2m/MedR 9.0%  v_m2t/len 1530  v_m2t/R01 20.06%  v_m2t/R02 23.06%  v_m2t/R03 34.25%  v_m2t/R05 41.36%  v_m2t/R10 51.24%  v_m2t/MedR 9.0%
[20/04/26 19:28:30][src.callback.progress][INFO] - Epoch 202 step 38800/192: loss 1.412e-01
[20/04/26 19:28:40][src.callback.progress][INFO] - Epoch 202 step 38850/192: loss 1.348e-01
[20/04/26 19:28:50][src.callback.progress][INFO] - Epoch 202 step 38900/192: loss 1.413e-01
[20/04/26 19:29:00][src.callback.progress][INFO] - Epoch 202 step 38950/192: loss 1.422e-01
[20/04/26 19:29:07][src.callback.progress][INFO] - Epoch 202: v_recons 1.798e-01  recons 1.132e-01  v_loss 3.662e-01  loss 1.344e-01  v_latent 1.004e+00  latent 6.579e-01  v_kl 5.309e+01  kl 2.685e+01  v_contrastive 1.859e+00  contrastive 2.089e-01  v_t2m/len 1530  v_t2m/R01 18.5%  v_t2m/R02 23.13%  v_t2m/R03 31.44%  v_t2m/R05 40.33%  v_t2m/R10 54.31%  v_t2m/MedR 8.0%  v_m2t/len 1530  v_m2t/R01 19.73%  v_m2t/R02 22.75%  v_m2t/R03 31.95%  v_m2t/R05 40.59%  v_m2t/R10 50.91%  v_m2t/MedR 9.5%
[20/04/26 19:29:17][src.callback.progress][INFO] - Epoch 203 step 39000/192: loss 1.377e-01
[20/04/26 19:29:27][src.callback.progress][INFO] - Epoch 203 step 39050/192: loss 1.412e-01
[20/04/26 19:29:37][src.callback.progress][INFO] - Epoch 203 step 39100/192: loss 1.327e-01
[20/04/26 19:29:47][src.callback.progress][INFO] - Epoch 203 step 39150/192: loss 1.268e-01
[20/04/26 19:29:52][src.callback.progress][INFO] - Epoch 203: v_recons 1.792e-01  recons 1.126e-01  v_loss 3.646e-01  loss 1.340e-01  v_latent 1.007e+00  latent 6.547e-01  v_kl 5.254e+01  kl 2.674e+01  v_contrastive 1.848e+00  contrastive 2.113e-01  v_t2m/len 1530  v_t2m/R01 19.02%  v_t2m/R02 24.57%  v_t2m/R03 31.5%  v_t2m/R05 40.13%  v_t2m/R10 54.04%  v_t2m/MedR 9.0%  v_m2t/len 1530  v_m2t/R01 19.73%  v_m2t/R02 23.45%  v_m2t/R03 32.61%  v_m2t/R05 40.45%  v_m2t/R10 51.9%  v_m2t/MedR 9.0%
[20/04/26 19:30:04][src.callback.progress][INFO] - Epoch 204 step 39200/192: loss 1.243e-01
[20/04/26 19:30:14][src.callback.progress][INFO] - Epoch 204 step 39250/192: loss 1.401e-01
[20/04/26 19:30:24][src.callback.progress][INFO] - Epoch 204 step 39300/192: loss 1.341e-01
[20/04/26 19:30:34][src.callback.progress][INFO] - Epoch 204 step 39350/192: loss 1.458e-01
[20/04/26 19:30:37][src.callback.progress][INFO] - Epoch 204: v_recons 1.796e-01  recons 1.129e-01  v_loss 3.689e-01  loss 1.343e-01  v_latent 1.010e+00  latent 6.578e-01  v_kl 5.271e+01  kl 2.680e+01  v_contrastive 1.887e+00  contrastive 2.113e-01  v_t2m/len 1530  v_t2m/R01 18.04%  v_t2m/R02 22.35%  v_t2m/R03 32.22%  v_t2m/R05 41.9%  v_t2m/R10 54.43%  v_t2m/MedR 9.0%  v_m2t/len 1530  v_m2t/R01 20.92%  v_m2t/R02 23.53%  v_m2t/R03 32.68%  v_m2t/R05 41.31%  v_m2t/R10 52.68%  v_m2t/MedR 9.0%
[20/04/26 19:30:51][src.callback.progress][INFO] - Epoch 205 step 39400/192: loss 1.234e-01
[20/04/26 19:31:01][src.callback.progress][INFO] - Epoch 205 step 39450/192: loss 1.553e-01
[20/04/26 19:31:11][src.callback.progress][INFO] - Epoch 205 step 39500/192: loss 1.412e-01
[20/04/26 19:31:21][src.callback.progress][INFO] - Epoch 205 step 39550/192: loss 1.331e-01
[20/04/26 19:31:23][src.callback.progress][INFO] - Epoch 205: v_recons 1.792e-01  recons 1.124e-01  v_loss 3.684e-01  loss 1.337e-01  v_latent 1.014e+00  latent 6.584e-01  v_kl 5.381e+01  kl 2.697e+01  v_contrastive 1.887e+00  contrastive 2.096e-01  v_t2m/len 1530  v_t2m/R01 18.76%  v_t2m/R02 23.27%  v_t2m/R03 30.64%  v_t2m/R05 38.81%  v_t2m/R10 53.0%  v_t2m/MedR 9.0%  v_m2t/len 1530  v_m2t/R01 19.73%  v_m2t/R02 22.8%  v_m2t/R03 32.54%  v_m2t/R05 40.33%  v_m2t/R10 50.65%  v_m2t/MedR 10.0%
[20/04/26 19:31:38][src.callback.progress][INFO] - Epoch 206 step 39600/192: loss 1.337e-01
[20/04/26 19:31:48][src.callback.progress][INFO] - Epoch 206 step 39650/192: loss 1.300e-01
[20/04/26 19:31:58][src.callback.progress][INFO] - Epoch 206 step 39700/192: loss 1.182e-01
[20/04/26 19:32:08][src.callback.progress][INFO] - Epoch 206: v_recons 1.797e-01  recons 1.121e-01  v_loss 3.677e-01  loss 1.331e-01  v_latent 1.014e+00  latent 6.578e-01  v_kl 5.322e+01  kl 2.715e+01  v_contrastive 1.875e+00  contrastive 2.069e-01  v_t2m/len 1530  v_t2m/R01 19.67%  v_t2m/R02 24.44%  v_t2m/R03 31.89%  v_t2m/R05 39.66%  v_t2m/R10 53.13%  v_t2m/MedR 9.0%  v_m2t/len 1530  v_m2t/R01 22.47%  v_m2t/R02 25.36%  v_m2t/R03 33.86%  v_m2t/R05 41.56%  v_m2t/R10 50.06%  v_m2t/MedR 10.0%
[20/04/26 19:32:14][src.callback.progress][INFO] - Epoch 207 step 39750/192: loss 1.303e-01
[20/04/26 19:32:24][src.callback.progress][INFO] - Epoch 207 step 39800/192: loss 1.235e-01
[20/04/26 19:32:34][src.callback.progress][INFO] - Epoch 207 step 39850/192: loss 1.280e-01
[20/04/26 19:32:44][src.callback.progress][INFO] - Epoch 207 step 39900/192: loss 1.314e-01
[20/04/26 19:32:53][src.callback.progress][INFO] - Epoch 207: v_recons 1.779e-01  recons 1.120e-01  v_loss 3.677e-01  loss 1.329e-01  v_latent 1.017e+00  latent 6.586e-01  v_kl 5.373e+01  kl 2.705e+01  v_contrastive 1.892e+00  contrastive 2.067e-01  v_t2m/len 1530  v_t2m/R01 18.76%  v_t2m/R02 24.12%  v_t2m/R03 32.09%  v_t2m/R05 39.86%  v_t2m/R10 53.65%  v_t2m/MedR 9.0%  v_m2t/len 1530  v_m2t/R01 21.62%  v_m2t/R02 24.18%  v_m2t/R03 33.33%  v_m2t/R05 40.77%  v_m2t/R10 52.41%  v_m2t/MedR 9.0%
[20/04/26 19:33:01][src.callback.progress][INFO] - Epoch 208 step 39950/192: loss 1.240e-01
[20/04/26 19:33:11][src.callback.progress][INFO] - Epoch 208 step 40000/192: loss 1.269e-01
[20/04/26 19:33:21][src.callback.progress][INFO] - Epoch 208 step 40050/192: loss 1.215e-01
[20/04/26 19:33:30][src.callback.progress][INFO] - Epoch 208 step 40100/192: loss 1.157e-01
[20/04/26 19:33:38][src.callback.progress][INFO] - Epoch 208: v_recons 1.804e-01  recons 1.116e-01  v_loss 3.662e-01  loss 1.327e-01  v_latent 1.017e+00  latent 6.569e-01  v_kl 5.362e+01  kl 2.703e+01  v_contrastive 1.852e+00  contrastive 2.079e-01  v_t2m/len 1530  v_t2m/R01 18.1%  v_t2m/R02 24.18%  v_t2m/R03 31.44%  v_t2m/R05 41.24%  v_t2m/R10 53.59%  v_t2m/MedR 9.0%  v_m2t/len 1530  v_m2t/R01 19.14%  v_m2t/R02 22.8%  v_m2t/R03 33.06%  v_m2t/R05 41.75%  v_m2t/R10 51.9%  v_m2t/MedR 9.0%
[20/04/26 19:33:47][src.callback.progress][INFO] - Epoch 209 step 40150/192: loss 1.388e-01
[20/04/26 19:33:57][src.callback.progress][INFO] - Epoch 209 step 40200/192: loss 1.316e-01
[20/04/26 19:34:07][src.callback.progress][INFO] - Epoch 209 step 40250/192: loss 1.530e-01
[20/04/26 19:34:17][src.callback.progress][INFO] - Epoch 209 step 40300/192: loss 1.368e-01
[20/04/26 19:34:22][src.callback.progress][INFO] - Epoch 209: v_recons 1.785e-01  recons 1.113e-01  v_loss 3.654e-01  loss 1.324e-01  v_latent 1.021e+00  latent 6.608e-01  v_kl 5.421e+01  kl 2.728e+01  v_contrastive 1.863e+00  contrastive 2.078e-01  v_t2m/len 1530  v_t2m/R01 18.04%  v_t2m/R02 23.72%  v_t2m/R03 32.88%  v_t2m/R05 40.72%  v_t2m/R10 53.86%  v_t2m/MedR 9.0%  v_m2t/len 1530  v_m2t/R01 21.04%  v_m2t/R02 24.44%  v_m2t/R03 33.72%  v_m2t/R05 41.5%  v_m2t/R10 51.31%  v_m2t/MedR 9.0%
[20/04/26 19:34:33][src.callback.progress][INFO] - Epoch 210 step 40350/192: loss 1.250e-01
[20/04/26 19:34:43][src.callback.progress][INFO] - Epoch 210 step 40400/192: loss 1.252e-01
[20/04/26 19:34:54][src.callback.progress][INFO] - Epoch 210 step 40450/192: loss 1.345e-01
[20/04/26 19:35:04][src.callback.progress][INFO] - Epoch 210 step 40500/192: loss 1.355e-01
[20/04/26 19:35:08][src.callback.progress][INFO] - Epoch 210: v_recons 1.768e-01  recons 1.113e-01  v_loss 3.643e-01  loss 1.321e-01  v_latent 1.021e+00  latent 6.597e-01  v_kl 5.349e+01  kl 2.728e+01  v_contrastive 1.869e+00  contrastive 2.053e-01  v_t2m/len 1530  v_t2m/R01 18.23%  v_t2m/R02 23.13%  v_t2m/R03 33.0%  v_t2m/R05 41.24%  v_t2m/R10 54.5%  v_t2m/MedR 9.0%  v_m2t/len 1530  v_m2t/R01 20.92%  v_m2t/R02 23.98%  v_m2t/R03 33.2%  v_m2t/R05 40.59%  v_m2t/R10 51.75%  v_m2t/MedR 9.0%
[20/04/26 19:35:20][src.callback.progress][INFO] - Epoch 211 step 40550/192: loss 1.369e-01
[20/04/26 19:35:30][src.callback.progress][INFO] - Epoch 211 step 40600/192: loss 1.360e-01
[20/04/26 19:35:40][src.callback.progress][INFO] - Epoch 211 step 40650/192: loss 1.403e-01
[20/04/26 19:35:50][src.callback.progress][INFO] - Epoch 211 step 40700/192: loss 1.311e-01
[20/04/26 19:35:52][src.callback.progress][INFO] - Epoch 211: v_recons 1.806e-01  recons 1.110e-01  v_loss 3.671e-01  loss 1.316e-01  v_latent 1.020e+00  latent 6.586e-01  v_kl 5.403e+01  kl 2.723e+01  v_contrastive 1.859e+00  contrastive 2.029e-01  v_t2m/len 1530  v_t2m/R01 19.35%  v_t2m/R02 24.18%  v_t2m/R03 31.62%  v_t2m/R05 40.13%  v_t2m/R10 54.58%  v_t2m/MedR 9.0%  v_m2t/len 1530  v_m2t/R01 20.59%  v_m2t/R02 24.3%  v_m2t/R03 32.68%  v_m2t/R05 40.2%  v_m2t/R10 50.38%  v_m2t/MedR 10.0%
[20/04/26 19:36:08][src.callback.progress][INFO] - Epoch 212 step 40750/192: loss 1.337e-01
[20/04/26 19:36:18][src.callback.progress][INFO] - Epoch 212 step 40800/192: loss 1.406e-01
[20/04/26 19:36:28][src.callback.progress][INFO] - Epoch 212 step 40850/192: loss 1.393e-01
[20/04/26 19:36:39][src.callback.progress][INFO] - Epoch 212: v_recons 1.784e-01  recons 1.108e-01  v_loss 3.679e-01  loss 1.317e-01  v_latent 1.027e+00  latent 6.602e-01  v_kl 5.486e+01  kl 2.741e+01  v_contrastive 1.889e+00  contrastive 2.065e-01  v_t2m/len 1530  v_t2m/R01 18.88%  v_t2m/R02 24.12%  v_t2m/R03 31.62%  v_t2m/R05 39.61%  v_t2m/R10 52.88%  v_t2m/MedR 9.0%  v_m2t/len 1530  v_m2t/R01 20.97%  v_m2t/R02 23.72%  v_m2t/R03 33.33%  v_m2t/R05 41.43%  v_m2t/R10 50.97%  v_m2t/MedR 10.0%
[20/04/26 19:36:45][src.callback.progress][INFO] - Epoch 213 step 40900/192: loss 1.369e-01
[20/04/26 19:36:55][src.callback.progress][INFO] - Epoch 213 step 40950/192: loss 1.443e-01
[20/04/26 19:37:05][src.callback.progress][INFO] - Epoch 213 step 41000/192: loss 1.336e-01
[20/04/26 19:37:15][src.callback.progress][INFO] - Epoch 213 step 41050/192: loss 1.362e-01
[20/04/26 19:37:24][src.callback.progress][INFO] - Epoch 213: v_recons 1.776e-01  recons 1.109e-01  v_loss 3.674e-01  loss 1.314e-01  v_latent 1.026e+00  latent 6.617e-01  v_kl 5.537e+01  kl 2.757e+01  v_contrastive 1.892e+00  contrastive 2.025e-01  v_t2m/len 1530  v_t2m/R01 17.96%  v_t2m/R02 24.63%  v_t2m/R03 32.47%  v_t2m/R05 40.77%  v_t2m/R10 53.06%  v_t2m/MedR 9.0%  v_m2t/len 1530  v_m2t/R01 21.89%  v_m2t/R02 24.04%  v_m2t/R03 33.13%  v_m2t/R05 40.33%  v_m2t/R10 51.75%  v_m2t/MedR 9.0%
[20/04/26 19:37:31][src.callback.progress][INFO] - Epoch 214 step 41100/192: loss 1.393e-01
[20/04/26 19:37:41][src.callback.progress][INFO] - Epoch 214 step 41150/192: loss 1.278e-01
[20/04/26 19:37:51][src.callback.progress][INFO] - Epoch 214 step 41200/192: loss 1.261e-01
[20/04/26 19:38:01][src.callback.progress][INFO] - Epoch 214 step 41250/192: loss 1.095e-01
[20/04/26 19:38:09][src.callback.progress][INFO] - Epoch 214: v_recons 1.786e-01  recons 1.104e-01  v_loss 3.658e-01  loss 1.307e-01  v_latent 1.024e+00  latent 6.592e-01  v_kl 5.507e+01  kl 2.752e+01  v_contrastive 1.867e+00  contrastive 2.005e-01  v_t2m/len 1530  v_t2m/R01 18.81%  v_t2m/R02 25.36%  v_t2m/R03 32.47%  v_t2m/R05 40.97%  v_t2m/R10 52.75%  v_t2m/MedR 9.0%  v_m2t/len 1530  v_m2t/R01 20.78%  v_m2t/R02 23.98%  v_m2t/R03 33.86%  v_m2t/R05 41.83%  v_m2t/R10 53.06%  v_m2t/MedR 9.0%
[20/04/26 19:38:18][src.callback.progress][INFO] - Epoch 215 step 41300/192: loss 1.255e-01
[20/04/26 19:38:28][src.callback.progress][INFO] - Epoch 215 step 41350/192: loss 1.405e-01
[20/04/26 19:38:38][src.callback.progress][INFO] - Epoch 215 step 41400/192: loss 1.264e-01
[20/04/26 19:38:48][src.callback.progress][INFO] - Epoch 215 step 41450/192: loss 1.365e-01
[20/04/26 19:38:54][src.callback.progress][INFO] - Epoch 215: v_recons 1.789e-01  recons 1.101e-01  v_loss 3.668e-01  loss 1.301e-01  v_latent 1.027e+00  latent 6.594e-01  v_kl 5.437e+01  kl 2.756e+01  v_contrastive 1.874e+00  contrastive 1.968e-01  v_t2m/len 1530  v_t2m/R01 19.67%  v_t2m/R02 23.72%  v_t2m/R03 31.23%  v_t2m/R05 40.91%  v_t2m/R10 53.65%  v_t2m/MedR 9.0%  v_m2t/len 1530  v_m2t/R01 20.2%  v_m2t/R02 23.59%  v_m2t/R03 34.11%  v_m2t/R05 40.77%  v_m2t/R10 51.18%  v_m2t/MedR 10.0%
[20/04/26 19:39:04][src.callback.progress][INFO] - Epoch 216 step 41500/192: loss 1.253e-01
[20/04/26 19:39:15][src.callback.progress][INFO] - Epoch 216 step 41550/192: loss 1.223e-01
[20/04/26 19:39:25][src.callback.progress][INFO] - Epoch 216 step 41600/192: loss 1.112e-01
[20/04/26 19:39:35][src.callback.progress][INFO] - Epoch 216 step 41650/192: loss 1.297e-01
[20/04/26 19:39:39][src.callback.progress][INFO] - Epoch 216: v_recons 1.787e-01  recons 1.103e-01  v_loss 3.670e-01  loss 1.307e-01  v_latent 1.035e+00  latent 6.612e-01  v_kl 5.542e+01  kl 2.775e+01  v_contrastive 1.878e+00  contrastive 2.015e-01  v_t2m/len 1530  v_t2m/R01 18.43%  v_t2m/R02 24.04%  v_t2m/R03 32.09%  v_t2m/R05 41.18%  v_t2m/R10 54.58%  v_t2m/MedR 8.5%  v_m2t/len 1530  v_m2t/R01 19.35%  v_m2t/R02 23.06%  v_m2t/R03 34.38%  v_m2t/R05 41.11%  v_m2t/R10 50.97%  v_m2t/MedR 10.0%
[20/04/26 19:39:52][src.callback.progress][INFO] - Epoch 217 step 41700/192: loss 1.260e-01
[20/04/26 19:40:02][src.callback.progress][INFO] - Epoch 217 step 41750/192: loss 1.420e-01
[20/04/26 19:40:12][src.callback.progress][INFO] - Epoch 217 step 41800/192: loss 1.234e-01
[20/04/26 19:40:21][src.callback.progress][INFO] - Epoch 217 step 41850/192: loss 1.445e-01
[20/04/26 19:40:24][src.callback.progress][INFO] - Epoch 217: v_recons 1.779e-01  recons 1.099e-01  v_loss 3.643e-01  loss 1.299e-01  v_latent 1.030e+00  latent 6.617e-01  v_kl 5.587e+01  kl 2.788e+01  v_contrastive 1.858e+00  contrastive 1.965e-01  v_t2m/len 1530  v_t2m/R01 21.23%  v_t2m/R02 25.15%  v_t2m/R03 33.06%  v_t2m/R05 41.83%  v_t2m/R10 55.09%  v_t2m/MedR 8.0%  v_m2t/len 1530  v_m2t/R01 20.38%  v_m2t/R02 23.98%  v_m2t/R03 33.72%  v_m2t/R05 41.43%  v_m2t/R10 52.02%  v_m2t/MedR 9.0%
[20/04/26 19:40:39][src.callback.progress][INFO] - Epoch 218 step 41900/192: loss 1.360e-01
[20/04/26 19:40:49][src.callback.progress][INFO] - Epoch 218 step 41950/192: loss 1.376e-01
[20/04/26 19:40:59][src.callback.progress][INFO] - Epoch 218 step 42000/192: loss 1.247e-01
[20/04/26 19:41:10][src.callback.progress][INFO] - Epoch 218: v_recons 1.794e-01  recons 1.099e-01  v_loss 3.685e-01  loss 1.299e-01  v_latent 1.031e+00  latent 6.602e-01  v_kl 5.586e+01  kl 2.791e+01  v_contrastive 1.886e+00  contrastive 1.969e-01  v_t2m/len 1530  v_t2m/R01 19.93%  v_t2m/R02 24.89%  v_t2m/R03 34.18%  v_t2m/R05 40.97%  v_t2m/R10 54.5%  v_t2m/MedR 9.0%  v_m2t/len 1530  v_m2t/R01 21.62%  v_m2t/R02 25.15%  v_m2t/R03 34.77%  v_m2t/R05 42.88%  v_m2t/R10 52.22%  v_m2t/MedR 9.0%
[20/04/26 19:41:16][src.callback.progress][INFO] - Epoch 219 step 42050/192: loss 1.099e-01
[20/04/26 19:41:26][src.callback.progress][INFO] - Epoch 219 step 42100/192: loss 1.361e-01
[20/04/26 19:41:36][src.callback.progress][INFO] - Epoch 219 step 42150/192: loss 1.388e-01
[20/04/26 19:41:46][src.callback.progress][INFO] - Epoch 219 step 42200/192: loss 1.244e-01
[20/04/26 19:41:55][src.callback.progress][INFO] - Epoch 219: v_recons 1.777e-01  recons 1.097e-01  v_loss 3.650e-01  loss 1.293e-01  v_latent 1.036e+00  latent 6.612e-01  v_kl 5.614e+01  kl 2.797e+01  v_contrastive 1.868e+00  contrastive 1.936e-01  v_t2m/len 1530  v_t2m/R01 18.81%  v_t2m/R02 23.86%  v_t2m/R03 32.81%  v_t2m/R05 42.29%  v_t2m/R10 54.18%  v_t2m/MedR 9.0%  v_m2t/len 1530  v_m2t/R01 20.52%  v_m2t/R02 23.45%  v_m2t/R03 32.81%  v_m2t/R05 40.59%  v_m2t/R10 51.83%  v_m2t/MedR 9.0%
[20/04/26 19:42:02][src.callback.progress][INFO] - Epoch 220 step 42250/192: loss 1.490e-01
[20/04/26 19:42:12][src.callback.progress][INFO] - Epoch 220 step 42300/192: loss 1.268e-01
[20/04/26 19:42:22][src.callback.progress][INFO] - Epoch 220 step 42350/192: loss 1.212e-01
[20/04/26 19:42:32][src.callback.progress][INFO] - Epoch 220 step 42400/192: loss 1.265e-01
[20/04/26 19:42:40][src.callback.progress][INFO] - Epoch 220: v_recons 1.787e-01  recons 1.090e-01  v_loss 3.668e-01  loss 1.286e-01  v_latent 1.037e+00  latent 6.616e-01  v_kl 5.653e+01  kl 2.797e+01  v_contrastive 1.876e+00  contrastive 1.934e-01  v_t2m/len 1530  v_t2m/R01 19.87%  v_t2m/R02 24.63%  v_t2m/R03 33.0%  v_t2m/R05 40.77%  v_t2m/R10 53.91%  v_t2m/MedR 9.0%  v_m2t/len 1530  v_m2t/R01 19.67%  v_m2t/R02 22.68%  v_m2t/R03 32.68%  v_m2t/R05 41.36%  v_m2t/R10 51.56%  v_m2t/MedR 9.0%
[20/04/26 19:42:48][src.callback.progress][INFO] - Epoch 221 step 42450/192: loss 1.335e-01
[20/04/26 19:42:58][src.callback.progress][INFO] - Epoch 221 step 42500/192: loss 1.362e-01
[20/04/26 19:43:08][src.callback.progress][INFO] - Epoch 221 step 42550/192: loss 1.263e-01
[20/04/26 19:43:18][src.callback.progress][INFO] - Epoch 221 step 42600/192: loss 1.096e-01
[20/04/26 19:43:25][src.callback.progress][INFO] - Epoch 221: v_recons 1.783e-01  recons 1.086e-01  v_loss 3.664e-01  loss 1.284e-01  v_latent 1.036e+00  latent 6.601e-01  v_kl 5.679e+01  kl 2.790e+01  v_contrastive 1.876e+00  contrastive 1.951e-01  v_t2m/len 1530  v_t2m/R01 18.04%  v_t2m/R02 23.2%  v_t2m/R03 32.34%  v_t2m/R05 40.52%  v_t2m/R10 53.99%  v_t2m/MedR 9.0%  v_m2t/len 1530  v_m2t/R01 19.87%  v_m2t/R02 22.94%  v_m2t/R03 33.06%  v_m2t/R05 41.95%  v_m2t/R10 51.24%  v_m2t/MedR 10.0%
[20/04/26 19:43:36][src.callback.progress][INFO] - Epoch 222 step 42650/192: loss 1.172e-01
[20/04/26 19:43:46][src.callback.progress][INFO] - Epoch 222 step 42700/192: loss 1.293e-01
[20/04/26 19:43:56][src.callback.progress][INFO] - Epoch 222 step 42750/192: loss 1.357e-01
[20/04/26 19:44:06][src.callback.progress][INFO] - Epoch 222 step 42800/192: loss 1.329e-01
[20/04/26 19:44:11][src.callback.progress][INFO] - Epoch 222: v_recons 1.806e-01  recons 1.089e-01  v_loss 3.682e-01  loss 1.285e-01  v_latent 1.035e+00  latent 6.625e-01  v_kl 5.589e+01  kl 2.819e+01  v_contrastive 1.870e+00  contrastive 1.927e-01  v_t2m/len 1530  v_t2m/R01 18.81%  v_t2m/R02 24.04%  v_t2m/R03 32.88%  v_t2m/R05 41.18%  v_t2m/R10 54.58%  v_t2m/MedR 9.0%  v_m2t/len 1530  v_m2t/R01 20.26%  v_m2t/R02 24.25%  v_m2t/R03 34.7%  v_m2t/R05 42.15%  v_m2t/R10 51.75%  v_m2t/MedR 9.0%
[20/04/26 19:44:23][src.callback.progress][INFO] - Epoch 223 step 42850/192: loss 1.333e-01
[20/04/26 19:44:33][src.callback.progress][INFO] - Epoch 223 step 42900/192: loss 1.299e-01
[20/04/26 19:44:43][src.callback.progress][INFO] - Epoch 223 step 42950/192: loss 1.399e-01
[20/04/26 19:44:52][src.callback.progress][INFO] - Epoch 223 step 43000/192: loss 1.217e-01
[20/04/26 19:44:56][src.callback.progress][INFO] - Epoch 223: v_recons 1.793e-01  recons 1.087e-01  v_loss 3.686e-01  loss 1.285e-01  v_latent 1.044e+00  latent 6.625e-01  v_kl 5.656e+01  kl 2.814e+01  v_contrastive 1.888e+00  contrastive 1.948e-01  v_t2m/len 1530  v_t2m/R01 19.35%  v_t2m/R02 24.7%  v_t2m/R03 33.0%  v_t2m/R05 41.5%  v_t2m/R10 53.33%  v_t2m/MedR 9.0%  v_m2t/len 1530  v_m2t/R01 20.97%  v_m2t/R02 24.37%  v_m2t/R03 34.5%  v_m2t/R05 41.5%  v_m2t/R10 52.09%  v_m2t/MedR 9.0%
[20/04/26 19:45:09][src.callback.progress][INFO] - Epoch 224 step 43050/192: loss 1.299e-01
[20/04/26 19:45:19][src.callback.progress][INFO] - Epoch 224 step 43100/192: loss 1.282e-01
[20/04/26 19:45:29][src.callback.progress][INFO] - Epoch 224 step 43150/192: loss 1.439e-01
[20/04/26 19:45:38][src.callback.progress][INFO] - Epoch 224 step 43200/192: loss 1.376e-01
[20/04/26 19:45:40][src.callback.progress][INFO] - Epoch 224: v_recons 1.808e-01  recons 1.090e-01  v_loss 3.733e-01  loss 1.284e-01  v_latent 1.047e+00  latent 6.634e-01  v_kl 5.707e+01  kl 2.824e+01  v_contrastive 1.918e+00  contrastive 1.917e-01  v_t2m/len 1530  v_t2m/R01 20.12%  v_t2m/R02 24.44%  v_t2m/R03 32.09%  v_t2m/R05 40.0%  v_t2m/R10 52.15%  v_t2m/MedR 9.0%  v_m2t/len 1530  v_m2t/R01 19.4%  v_m2t/R02 22.47%  v_m2t/R03 31.95%  v_m2t/R05 39.74%  v_m2t/R10 50.13%  v_m2t/MedR 10.0%
[20/04/26 19:45:56][src.callback.progress][INFO] - Epoch 225 step 43250/192: loss 1.190e-01
[20/04/26 19:46:05][src.callback.progress][INFO] - Epoch 225 step 43300/192: loss 1.233e-01
[20/04/26 19:46:15][src.callback.progress][INFO] - Epoch 225 step 43350/192: loss 1.296e-01
[20/04/26 19:46:25][src.callback.progress][INFO] - Epoch 225: v_recons 1.794e-01  recons 1.082e-01  v_loss 3.681e-01  loss 1.279e-01  v_latent 1.047e+00  latent 6.629e-01  v_kl 5.727e+01  kl 2.831e+01  v_contrastive 1.881e+00  contrastive 1.938e-01  v_t2m/len 1530  v_t2m/R01 18.5%  v_t2m/R02 24.44%  v_t2m/R03 33.13%  v_t2m/R05 40.13%  v_t2m/R10 54.11%  v_t2m/MedR 9.0%  v_m2t/len 1530  v_m2t/R01 21.62%  v_m2t/R02 24.7%  v_m2t/R03 33.65%  v_m2t/R05 40.97%  v_m2t/R10 51.18%  v_m2t/MedR 10.0%
[20/04/26 19:46:32][src.callback.progress][INFO] - Epoch 226 step 43400/192: loss 1.177e-01
[20/04/26 19:46:42][src.callback.progress][INFO] - Epoch 226 step 43450/192: loss 1.273e-01
[20/04/26 19:46:52][src.callback.progress][INFO] - Epoch 226 step 43500/192: loss 1.243e-01
[20/04/26 19:47:02][src.callback.progress][INFO] - Epoch 226 step 43550/192: loss 1.247e-01
[20/04/26 19:47:10][src.callback.progress][INFO] - Epoch 226: v_recons 1.795e-01  recons 1.085e-01  v_loss 3.683e-01  loss 1.276e-01  v_latent 1.043e+00  latent 6.640e-01  v_kl 5.638e+01  kl 2.828e+01  v_contrastive 1.883e+00  contrastive 1.886e-01  v_t2m/len 1530  v_t2m/R01 19.87%  v_t2m/R02 24.37%  v_t2m/R03 31.7%  v_t2m/R05 40.72%  v_t2m/R10 54.84%  v_t2m/MedR 9.0%  v_m2t/len 1530  v_m2t/R01 21.11%  v_m2t/R02 23.92%  v_m2t/R03 32.68%  v_m2t/R05 41.9%  v_m2t/R10 51.63%  v_m2t/MedR 9.0%
[20/04/26 19:47:18][src.callback.progress][INFO] - Epoch 227 step 43600/192: loss 1.423e-01
[20/04/26 19:47:28][src.callback.progress][INFO] - Epoch 227 step 43650/192: loss 1.193e-01
[20/04/26 19:47:38][src.callback.progress][INFO] - Epoch 227 step 43700/192: loss 1.190e-01
[20/04/26 19:47:48][src.callback.progress][INFO] - Epoch 227 step 43750/192: loss 1.198e-01
[20/04/26 19:47:55][src.callback.progress][INFO] - Epoch 227: v_recons 1.813e-01  recons 1.080e-01  v_loss 3.716e-01  loss 1.273e-01  v_latent 1.049e+00  latent 6.636e-01  v_kl 5.751e+01  kl 2.829e+01  v_contrastive 1.896e+00  contrastive 1.901e-01  v_t2m/len 1530  v_t2m/R01 19.93%  v_t2m/R02 23.79%  v_t2m/R03 32.68%  v_t2m/R05 41.83%  v_t2m/R10 54.31%  v_t2m/MedR 8.5%  v_m2t/len 1530  v_m2t/R01 20.0%  v_m2t/R02 23.06%  v_m2t/R03 33.0%  v_m2t/R05 42.15%  v_m2t/R10 51.75%  v_m2t/MedR 9.0%
[20/04/26 19:48:06][src.callback.progress][INFO] - Epoch 228 step 43800/192: loss 1.337e-01
[20/04/26 19:48:16][src.callback.progress][INFO] - Epoch 228 step 43850/192: loss 1.145e-01
[20/04/26 19:48:26][src.callback.progress][INFO] - Epoch 228 step 43900/192: loss 1.210e-01
[20/04/26 19:48:36][src.callback.progress][INFO] - Epoch 228 step 43950/192: loss 1.254e-01
[20/04/26 19:48:41][src.callback.progress][INFO] - Epoch 228: v_recons 1.827e-01  recons 1.078e-01  v_loss 3.744e-01  loss 1.271e-01  v_latent 1.053e+00  latent 6.652e-01  v_kl 5.729e+01  kl 2.856e+01  v_contrastive 1.911e+00  contrastive 1.900e-01  v_t2m/len 1530  v_t2m/R01 19.14%  v_t2m/R02 24.12%  v_t2m/R03 31.76%  v_t2m/R05 40.59%  v_t2m/R10 53.79%  v_t2m/MedR 9.0%  v_m2t/len 1530  v_m2t/R01 20.45%  v_m2t/R02 23.32%  v_m2t/R03 32.29%  v_m2t/R05 39.27%  v_m2t/R10 50.52%  v_m2t/MedR 10.0%
[20/04/26 19:48:52][src.callback.progress][INFO] - Epoch 229 step 44000/192: loss 1.211e-01
[20/04/26 19:49:02][src.callback.progress][INFO] - Epoch 229 step 44050/192: loss 1.274e-01
[20/04/26 19:49:12][src.callback.progress][INFO] - Epoch 229 step 44100/192: loss 1.254e-01
[20/04/26 19:49:22][src.callback.progress][INFO] - Epoch 229 step 44150/192: loss 1.213e-01
[20/04/26 19:49:25][src.callback.progress][INFO] - Epoch 229: v_recons 1.799e-01  recons 1.078e-01  v_loss 3.710e-01  loss 1.271e-01  v_latent 1.054e+00  latent 6.642e-01  v_kl 5.848e+01  kl 2.855e+01  v_contrastive 1.904e+00  contrastive 1.906e-01  v_t2m/len 1530  v_t2m/R01 19.67%  v_t2m/R02 25.22%  v_t2m/R03 31.44%  v_t2m/R05 39.79%  v_t2m/R10 53.4%  v_t2m/MedR 9.0%  v_m2t/len 1530  v_m2t/R01 21.76%  v_m2t/R02 25.36%  v_m2t/R03 33.27%  v_m2t/R05 42.02%  v_m2t/R10 51.56%  v_m2t/MedR 9.5%
[20/04/26 19:49:38][src.callback.progress][INFO] - Epoch 230 step 44200/192: loss 1.248e-01
[20/04/26 19:49:48][src.callback.progress][INFO] - Epoch 230 step 44250/192: loss 1.320e-01
[20/04/26 19:49:58][src.callback.progress][INFO] - Epoch 230 step 44300/192: loss 1.279e-01
[20/04/26 19:50:08][src.callback.progress][INFO] - Epoch 230 step 44350/192: loss 1.255e-01
[20/04/26 19:50:10][src.callback.progress][INFO] - Epoch 230: v_recons 1.792e-01  recons 1.070e-01  v_loss 3.679e-01  loss 1.256e-01  v_latent 1.054e+00  latent 6.625e-01  v_kl 5.865e+01  kl 2.855e+01  v_contrastive 1.881e+00  contrastive 1.828e-01  v_t2m/len 1530  v_t2m/R01 18.23%  v_t2m/R02 23.53%  v_t2m/R03 32.61%  v_t2m/R05 40.13%  v_t2m/R10 54.31%  v_t2m/MedR 9.0%  v_m2t/len 1530  v_m2t/R01 20.0%  v_m2t/R02 23.2%  v_m2t/R03 32.93%  v_m2t/R05 41.18%  v_m2t/R10 50.97%  v_m2t/MedR 10.0%
[20/04/26 19:50:25][src.callback.progress][INFO] - Epoch 231 step 44400/192: loss 1.294e-01
[20/04/26 19:50:35][src.callback.progress][INFO] - Epoch 231 step 44450/192: loss 1.224e-01
[20/04/26 19:50:45][src.callback.progress][INFO] - Epoch 231 step 44500/192: loss 1.142e-01
[20/04/26 19:50:55][src.callback.progress][INFO] - Epoch 231: v_recons 1.809e-01  recons 1.069e-01  v_loss 3.685e-01  loss 1.256e-01  v_latent 1.053e+00  latent 6.638e-01  v_kl 5.815e+01  kl 2.877e+01  v_contrastive 1.870e+00  contrastive 1.842e-01  v_t2m/len 1530  v_t2m/R01 20.0%  v_t2m/R02 25.1%  v_t2m/R03 32.02%  v_t2m/R05 40.13%  v_t2m/R10 53.0%  v_t2m/MedR 9.0%  v_m2t/len 1530  v_m2t/R01 19.47%  v_m2t/R02 23.45%  v_m2t/R03 33.45%  v_m2t/R05 41.56%  v_m2t/R10 51.56%  v_m2t/MedR 9.0%
[20/04/26 19:51:01][src.callback.progress][INFO] - Epoch 232 step 44550/192: loss 1.224e-01
[20/04/26 19:51:11][src.callback.progress][INFO] - Epoch 232 step 44600/192: loss 1.170e-01
[20/04/26 19:51:21][src.callback.progress][INFO] - Epoch 232 step 44650/192: loss 1.209e-01
[20/04/26 19:51:31][src.callback.progress][INFO] - Epoch 232 step 44700/192: loss 1.230e-01
[20/04/26 19:51:40][src.callback.progress][INFO] - Epoch 232: v_recons 1.805e-01  recons 1.071e-01  v_loss 3.704e-01  loss 1.260e-01  v_latent 1.059e+00  latent 6.644e-01  v_kl 5.829e+01  kl 2.863e+01  v_contrastive 1.893e+00  contrastive 1.859e-01  v_t2m/len 1530  v_t2m/R01 17.78%  v_t2m/R02 23.2%  v_t2m/R03 32.54%  v_t2m/R05 39.74%  v_t2m/R10 53.13%  v_t2m/MedR 9.0%  v_m2t/len 1530  v_m2t/R01 19.87%  v_m2t/R02 24.12%  v_m2t/R03 33.52%  v_m2t/R05 41.36%  v_m2t/R10 51.31%  v_m2t/MedR 9.0%
[20/04/26 19:51:48][src.callback.progress][INFO] - Epoch 233 step 44750/192: loss 1.303e-01
[20/04/26 19:51:58][src.callback.progress][INFO] - Epoch 233 step 44800/192: loss 1.264e-01
[20/04/26 19:52:08][src.callback.progress][INFO] - Epoch 233 step 44850/192: loss 1.148e-01
[20/04/26 19:52:18][src.callback.progress][INFO] - Epoch 233 step 44900/192: loss 1.414e-01
[20/04/26 19:52:25][src.callback.progress][INFO] - Epoch 233: v_recons 1.804e-01  recons 1.065e-01  v_loss 3.694e-01  loss 1.252e-01  v_latent 1.058e+00  latent 6.633e-01  v_kl 5.796e+01  kl 2.853e+01  v_contrastive 1.884e+00  contrastive 1.840e-01  v_t2m/len 1530  v_t2m/R01 18.5%  v_t2m/R02 23.27%  v_t2m/R03 30.92%  v_t2m/R05 40.13%  v_t2m/R10 53.79%  v_t2m/MedR 9.0%  v_m2t/len 1530  v_m2t/R01 19.93%  v_m2t/R02 23.65%  v_m2t/R03 33.72%  v_m2t/R05 41.11%  v_m2t/R10 51.43%  v_m2t/MedR 9.0%
[20/04/26 19:52:34][src.callback.progress][INFO] - Epoch 234 step 44950/192: loss 1.283e-01
[20/04/26 19:52:44][src.callback.progress][INFO] - Epoch 234 step 45000/192: loss 1.276e-01
[20/04/26 19:52:54][src.callback.progress][INFO] - Epoch 234 step 45050/192: loss 1.247e-01
[20/04/26 19:53:04][src.callback.progress][INFO] - Epoch 234 step 45100/192: loss 1.417e-01
[20/04/26 19:53:10][src.callback.progress][INFO] - Epoch 234: v_recons 1.801e-01  recons 1.064e-01  v_loss 3.676e-01  loss 1.247e-01  v_latent 1.060e+00  latent 6.619e-01  v_kl 5.865e+01  kl 2.858e+01  v_contrastive 1.869e+00  contrastive 1.804e-01  v_t2m/len 1530  v_t2m/R01 19.02%  v_t2m/R02 23.27%  v_t2m/R03 30.97%  v_t2m/R05 41.11%  v_t2m/R10 54.58%  v_t2m/MedR 9.0%  v_m2t/len 1530  v_m2t/R01 20.06%  v_m2t/R02 23.39%  v_m2t/R03 33.06%  v_m2t/R05 41.24%  v_m2t/R10 52.75%  v_m2t/MedR 9.0%
[20/04/26 19:53:20][src.callback.progress][INFO] - Epoch 235 step 45150/192: loss 1.399e-01
[20/04/26 19:53:30][src.callback.progress][INFO] - Epoch 235 step 45200/192: loss 1.199e-01
[20/04/26 19:53:41][src.callback.progress][INFO] - Epoch 235 step 45250/192: loss 1.142e-01
[20/04/26 19:53:51][src.callback.progress][INFO] - Epoch 235 step 45300/192: loss 1.219e-01
[20/04/26 19:53:55][src.callback.progress][INFO] - Epoch 235: v_recons 1.785e-01  recons 1.062e-01  v_loss 3.672e-01  loss 1.244e-01  v_latent 1.065e+00  latent 6.608e-01  v_kl 5.927e+01  kl 2.864e+01  v_contrastive 1.880e+00  contrastive 1.789e-01  v_t2m/len 1530  v_t2m/R01 19.54%  v_t2m/R02 23.79%  v_t2m/R03 32.15%  v_t2m/R05 41.24%  v_t2m/R10 54.5%  v_t2m/MedR 9.0%  v_m2t/len 1530  v_m2t/R01 20.2%  v_m2t/R02 22.94%  v_m2t/R03 32.61%  v_m2t/R05 40.72%  v_m2t/R10 51.31%  v_m2t/MedR 10.0%
[20/04/26 19:54:07][src.callback.progress][INFO] - Epoch 236 step 45350/192: loss 1.365e-01
[20/04/26 19:54:17][src.callback.progress][INFO] - Epoch 236 step 45400/192: loss 1.111e-01
[20/04/26 19:54:27][src.callback.progress][INFO] - Epoch 236 step 45450/192: loss 1.299e-01
[20/04/26 19:54:37][src.callback.progress][INFO] - Epoch 236 step 45500/192: loss 1.525e-01
[20/04/26 19:54:40][src.callback.progress][INFO] - Epoch 236: v_recons 1.810e-01  recons 1.060e-01  v_loss 3.700e-01  loss 1.242e-01  v_latent 1.067e+00  latent 6.642e-01  v_kl 5.937e+01  kl 2.883e+01  v_contrastive 1.884e+00  contrastive 1.786e-01  v_t2m/len 1530  v_t2m/R01 18.37%  v_t2m/R02 23.79%  v_t2m/R03 32.34%  v_t2m/R05 42.09%  v_t2m/R10 53.99%  v_t2m/MedR 9.0%  v_m2t/len 1530  v_m2t/R01 19.79%  v_m2t/R02 23.13%  v_m2t/R03 32.75%  v_m2t/R05 40.33%  v_m2t/R10 52.47%  v_m2t/MedR 9.0%
[20/04/26 19:54:55][src.callback.progress][INFO] - Epoch 237 step 45550/192: loss 1.322e-01
[20/04/26 19:55:05][src.callback.progress][INFO] - Epoch 237 step 45600/192: loss 1.254e-01
[20/04/26 19:55:15][src.callback.progress][INFO] - Epoch 237 step 45650/192: loss 1.393e-01
[20/04/26 19:55:26][src.callback.progress][INFO] - Epoch 237: v_recons 1.807e-01  recons 1.062e-01  v_loss 3.707e-01  loss 1.248e-01  v_latent 1.068e+00  latent 6.652e-01  v_kl 5.923e+01  kl 2.893e+01  v_contrastive 1.894e+00  contrastive 1.831e-01  v_t2m/len 1530  v_t2m/R01 18.43%  v_t2m/R02 23.13%  v_t2m/R03 30.97%  v_t2m/R05 39.79%  v_t2m/R10 52.15%  v_t2m/MedR 10.0%  v_m2t/len 1530  v_m2t/R01 20.12%  v_m2t/R02 23.72%  v_m2t/R03 32.81%  v_m2t/R05 40.38%  v_m2t/R10 51.83%  v_m2t/MedR 9.0%
[20/04/26 19:55:31][src.callback.progress][INFO] - Epoch 238 step 45700/192: loss 1.287e-01
[20/04/26 19:55:41][src.callback.progress][INFO] - Epoch 238 step 45750/192: loss 1.419e-01
[20/04/26 19:55:51][src.callback.progress][INFO] - Epoch 238 step 45800/192: loss 1.250e-01
[20/04/26 19:56:01][src.callback.progress][INFO] - Epoch 238 step 45850/192: loss 1.226e-01
[20/04/26 19:56:10][src.callback.progress][INFO] - Epoch 238: v_recons 1.787e-01  recons 1.062e-01  v_loss 3.685e-01  loss 1.245e-01  v_latent 1.064e+00  latent 6.657e-01  v_kl 5.881e+01  kl 2.909e+01  v_contrastive 1.892e+00  contrastive 1.802e-01  v_t2m/len 1530  v_t2m/R01 19.35%  v_t2m/R02 23.92%  v_t2m/R03 31.76%  v_t2m/R05 40.0%  v_t2m/R10 54.43%  v_t2m/MedR 9.0%  v_m2t/len 1530  v_m2t/R01 20.92%  v_m2t/R02 24.57%  v_m2t/R03 33.4%  v_m2t/R05 41.11%  v_m2t/R10 51.11%  v_m2t/MedR 9.5%
[20/04/26 19:56:18][src.callback.progress][INFO] - Epoch 239 step 45900/192: loss 1.217e-01
[20/04/26 19:56:28][src.callback.progress][INFO] - Epoch 239 step 45950/192: loss 1.140e-01
[20/04/26 19:56:38][src.callback.progress][INFO] - Epoch 239 step 46000/192: loss 1.160e-01
[20/04/26 19:56:48][src.callback.progress][INFO] - Epoch 239 step 46050/192: loss 1.336e-01
[20/04/26 19:56:55][src.callback.progress][INFO] - Epoch 239: v_recons 1.801e-01  recons 1.058e-01  v_loss 3.698e-01  loss 1.243e-01  v_latent 1.064e+00  latent 6.658e-01  v_kl 5.896e+01  kl 2.903e+01  v_contrastive 1.890e+00  contrastive 1.816e-01  v_t2m/len 1530  v_t2m/R01 19.28%  v_t2m/R02 23.98%  v_t2m/R03 32.22%  v_t2m/R05 40.59%  v_t2m/R10 55.29%  v_t2m/MedR 8.0%  v_m2t/len 1530  v_m2t/R01 20.06%  v_m2t/R02 23.27%  v_m2t/R03 33.65%  v_m2t/R05 42.29%  v_m2t/R10 53.0%  v_m2t/MedR 9.0%
[20/04/26 19:57:04][src.callback.progress][INFO] - Epoch 240 step 46100/192: loss 1.085e-01
[20/04/26 19:57:14][src.callback.progress][INFO] - Epoch 240 step 46150/192: loss 1.243e-01
[20/04/26 19:57:24][src.callback.progress][INFO] - Epoch 240 step 46200/192: loss 1.198e-01
[20/04/26 19:57:34][src.callback.progress][INFO] - Epoch 240 step 46250/192: loss 1.323e-01
[20/04/26 19:57:40][src.callback.progress][INFO] - Epoch 240: v_recons 1.797e-01  recons 1.057e-01  v_loss 3.682e-01  loss 1.240e-01  v_latent 1.070e+00  latent 6.670e-01  v_kl 5.998e+01  kl 2.904e+01  v_contrastive 1.879e+00  contrastive 1.797e-01  v_t2m/len 1530  v_t2m/R01 18.69%  v_t2m/R02 23.79%  v_t2m/R03 32.41%  v_t2m/R05 40.59%  v_t2m/R10 53.06%  v_t2m/MedR 9.0%  v_m2t/len 1530  v_m2t/R01 20.38%  v_m2t/R02 23.59%  v_m2t/R03 33.33%  v_m2t/R05 41.24%  v_m2t/R10 52.34%  v_m2t/MedR 9.0%
[20/04/26 19:57:51][src.callback.progress][INFO] - Epoch 241 step 46300/192: loss 1.115e-01
[20/04/26 19:58:00][src.callback.progress][INFO] - Epoch 241 step 46350/192: loss 1.155e-01
[20/04/26 19:58:10][src.callback.progress][INFO] - Epoch 241 step 46400/192: loss 1.191e-01
[20/04/26 19:58:20][src.callback.progress][INFO] - Epoch 241 step 46450/192: loss 1.438e-01
[20/04/26 19:58:25][src.callback.progress][INFO] - Epoch 241: v_recons 1.795e-01  recons 1.051e-01  v_loss 3.704e-01  loss 1.230e-01  v_latent 1.074e+00  latent 6.628e-01  v_kl 6.057e+01  kl 2.898e+01  v_contrastive 1.903e+00  contrastive 1.767e-01  v_t2m/len 1530  v_t2m/R01 19.79%  v_t2m/R02 24.3%  v_t2m/R03 31.89%  v_t2m/R05 41.11%  v_t2m/R10 54.04%  v_t2m/MedR 9.0%  v_m2t/len 1530  v_m2t/R01 19.73%  v_m2t/R02 23.65%  v_m2t/R03 32.34%  v_m2t/R05 41.43%  v_m2t/R10 52.02%  v_m2t/MedR 9.0%
[20/04/26 19:58:37][src.callback.progress][INFO] - Epoch 242 step 46500/192: loss 1.437e-01
[20/04/26 19:58:47][src.callback.progress][INFO] - Epoch 242 step 46550/192: loss 1.232e-01
[20/04/26 19:58:57][src.callback.progress][INFO] - Epoch 242 step 46600/192: loss 1.247e-01
[20/04/26 19:59:07][src.callback.progress][INFO] - Epoch 242 step 46650/192: loss 1.346e-01
[20/04/26 19:59:10][src.callback.progress][INFO] - Epoch 242: v_recons 1.801e-01  recons 1.053e-01  v_loss 3.680e-01  loss 1.231e-01  v_latent 1.070e+00  latent 6.663e-01  v_kl 5.992e+01  kl 2.924e+01  v_contrastive 1.873e+00  contrastive 1.751e-01  v_t2m/len 1530  v_t2m/R01 18.88%  v_t2m/R02 23.92%  v_t2m/R03 31.44%  v_t2m/R05 40.65%  v_t2m/R10 53.27%  v_t2m/MedR 9.0%  v_m2t/len 1530  v_m2t/R01 19.73%  v_m2t/R02 22.94%  v_m2t/R03 33.45%  v_m2t/R05 41.43%  v_m2t/R10 52.41%  v_m2t/MedR 9.0%
[20/04/26 19:59:23][src.callback.progress][INFO] - Epoch 243 step 46700/192: loss 1.353e-01
[20/04/26 19:59:33][src.callback.progress][INFO] - Epoch 243 step 46750/192: loss 1.142e-01
[20/04/26 19:59:43][src.callback.progress][INFO] - Epoch 243 step 46800/192: loss 1.260e-01
[20/04/26 19:59:55][src.callback.progress][INFO] - Epoch 243: v_recons 1.798e-01  recons 1.051e-01  v_loss 3.691e-01  loss 1.232e-01  v_latent 1.071e+00  latent 6.653e-01  v_kl 5.995e+01  kl 2.918e+01  v_contrastive 1.887e+00  contrastive 1.782e-01  v_t2m/len 1530  v_t2m/R01 18.95%  v_t2m/R02 24.7%  v_t2m/R03 33.0%  v_t2m/R05 41.56%  v_t2m/R10 54.38%  v_t2m/MedR 9.0%  v_m2t/len 1530  v_m2t/R01 20.06%  v_m2t/R02 23.13%  v_m2t/R03 32.09%  v_m2t/R05 40.0%  v_m2t/R10 52.22%  v_m2t/MedR 9.0%
[20/04/26 20:00:00][src.callback.progress][INFO] - Epoch 244 step 46850/192: loss 1.043e-01
[20/04/26 20:00:10][src.callback.progress][INFO] - Epoch 244 step 46900/192: loss 1.325e-01
[20/04/26 20:00:20][src.callback.progress][INFO] - Epoch 244 step 46950/192: loss 1.204e-01
[20/04/26 20:00:30][src.callback.progress][INFO] - Epoch 244 step 47000/192: loss 1.207e-01
[20/04/26 20:00:39][src.callback.progress][INFO] - Epoch 244: v_recons 1.819e-01  recons 1.054e-01  v_loss 3.721e-01  loss 1.235e-01  v_latent 1.072e+00  latent 6.678e-01  v_kl 6.082e+01  kl 2.954e+01  v_contrastive 1.896e+00  contrastive 1.777e-01  v_t2m/len 1530  v_t2m/R01 19.4%  v_t2m/R02 23.86%  v_t2m/R03 32.68%  v_t2m/R05 40.84%  v_t2m/R10 53.2%  v_t2m/MedR 9.0%  v_m2t/len 1530  v_m2t/R01 19.61%  v_m2t/R02 22.94%  v_m2t/R03 33.2%  v_m2t/R05 41.7%  v_m2t/R10 51.63%  v_m2t/MedR 9.0%
[20/04/26 20:00:46][src.callback.progress][INFO] - Epoch 245 step 47050/192: loss 1.108e-01
[20/04/26 20:00:56][src.callback.progress][INFO] - Epoch 245 step 47100/192: loss 1.147e-01
[20/04/26 20:01:06][src.callback.progress][INFO] - Epoch 245 step 47150/192: loss 1.343e-01
[20/04/26 20:01:16][src.callback.progress][INFO] - Epoch 245 step 47200/192: loss 1.260e-01
[20/04/26 20:01:24][src.callback.progress][INFO] - Epoch 245: v_recons 1.793e-01  recons 1.055e-01  v_loss 3.680e-01  loss 1.236e-01  v_latent 1.076e+00  latent 6.705e-01  v_kl 6.094e+01  kl 2.975e+01  v_contrastive 1.880e+00  contrastive 1.780e-01  v_t2m/len 1530  v_t2m/R01 17.78%  v_t2m/R02 23.2%  v_t2m/R03 31.76%  v_t2m/R05 40.84%  v_t2m/R10 54.5%  v_t2m/MedR 8.0%  v_m2t/len 1530  v_m2t/R01 20.32%  v_m2t/R02 23.13%  v_m2t/R03 33.06%  v_m2t/R05 41.43%  v_m2t/R10 52.93%  v_m2t/MedR 9.0%
[20/04/26 20:01:32][src.callback.progress][INFO] - Epoch 246 step 47250/192: loss 1.265e-01
[20/04/26 20:01:43][src.callback.progress][INFO] - Epoch 246 step 47300/192: loss 1.307e-01
[20/04/26 20:01:53][src.callback.progress][INFO] - Epoch 246 step 47350/192: loss 1.277e-01
[20/04/26 20:02:02][src.callback.progress][INFO] - Epoch 246 step 47400/192: loss 1.186e-01
[20/04/26 20:02:09][src.callback.progress][INFO] - Epoch 246: v_recons 1.801e-01  recons 1.048e-01  v_loss 3.708e-01  loss 1.226e-01  v_latent 1.078e+00  latent 6.667e-01  v_kl 6.140e+01  kl 2.953e+01  v_contrastive 1.900e+00  contrastive 1.751e-01  v_t2m/len 1530  v_t2m/R01 18.1%  v_t2m/R02 23.59%  v_t2m/R03 32.29%  v_t2m/R05 42.54%  v_t2m/R10 54.11%  v_t2m/MedR 9.0%  v_m2t/len 1530  v_m2t/R01 20.38%  v_m2t/R02 22.87%  v_m2t/R03 33.33%  v_m2t/R05 41.75%  v_m2t/R10 51.75%  v_m2t/MedR 9.0%
[20/04/26 20:02:19][src.callback.progress][INFO] - Epoch 247 step 47450/192: loss 1.192e-01
[20/04/26 20:02:29][src.callback.progress][INFO] - Epoch 247 step 47500/192: loss 1.365e-01
[20/04/26 20:02:39][src.callback.progress][INFO] - Epoch 247 step 47550/192: loss 1.166e-01
[20/04/26 20:02:49][src.callback.progress][INFO] - Epoch 247 step 47600/192: loss 1.148e-01
[20/04/26 20:02:54][src.callback.progress][INFO] - Epoch 247: v_recons 1.805e-01  recons 1.041e-01  v_loss 3.693e-01  loss 1.218e-01  v_latent 1.077e+00  latent 6.672e-01  v_kl 6.112e+01  kl 2.954e+01  v_contrastive 1.882e+00  contrastive 1.738e-01  v_t2m/len 1530  v_t2m/R01 18.43%  v_t2m/R02 23.72%  v_t2m/R03 32.09%  v_t2m/R05 41.36%  v_t2m/R10 53.59%  v_t2m/MedR 9.0%  v_m2t/len 1530  v_m2t/R01 20.26%  v_m2t/R02 23.86%  v_m2t/R03 32.68%  v_m2t/R05 40.38%  v_m2t/R10 51.43%  v_m2t/MedR 9.0%
[20/04/26 20:03:06][src.callback.progress][INFO] - Epoch 248 step 47650/192: loss 1.173e-01
[20/04/26 20:03:16][src.callback.progress][INFO] - Epoch 248 step 47700/192: loss 1.332e-01
[20/04/26 20:03:25][src.callback.progress][INFO] - Epoch 248 step 47750/192: loss 1.308e-01
[20/04/26 20:03:36][src.callback.progress][INFO] - Epoch 248 step 47800/192: loss 1.137e-01
[20/04/26 20:03:39][src.callback.progress][INFO] - Epoch 248: v_recons 1.799e-01  recons 1.042e-01  v_loss 3.687e-01  loss 1.216e-01  v_latent 1.082e+00  latent 6.653e-01  v_kl 6.101e+01  kl 2.950e+01  v_contrastive 1.882e+00  contrastive 1.713e-01  v_t2m/len 1530  v_t2m/R01 18.81%  v_t2m/R02 24.18%  v_t2m/R03 33.33%  v_t2m/R05 41.43%  v_t2m/R10 55.49%  v_t2m/MedR 8.0%  v_m2t/len 1530  v_m2t/R01 20.0%  v_m2t/R02 23.32%  v_m2t/R03 34.58%  v_m2t/R05 42.02%  v_m2t/R10 51.43%  v_m2t/MedR 9.0%
[20/04/26 20:03:52][src.callback.progress][INFO] - Epoch 249 step 47850/192: loss 1.244e-01
[20/04/26 20:04:02][src.callback.progress][INFO] - Epoch 249 step 47900/192: loss 1.202e-01
[20/04/26 20:04:12][src.callback.progress][INFO] - Epoch 249 step 47950/192: loss 1.103e-01
[20/04/26 20:04:22][src.callback.progress][INFO] - Epoch 249 step 48000/192: loss 1.386e-01
[20/04/26 20:04:24][src.callback.progress][INFO] - Epoch 249: v_recons 1.795e-01  recons 1.040e-01  v_loss 3.687e-01  loss 1.215e-01  v_latent 1.081e+00  latent 6.677e-01  v_kl 6.136e+01  kl 2.970e+01  v_contrastive 1.886e+00  contrastive 1.724e-01  v_t2m/len 1530  v_t2m/R01 17.25%  v_t2m/R02 22.09%  v_t2m/R03 31.62%  v_t2m/R05 40.33%  v_t2m/R10 54.77%  v_t2m/MedR 9.0%  v_m2t/len 1530  v_m2t/R01 20.78%  v_m2t/R02 23.79%  v_m2t/R03 33.59%  v_m2t/R05 40.25%  v_m2t/R10 50.77%  v_m2t/MedR 10.0%
[20/04/26 20:04:39][src.callback.progress][INFO] - Epoch 250 step 48050/192: loss 1.356e-01
[20/04/26 20:04:49][src.callback.progress][INFO] - Epoch 250 step 48100/192: loss 1.179e-01
[20/04/26 20:04:59][src.callback.progress][INFO] - Epoch 250 step 48150/192: loss 1.183e-01
[20/04/26 20:05:09][src.callback.progress][INFO] - Epoch 250: v_recons 1.806e-01  recons 1.038e-01  v_loss 3.701e-01  loss 1.212e-01  v_latent 1.086e+00  latent 6.680e-01  v_kl 6.138e+01  kl 2.976e+01  v_contrastive 1.889e+00  contrastive 1.714e-01  v_t2m/len 1530  v_t2m/R01 18.43%  v_t2m/R02 23.27%  v_t2m/R03 31.56%  v_t2m/R05 40.84%  v_t2m/R10 53.99%  v_t2m/MedR 9.0%  v_m2t/len 1530  v_m2t/R01 19.79%  v_m2t/R02 22.94%  v_m2t/R03 32.15%  v_m2t/R05 41.9%  v_m2t/R10 52.02%  v_m2t/MedR 9.0%
[20/04/26 20:05:16][src.callback.progress][INFO] - Epoch 251 step 48200/192: loss 1.188e-01
[20/04/26 20:05:26][src.callback.progress][INFO] - Epoch 251 step 48250/192: loss 1.244e-01
[20/04/26 20:05:36][src.callback.progress][INFO] - Epoch 251 step 48300/192: loss 1.102e-01
[20/04/26 20:05:46][src.callback.progress][INFO] - Epoch 251 step 48350/192: loss 1.202e-01
[20/04/26 20:05:54][src.callback.progress][INFO] - Epoch 251: v_recons 1.805e-01  recons 1.033e-01  v_loss 3.695e-01  loss 1.205e-01  v_latent 1.085e+00  latent 6.669e-01  v_kl 6.211e+01  kl 2.978e+01  v_contrastive 1.883e+00  contrastive 1.689e-01  v_t2m/len 1530  v_t2m/R01 17.96%  v_t2m/R02 22.8%  v_t2m/R03 30.45%  v_t2m/R05 39.34%  v_t2m/R10 53.99%  v_t2m/MedR 9.0%  v_m2t/len 1530  v_m2t/R01 19.61%  v_m2t/R02 22.03%  v_m2t/R03 33.4%  v_m2t/R05 41.11%  v_m2t/R10 51.7%  v_m2t/MedR 9.0%
[20/04/26 20:06:02][src.callback.progress][INFO] - Epoch 252 step 48400/192: loss 1.058e-01
[20/04/26 20:06:13][src.callback.progress][INFO] - Epoch 252 step 48450/192: loss 1.197e-01
[20/04/26 20:06:22][src.callback.progress][INFO] - Epoch 252 step 48500/192: loss 1.188e-01
[20/04/26 20:06:33][src.callback.progress][INFO] - Epoch 252 step 48550/192: loss 1.286e-01
[20/04/26 20:06:39][src.callback.progress][INFO] - Epoch 252: v_recons 1.802e-01  recons 1.031e-01  v_loss 3.694e-01  loss 1.198e-01  v_latent 1.084e+00  latent 6.646e-01  v_kl 6.139e+01  kl 2.967e+01  v_contrastive 1.885e+00  contrastive 1.649e-01  v_t2m/len 1530  v_t2m/R01 17.38%  v_t2m/R02 22.94%  v_t2m/R03 30.64%  v_t2m/R05 41.24%  v_t2m/R10 54.31%  v_t2m/MedR 9.0%  v_m2t/len 1530  v_m2t/R01 20.32%  v_m2t/R02 23.98%  v_m2t/R03 33.86%  v_m2t/R05 41.04%  v_m2t/R10 52.75%  v_m2t/MedR 9.0%
[20/04/26 20:06:50][src.callback.progress][INFO] - Epoch 253 step 48600/192: loss 1.211e-01
[20/04/26 20:07:00][src.callback.progress][INFO] - Epoch 253 step 48650/192: loss 1.210e-01
[20/04/26 20:07:10][src.callback.progress][INFO] - Epoch 253 step 48700/192: loss 1.148e-01
[20/04/26 20:07:20][src.callback.progress][INFO] - Epoch 253 step 48750/192: loss 1.327e-01
[20/04/26 20:07:26][src.callback.progress][INFO] - Epoch 253: v_recons 1.802e-01  recons 1.034e-01  v_loss 3.692e-01  loss 1.206e-01  v_latent 1.085e+00  latent 6.664e-01  v_kl 6.095e+01  kl 2.963e+01  v_contrastive 1.884e+00  contrastive 1.691e-01  v_t2m/len 1530  v_t2m/R01 18.95%  v_t2m/R02 23.86%  v_t2m/R03 32.47%  v_t2m/R05 40.45%  v_t2m/R10 54.04%  v_t2m/MedR 9.0%  v_m2t/len 1530  v_m2t/R01 20.78%  v_m2t/R02 23.72%  v_m2t/R03 32.61%  v_m2t/R05 40.97%  v_m2t/R10 51.43%  v_m2t/MedR 9.0%
[20/04/26 20:07:37][src.callback.progress][INFO] - Epoch 254 step 48800/192: loss 1.191e-01
[20/04/26 20:07:47][src.callback.progress][INFO] - Epoch 254 step 48850/192: loss 1.149e-01
[20/04/26 20:07:57][src.callback.progress][INFO] - Epoch 254 step 48900/192: loss 1.038e-01
[20/04/26 20:08:07][src.callback.progress][INFO] - Epoch 254 step 48950/192: loss 1.430e-01
[20/04/26 20:08:10][src.callback.progress][INFO] - Epoch 254: v_recons 1.825e-01  recons 1.029e-01  v_loss 3.703e-01  loss 1.199e-01  v_latent 1.090e+00  latent 6.669e-01  v_kl 6.272e+01  kl 2.974e+01  v_contrastive 1.871e+00  contrastive 1.674e-01  v_t2m/len 1530  v_t2m/R01 19.4%  v_t2m/R02 23.98%  v_t2m/R03 32.54%  v_t2m/R05 40.06%  v_t2m/R10 52.47%  v_t2m/MedR 9.0%  v_m2t/len 1530  v_m2t/R01 20.32%  v_m2t/R02 24.37%  v_m2t/R03 34.63%  v_m2t/R05 41.36%  v_m2t/R10 51.24%  v_m2t/MedR 9.0%
[20/04/26 20:08:23][src.callback.progress][INFO] - Epoch 255 step 49000/192: loss 1.115e-01
[20/04/26 20:08:33][src.callback.progress][INFO] - Epoch 255 step 49050/192: loss 1.359e-01
[20/04/26 20:08:43][src.callback.progress][INFO] - Epoch 255 step 49100/192: loss 1.142e-01
[20/04/26 20:08:53][src.callback.progress][INFO] - Epoch 255 step 49150/192: loss 1.402e-01
[20/04/26 20:08:55][src.callback.progress][INFO] - Epoch 255: v_recons 1.797e-01  recons 1.033e-01  v_loss 3.701e-01  loss 1.203e-01  v_latent 1.089e+00  latent 6.696e-01  v_kl 6.235e+01  kl 2.998e+01  v_contrastive 1.898e+00  contrastive 1.675e-01  v_t2m/len 1530  v_t2m/R01 18.76%  v_t2m/R02 23.53%  v_t2m/R03 33.33%  v_t2m/R05 40.84%  v_t2m/R10 53.99%  v_t2m/MedR 9.0%  v_m2t/len 1530  v_m2t/R01 21.3%  v_m2t/R02 24.51%  v_m2t/R03 34.04%  v_m2t/R05 41.24%  v_m2t/R10 52.34%  v_m2t/MedR 9.0%
[20/04/26 20:09:10][src.callback.progress][INFO] - Epoch 256 step 49200/192: loss 1.187e-01
[20/04/26 20:09:20][src.callback.progress][INFO] - Epoch 256 step 49250/192: loss 1.197e-01
[20/04/26 20:09:30][src.callback.progress][INFO] - Epoch 256 step 49300/192: loss 1.078e-01
[20/04/26 20:09:40][src.callback.progress][INFO] - Epoch 256: v_recons 1.808e-01  recons 1.034e-01  v_loss 3.695e-01  loss 1.204e-01  v_latent 1.085e+00  latent 6.691e-01  v_kl 6.206e+01  kl 3.004e+01  v_contrastive 1.880e+00  contrastive 1.672e-01  v_t2m/len 1530  v_t2m/R01 19.73%  v_t2m/R02 24.63%  v_t2m/R03 31.89%  v_t2m/R05 40.72%  v_t2m/R10 52.81%  v_t2m/MedR 9.0%  v_m2t/len 1530  v_m2t/R01 20.59%  v_m2t/R02 23.65%  v_m2t/R03 32.81%  v_m2t/R05 40.91%  v_m2t/R10 51.95%  v_m2t/MedR 9.0%
[20/04/26 20:09:46][src.callback.progress][INFO] - Epoch 257 step 49350/192: loss 1.138e-01
[20/04/26 20:09:56][src.callback.progress][INFO] - Epoch 257 step 49400/192: loss 1.208e-01
[20/04/26 20:10:06][src.callback.progress][INFO] - Epoch 257 step 49450/192: loss 1.200e-01
[20/04/26 20:10:16][src.callback.progress][INFO] - Epoch 257 step 49500/192: loss 1.177e-01
[20/04/26 20:10:25][src.callback.progress][INFO] - Epoch 257: v_recons 1.812e-01  recons 1.036e-01  v_loss 3.691e-01  loss 1.209e-01  v_latent 1.090e+00  latent 6.712e-01  v_kl 6.239e+01  kl 3.012e+01  v_contrastive 1.873e+00  contrastive 1.692e-01  v_t2m/len 1530  v_t2m/R01 18.62%  v_t2m/R02 23.59%  v_t2m/R03 32.34%  v_t2m/R05 40.25%  v_t2m/R10 53.86%  v_t2m/MedR 8.5%  v_m2t/len 1530  v_m2t/R01 20.2%  v_m2t/R02 23.39%  v_m2t/R03 33.2%  v_m2t/R05 41.5%  v_m2t/R10 52.47%  v_m2t/MedR 9.0%
[20/04/26 20:10:32][src.callback.progress][INFO] - Epoch 258 step 49550/192: loss 1.197e-01
[20/04/26 20:10:42][src.callback.progress][INFO] - Epoch 258 step 49600/192: loss 1.283e-01
[20/04/26 20:10:52][src.callback.progress][INFO] - Epoch 258 step 49650/192: loss 1.123e-01
[20/04/26 20:11:02][src.callback.progress][INFO] - Epoch 258 step 49700/192: loss 1.348e-01
[20/04/26 20:11:09][src.callback.progress][INFO] - Epoch 258: v_recons 1.817e-01  recons 1.026e-01  v_loss 3.709e-01  loss 1.194e-01  v_latent 1.092e+00  latent 6.686e-01  v_kl 6.244e+01  kl 3.003e+01  v_contrastive 1.886e+00  contrastive 1.643e-01  v_t2m/len 1530  v_t2m/R01 17.31%  v_t2m/R02 22.47%  v_t2m/R03 32.54%  v_t2m/R05 41.7%  v_t2m/R10 53.65%  v_t2m/MedR 9.0%  v_m2t/len 1530  v_m2t/R01 19.54%  v_m2t/R02 23.32%  v_m2t/R03 34.04%  v_m2t/R05 41.31%  v_m2t/R10 52.54%  v_m2t/MedR 9.0%
[20/04/26 20:11:18][src.callback.progress][INFO] - Epoch 259 step 49750/192: loss 1.198e-01
[20/04/26 20:11:28][src.callback.progress][INFO] - Epoch 259 step 49800/192: loss 1.204e-01
[20/04/26 20:11:38][src.callback.progress][INFO] - Epoch 259 step 49850/192: loss 1.316e-01
[20/04/26 20:11:48][src.callback.progress][INFO] - Epoch 259 step 49900/192: loss 1.205e-01
[20/04/26 20:11:54][src.callback.progress][INFO] - Epoch 259: v_recons 1.783e-01  recons 1.029e-01  v_loss 3.698e-01  loss 1.197e-01  v_latent 1.098e+00  latent 6.702e-01  v_kl 6.393e+01  kl 3.039e+01  v_contrastive 1.908e+00  contrastive 1.649e-01  v_t2m/len 1530  v_t2m/R01 18.95%  v_t2m/R02 24.25%  v_t2m/R03 31.76%  v_t2m/R05 40.45%  v_t2m/R10 53.2%  v_t2m/MedR 9.0%  v_m2t/len 1530  v_m2t/R01 20.85%  v_m2t/R02 24.12%  v_m2t/R03 33.33%  v_m2t/R05 40.0%  v_m2t/R10 52.41%  v_m2t/MedR 9.0%
[20/04/26 20:12:05][src.callback.progress][INFO] - Epoch 260 step 49950/192: loss 1.241e-01
[20/04/26 20:12:15][src.callback.progress][INFO] - Epoch 260 step 50000/192: loss 1.086e-01
[20/04/26 20:12:25][src.callback.progress][INFO] - Epoch 260 step 50050/192: loss 1.254e-01
[20/04/26 20:12:34][src.callback.progress][INFO] - Epoch 260 step 50100/192: loss 1.126e-01
[20/04/26 20:12:39][src.callback.progress][INFO] - Epoch 260: v_recons 1.815e-01  recons 1.025e-01  v_loss 3.715e-01  loss 1.194e-01  v_latent 1.095e+00  latent 6.697e-01  v_kl 6.341e+01  kl 3.030e+01  v_contrastive 1.893e+00  contrastive 1.658e-01  v_t2m/len 1530  v_t2m/R01 18.17%  v_t2m/R02 23.92%  v_t2m/R03 31.7%  v_t2m/R05 39.74%  v_t2m/R10 53.27%  v_t2m/MedR 9.0%  v_m2t/len 1530  v_m2t/R01 19.93%  v_m2t/R02 23.79%  v_m2t/R03 34.43%  v_m2t/R05 41.43%  v_m2t/R10 51.04%  v_m2t/MedR 9.0%
[20/04/26 20:12:52][src.callback.progress][INFO] - Epoch 261 step 50150/192: loss 1.197e-01
[20/04/26 20:13:02][src.callback.progress][INFO] - Epoch 261 step 50200/192: loss 1.121e-01
[20/04/26 20:13:12][src.callback.progress][INFO] - Epoch 261 step 50250/192: loss 1.208e-01
[20/04/26 20:13:21][src.callback.progress][INFO] - Epoch 261 step 50300/192: loss 1.364e-01
[20/04/26 20:13:24][src.callback.progress][INFO] - Epoch 261: v_recons 1.820e-01  recons 1.026e-01  v_loss 3.747e-01  loss 1.194e-01  v_latent 1.102e+00  latent 6.706e-01  v_kl 6.368e+01  kl 3.041e+01  v_contrastive 1.920e+00  contrastive 1.651e-01  v_t2m/len 1530  v_t2m/R01 19.4%  v_t2m/R02 23.32%  v_t2m/R03 31.95%  v_t2m/R05 40.0%  v_t2m/R10 53.72%  v_t2m/MedR 9.0%  v_m2t/len 1530  v_m2t/R01 21.04%  v_m2t/R02 23.72%  v_m2t/R03 33.27%  v_m2t/R05 41.18%  v_m2t/R10 52.09%  v_m2t/MedR 9.0%
[20/04/26 20:13:38][src.callback.progress][INFO] - Epoch 262 step 50350/192: loss 1.186e-01
[20/04/26 20:13:48][src.callback.progress][INFO] - Epoch 262 step 50400/192: loss 1.192e-01
[20/04/26 20:13:58][src.callback.progress][INFO] - Epoch 262 step 50450/192: loss 1.194e-01
[20/04/26 20:14:09][src.callback.progress][INFO] - Epoch 262: v_recons 1.821e-01  recons 1.021e-01  v_loss 3.753e-01  loss 1.190e-01  v_latent 1.111e+00  latent 6.706e-01  v_kl 6.499e+01  kl 3.054e+01  v_contrastive 1.926e+00  contrastive 1.663e-01  v_t2m/len 1530  v_t2m/R01 18.23%  v_t2m/R02 22.61%  v_t2m/R03 30.97%  v_t2m/R05 40.33%  v_t2m/R10 52.81%  v_t2m/MedR 9.0%  v_m2t/len 1530  v_m2t/R01 19.73%  v_m2t/R02 23.27%  v_m2t/R03 33.45%  v_m2t/R05 41.04%  v_m2t/R10 51.7%  v_m2t/MedR 9.0%
[20/04/26 20:14:16][src.callback.progress][INFO] - Epoch 263 step 50500/192: loss 1.110e-01
[20/04/26 20:14:26][src.callback.progress][INFO] - Epoch 263 step 50550/192: loss 1.172e-01
[20/04/26 20:14:36][src.callback.progress][INFO] - Epoch 263 step 50600/192: loss 1.250e-01
[20/04/26 20:14:46][src.callback.progress][INFO] - Epoch 263 step 50650/192: loss 1.364e-01
[20/04/26 20:14:55][src.callback.progress][INFO] - Epoch 263: v_recons 1.796e-01  recons 1.019e-01  v_loss 3.717e-01  loss 1.187e-01  v_latent 1.099e+00  latent 6.715e-01  v_kl 6.440e+01  kl 3.066e+01  v_contrastive 1.914e+00  contrastive 1.652e-01  v_t2m/len 1530  v_t2m/R01 18.1%  v_t2m/R02 22.68%  v_t2m/R03 30.59%  v_t2m/R05 40.06%  v_t2m/R10 53.52%  v_t2m/MedR 9.0%  v_m2t/len 1530  v_m2t/R01 20.97%  v_m2t/R02 23.39%  v_m2t/R03 33.59%  v_m2t/R05 41.43%  v_m2t/R10 51.36%  v_m2t/MedR 9.0%
[20/04/26 20:15:02][src.callback.progress][INFO] - Epoch 264 step 50700/192: loss 1.064e-01
[20/04/26 20:15:12][src.callback.progress][INFO] - Epoch 264 step 50750/192: loss 1.236e-01
[20/04/26 20:15:22][src.callback.progress][INFO] - Epoch 264 step 50800/192: loss 1.201e-01
[20/04/26 20:15:32][src.callback.progress][INFO] - Epoch 264 step 50850/192: loss 1.328e-01
[20/04/26 20:15:40][src.callback.progress][INFO] - Epoch 264: v_recons 1.824e-01  recons 1.019e-01  v_loss 3.746e-01  loss 1.183e-01  v_latent 1.111e+00  latent 6.708e-01  v_kl 6.511e+01  kl 3.054e+01  v_contrastive 1.915e+00  contrastive 1.606e-01  v_t2m/len 1530  v_t2m/R01 17.25%  v_t2m/R02 22.87%  v_t2m/R03 31.5%  v_t2m/R05 41.04%  v_t2m/R10 53.52%  v_t2m/MedR 9.0%  v_m2t/len 1530  v_m2t/R01 19.54%  v_m2t/R02 22.87%  v_m2t/R03 33.52%  v_m2t/R05 40.59%  v_m2t/R10 51.04%  v_m2t/MedR 9.0%
[20/04/26 20:15:49][src.callback.progress][INFO] - Epoch 265 step 50900/192: loss 1.240e-01
[20/04/26 20:15:59][src.callback.progress][INFO] - Epoch 265 step 50950/192: loss 1.193e-01
[20/04/26 20:16:09][src.callback.progress][INFO] - Epoch 265 step 51000/192: loss 1.127e-01
[20/04/26 20:16:19][src.callback.progress][INFO] - Epoch 265 step 51050/192: loss 1.107e-01
[20/04/26 20:16:25][src.callback.progress][INFO] - Epoch 265: v_recons 1.810e-01  recons 1.019e-01  v_loss 3.736e-01  loss 1.187e-01  v_latent 1.106e+00  latent 6.722e-01  v_kl 6.499e+01  kl 3.069e+01  v_contrastive 1.919e+00  contrastive 1.649e-01  v_t2m/len 1530  v_t2m/R01 18.23%  v_t2m/R02 23.13%  v_t2m/R03 32.75%  v_t2m/R05 41.9%  v_t2m/R10 53.2%  v_t2m/MedR 9.0%  v_m2t/len 1530  v_m2t/R01 19.73%  v_m2t/R02 22.42%  v_m2t/R03 32.81%  v_m2t/R05 41.63%  v_m2t/R10 51.56%  v_m2t/MedR 9.0%
[20/04/26 20:16:35][src.callback.progress][INFO] - Epoch 266 step 51100/192: loss 1.289e-01
[20/04/26 20:16:45][src.callback.progress][INFO] - Epoch 266 step 51150/192: loss 1.347e-01
[20/04/26 20:16:55][src.callback.progress][INFO] - Epoch 266 step 51200/192: loss 1.220e-01
[20/04/26 20:17:05][src.callback.progress][INFO] - Epoch 266 step 51250/192: loss 1.219e-01
[20/04/26 20:17:09][src.callback.progress][INFO] - Epoch 266: v_recons 1.817e-01  recons 1.019e-01  v_loss 3.748e-01  loss 1.190e-01  v_latent 1.113e+00  latent 6.743e-01  v_kl 6.448e+01  kl 3.077e+01  v_contrastive 1.925e+00  contrastive 1.682e-01  v_t2m/len 1530  v_t2m/R01 18.1%  v_t2m/R02 22.87%  v_t2m/R03 31.11%  v_t2m/R05 40.65%  v_t2m/R10 53.13%  v_t2m/MedR 9.0%  v_m2t/len 1530  v_m2t/R01 20.52%  v_m2t/R02 24.04%  v_m2t/R03 33.0%  v_m2t/R05 41.36%  v_m2t/R10 51.7%  v_m2t/MedR 9.0%
[20/04/26 20:17:21][src.callback.progress][INFO] - Epoch 267 step 51300/192: loss 1.291e-01
[20/04/26 20:17:31][src.callback.progress][INFO] - Epoch 267 step 51350/192: loss 1.032e-01
[20/04/26 20:17:41][src.callback.progress][INFO] - Epoch 267 step 51400/192: loss 1.319e-01
[20/04/26 20:17:51][src.callback.progress][INFO] - Epoch 267 step 51450/192: loss 1.166e-01
[20/04/26 20:17:54][src.callback.progress][INFO] - Epoch 267: v_recons 1.824e-01  recons 1.017e-01  v_loss 3.759e-01  loss 1.181e-01  v_latent 1.113e+00  latent 6.718e-01  v_kl 6.451e+01  kl 3.064e+01  v_contrastive 1.928e+00  contrastive 1.608e-01  v_t2m/len 1530  v_t2m/R01 17.52%  v_t2m/R02 22.75%  v_t2m/R03 31.23%  v_t2m/R05 40.2%  v_t2m/R10 54.04%  v_t2m/MedR 9.0%  v_m2t/len 1530  v_m2t/R01 19.14%  v_m2t/R02 22.35%  v_m2t/R03 32.81%  v_m2t/R05 40.45%  v_m2t/R10 50.59%  v_m2t/MedR 10.0%
[20/04/26 20:18:08][src.callback.progress][INFO] - Epoch 268 step 51500/192: loss 1.105e-01
[20/04/26 20:18:18][src.callback.progress][INFO] - Epoch 268 step 51550/192: loss 1.164e-01
[20/04/26 20:18:28][src.callback.progress][INFO] - Epoch 268 step 51600/192: loss 1.105e-01
[20/04/26 20:18:39][src.callback.progress][INFO] - Epoch 268: v_recons 1.838e-01  recons 1.008e-01  v_loss 3.741e-01  loss 1.170e-01  v_latent 1.109e+00  latent 6.682e-01  v_kl 6.497e+01  kl 3.050e+01  v_contrastive 1.896e+00  contrastive 1.591e-01  v_t2m/len 1530  v_t2m/R01 17.05%  v_t2m/R02 22.42%  v_t2m/R03 31.18%  v_t2m/R05 40.06%  v_t2m/R10 52.75%  v_t2m/MedR 9.0%  v_m2t/len 1530  v_m2t/R01 19.61%  v_m2t/R02 22.94%  v_m2t/R03 31.7%  v_m2t/R05 41.18%  v_m2t/R10 51.43%  v_m2t/MedR 9.0%
[20/04/26 20:18:44][src.callback.progress][INFO] - Epoch 269 step 51650/192: loss 1.029e-01
[20/04/26 20:18:54][src.callback.progress][INFO] - Epoch 269 step 51700/192: loss 1.185e-01
[20/04/26 20:19:04][src.callback.progress][INFO] - Epoch 269 step 51750/192: loss 1.128e-01
[20/04/26 20:19:14][src.callback.progress][INFO] - Epoch 269 step 51800/192: loss 1.182e-01
[20/04/26 20:19:24][src.callback.progress][INFO] - Epoch 269: v_recons 1.847e-01  recons 1.012e-01  v_loss 3.782e-01  loss 1.177e-01  v_latent 1.119e+00  latent 6.707e-01  v_kl 6.597e+01  kl 3.056e+01  v_contrastive 1.928e+00  contrastive 1.621e-01  v_t2m/len 1530  v_t2m/R01 18.76%  v_t2m/R02 23.72%  v_t2m/R03 31.89%  v_t2m/R05 41.24%  v_t2m/R10 53.59%  v_t2m/MedR 9.0%  v_m2t/len 1530  v_m2t/R01 21.23%  v_m2t/R02 23.98%  v_m2t/R03 33.86%  v_m2t/R05 41.11%  v_m2t/R10 50.72%  v_m2t/MedR 9.0%
[20/04/26 20:19:31][src.callback.progress][INFO] - Epoch 270 step 51850/192: loss 1.157e-01
[20/04/26 20:19:41][src.callback.progress][INFO] - Epoch 270 step 51900/192: loss 1.307e-01
[20/04/26 20:19:51][src.callback.progress][INFO] - Epoch 270 step 51950/192: loss 1.146e-01
[20/04/26 20:20:01][src.callback.progress][INFO] - Epoch 270 step 52000/192: loss 1.215e-01
[20/04/26 20:20:10][src.callback.progress][INFO] - Epoch 270: v_recons 1.819e-01  recons 1.008e-01  v_loss 3.754e-01  loss 1.172e-01  v_latent 1.114e+00  latent 6.719e-01  v_kl 6.494e+01  kl 3.078e+01  v_contrastive 1.928e+00  contrastive 1.606e-01  v_t2m/len 1530  v_t2m/R01 17.7%  v_t2m/R02 23.53%  v_t2m/R03 31.7%  v_t2m/R05 40.97%  v_t2m/R10 53.65%  v_t2m/MedR 9.0%  v_m2t/len 1530  v_m2t/R01 18.95%  v_m2t/R02 22.42%  v_m2t/R03 33.59%  v_m2t/R05 41.43%  v_m2t/R10 51.56%  v_m2t/MedR 9.0%
[20/04/26 20:20:18][src.callback.progress][INFO] - Epoch 271 step 52050/192: loss 1.181e-01
[20/04/26 20:20:28][src.callback.progress][INFO] - Epoch 271 step 52100/192: loss 1.152e-01
[20/04/26 20:20:38][src.callback.progress][INFO] - Epoch 271 step 52150/192: loss 1.251e-01
[20/04/26 20:20:48][src.callback.progress][INFO] - Epoch 271 step 52200/192: loss 1.164e-01
[20/04/26 20:20:55][src.callback.progress][INFO] - Epoch 271: v_recons 1.851e-01  recons 1.006e-01  v_loss 3.784e-01  loss 1.167e-01  v_latent 1.119e+00  latent 6.690e-01  v_kl 6.506e+01  kl 3.064e+01  v_contrastive 1.926e+00  contrastive 1.575e-01  v_t2m/len 1530  v_t2m/R01 17.45%  v_t2m/R02 22.47%  v_t2m/R03 31.76%  v_t2m/R05 40.45%  v_t2m/R10 53.79%  v_t2m/MedR 9.0%  v_m2t/len 1530  v_m2t/R01 20.32%  v_m2t/R02 23.39%  v_m2t/R03 33.65%  v_m2t/R05 40.91%  v_m2t/R10 51.63%  v_m2t/MedR 9.0%
[20/04/26 20:21:05][src.callback.progress][INFO] - Epoch 272 step 52250/192: loss 1.225e-01
[20/04/26 20:21:15][src.callback.progress][INFO] - Epoch 272 step 52300/192: loss 1.275e-01
[20/04/26 20:21:25][src.callback.progress][INFO] - Epoch 272 step 52350/192: loss 1.277e-01
[20/04/26 20:21:35][src.callback.progress][INFO] - Epoch 272 step 52400/192: loss 1.220e-01
[20/04/26 20:21:40][src.callback.progress][INFO] - Epoch 272: v_recons 1.834e-01  recons 1.003e-01  v_loss 3.765e-01  loss 1.161e-01  v_latent 1.115e+00  latent 6.671e-01  v_kl 6.460e+01  kl 3.046e+01  v_contrastive 1.924e+00  contrastive 1.546e-01  v_t2m/len 1530  v_t2m/R01 18.5%  v_t2m/R02 23.06%  v_t2m/R03 31.76%  v_t2m/R05 41.83%  v_t2m/R10 52.68%  v_t2m/MedR 9.0%  v_m2t/len 1530  v_m2t/R01 20.38%  v_m2t/R02 22.61%  v_m2t/R03 33.52%  v_m2t/R05 41.11%  v_m2t/R10 51.11%  v_m2t/MedR 9.0%
[20/04/26 20:21:54][src.callback.progress][INFO] - Epoch 273 step 52450/192: loss 1.322e-01
[20/04/26 20:22:04][src.callback.progress][INFO] - Epoch 273 step 52500/192: loss 1.014e-01
[20/04/26 20:22:14][src.callback.progress][INFO] - Epoch 273 step 52550/192: loss 1.262e-01
[20/04/26 20:22:24][src.callback.progress][INFO] - Epoch 273 step 52600/192: loss 1.077e-01
[20/04/26 20:22:28][src.callback.progress][INFO] - Epoch 273: v_recons 1.830e-01  recons 1.002e-01  v_loss 3.784e-01  loss 1.161e-01  v_latent 1.128e+00  latent 6.693e-01  v_kl 6.549e+01  kl 3.062e+01  v_contrastive 1.948e+00  contrastive 1.558e-01  v_t2m/len 1530  v_t2m/R01 16.67%  v_t2m/R02 22.15%  v_t2m/R03 29.79%  v_t2m/R05 38.5%  v_t2m/R10 53.99%  v_t2m/MedR 9.0%  v_m2t/len 1530  v_m2t/R01 19.87%  v_m2t/R02 22.03%  v_m2t/R03 31.56%  v_m2t/R05 39.4%  v_m2t/R10 50.91%  v_m2t/MedR 10.0%
[20/04/26 20:22:42][src.callback.progress][INFO] - Epoch 274 step 52650/192: loss 1.165e-01
[20/04/26 20:22:52][src.callback.progress][INFO] - Epoch 274 step 52700/192: loss 1.051e-01
[20/04/26 20:23:02][src.callback.progress][INFO] - Epoch 274 step 52750/192: loss 1.101e-01
[20/04/26 20:23:12][src.callback.progress][INFO] - Epoch 274 step 52800/192: loss 1.226e-01
[20/04/26 20:23:14][src.callback.progress][INFO] - Epoch 274: v_recons 1.815e-01  recons 9.980e-02  v_loss 3.743e-01  loss 1.155e-01  v_latent 1.121e+00  latent 6.702e-01  v_kl 6.608e+01  kl 3.077e+01  v_contrastive 1.921e+00  contrastive 1.537e-01  v_t2m/len 1530  v_t2m/R01 17.96%  v_t2m/R02 23.01%  v_t2m/R03 31.23%  v_t2m/R05 41.18%  v_t2m/R10 53.13%  v_t2m/MedR 9.0%  v_m2t/len 1530  v_m2t/R01 20.38%  v_m2t/R02 23.39%  v_m2t/R03 32.15%  v_m2t/R05 40.2%  v_m2t/R10 51.5%  v_m2t/MedR 10.0%
[20/04/26 20:23:29][src.callback.progress][INFO] - Epoch 275 step 52850/192: loss 1.027e-01
[20/04/26 20:23:39][src.callback.progress][INFO] - Epoch 275 step 52900/192: loss 1.284e-01
[20/04/26 20:23:49][src.callback.progress][INFO] - Epoch 275 step 52950/192: loss 1.289e-01
[20/04/26 20:23:59][src.callback.progress][INFO] - Epoch 275: v_recons 1.835e-01  recons 9.986e-02  v_loss 3.775e-01  loss 1.158e-01  v_latent 1.121e+00  latent 6.696e-01  v_kl 6.483e+01  kl 3.084e+01  v_contrastive 1.933e+00  contrastive 1.564e-01  v_t2m/len 1530  v_t2m/R01 18.17%  v_t2m/R02 23.59%  v_t2m/R03 32.41%  v_t2m/R05 41.9%  v_t2m/R10 53.0%  v_t2m/MedR 9.0%  v_m2t/len 1530  v_m2t/R01 19.93%  v_m2t/R02 23.45%  v_m2t/R03 33.0%  v_m2t/R05 40.06%  v_m2t/R10 51.11%  v_m2t/MedR 9.0%
[20/04/26 20:24:06][src.callback.progress][INFO] - Epoch 276 step 53000/192: loss 1.185e-01
[20/04/26 20:24:16][src.callback.progress][INFO] - Epoch 276 step 53050/192: loss 1.131e-01
[20/04/26 20:24:26][src.callback.progress][INFO] - Epoch 276 step 53100/192: loss 1.134e-01
[20/04/26 20:24:36][src.callback.progress][INFO] - Epoch 276 step 53150/192: loss 1.102e-01
[20/04/26 20:24:44][src.callback.progress][INFO] - Epoch 276: v_recons 1.834e-01  recons 9.998e-02  v_loss 3.757e-01  loss 1.159e-01  v_latent 1.118e+00  latent 6.714e-01  v_kl 6.581e+01  kl 3.095e+01  v_contrastive 1.916e+00  contrastive 1.555e-01  v_t2m/len 1530  v_t2m/R01 19.02%  v_t2m/R02 23.65%  v_t2m/R03 32.09%  v_t2m/R05 40.77%  v_t2m/R10 54.84%  v_t2m/MedR 9.0%  v_m2t/len 1530  v_m2t/R01 19.73%  v_m2t/R02 22.61%  v_m2t/R03 33.27%  v_m2t/R05 40.59%  v_m2t/R10 52.29%  v_m2t/MedR 9.0%
[20/04/26 20:24:53][src.callback.progress][INFO] - Epoch 277 step 53200/192: loss 1.158e-01
[20/04/26 20:25:03][src.callback.progress][INFO] - Epoch 277 step 53250/192: loss 9.992e-02
[20/04/26 20:25:13][src.callback.progress][INFO] - Epoch 277 step 53300/192: loss 1.077e-01
[20/04/26 20:25:23][src.callback.progress][INFO] - Epoch 277 step 53350/192: loss 1.166e-01
[20/04/26 20:25:29][src.callback.progress][INFO] - Epoch 277: v_recons 1.816e-01  recons 9.992e-02  v_loss 3.733e-01  loss 1.155e-01  v_latent 1.125e+00  latent 6.731e-01  v_kl 6.573e+01  kl 3.113e+01  v_contrastive 1.910e+00  contrastive 1.530e-01  v_t2m/len 1530  v_t2m/R01 18.76%  v_t2m/R02 24.44%  v_t2m/R03 32.22%  v_t2m/R05 41.43%  v_t2m/R10 53.13%  v_t2m/MedR 9.0%  v_m2t/len 1530  v_m2t/R01 20.38%  v_m2t/R02 23.39%  v_m2t/R03 33.65%  v_m2t/R05 40.77%  v_m2t/R10 50.52%  v_m2t/MedR 10.0%
[20/04/26 20:25:39][src.callback.progress][INFO] - Epoch 278 step 53400/192: loss 1.119e-01
[20/04/26 20:25:49][src.callback.progress][INFO] - Epoch 278 step 53450/192: loss 1.096e-01
[20/04/26 20:25:59][src.callback.progress][INFO] - Epoch 278 step 53500/192: loss 1.209e-01
[20/04/26 20:26:09][src.callback.progress][INFO] - Epoch 278 step 53550/192: loss 1.175e-01
[20/04/26 20:26:14][src.callback.progress][INFO] - Epoch 278: v_recons 1.832e-01  recons 9.971e-02  v_loss 3.786e-01  loss 1.156e-01  v_latent 1.129e+00  latent 6.731e-01  v_kl 6.642e+01  kl 3.114e+01  v_contrastive 1.947e+00  contrastive 1.555e-01  v_t2m/len 1530  v_t2m/R01 17.12%  v_t2m/R02 22.75%  v_t2m/R03 32.41%  v_t2m/R05 39.79%  v_t2m/R10 52.15%  v_t2m/MedR 9.0%  v_m2t/len 1530  v_m2t/R01 19.61%  v_m2t/R02 22.68%  v_m2t/R03 32.61%  v_m2t/R05 40.59%  v_m2t/R10 51.24%  v_m2t/MedR 9.0%
[20/04/26 20:26:26][src.callback.progress][INFO] - Epoch 279 step 53600/192: loss 1.146e-01
[20/04/26 20:26:36][src.callback.progress][INFO] - Epoch 279 step 53650/192: loss 1.241e-01
[20/04/26 20:26:46][src.callback.progress][INFO] - Epoch 279 step 53700/192: loss 1.105e-01
[20/04/26 20:26:56][src.callback.progress][INFO] - Epoch 279 step 53750/192: loss 1.144e-01
[20/04/26 20:26:59][src.callback.progress][INFO] - Epoch 279: v_recons 1.833e-01  recons 9.970e-02  v_loss 3.777e-01  loss 1.156e-01  v_latent 1.127e+00  latent 6.753e-01  v_kl 6.685e+01  kl 3.134e+01  v_contrastive 1.938e+00  contrastive 1.559e-01  v_t2m/len 1530  v_t2m/R01 17.9%  v_t2m/R02 23.2%  v_t2m/R03 30.97%  v_t2m/R05 41.18%  v_t2m/R10 52.81%  v_t2m/MedR 9.0%  v_m2t/len 1530  v_m2t/R01 20.32%  v_m2t/R02 22.61%  v_m2t/R03 32.81%  v_m2t/R05 41.9%  v_m2t/R10 51.9%  v_m2t/MedR 9.0%
[20/04/26 20:27:12][src.callback.progress][INFO] - Epoch 280 step 53800/192: loss 1.151e-01
[20/04/26 20:27:22][src.callback.progress][INFO] - Epoch 280 step 53850/192: loss 1.068e-01
[20/04/26 20:27:32][src.callback.progress][INFO] - Epoch 280 step 53900/192: loss 1.170e-01
[20/04/26 20:27:42][src.callback.progress][INFO] - Epoch 280 step 53950/192: loss 1.298e-01
[20/04/26 20:27:44][src.callback.progress][INFO] - Epoch 280: v_recons 1.822e-01  recons 9.971e-02  v_loss 3.732e-01  loss 1.154e-01  v_latent 1.129e+00  latent 6.733e-01  v_kl 6.702e+01  kl 3.136e+01  v_contrastive 1.903e+00  contrastive 1.535e-01  v_t2m/len 1530  v_t2m/R01 19.14%  v_t2m/R02 23.79%  v_t2m/R03 32.34%  v_t2m/R05 41.31%  v_t2m/R10 54.25%  v_t2m/MedR 9.0%  v_m2t/len 1530  v_m2t/R01 19.73%  v_m2t/R02 22.68%  v_m2t/R03 33.52%  v_m2t/R05 41.04%  v_m2t/R10 50.13%  v_m2t/MedR 10.0%
[20/04/26 20:27:59][src.callback.progress][INFO] - Epoch 281 step 54000/192: loss 1.051e-01
[20/04/26 20:28:09][src.callback.progress][INFO] - Epoch 281 step 54050/192: loss 1.129e-01
[20/04/26 20:28:19][src.callback.progress][INFO] - Epoch 281 step 54100/192: loss 1.025e-01
[20/04/26 20:28:29][src.callback.progress][INFO] - Epoch 281: v_recons 1.821e-01  recons 9.965e-02  v_loss 3.740e-01  loss 1.151e-01  v_latent 1.129e+00  latent 6.728e-01  v_kl 6.718e+01  kl 3.130e+01  v_contrastive 1.912e+00  contrastive 1.518e-01  v_t2m/len 1530  v_t2m/R01 18.37%  v_t2m/R02 23.32%  v_t2m/R03 31.95%  v_t2m/R05 41.24%  v_t2m/R10 53.4%  v_t2m/MedR 9.0%  v_m2t/len 1530  v_m2t/R01 19.07%  v_m2t/R02 22.09%  v_m2t/R03 32.29%  v_m2t/R05 41.24%  v_m2t/R10 52.29%  v_m2t/MedR 9.0%
[20/04/26 20:28:36][src.callback.progress][INFO] - Epoch 282 step 54150/192: loss 1.014e-01
[20/04/26 20:28:46][src.callback.progress][INFO] - Epoch 282 step 54200/192: loss 1.176e-01
[20/04/26 20:28:57][src.callback.progress][INFO] - Epoch 282 step 54250/192: loss 1.193e-01
[20/04/26 20:29:07][src.callback.progress][INFO] - Epoch 282 step 54300/192: loss 1.117e-01
[20/04/26 20:29:15][src.callback.progress][INFO] - Epoch 282: v_recons 1.838e-01  recons 9.959e-02  v_loss 3.756e-01  loss 1.151e-01  v_latent 1.126e+00  latent 6.741e-01  v_kl 6.660e+01  kl 3.130e+01  v_contrastive 1.911e+00  contrastive 1.516e-01  v_t2m/len 1530  v_t2m/R01 18.76%  v_t2m/R02 23.45%  v_t2m/R03 32.75%  v_t2m/R05 41.7%  v_t2m/R10 53.86%  v_t2m/MedR 9.0%  v_m2t/len 1530  v_m2t/R01 20.52%  v_m2t/R02 23.2%  v_m2t/R03 32.02%  v_m2t/R05 40.97%  v_m2t/R10 51.7%  v_m2t/MedR 9.0%
[20/04/26 20:29:24][src.callback.progress][INFO] - Epoch 283 step 54350/192: loss 1.141e-01
[20/04/26 20:29:33][src.callback.progress][INFO] - Epoch 283 step 54400/192: loss 1.154e-01
[20/04/26 20:29:44][src.callback.progress][INFO] - Epoch 283 step 54450/192: loss 1.194e-01
[20/04/26 20:29:53][src.callback.progress][INFO] - Epoch 283 step 54500/192: loss 1.031e-01
[20/04/26 20:30:01][src.callback.progress][INFO] - Epoch 283: v_recons 1.808e-01  recons 9.917e-02  v_loss 3.728e-01  loss 1.149e-01  v_latent 1.130e+00  latent 6.726e-01  v_kl 6.696e+01  kl 3.124e+01  v_contrastive 1.914e+00  contrastive 1.539e-01  v_t2m/len 1530  v_t2m/R01 19.02%  v_t2m/R02 24.18%  v_t2m/R03 31.5%  v_t2m/R05 40.25%  v_t2m/R10 52.75%  v_t2m/MedR 9.0%  v_m2t/len 1530  v_m2t/R01 18.88%  v_m2t/R02 22.21%  v_m2t/R03 32.29%  v_m2t/R05 41.36%  v_m2t/R10 51.56%  v_m2t/MedR 9.0%
[20/04/26 20:30:10][src.callback.progress][INFO] - Epoch 284 step 54550/192: loss 1.004e-01
[20/04/26 20:30:20][src.callback.progress][INFO] - Epoch 284 step 54600/192: loss 1.123e-01
[20/04/26 20:30:30][src.callback.progress][INFO] - Epoch 284 step 54650/192: loss 1.121e-01
[20/04/26 20:30:40][src.callback.progress][INFO] - Epoch 284 step 54700/192: loss 1.178e-01
[20/04/26 20:30:46][src.callback.progress][INFO] - Epoch 284: v_recons 1.818e-01  recons 9.872e-02  v_loss 3.731e-01  loss 1.141e-01  v_latent 1.128e+00  latent 6.703e-01  v_kl 6.715e+01  kl 3.120e+01  v_contrastive 1.906e+00  contrastive 1.507e-01  v_t2m/len 1530  v_t2m/R01 18.29%  v_t2m/R02 23.53%  v_t2m/R03 32.61%  v_t2m/R05 40.33%  v_t2m/R10 54.9%  v_t2m/MedR 9.0%  v_m2t/len 1530  v_m2t/R01 20.45%  v_m2t/R02 23.45%  v_m2t/R03 33.27%  v_m2t/R05 40.72%  v_m2t/R10 52.34%  v_m2t/MedR 9.0%
[20/04/26 20:30:58][src.callback.progress][INFO] - Epoch 285 step 54750/192: loss 1.247e-01
[20/04/26 20:31:08][src.callback.progress][INFO] - Epoch 285 step 54800/192: loss 1.091e-01
[20/04/26 20:31:18][src.callback.progress][INFO] - Epoch 285 step 54850/192: loss 1.180e-01
[20/04/26 20:31:28][src.callback.progress][INFO] - Epoch 285 step 54900/192: loss 1.054e-01
[20/04/26 20:31:32][src.callback.progress][INFO] - Epoch 285: v_recons 1.826e-01  recons 9.889e-02  v_loss 3.743e-01  loss 1.145e-01  v_latent 1.135e+00  latent 6.743e-01  v_kl 6.815e+01  kl 3.148e+01  v_contrastive 1.910e+00  contrastive 1.533e-01  v_t2m/len 1530  v_t2m/R01 17.9%  v_t2m/R02 23.2%  v_t2m/R03 31.95%  v_t2m/R05 41.04%  v_t2m/R10 53.13%  v_t2m/MedR 9.0%  v_m2t/len 1530  v_m2t/R01 19.54%  v_m2t/R02 22.94%  v_m2t/R03 33.06%  v_m2t/R05 40.38%  v_m2t/R10 51.04%  v_m2t/MedR 10.0%
[20/04/26 20:31:44][src.callback.progress][INFO] - Epoch 286 step 54950/192: loss 1.096e-01
[20/04/26 20:31:54][src.callback.progress][INFO] - Epoch 286 step 55000/192: loss 1.095e-01
[20/04/26 20:32:04][src.callback.progress][INFO] - Epoch 286 step 55050/192: loss 1.168e-01
[20/04/26 20:32:14][src.callback.progress][INFO] - Epoch 286 step 55100/192: loss 1.078e-01
[20/04/26 20:32:16][src.callback.progress][INFO] - Epoch 286: v_recons 1.824e-01  recons 9.877e-02  v_loss 3.758e-01  loss 1.143e-01  v_latent 1.138e+00  latent 6.729e-01  v_kl 6.798e+01  kl 3.156e+01  v_contrastive 1.926e+00  contrastive 1.522e-01  v_t2m/len 1530  v_t2m/R01 18.29%  v_t2m/R02 22.94%  v_t2m/R03 30.38%  v_t2m/R05 39.47%  v_t2m/R10 52.47%  v_t2m/MedR 9.0%  v_m2t/len 1530  v_m2t/R01 19.79%  v_m2t/R02 23.01%  v_m2t/R03 33.65%  v_m2t/R05 42.22%  v_m2t/R10 51.9%  v_m2t/MedR 9.0%
[20/04/26 20:32:30][src.callback.progress][INFO] - Epoch 287 step 55150/192: loss 1.298e-01
[20/04/26 20:32:40][src.callback.progress][INFO] - Epoch 287 step 55200/192: loss 1.133e-01
[20/04/26 20:32:50][src.callback.progress][INFO] - Epoch 287 step 55250/192: loss 1.116e-01
[20/04/26 20:33:01][src.callback.progress][INFO] - Epoch 287: v_recons 1.816e-01  recons 9.863e-02  v_loss 3.712e-01  loss 1.138e-01  v_latent 1.135e+00  latent 6.734e-01  v_kl 6.793e+01  kl 3.161e+01  v_contrastive 1.889e+00  contrastive 1.487e-01  v_t2m/len 1530  v_t2m/R01 17.84%  v_t2m/R02 22.8%  v_t2m/R03 32.41%  v_t2m/R05 40.84%  v_t2m/R10 53.79%  v_t2m/MedR 9.0%  v_m2t/len 1530  v_m2t/R01 20.0%  v_m2t/R02 22.94%  v_m2t/R03 32.61%  v_m2t/R05 40.84%  v_m2t/R10 52.09%  v_m2t/MedR 9.0%
[20/04/26 20:33:07][src.callback.progress][INFO] - Epoch 288 step 55300/192: loss 1.166e-01
[20/04/26 20:33:17][src.callback.progress][INFO] - Epoch 288 step 55350/192: loss 1.162e-01
[20/04/26 20:33:27][src.callback.progress][INFO] - Epoch 288 step 55400/192: loss 1.023e-01
[20/04/26 20:33:37][src.callback.progress][INFO] - Epoch 288 step 55450/192: loss 1.063e-01
[20/04/26 20:33:46][src.callback.progress][INFO] - Epoch 288: v_recons 1.834e-01  recons 9.818e-02  v_loss 3.750e-01  loss 1.135e-01  v_latent 1.138e+00  latent 6.730e-01  v_kl 6.842e+01  kl 3.153e+01  v_contrastive 1.910e+00  contrastive 1.502e-01  v_t2m/len 1530  v_t2m/R01 19.87%  v_t2m/R02 25.55%  v_t2m/R03 32.68%  v_t2m/R05 40.45%  v_t2m/R10 53.45%  v_t2m/MedR 9.0%  v_m2t/len 1530  v_m2t/R01 21.82%  v_m2t/R02 24.7%  v_m2t/R03 33.52%  v_m2t/R05 40.0%  v_m2t/R10 51.9%  v_m2t/MedR 9.0%
[20/04/26 20:33:54][src.callback.progress][INFO] - Epoch 289 step 55500/192: loss 1.134e-01
[20/04/26 20:34:03][src.callback.progress][INFO] - Epoch 289 step 55550/192: loss 1.173e-01
[20/04/26 20:34:13][src.callback.progress][INFO] - Epoch 289 step 55600/192: loss 1.223e-01
[20/04/26 20:34:23][src.callback.progress][INFO] - Epoch 289 step 55650/192: loss 1.025e-01
[20/04/26 20:34:31][src.callback.progress][INFO] - Epoch 289: v_recons 1.827e-01  recons 9.810e-02  v_loss 3.750e-01  loss 1.133e-01  v_latent 1.144e+00  latent 6.728e-01  v_kl 6.886e+01  kl 3.150e+01  v_contrastive 1.917e+00  contrastive 1.484e-01  v_t2m/len 1530  v_t2m/R01 17.19%  v_t2m/R02 22.47%  v_t2m/R03 32.02%  v_t2m/R05 40.45%  v_t2m/R10 53.4%  v_t2m/MedR 9.0%  v_m2t/len 1530  v_m2t/R01 20.2%  v_m2t/R02 23.53%  v_m2t/R03 33.2%  v_m2t/R05 40.45%  v_m2t/R10 51.5%  v_m2t/MedR 9.0%
[20/04/26 20:34:40][src.callback.progress][INFO] - Epoch 290 step 55700/192: loss 1.135e-01
[20/04/26 20:34:50][src.callback.progress][INFO] - Epoch 290 step 55750/192: loss 1.028e-01
[20/04/26 20:35:00][src.callback.progress][INFO] - Epoch 290 step 55800/192: loss 1.260e-01
[20/04/26 20:35:10][src.callback.progress][INFO] - Epoch 290 step 55850/192: loss 1.088e-01
[20/04/26 20:35:16][src.callback.progress][INFO] - Epoch 290: v_recons 1.824e-01  recons 9.803e-02  v_loss 3.735e-01  loss 1.133e-01  v_latent 1.147e+00  latent 6.750e-01  v_kl 6.904e+01  kl 3.172e+01  v_contrastive 1.905e+00  contrastive 1.498e-01  v_t2m/len 1530  v_t2m/R01 18.1%  v_t2m/R02 23.13%  v_t2m/R03 31.18%  v_t2m/R05 39.22%  v_t2m/R10 53.79%  v_t2m/MedR 9.0%  v_m2t/len 1530  v_m2t/R01 20.32%  v_m2t/R02 22.8%  v_m2t/R03 31.62%  v_m2t/R05 40.38%  v_m2t/R10 51.5%  v_m2t/MedR 9.0%
[20/04/26 20:35:28][src.callback.progress][INFO] - Epoch 291 step 55900/192: loss 1.149e-01
[20/04/26 20:35:38][src.callback.progress][INFO] - Epoch 291 step 55950/192: loss 1.022e-01
[20/04/26 20:35:48][src.callback.progress][INFO] - Epoch 291 step 56000/192: loss 1.191e-01
[20/04/26 20:35:57][src.callback.progress][INFO] - Epoch 291 step 56050/192: loss 1.236e-01
[20/04/26 20:36:02][src.callback.progress][INFO] - Epoch 291: v_recons 1.816e-01  recons 9.793e-02  v_loss 3.725e-01  loss 1.132e-01  v_latent 1.145e+00  latent 6.749e-01  v_kl 6.871e+01  kl 3.178e+01  v_contrastive 1.902e+00  contrastive 1.498e-01  v_t2m/len 1530  v_t2m/R01 18.1%  v_t2m/R02 22.87%  v_t2m/R03 31.37%  v_t2m/R05 39.66%  v_t2m/R10 52.41%  v_t2m/MedR 9.0%  v_m2t/len 1530  v_m2t/R01 20.97%  v_m2t/R02 23.13%  v_m2t/R03 32.15%  v_m2t/R05 39.15%  v_m2t/R10 50.84%  v_m2t/MedR 10.0%
[20/04/26 20:36:14][src.callback.progress][INFO] - Epoch 292 step 56100/192: loss 1.133e-01
[20/04/26 20:36:24][src.callback.progress][INFO] - Epoch 292 step 56150/192: loss 1.190e-01
[20/04/26 20:36:34][src.callback.progress][INFO] - Epoch 292 step 56200/192: loss 1.185e-01
[20/04/26 20:36:44][src.callback.progress][INFO] - Epoch 292 step 56250/192: loss 1.195e-01
[20/04/26 20:36:47][src.callback.progress][INFO] - Epoch 292: v_recons 1.828e-01  recons 9.827e-02  v_loss 3.752e-01  loss 1.134e-01  v_latent 1.145e+00  latent 6.778e-01  v_kl 6.856e+01  kl 3.195e+01  v_contrastive 1.917e+00  contrastive 1.483e-01  v_t2m/len 1530  v_t2m/R01 16.98%  v_t2m/R02 21.95%  v_t2m/R03 30.92%  v_t2m/R05 39.47%  v_t2m/R10 53.72%  v_t2m/MedR 9.0%  v_m2t/len 1530  v_m2t/R01 19.87%  v_m2t/R02 22.68%  v_m2t/R03 31.95%  v_m2t/R05 40.25%  v_m2t/R10 52.41%  v_m2t/MedR 9.0%
[20/04/26 20:37:00][src.callback.progress][INFO] - Epoch 293 step 56300/192: loss 1.075e-01
[20/04/26 20:37:10][src.callback.progress][INFO] - Epoch 293 step 56350/192: loss 1.111e-01
[20/04/26 20:37:20][src.callback.progress][INFO] - Epoch 293 step 56400/192: loss 1.263e-01
[20/04/26 20:37:31][src.callback.progress][INFO] - Epoch 293: v_recons 1.826e-01  recons 9.839e-02  v_loss 3.739e-01  loss 1.135e-01  v_latent 1.151e+00  latent 6.781e-01  v_kl 6.977e+01  kl 3.209e+01  v_contrastive 1.905e+00  contrastive 1.479e-01  v_t2m/len 1530  v_t2m/R01 18.76%  v_t2m/R02 23.59%  v_t2m/R03 32.47%  v_t2m/R05 41.5%  v_t2m/R10 53.72%  v_t2m/MedR 9.0%  v_m2t/len 1530  v_m2t/R01 20.97%  v_m2t/R02 24.25%  v_m2t/R03 33.2%  v_m2t/R05 40.33%  v_m2t/R10 51.36%  v_m2t/MedR 10.0%
[20/04/26 20:37:36][src.callback.progress][INFO] - Epoch 294 step 56450/192: loss 1.103e-01
[20/04/26 20:37:46][src.callback.progress][INFO] - Epoch 294 step 56500/192: loss 1.164e-01
[20/04/26 20:37:56][src.callback.progress][INFO] - Epoch 294 step 56550/192: loss 1.100e-01
[20/04/26 20:38:06][src.callback.progress][INFO] - Epoch 294 step 56600/192: loss 1.223e-01
[20/04/26 20:38:16][src.callback.progress][INFO] - Epoch 294: v_recons 1.816e-01  recons 9.812e-02  v_loss 3.718e-01  loss 1.136e-01  v_latent 1.145e+00  latent 6.783e-01  v_kl 6.926e+01  kl 3.218e+01  v_contrastive 1.895e+00  contrastive 1.510e-01  v_t2m/len 1530  v_t2m/R01 16.46%  v_t2m/R02 22.54%  v_t2m/R03 31.18%  v_t2m/R05 40.84%  v_t2m/R10 54.25%  v_t2m/MedR 9.0%  v_m2t/len 1530  v_m2t/R01 19.54%  v_m2t/R02 21.82%  v_m2t/R03 31.82%  v_m2t/R05 40.06%  v_m2t/R10 51.9%  v_m2t/MedR 9.0%
[20/04/26 20:38:23][src.callback.progress][INFO] - Epoch 295 step 56650/192: loss 1.147e-01
[20/04/26 20:38:33][src.callback.progress][INFO] - Epoch 295 step 56700/192: loss 1.269e-01
[20/04/26 20:38:43][src.callback.progress][INFO] - Epoch 295 step 56750/192: loss 1.005e-01
[20/04/26 20:38:53][src.callback.progress][INFO] - Epoch 295 step 56800/192: loss 9.215e-02
[20/04/26 20:39:01][src.callback.progress][INFO] - Epoch 295: v_recons 1.813e-01  recons 9.769e-02  v_loss 3.746e-01  loss 1.126e-01  v_latent 1.153e+00  latent 6.744e-01  v_kl 7.041e+01  kl 3.196e+01  v_contrastive 1.926e+00  contrastive 1.457e-01  v_t2m/len 1530  v_t2m/R01 17.05%  v_t2m/R02 21.62%  v_t2m/R03 30.12%  v_t2m/R05 39.15%  v_t2m/R10 51.9%  v_t2m/MedR 10.0%  v_m2t/len 1530  v_m2t/R01 19.47%  v_m2t/R02 21.95%  v_m2t/R03 31.56%  v_m2t/R05 40.72%  v_m2t/R10 50.91%  v_m2t/MedR 10.0%
[20/04/26 20:39:12][src.callback.progress][INFO] - Epoch 296 step 56850/192: loss 1.137e-01
[20/04/26 20:39:22][src.callback.progress][INFO] - Epoch 296 step 56900/192: loss 1.179e-01
[20/04/26 20:39:32][src.callback.progress][INFO] - Epoch 296 step 56950/192: loss 1.124e-01
[20/04/26 20:39:41][src.callback.progress][INFO] - Epoch 296 step 57000/192: loss 1.129e-01
[20/04/26 20:39:48][src.callback.progress][INFO] - Epoch 296: v_recons 1.801e-01  recons 9.783e-02  v_loss 3.700e-01  loss 1.127e-01  v_latent 1.142e+00  latent 6.765e-01  v_kl 6.834e+01  kl 3.207e+01  v_contrastive 1.892e+00  contrastive 1.455e-01  v_t2m/len 1530  v_t2m/R01 18.95%  v_t2m/R02 23.98%  v_t2m/R03 31.7%  v_t2m/R05 40.38%  v_t2m/R10 53.86%  v_t2m/MedR 9.0%  v_m2t/len 1530  v_m2t/R01 20.45%  v_m2t/R02 23.27%  v_m2t/R03 33.72%  v_m2t/R05 41.24%  v_m2t/R10 51.75%  v_m2t/MedR 9.0%
[20/04/26 20:40:00][src.callback.progress][INFO] - Epoch 297 step 57050/192: loss 1.065e-01
[20/04/26 20:40:10][src.callback.progress][INFO] - Epoch 297 step 57100/192: loss 1.027e-01
[20/04/26 20:40:19][src.callback.progress][INFO] - Epoch 297 step 57150/192: loss 1.234e-01
[20/04/26 20:40:29][src.callback.progress][INFO] - Epoch 297 step 57200/192: loss 1.184e-01
[20/04/26 20:40:34][src.callback.progress][INFO] - Epoch 297: v_recons 1.830e-01  recons 9.717e-02  v_loss 3.726e-01  loss 1.118e-01  v_latent 1.144e+00  latent 6.741e-01  v_kl 6.842e+01  kl 3.200e+01  v_contrastive 1.889e+00  contrastive 1.433e-01  v_t2m/len 1530  v_t2m/R01 20.38%  v_t2m/R02 24.51%  v_t2m/R03 31.37%  v_t2m/R05 39.79%  v_t2m/R10 52.88%  v_t2m/MedR 9.0%  v_m2t/len 1530  v_m2t/R01 20.06%  v_m2t/R02 23.72%  v_m2t/R03 33.65%  v_m2t/R05 40.45%  v_m2t/R10 52.34%  v_m2t/MedR 9.0%
[20/04/26 20:40:46][src.callback.progress][INFO] - Epoch 298 step 57250/192: loss 1.233e-01
[20/04/26 20:40:56][src.callback.progress][INFO] - Epoch 298 step 57300/192: loss 1.043e-01
[20/04/26 20:41:06][src.callback.progress][INFO] - Epoch 298 step 57350/192: loss 1.111e-01
[20/04/26 20:41:16][src.callback.progress][INFO] - Epoch 298 step 57400/192: loss 1.149e-01
[20/04/26 20:41:19][src.callback.progress][INFO] - Epoch 298: v_recons 1.826e-01  recons 9.670e-02  v_loss 3.732e-01  loss 1.114e-01  v_latent 1.150e+00  latent 6.738e-01  v_kl 6.960e+01  kl 3.196e+01  v_contrastive 1.899e+00  contrastive 1.434e-01  v_t2m/len 1530  v_t2m/R01 18.5%  v_t2m/R02 23.39%  v_t2m/R03 32.54%  v_t2m/R05 41.7%  v_t2m/R10 54.11%  v_t2m/MedR 8.0%  v_m2t/len 1530  v_m2t/R01 20.38%  v_m2t/R02 23.72%  v_m2t/R03 33.52%  v_m2t/R05 41.04%  v_m2t/R10 51.63%  v_m2t/MedR 9.0%
[20/04/26 20:41:32][src.callback.progress][INFO] - Epoch 299 step 57450/192: loss 1.068e-01
[20/04/26 20:41:42][src.callback.progress][INFO] - Epoch 299 step 57500/192: loss 9.837e-02
[20/04/26 20:41:52][src.callback.progress][INFO] - Epoch 299 step 57550/192: loss 1.148e-01
[20/04/26 20:42:02][src.callback.progress][INFO] - Epoch 299 step 57600/192: loss 9.748e-02
[20/04/26 20:42:03][src.callback.progress][INFO] - Epoch 299: v_recons 1.837e-01  recons 9.689e-02  v_loss 3.765e-01  loss 1.117e-01  v_latent 1.159e+00  latent 6.751e-01  v_kl 7.056e+01  kl 3.212e+01  v_contrastive 1.921e+00  contrastive 1.444e-01  v_t2m/len 1530  v_t2m/R01 18.95%  v_t2m/R02 24.37%  v_t2m/R03 32.22%  v_t2m/R05 40.91%  v_t2m/R10 54.7%  v_t2m/MedR 9.0%  v_m2t/len 1530  v_m2t/R01 19.47%  v_m2t/R02 22.15%  v_m2t/R03 33.0%  v_m2t/R05 41.18%  v_m2t/R10 51.18%  v_m2t/MedR 10.0%
[20/04/26 20:42:19][src.callback.progress][INFO] - Epoch 300 step 57650/192: loss 1.194e-01
[20/04/26 20:42:29][src.callback.progress][INFO] - Epoch 300 step 57700/192: loss 1.037e-01
[20/04/26 20:42:39][src.callback.progress][INFO] - Epoch 300 step 57750/192: loss 1.069e-01
[20/04/26 20:42:49][src.callback.progress][INFO] - Epoch 300: v_recons 1.815e-01  recons 9.696e-02  v_loss 3.719e-01  loss 1.117e-01  v_latent 1.149e+00  latent 6.755e-01  v_kl 6.947e+01  kl 3.218e+01  v_contrastive 1.896e+00  contrastive 1.437e-01  v_t2m/len 1530  v_t2m/R01 17.78%  v_t2m/R02 22.8%  v_t2m/R03 31.62%  v_t2m/R05 42.34%  v_t2m/R10 53.79%  v_t2m/MedR 8.0%  v_m2t/len 1530  v_m2t/R01 20.85%  v_m2t/R02 23.98%  v_m2t/R03 33.79%  v_m2t/R05 40.97%  v_m2t/R10 51.95%  v_m2t/MedR 9.0%
[20/04/26 20:42:56][src.callback.progress][INFO] - Epoch 301 step 57800/192: loss 1.143e-01
[20/04/26 20:43:06][src.callback.progress][INFO] - Epoch 301 step 57850/192: loss 1.081e-01
[20/04/26 20:43:17][src.callback.progress][INFO] - Epoch 301 step 57900/192: loss 1.094e-01
[20/04/26 20:43:27][src.callback.progress][INFO] - Epoch 301 step 57950/192: loss 1.026e-01
[20/04/26 20:43:35][src.callback.progress][INFO] - Epoch 301: v_recons 1.823e-01  recons 9.665e-02  v_loss 3.741e-01  loss 1.113e-01  v_latent 1.153e+00  latent 6.745e-01  v_kl 7.028e+01  kl 3.217e+01  v_contrastive 1.911e+00  contrastive 1.429e-01  v_t2m/len 1530  v_t2m/R01 18.5%  v_t2m/R02 23.53%  v_t2m/R03 31.5%  v_t2m/R05 40.38%  v_t2m/R10 53.65%  v_t2m/MedR 9.0%  v_m2t/len 1530  v_m2t/R01 19.14%  v_m2t/R02 22.29%  v_m2t/R03 32.34%  v_m2t/R05 40.2%  v_m2t/R10 50.06%  v_m2t/MedR 10.0%
[20/04/26 20:43:43][src.callback.progress][INFO] - Epoch 302 step 58000/192: loss 1.181e-01
[20/04/26 20:43:53][src.callback.progress][INFO] - Epoch 302 step 58050/192: loss 1.026e-01
[20/04/26 20:44:03][src.callback.progress][INFO] - Epoch 302 step 58100/192: loss 1.200e-01
[20/04/26 20:44:13][src.callback.progress][INFO] - Epoch 302 step 58150/192: loss 1.038e-01
[20/04/26 20:44:20][src.callback.progress][INFO] - Epoch 302: v_recons 1.811e-01  recons 9.627e-02  v_loss 3.711e-01  loss 1.107e-01  v_latent 1.151e+00  latent 6.723e-01  v_kl 7.016e+01  kl 3.203e+01  v_contrastive 1.893e+00  contrastive 1.415e-01  v_t2m/len 1530  v_t2m/R01 17.12%  v_t2m/R02 22.87%  v_t2m/R03 32.75%  v_t2m/R05 41.11%  v_t2m/R10 53.65%  v_t2m/MedR 9.0%  v_m2t/len 1530  v_m2t/R01 19.87%  v_m2t/R02 23.27%  v_m2t/R03 32.75%  v_m2t/R05 40.38%  v_m2t/R10 51.24%  v_m2t/MedR 9.0%
[20/04/26 20:44:30][src.callback.progress][INFO] - Epoch 303 step 58200/192: loss 9.778e-02
[20/04/26 20:44:40][src.callback.progress][INFO] - Epoch 303 step 58250/192: loss 1.121e-01
[20/04/26 20:44:50][src.callback.progress][INFO] - Epoch 303 step 58300/192: loss 1.139e-01
[20/04/26 20:45:00][src.callback.progress][INFO] - Epoch 303 step 58350/192: loss 1.103e-01
[20/04/26 20:45:05][src.callback.progress][INFO] - Epoch 303: v_recons 1.826e-01  recons 9.585e-02  v_loss 3.734e-01  loss 1.101e-01  v_latent 1.153e+00  latent 6.716e-01  v_kl 7.021e+01  kl 3.205e+01  v_contrastive 1.900e+00  contrastive 1.394e-01  v_t2m/len 1530  v_t2m/R01 17.52%  v_t2m/R02 22.54%  v_t2m/R03 30.64%  v_t2m/R05 39.79%  v_t2m/R10 53.4%  v_t2m/MedR 9.0%  v_m2t/len 1530  v_m2t/R01 21.11%  v_m2t/R02 23.45%  v_m2t/R03 33.13%  v_m2t/R05 39.86%  v_m2t/R10 51.9%  v_m2t/MedR 9.0%
[20/04/26 20:45:16][src.callback.progress][INFO] - Epoch 304 step 58400/192: loss 9.924e-02
[20/04/26 20:45:26][src.callback.progress][INFO] - Epoch 304 step 58450/192: loss 1.003e-01
[20/04/26 20:45:36][src.callback.progress][INFO] - Epoch 304 step 58500/192: loss 1.194e-01
[20/04/26 20:45:46][src.callback.progress][INFO] - Epoch 304 step 58550/192: loss 1.076e-01
[20/04/26 20:45:50][src.callback.progress][INFO] - Epoch 304: v_recons 1.826e-01  recons 9.633e-02  v_loss 3.750e-01  loss 1.107e-01  v_latent 1.155e+00  latent 6.757e-01  v_kl 7.086e+01  kl 3.238e+01  v_contrastive 1.916e+00  contrastive 1.409e-01  v_t2m/len 1530  v_t2m/R01 18.81%  v_t2m/R02 23.39%  v_t2m/R03 32.61%  v_t2m/R05 41.75%  v_t2m/R10 52.75%  v_t2m/MedR 9.0%  v_m2t/len 1530  v_m2t/R01 19.61%  v_m2t/R02 22.09%  v_m2t/R03 32.68%  v_m2t/R05 41.36%  v_m2t/R10 52.41%  v_m2t/MedR 9.0%
[20/04/26 20:46:02][src.callback.progress][INFO] - Epoch 305 step 58600/192: loss 1.039e-01
[20/04/26 20:46:12][src.callback.progress][INFO] - Epoch 305 step 58650/192: loss 1.124e-01
[20/04/26 20:46:22][src.callback.progress][INFO] - Epoch 305 step 58700/192: loss 1.146e-01
[20/04/26 20:46:32][src.callback.progress][INFO] - Epoch 305 step 58750/192: loss 1.096e-01
[20/04/26 20:46:34][src.callback.progress][INFO] - Epoch 305: v_recons 1.820e-01  recons 9.589e-02  v_loss 3.776e-01  loss 1.104e-01  v_latent 1.161e+00  latent 6.725e-01  v_kl 7.112e+01  kl 3.215e+01  v_contrastive 1.949e+00  contrastive 1.414e-01  v_t2m/len 1530  v_t2m/R01 18.81%  v_t2m/R02 24.18%  v_t2m/R03 32.09%  v_t2m/R05 41.18%  v_t2m/R10 53.27%  v_t2m/MedR 9.0%  v_m2t/len 1530  v_m2t/R01 20.52%  v_m2t/R02 23.13%  v_m2t/R03 33.13%  v_m2t/R05 40.06%  v_m2t/R10 52.15%  v_m2t/MedR 9.0%
[20/04/26 20:46:51][src.callback.progress][INFO] - Epoch 306 step 58800/192: loss 1.071e-01
[20/04/26 20:47:01][src.callback.progress][INFO] - Epoch 306 step 58850/192: loss 1.077e-01
[20/04/26 20:47:11][src.callback.progress][INFO] - Epoch 306 step 58900/192: loss 9.274e-02
[20/04/26 20:47:21][src.callback.progress][INFO] - Epoch 306: v_recons 1.823e-01  recons 9.618e-02  v_loss 3.737e-01  loss 1.107e-01  v_latent 1.158e+00  latent 6.769e-01  v_kl 7.049e+01  kl 3.252e+01  v_contrastive 1.907e+00  contrastive 1.421e-01  v_t2m/len 1530  v_t2m/R01 18.88%  v_t2m/R02 23.53%  v_t2m/R03 32.22%  v_t2m/R05 40.25%  v_t2m/R10 52.93%  v_t2m/MedR 9.0%  v_m2t/len 1530  v_m2t/R01 19.87%  v_m2t/R02 22.94%  v_m2t/R03 32.61%  v_m2t/R05 40.25%  v_m2t/R10 52.15%  v_m2t/MedR 9.0%
[20/04/26 20:47:27][src.callback.progress][INFO] - Epoch 307 step 58950/192: loss 1.118e-01
[20/04/26 20:47:37][src.callback.progress][INFO] - Epoch 307 step 59000/192: loss 1.218e-01
[20/04/26 20:47:47][src.callback.progress][INFO] - Epoch 307 step 59050/192: loss 1.080e-01
[20/04/26 20:47:57][src.callback.progress][INFO] - Epoch 307 step 59100/192: loss 1.041e-01
[20/04/26 20:48:06][src.callback.progress][INFO] - Epoch 307: v_recons 1.821e-01  recons 9.585e-02  v_loss 3.716e-01  loss 1.101e-01  v_latent 1.156e+00  latent 6.738e-01  v_kl 7.020e+01  kl 3.219e+01  v_contrastive 1.888e+00  contrastive 1.394e-01  v_t2m/len 1530  v_t2m/R01 19.54%  v_t2m/R02 23.39%  v_t2m/R03 32.41%  v_t2m/R05 40.77%  v_t2m/R10 53.91%  v_t2m/MedR 9.0%  v_m2t/len 1530  v_m2t/R01 21.11%  v_m2t/R02 23.39%  v_m2t/R03 32.88%  v_m2t/R05 40.25%  v_m2t/R10 52.29%  v_m2t/MedR 9.0%
[20/04/26 20:48:13][src.callback.progress][INFO] - Epoch 308 step 59150/192: loss 1.015e-01
[20/04/26 20:48:23][src.callback.progress][INFO] - Epoch 308 step 59200/192: loss 1.224e-01
[20/04/26 20:48:33][src.callback.progress][INFO] - Epoch 308 step 59250/192: loss 1.058e-01
[20/04/26 20:48:43][src.callback.progress][INFO] - Epoch 308 step 59300/192: loss 1.185e-01
[20/04/26 20:48:50][src.callback.progress][INFO] - Epoch 308: v_recons 1.854e-01  recons 9.588e-02  v_loss 3.760e-01  loss 1.105e-01  v_latent 1.155e+00  latent 6.776e-01  v_kl 6.980e+01  kl 3.264e+01  v_contrastive 1.899e+00  contrastive 1.431e-01  v_t2m/len 1530  v_t2m/R01 18.69%  v_t2m/R02 23.98%  v_t2m/R03 31.89%  v_t2m/R05 40.33%  v_t2m/R10 54.38%  v_t2m/MedR 9.0%  v_m2t/len 1530  v_m2t/R01 20.2%  v_m2t/R02 22.68%  v_m2t/R03 33.4%  v_m2t/R05 40.2%  v_m2t/R10 51.75%  v_m2t/MedR 9.0%
[20/04/26 20:48:59][src.callback.progress][INFO] - Epoch 309 step 59350/192: loss 1.112e-01
[20/04/26 20:49:09][src.callback.progress][INFO] - Epoch 309 step 59400/192: loss 9.936e-02
[20/04/26 20:49:19][src.callback.progress][INFO] - Epoch 309 step 59450/192: loss 1.164e-01
[20/04/26 20:49:29][src.callback.progress][INFO] - Epoch 309 step 59500/192: loss 1.212e-01
[20/04/26 20:49:35][src.callback.progress][INFO] - Epoch 309: v_recons 1.837e-01  recons 9.594e-02  v_loss 3.736e-01  loss 1.102e-01  v_latent 1.158e+00  latent 6.753e-01  v_kl 7.050e+01  kl 3.252e+01  v_contrastive 1.892e+00  contrastive 1.389e-01  v_t2m/len 1530  v_t2m/R01 18.62%  v_t2m/R02 22.8%  v_t2m/R03 33.59%  v_t2m/R05 42.22%  v_t2m/R10 55.22%  v_t2m/MedR 8.0%  v_m2t/len 1530  v_m2t/R01 20.92%  v_m2t/R02 24.25%  v_m2t/R03 34.04%  v_m2t/R05 40.91%  v_m2t/R10 51.9%  v_m2t/MedR 9.0%
[20/04/26 20:49:46][src.callback.progress][INFO] - Epoch 310 step 59550/192: loss 1.145e-01
[20/04/26 20:49:55][src.callback.progress][INFO] - Epoch 310 step 59600/192: loss 1.105e-01
[20/04/26 20:50:05][src.callback.progress][INFO] - Epoch 310 step 59650/192: loss 1.245e-01
[20/04/26 20:50:15][src.callback.progress][INFO] - Epoch 310 step 59700/192: loss 1.186e-01
[20/04/26 20:50:19][src.callback.progress][INFO] - Epoch 310: v_recons 1.840e-01  recons 9.597e-02  v_loss 3.770e-01  loss 1.104e-01  v_latent 1.164e+00  latent 6.774e-01  v_kl 7.092e+01  kl 3.264e+01  v_contrastive 1.923e+00  contrastive 1.411e-01  v_t2m/len 1530  v_t2m/R01 19.02%  v_t2m/R02 23.06%  v_t2m/R03 32.15%  v_t2m/R05 41.04%  v_t2m/R10 53.59%  v_t2m/MedR 8.0%  v_m2t/len 1530  v_m2t/R01 21.5%  v_m2t/R02 24.37%  v_m2t/R03 34.11%  v_m2t/R05 40.13%  v_m2t/R10 51.7%  v_m2t/MedR 9.0%
[20/04/26 20:50:33][src.callback.progress][INFO] - Epoch 311 step 59750/192: loss 1.061e-01
[20/04/26 20:50:43][src.callback.progress][INFO] - Epoch 311 step 59800/192: loss 1.075e-01
[20/04/26 20:50:53][src.callback.progress][INFO] - Epoch 311 step 59850/192: loss 1.105e-01
[20/04/26 20:51:03][src.callback.progress][INFO] - Epoch 311 step 59900/192: loss 1.238e-01
[20/04/26 20:51:05][src.callback.progress][INFO] - Epoch 311: v_recons 1.837e-01  recons 9.539e-02  v_loss 3.771e-01  loss 1.101e-01  v_latent 1.167e+00  latent 6.772e-01  v_kl 7.168e+01  kl 3.258e+01  v_contrastive 1.926e+00  contrastive 1.433e-01  v_t2m/len 1530  v_t2m/R01 18.1%  v_t2m/R02 22.68%  v_t2m/R03 31.56%  v_t2m/R05 40.91%  v_t2m/R10 53.2%  v_t2m/MedR 9.0%  v_m2t/len 1530  v_m2t/R01 20.85%  v_m2t/R02 24.25%  v_m2t/R03 33.33%  v_m2t/R05 41.43%  v_m2t/R10 51.36%  v_m2t/MedR 9.0%
[20/04/26 20:51:19][src.callback.progress][INFO] - Epoch 312 step 59950/192: loss 1.094e-01
[20/04/26 20:51:29][src.callback.progress][INFO] - Epoch 312 step 60000/192: loss 1.330e-01
[20/04/26 20:51:39][src.callback.progress][INFO] - Epoch 312 step 60050/192: loss 1.061e-01
[20/04/26 20:51:50][src.callback.progress][INFO] - Epoch 312: v_recons 1.823e-01  recons 9.564e-02  v_loss 3.730e-01  loss 1.100e-01  v_latent 1.165e+00  latent 6.774e-01  v_kl 7.134e+01  kl 3.272e+01  v_contrastive 1.899e+00  contrastive 1.399e-01  v_t2m/len 1530  v_t2m/R01 20.12%  v_t2m/R02 24.57%  v_t2m/R03 33.0%  v_t2m/R05 41.11%  v_t2m/R10 53.99%  v_t2m/MedR 9.0%  v_m2t/len 1530  v_m2t/R01 21.11%  v_m2t/R02 23.79%  v_m2t/R03 32.93%  v_m2t/R05 41.43%  v_m2t/R10 51.11%  v_m2t/MedR 9.5%
[20/04/26 20:51:55][src.callback.progress][INFO] - Epoch 313 step 60100/192: loss 1.016e-01
[20/04/26 20:52:05][src.callback.progress][INFO] - Epoch 313 step 60150/192: loss 1.215e-01
[20/04/26 20:52:15][src.callback.progress][INFO] - Epoch 313 step 60200/192: loss 1.070e-01
[20/04/26 20:52:25][src.callback.progress][INFO] - Epoch 313 step 60250/192: loss 1.026e-01
[20/04/26 20:52:35][src.callback.progress][INFO] - Epoch 313: v_recons 1.832e-01  recons 9.512e-02  v_loss 3.743e-01  loss 1.092e-01  v_latent 1.168e+00  latent 6.748e-01  v_kl 7.206e+01  kl 3.261e+01  v_contrastive 1.903e+00  contrastive 1.370e-01  v_t2m/len 1530  v_t2m/R01 20.32%  v_t2m/R02 25.42%  v_t2m/R03 33.65%  v_t2m/R05 41.36%  v_t2m/R10 54.04%  v_t2m/MedR 9.0%  v_m2t/len 1530  v_m2t/R01 19.54%  v_m2t/R02 22.68%  v_m2t/R03 32.61%  v_m2t/R05 40.33%  v_m2t/R10 52.47%  v_m2t/MedR 9.0%
[20/04/26 20:52:42][src.callback.progress][INFO] - Epoch 314 step 60300/192: loss 1.143e-01
[20/04/26 20:52:52][src.callback.progress][INFO] - Epoch 314 step 60350/192: loss 1.131e-01
[20/04/26 20:53:02][src.callback.progress][INFO] - Epoch 314 step 60400/192: loss 9.286e-02
[20/04/26 20:53:11][src.callback.progress][INFO] - Epoch 314 step 60450/192: loss 1.167e-01
[20/04/26 20:53:19][src.callback.progress][INFO] - Epoch 314: v_recons 1.823e-01  recons 9.532e-02  v_loss 3.733e-01  loss 1.095e-01  v_latent 1.171e+00  latent 6.781e-01  v_kl 7.175e+01  kl 3.282e+01  v_contrastive 1.903e+00  contrastive 1.387e-01  v_t2m/len 1530  v_t2m/R01 19.21%  v_t2m/R02 24.12%  v_t2m/R03 32.54%  v_t2m/R05 41.18%  v_t2m/R10 53.45%  v_t2m/MedR 9.0%  v_m2t/len 1530  v_m2t/R01 19.4%  v_m2t/R02 22.35%  v_m2t/R03 32.09%  v_m2t/R05 40.84%  v_m2t/R10 52.93%  v_m2t/MedR 9.0%
[20/04/26 20:53:28][src.callback.progress][INFO] - Epoch 315 step 60500/192: loss 1.118e-01
[20/04/26 20:53:38][src.callback.progress][INFO] - Epoch 315 step 60550/192: loss 1.095e-01
[20/04/26 20:53:48][src.callback.progress][INFO] - Epoch 315 step 60600/192: loss 1.102e-01
[20/04/26 20:53:58][src.callback.progress][INFO] - Epoch 315 step 60650/192: loss 1.045e-01
[20/04/26 20:54:04][src.callback.progress][INFO] - Epoch 315: v_recons 1.843e-01  recons 9.559e-02  v_loss 3.747e-01  loss 1.098e-01  v_latent 1.170e+00  latent 6.807e-01  v_kl 7.151e+01  kl 3.297e+01  v_contrastive 1.897e+00  contrastive 1.391e-01  v_t2m/len 1530  v_t2m/R01 19.4%  v_t2m/R02 24.57%  v_t2m/R03 33.27%  v_t2m/R05 40.2%  v_t2m/R10 54.38%  v_t2m/MedR 8.0%  v_m2t/len 1530  v_m2t/R01 20.52%  v_m2t/R02 23.27%  v_m2t/R03 32.02%  v_m2t/R05 40.38%  v_m2t/R10 52.29%  v_m2t/MedR 9.0%
[20/04/26 20:54:14][src.callback.progress][INFO] - Epoch 316 step 60700/192: loss 1.123e-01
[20/04/26 20:54:24][src.callback.progress][INFO] - Epoch 316 step 60750/192: loss 1.106e-01
[20/04/26 20:54:34][src.callback.progress][INFO] - Epoch 316 step 60800/192: loss 1.130e-01
[20/04/26 20:54:44][src.callback.progress][INFO] - Epoch 316 step 60850/192: loss 1.170e-01
[20/04/26 20:54:48][src.callback.progress][INFO] - Epoch 316: v_recons 1.822e-01  recons 9.495e-02  v_loss 3.730e-01  loss 1.091e-01  v_latent 1.172e+00  latent 6.789e-01  v_kl 7.203e+01  kl 3.288e+01  v_contrastive 1.901e+00  contrastive 1.381e-01  v_t2m/len 1530  v_t2m/R01 18.23%  v_t2m/R02 23.39%  v_t2m/R03 31.56%  v_t2m/R05 40.59%  v_t2m/R10 54.5%  v_t2m/MedR 9.0%  v_m2t/len 1530  v_m2t/R01 18.76%  v_m2t/R02 22.21%  v_m2t/R03 32.15%  v_m2t/R05 39.47%  v_m2t/R10 51.5%  v_m2t/MedR 9.0%
[20/04/26 20:55:00][src.callback.progress][INFO] - Epoch 317 step 60900/192: loss 1.023e-01
[20/04/26 20:55:10][src.callback.progress][INFO] - Epoch 317 step 60950/192: loss 1.056e-01
[20/04/26 20:55:20][src.callback.progress][INFO] - Epoch 317 step 61000/192: loss 1.234e-01
[20/04/26 20:55:30][src.callback.progress][INFO] - Epoch 317 step 61050/192: loss 1.011e-01
[20/04/26 20:55:33][src.callback.progress][INFO] - Epoch 317: v_recons 1.830e-01  recons 9.493e-02  v_loss 3.766e-01  loss 1.089e-01  v_latent 1.173e+00  latent 6.763e-01  v_kl 7.269e+01  kl 3.282e+01  v_contrastive 1.929e+00  contrastive 1.364e-01  v_t2m/len 1530  v_t2m/R01 17.52%  v_t2m/R02 23.27%  v_t2m/R03 31.56%  v_t2m/R05 40.0%  v_t2m/R10 54.18%  v_t2m/MedR 9.0%  v_m2t/len 1530  v_m2t/R01 19.67%  v_m2t/R02 22.29%  v_m2t/R03 31.62%  v_m2t/R05 39.79%  v_m2t/R10 52.22%  v_m2t/MedR 9.0%
[20/04/26 20:55:46][src.callback.progress][INFO] - Epoch 318 step 61100/192: loss 1.333e-01
[20/04/26 20:55:56][src.callback.progress][INFO] - Epoch 318 step 61150/192: loss 1.040e-01
[20/04/26 20:56:06][src.callback.progress][INFO] - Epoch 318 step 61200/192: loss 1.202e-01
[20/04/26 20:56:17][src.callback.progress][INFO] - Epoch 318: v_recons 1.834e-01  recons 9.447e-02  v_loss 3.745e-01  loss 1.085e-01  v_latent 1.176e+00  latent 6.745e-01  v_kl 7.314e+01  kl 3.274e+01  v_contrastive 1.904e+00  contrastive 1.364e-01  v_t2m/len 1530  v_t2m/R01 17.38%  v_t2m/R02 22.15%  v_t2m/R03 30.45%  v_t2m/R05 40.13%  v_t2m/R10 54.31%  v_t2m/MedR 8.0%  v_m2t/len 1530  v_m2t/R01 20.45%  v_m2t/R02 23.72%  v_m2t/R03 32.47%  v_m2t/R05 40.59%  v_m2t/R10 52.81%  v_m2t/MedR 9.0%
[20/04/26 20:56:23][src.callback.progress][INFO] - Epoch 319 step 61250/192: loss 1.093e-01
[20/04/26 20:56:33][src.callback.progress][INFO] - Epoch 319 step 61300/192: loss 1.062e-01
[20/04/26 20:56:43][src.callback.progress][INFO] - Epoch 319 step 61350/192: loss 8.803e-02
[20/04/26 20:56:53][src.callback.progress][INFO] - Epoch 319 step 61400/192: loss 1.225e-01
[20/04/26 20:57:03][src.callback.progress][INFO] - Epoch 319: v_recons 1.833e-01  recons 9.483e-02  v_loss 3.755e-01  loss 1.088e-01  v_latent 1.172e+00  latent 6.758e-01  v_kl 7.222e+01  kl 3.290e+01  v_contrastive 1.914e+00  contrastive 1.359e-01  v_t2m/len 1530  v_t2m/R01 19.87%  v_t2m/R02 24.37%  v_t2m/R03 33.2%  v_t2m/R05 41.24%  v_t2m/R10 53.27%  v_t2m/MedR 9.0%  v_m2t/len 1530  v_m2t/R01 20.59%  v_m2t/R02 23.59%  v_m2t/R03 32.68%  v_m2t/R05 40.13%  v_m2t/R10 51.95%  v_m2t/MedR 9.0%
[20/04/26 20:57:10][src.callback.progress][INFO] - Epoch 320 step 61450/192: loss 9.549e-02
[20/04/26 20:57:20][src.callback.progress][INFO] - Epoch 320 step 61500/192: loss 1.065e-01
[20/04/26 20:57:30][src.callback.progress][INFO] - Epoch 320 step 61550/192: loss 1.150e-01
[20/04/26 20:57:40][src.callback.progress][INFO] - Epoch 320 step 61600/192: loss 1.058e-01
[20/04/26 20:57:48][src.callback.progress][INFO] - Epoch 320: v_recons 1.817e-01  recons 9.404e-02  v_loss 3.744e-01  loss 1.077e-01  v_latent 1.174e+00  latent 6.744e-01  v_kl 7.241e+01  kl 3.286e+01  v_contrastive 1.919e+00  contrastive 1.333e-01  v_t2m/len 1530  v_t2m/R01 19.35%  v_t2m/R02 24.7%  v_t2m/R03 32.41%  v_t2m/R05 41.31%  v_t2m/R10 53.06%  v_t2m/MedR 9.0%  v_m2t/len 1530  v_m2t/R01 20.64%  v_m2t/R02 23.79%  v_m2t/R03 34.18%  v_m2t/R05 41.5%  v_m2t/R10 53.06%  v_m2t/MedR 9.0%
[20/04/26 20:57:57][src.callback.progress][INFO] - Epoch 321 step 61650/192: loss 9.355e-02
[20/04/26 20:58:07][src.callback.progress][INFO] - Epoch 321 step 61700/192: loss 1.062e-01
[20/04/26 20:58:16][src.callback.progress][INFO] - Epoch 321 step 61750/192: loss 1.195e-01
[20/04/26 20:58:26][src.callback.progress][INFO] - Epoch 321 step 61800/192: loss 9.899e-02
[20/04/26 20:58:33][src.callback.progress][INFO] - Epoch 321: v_recons 1.833e-01  recons 9.426e-02  v_loss 3.775e-01  loss 1.080e-01  v_latent 1.178e+00  latent 6.771e-01  v_kl 7.315e+01  kl 3.302e+01  v_contrastive 1.934e+00  contrastive 1.339e-01  v_t2m/len 1530  v_t2m/R01 19.4%  v_t2m/R02 23.59%  v_t2m/R03 32.02%  v_t2m/R05 39.47%  v_t2m/R10 52.93%  v_t2m/MedR 9.0%  v_m2t/len 1530  v_m2t/R01 21.04%  v_m2t/R02 23.92%  v_m2t/R03 34.11%  v_m2t/R05 40.45%  v_m2t/R10 50.65%  v_m2t/MedR 10.0%
[20/04/26 20:58:42][src.callback.progress][INFO] - Epoch 322 step 61850/192: loss 8.848e-02
[20/04/26 20:58:52][src.callback.progress][INFO] - Epoch 322 step 61900/192: loss 1.100e-01
[20/04/26 20:59:02][src.callback.progress][INFO] - Epoch 322 step 61950/192: loss 1.064e-01
[20/04/26 20:59:12][src.callback.progress][INFO] - Epoch 322 step 62000/192: loss 1.129e-01
[20/04/26 20:59:17][src.callback.progress][INFO] - Epoch 322: v_recons 1.819e-01  recons 9.433e-02  v_loss 3.747e-01  loss 1.082e-01  v_latent 1.181e+00  latent 6.774e-01  v_kl 7.336e+01  kl 3.310e+01  v_contrastive 1.921e+00  contrastive 1.356e-01  v_t2m/len 1530  v_t2m/R01 18.95%  v_t2m/R02 24.12%  v_t2m/R03 31.82%  v_t2m/R05 40.38%  v_t2m/R10 54.18%  v_t2m/MedR 9.0%  v_m2t/len 1530  v_m2t/R01 20.92%  v_m2t/R02 23.72%  v_m2t/R03 33.13%  v_m2t/R05 41.18%  v_m2t/R10 53.0%  v_m2t/MedR 9.0%
[20/04/26 20:59:29][src.callback.progress][INFO] - Epoch 323 step 62050/192: loss 9.384e-02
[20/04/26 20:59:38][src.callback.progress][INFO] - Epoch 323 step 62100/192: loss 1.188e-01
[20/04/26 20:59:48][src.callback.progress][INFO] - Epoch 323 step 62150/192: loss 1.170e-01
[20/04/26 20:59:58][src.callback.progress][INFO] - Epoch 323 step 62200/192: loss 1.161e-01
[20/04/26 21:00:01][src.callback.progress][INFO] - Epoch 323: v_recons 1.824e-01  recons 9.424e-02  v_loss 3.758e-01  loss 1.082e-01  v_latent 1.177e+00  latent 6.784e-01  v_kl 7.255e+01  kl 3.321e+01  v_contrastive 1.927e+00  contrastive 1.362e-01  v_t2m/len 1530  v_t2m/R01 19.54%  v_t2m/R02 24.77%  v_t2m/R03 33.4%  v_t2m/R05 40.91%  v_t2m/R10 53.2%  v_t2m/MedR 9.0%  v_m2t/len 1530  v_m2t/R01 20.85%  v_m2t/R02 24.18%  v_m2t/R03 32.34%  v_m2t/R05 40.59%  v_m2t/R10 52.09%  v_m2t/MedR 9.0%
[20/04/26 21:00:14][src.callback.progress][INFO] - Epoch 324 step 62250/192: loss 9.710e-02
[20/04/26 21:00:24][src.callback.progress][INFO] - Epoch 324 step 62300/192: loss 1.097e-01
[20/04/26 21:00:34][src.callback.progress][INFO] - Epoch 324 step 62350/192: loss 1.023e-01
[20/04/26 21:00:44][src.callback.progress][INFO] - Epoch 324 step 62400/192: loss 1.076e-01
[20/04/26 21:00:46][src.callback.progress][INFO] - Epoch 324: v_recons 1.843e-01  recons 9.399e-02  v_loss 3.752e-01  loss 1.077e-01  v_latent 1.175e+00  latent 6.747e-01  v_kl 7.360e+01  kl 3.294e+01  v_contrastive 1.901e+00  contrastive 1.336e-01  v_t2m/len 1530  v_t2m/R01 17.96%  v_t2m/R02 23.32%  v_t2m/R03 32.81%  v_t2m/R05 41.95%  v_t2m/R10 54.77%  v_t2m/MedR 8.5%  v_m2t/len 1530  v_m2t/R01 20.38%  v_m2t/R02 23.45%  v_m2t/R03 33.65%  v_m2t/R05 40.0%  v_m2t/R10 52.47%  v_m2t/MedR 9.0%
[20/04/26 21:01:01][src.callback.progress][INFO] - Epoch 325 step 62450/192: loss 1.091e-01
[20/04/26 21:01:11][src.callback.progress][INFO] - Epoch 325 step 62500/192: loss 1.030e-01
[20/04/26 21:01:21][src.callback.progress][INFO] - Epoch 325 step 62550/192: loss 9.249e-02
[20/04/26 21:01:31][src.callback.progress][INFO] - Epoch 325: v_recons 1.838e-01  recons 9.426e-02  v_loss 3.762e-01  loss 1.079e-01  v_latent 1.186e+00  latent 6.784e-01  v_kl 7.423e+01  kl 3.333e+01  v_contrastive 1.917e+00  contrastive 1.334e-01  v_t2m/len 1530  v_t2m/R01 18.55%  v_t2m/R02 23.2%  v_t2m/R03 31.23%  v_t2m/R05 40.38%  v_t2m/R10 53.33%  v_t2m/MedR 9.0%  v_m2t/len 1530  v_m2t/R01 20.26%  v_m2t/R02 23.06%  v_m2t/R03 32.93%  v_m2t/R05 40.59%  v_m2t/R10 52.09%  v_m2t/MedR 9.0%
[20/04/26 21:01:37][src.callback.progress][INFO] - Epoch 326 step 62600/192: loss 9.380e-02
[20/04/26 21:01:47][src.callback.progress][INFO] - Epoch 326 step 62650/192: loss 9.436e-02
[20/04/26 21:01:57][src.callback.progress][INFO] - Epoch 326 step 62700/192: loss 1.057e-01
[20/04/26 21:02:07][src.callback.progress][INFO] - Epoch 326 step 62750/192: loss 1.052e-01
[20/04/26 21:02:16][src.callback.progress][INFO] - Epoch 326: v_recons 1.839e-01  recons 9.416e-02  v_loss 3.779e-01  loss 1.079e-01  v_latent 1.186e+00  latent 6.780e-01  v_kl 7.450e+01  kl 3.324e+01  v_contrastive 1.933e+00  contrastive 1.340e-01  v_t2m/len 1530  v_t2m/R01 19.54%  v_t2m/R02 23.79%  v_t2m/R03 32.09%  v_t2m/R05 40.77%  v_t2m/R10 53.79%  v_t2m/MedR 9.0%  v_m2t/len 1530  v_m2t/R01 20.38%  v_m2t/R02 23.32%  v_m2t/R03 32.09%  v_m2t/R05 39.47%  v_m2t/R10 51.75%  v_m2t/MedR 9.0%
[20/04/26 21:02:24][src.callback.progress][INFO] - Epoch 327 step 62800/192: loss 1.111e-01
[20/04/26 21:02:34][src.callback.progress][INFO] - Epoch 327 step 62850/192: loss 1.075e-01
[20/04/26 21:02:44][src.callback.progress][INFO] - Epoch 327 step 62900/192: loss 1.094e-01
[20/04/26 21:02:54][src.callback.progress][INFO] - Epoch 327 step 62950/192: loss 1.058e-01
[20/04/26 21:03:00][src.callback.progress][INFO] - Epoch 327: v_recons 1.851e-01  recons 9.354e-02  v_loss 3.773e-01  loss 1.072e-01  v_latent 1.179e+00  latent 6.775e-01  v_kl 7.336e+01  kl 3.323e+01  v_contrastive 1.915e+00  contrastive 1.334e-01  v_t2m/len 1530  v_t2m/R01 18.29%  v_t2m/R02 24.04%  v_t2m/R03 33.4%  v_t2m/R05 40.45%  v_t2m/R10 52.54%  v_t2m/MedR 9.0%  v_m2t/len 1530  v_m2t/R01 20.64%  v_m2t/R02 23.79%  v_m2t/R03 32.47%  v_m2t/R05 42.09%  v_m2t/R10 52.61%  v_m2t/MedR 9.0%
[20/04/26 21:03:10][src.callback.progress][INFO] - Epoch 328 step 63000/192: loss 9.317e-02
[20/04/26 21:03:20][src.callback.progress][INFO] - Epoch 328 step 63050/192: loss 1.089e-01
[20/04/26 21:03:30][src.callback.progress][INFO] - Epoch 328 step 63100/192: loss 1.078e-01
[20/04/26 21:03:40][src.callback.progress][INFO] - Epoch 328 step 63150/192: loss 1.015e-01
[20/04/26 21:03:45][src.callback.progress][INFO] - Epoch 328: v_recons 1.821e-01  recons 9.363e-02  v_loss 3.768e-01  loss 1.075e-01  v_latent 1.185e+00  latent 6.762e-01  v_kl 7.385e+01  kl 3.326e+01  v_contrastive 1.940e+00  contrastive 1.348e-01  v_t2m/len 1530  v_t2m/R01 19.93%  v_t2m/R02 24.04%  v_t2m/R03 31.82%  v_t2m/R05 40.91%  v_t2m/R10 53.0%  v_t2m/MedR 9.0%  v_m2t/len 1530  v_m2t/R01 20.12%  v_m2t/R02 23.39%  v_m2t/R03 32.54%  v_m2t/R05 40.59%  v_m2t/R10 51.7%  v_m2t/MedR 9.0%
[20/04/26 21:03:56][src.callback.progress][INFO] - Epoch 329 step 63200/192: loss 9.249e-02
[20/04/26 21:04:06][src.callback.progress][INFO] - Epoch 329 step 63250/192: loss 1.122e-01
[20/04/26 21:04:16][src.callback.progress][INFO] - Epoch 329 step 63300/192: loss 1.150e-01
[20/04/26 21:04:26][src.callback.progress][INFO] - Epoch 329 step 63350/192: loss 1.171e-01
[20/04/26 21:04:30][src.callback.progress][INFO] - Epoch 329: v_recons 1.854e-01  recons 9.347e-02  v_loss 3.807e-01  loss 1.068e-01  v_latent 1.193e+00  latent 6.750e-01  v_kl 7.469e+01  kl 3.313e+01  v_contrastive 1.945e+00  contrastive 1.303e-01  v_t2m/len 1530  v_t2m/R01 19.07%  v_t2m/R02 23.45%  v_t2m/R03 31.62%  v_t2m/R05 40.06%  v_t2m/R10 52.54%  v_t2m/MedR 9.0%  v_m2t/len 1530  v_m2t/R01 18.43%  v_m2t/R02 21.5%  v_m2t/R03 30.85%  v_m2t/R05 38.88%  v_m2t/R10 50.52%  v_m2t/MedR 10.0%
[20/04/26 21:04:43][src.callback.progress][INFO] - Epoch 330 step 63400/192: loss 1.088e-01
[20/04/26 21:04:53][src.callback.progress][INFO] - Epoch 330 step 63450/192: loss 9.827e-02
[20/04/26 21:05:03][src.callback.progress][INFO] - Epoch 330 step 63500/192: loss 9.461e-02
[20/04/26 21:05:12][src.callback.progress][INFO] - Epoch 330 step 63550/192: loss 9.486e-02
[20/04/26 21:05:14][src.callback.progress][INFO] - Epoch 330: v_recons 1.840e-01  recons 9.341e-02  v_loss 3.787e-01  loss 1.070e-01  v_latent 1.192e+00  latent 6.794e-01  v_kl 7.388e+01  kl 3.347e+01  v_contrastive 1.940e+00  contrastive 1.326e-01  v_t2m/len 1530  v_t2m/R01 18.17%  v_t2m/R02 22.8%  v_t2m/R03 31.56%  v_t2m/R05 40.45%  v_t2m/R10 54.25%  v_t2m/MedR 9.0%  v_m2t/len 1530  v_m2t/R01 20.12%  v_m2t/R02 22.8%  v_m2t/R03 32.22%  v_m2t/R05 39.66%  v_m2t/R10 51.31%  v_m2t/MedR 9.5%
[20/04/26 21:05:29][src.callback.progress][INFO] - Epoch 331 step 63600/192: loss 9.654e-02
[20/04/26 21:05:39][src.callback.progress][INFO] - Epoch 331 step 63650/192: loss 1.045e-01
[20/04/26 21:05:49][src.callback.progress][INFO] - Epoch 331 step 63700/192: loss 1.244e-01
[20/04/26 21:05:59][src.callback.progress][INFO] - Epoch 331: v_recons 1.844e-01  recons 9.299e-02  v_loss 3.779e-01  loss 1.062e-01  v_latent 1.191e+00  latent 6.750e-01  v_kl 7.504e+01  kl 3.314e+01  v_contrastive 1.928e+00  contrastive 1.284e-01  v_t2m/len 1530  v_t2m/R01 17.9%  v_t2m/R02 22.35%  v_t2m/R03 31.37%  v_t2m/R05 39.22%  v_t2m/R10 53.52%  v_t2m/MedR 9.0%  v_m2t/len 1530  v_m2t/R01 19.21%  v_m2t/R02 22.21%  v_m2t/R03 31.76%  v_m2t/R05 38.88%  v_m2t/R10 51.9%  v_m2t/MedR 9.0%
[20/04/26 21:06:05][src.callback.progress][INFO] - Epoch 332 step 63750/192: loss 1.142e-01
[20/04/26 21:06:15][src.callback.progress][INFO] - Epoch 332 step 63800/192: loss 1.021e-01
[20/04/26 21:06:25][src.callback.progress][INFO] - Epoch 332 step 63850/192: loss 9.584e-02
[20/04/26 21:06:35][src.callback.progress][INFO] - Epoch 332 step 63900/192: loss 1.100e-01
[20/04/26 21:06:44][src.callback.progress][INFO] - Epoch 332: v_recons 1.845e-01  recons 9.271e-02  v_loss 3.796e-01  loss 1.062e-01  v_latent 1.199e+00  latent 6.766e-01  v_kl 7.530e+01  kl 3.332e+01  v_contrastive 1.943e+00  contrastive 1.310e-01  v_t2m/len 1530  v_t2m/R01 18.55%  v_t2m/R02 22.35%  v_t2m/R03 30.06%  v_t2m/R05 40.2%  v_t2m/R10 53.52%  v_t2m/MedR 9.0%  v_m2t/len 1530  v_m2t/R01 19.02%  v_m2t/R02 21.95%  v_m2t/R03 32.09%  v_m2t/R05 39.66%  v_m2t/R10 51.36%  v_m2t/MedR 9.0%
[20/04/26 21:06:51][src.callback.progress][INFO] - Epoch 333 step 63950/192: loss 1.197e-01
[20/04/26 21:07:01][src.callback.progress][INFO] - Epoch 333 step 64000/192: loss 1.134e-01
[20/04/26 21:07:11][src.callback.progress][INFO] - Epoch 333 step 64050/192: loss 1.048e-01
[20/04/26 21:07:21][src.callback.progress][INFO] - Epoch 333 step 64100/192: loss 1.147e-01
[20/04/26 21:07:28][src.callback.progress][INFO] - Epoch 333: v_recons 1.838e-01  recons 9.291e-02  v_loss 3.799e-01  loss 1.062e-01  v_latent 1.199e+00  latent 6.750e-01  v_kl 7.572e+01  kl 3.324e+01  v_contrastive 1.953e+00  contrastive 1.298e-01  v_t2m/len 1530  v_t2m/R01 19.54%  v_t2m/R02 23.53%  v_t2m/R03 32.47%  v_t2m/R05 41.04%  v_t2m/R10 54.5%  v_t2m/MedR 9.0%  v_m2t/len 1530  v_m2t/R01 20.92%  v_m2t/R02 23.39%  v_m2t/R03 33.13%  v_m2t/R05 39.47%  v_m2t/R10 51.9%  v_m2t/MedR 9.0%
[20/04/26 21:07:38][src.callback.progress][INFO] - Epoch 334 step 64150/192: loss 1.086e-01
[20/04/26 21:07:47][src.callback.progress][INFO] - Epoch 334 step 64200/192: loss 9.856e-02
[20/04/26 21:07:57][src.callback.progress][INFO] - Epoch 334 step 64250/192: loss 9.396e-02
[20/04/26 21:08:07][src.callback.progress][INFO] - Epoch 334 step 64300/192: loss 1.005e-01
[20/04/26 21:08:13][src.callback.progress][INFO] - Epoch 334: v_recons 1.839e-01  recons 9.320e-02  v_loss 3.791e-01  loss 1.066e-01  v_latent 1.198e+00  latent 6.778e-01  v_kl 7.552e+01  kl 3.358e+01  v_contrastive 1.943e+00  contrastive 1.305e-01  v_t2m/len 1530  v_t2m/R01 20.12%  v_t2m/R02 24.12%  v_t2m/R03 32.41%  v_t2m/R05 41.11%  v_t2m/R10 53.13%  v_t2m/MedR 9.0%  v_m2t/len 1530  v_m2t/R01 19.35%  v_m2t/R02 22.09%  v_m2t/R03 32.54%  v_m2t/R05 40.45%  v_m2t/R10 51.36%  v_m2t/MedR 9.0%
[20/04/26 21:08:24][src.callback.progress][INFO] - Epoch 335 step 64350/192: loss 1.015e-01
[20/04/26 21:08:33][src.callback.progress][INFO] - Epoch 335 step 64400/192: loss 8.787e-02
[20/04/26 21:08:43][src.callback.progress][INFO] - Epoch 335 step 64450/192: loss 9.969e-02
[20/04/26 21:08:53][src.callback.progress][INFO] - Epoch 335 step 64500/192: loss 1.078e-01
[20/04/26 21:08:57][src.callback.progress][INFO] - Epoch 335: v_recons 1.848e-01  recons 9.326e-02  v_loss 3.789e-01  loss 1.066e-01  v_latent 1.196e+00  latent 6.792e-01  v_kl 7.605e+01  kl 3.354e+01  v_contrastive 1.933e+00  contrastive 1.304e-01  v_t2m/len 1530  v_t2m/R01 17.78%  v_t2m/R02 22.68%  v_t2m/R03 32.02%  v_t2m/R05 40.77%  v_t2m/R10 53.91%  v_t2m/MedR 9.0%  v_m2t/len 1530  v_m2t/R01 20.26%  v_m2t/R02 23.39%  v_m2t/R03 31.62%  v_m2t/R05 40.38%  v_m2t/R10 52.29%  v_m2t/MedR 9.0%
[20/04/26 21:09:09][src.callback.progress][INFO] - Epoch 336 step 64550/192: loss 9.776e-02
[20/04/26 21:09:19][src.callback.progress][INFO] - Epoch 336 step 64600/192: loss 1.042e-01
[20/04/26 21:09:29][src.callback.progress][INFO] - Epoch 336 step 64650/192: loss 1.081e-01
[20/04/26 21:09:39][src.callback.progress][INFO] - Epoch 336 step 64700/192: loss 1.108e-01
[20/04/26 21:09:42][src.callback.progress][INFO] - Epoch 336: v_recons 1.846e-01  recons 9.294e-02  v_loss 3.778e-01  loss 1.061e-01  v_latent 1.195e+00  latent 6.784e-01  v_kl 7.531e+01  kl 3.370e+01  v_contrastive 1.924e+00  contrastive 1.283e-01  v_t2m/len 1530  v_t2m/R01 18.23%  v_t2m/R02 23.86%  v_t2m/R03 33.45%  v_t2m/R05 41.11%  v_t2m/R10 53.0%  v_t2m/MedR 9.0%  v_m2t/len 1530  v_m2t/R01 19.61%  v_m2t/R02 22.87%  v_m2t/R03 32.15%  v_m2t/R05 40.59%  v_m2t/R10 50.84%  v_m2t/MedR 10.0%
[20/04/26 21:09:56][src.callback.progress][INFO] - Epoch 337 step 64750/192: loss 9.086e-02
[20/04/26 21:10:05][src.callback.progress][INFO] - Epoch 337 step 64800/192: loss 9.995e-02
[20/04/26 21:10:15][src.callback.progress][INFO] - Epoch 337 step 64850/192: loss 1.110e-01
[20/04/26 21:10:26][src.callback.progress][INFO] - Epoch 337: v_recons 1.830e-01  recons 9.297e-02  v_loss 3.760e-01  loss 1.061e-01  v_latent 1.188e+00  latent 6.795e-01  v_kl 7.474e+01  kl 3.369e+01  v_contrastive 1.922e+00  contrastive 1.278e-01  v_t2m/len 1530  v_t2m/R01 19.21%  v_t2m/R02 22.87%  v_t2m/R03 32.29%  v_t2m/R05 40.72%  v_t2m/R10 53.79%  v_t2m/MedR 9.0%  v_m2t/len 1530  v_m2t/R01 20.38%  v_m2t/R02 23.2%  v_m2t/R03 33.65%  v_m2t/R05 41.63%  v_m2t/R10 51.95%  v_m2t/MedR 9.0%
[20/04/26 21:10:32][src.callback.progress][INFO] - Epoch 338 step 64900/192: loss 1.125e-01
[20/04/26 21:10:42][src.callback.progress][INFO] - Epoch 338 step 64950/192: loss 9.842e-02
[20/04/26 21:10:52][src.callback.progress][INFO] - Epoch 338 step 65000/192: loss 1.106e-01
[20/04/26 21:11:02][src.callback.progress][INFO] - Epoch 338 step 65050/192: loss 1.013e-01
[20/04/26 21:11:11][src.callback.progress][INFO] - Epoch 338: v_recons 1.838e-01  recons 9.259e-02  v_loss 3.767e-01  loss 1.055e-01  v_latent 1.189e+00  latent 6.760e-01  v_kl 7.557e+01  kl 3.357e+01  v_contrastive 1.921e+00  contrastive 1.261e-01  v_t2m/len 1530  v_t2m/R01 18.55%  v_t2m/R02 22.21%  v_t2m/R03 32.02%  v_t2m/R05 41.63%  v_t2m/R10 54.38%  v_t2m/MedR 9.0%  v_m2t/len 1530  v_m2t/R01 20.64%  v_m2t/R02 22.94%  v_m2t/R03 32.09%  v_m2t/R05 41.24%  v_m2t/R10 52.09%  v_m2t/MedR 9.0%
[20/04/26 21:11:18][src.callback.progress][INFO] - Epoch 339 step 65100/192: loss 9.837e-02
[20/04/26 21:11:28][src.callback.progress][INFO] - Epoch 339 step 65150/192: loss 1.008e-01
[20/04/26 21:11:38][src.callback.progress][INFO] - Epoch 339 step 65200/192: loss 9.552e-02
[20/04/26 21:11:48][src.callback.progress][INFO] - Epoch 339 step 65250/192: loss 9.430e-02
[20/04/26 21:11:56][src.callback.progress][INFO] - Epoch 339: v_recons 1.836e-01  recons 9.217e-02  v_loss 3.777e-01  loss 1.053e-01  v_latent 1.200e+00  latent 6.746e-01  v_kl 7.533e+01  kl 3.349e+01  v_contrastive 1.934e+00  contrastive 1.280e-01  v_t2m/len 1530  v_t2m/R01 17.96%  v_t2m/R02 21.7%  v_t2m/R03 31.7%  v_t2m/R05 40.91%  v_t2m/R10 53.0%  v_t2m/MedR 9.0%  v_m2t/len 1530  v_m2t/R01 19.73%  v_m2t/R02 22.09%  v_m2t/R03 31.7%  v_m2t/R05 40.59%  v_m2t/R10 51.24%  v_m2t/MedR 9.0%
[20/04/26 21:12:05][src.callback.progress][INFO] - Epoch 340 step 65300/192: loss 1.003e-01
[20/04/26 21:12:15][src.callback.progress][INFO] - Epoch 340 step 65350/192: loss 9.702e-02
[20/04/26 21:12:25][src.callback.progress][INFO] - Epoch 340 step 65400/192: loss 9.374e-02
[20/04/26 21:12:35][src.callback.progress][INFO] - Epoch 340 step 65450/192: loss 1.080e-01
[20/04/26 21:12:41][src.callback.progress][INFO] - Epoch 340: v_recons 1.839e-01  recons 9.275e-02  v_loss 3.785e-01  loss 1.060e-01  v_latent 1.203e+00  latent 6.796e-01  v_kl 7.696e+01  kl 3.387e+01  v_contrastive 1.939e+00  contrastive 1.292e-01  v_t2m/len 1530  v_t2m/R01 18.04%  v_t2m/R02 22.21%  v_t2m/R03 30.0%  v_t2m/R05 40.97%  v_t2m/R10 53.2%  v_t2m/MedR 9.0%  v_m2t/len 1530  v_m2t/R01 21.23%  v_m2t/R02 23.39%  v_m2t/R03 32.34%  v_m2t/R05 40.77%  v_m2t/R10 51.7%  v_m2t/MedR 9.0%
[20/04/26 21:12:51][src.callback.progress][INFO] - Epoch 341 step 65500/192: loss 1.032e-01
[20/04/26 21:13:01][src.callback.progress][INFO] - Epoch 341 step 65550/192: loss 1.194e-01
[20/04/26 21:13:11][src.callback.progress][INFO] - Epoch 341 step 65600/192: loss 1.037e-01
[20/04/26 21:13:21][src.callback.progress][INFO] - Epoch 341 step 65650/192: loss 9.473e-02
[20/04/26 21:13:26][src.callback.progress][INFO] - Epoch 341: v_recons 1.852e-01  recons 9.237e-02  v_loss 3.817e-01  loss 1.056e-01  v_latent 1.205e+00  latent 6.778e-01  v_kl 7.641e+01  kl 3.378e+01  v_contrastive 1.957e+00  contrastive 1.286e-01  v_t2m/len 1530  v_t2m/R01 18.1%  v_t2m/R02 22.47%  v_t2m/R03 31.3%  v_t2m/R05 40.59%  v_t2m/R10 52.61%  v_t2m/MedR 9.0%  v_m2t/len 1530  v_m2t/R01 19.47%  v_m2t/R02 22.54%  v_m2t/R03 30.97%  v_m2t/R05 39.93%  v_m2t/R10 51.56%  v_m2t/MedR 9.0%
[20/04/26 21:13:38][src.callback.progress][INFO] - Epoch 342 step 65700/192: loss 1.123e-01
[20/04/26 21:13:48][src.callback.progress][INFO] - Epoch 342 step 65750/192: loss 1.032e-01
[20/04/26 21:13:57][src.callback.progress][INFO] - Epoch 342 step 65800/192: loss 1.067e-01
[20/04/26 21:14:07][src.callback.progress][INFO] - Epoch 342 step 65850/192: loss 9.344e-02
[20/04/26 21:14:10][src.callback.progress][INFO] - Epoch 342: v_recons 1.849e-01  recons 9.295e-02  v_loss 3.779e-01  loss 1.065e-01  v_latent 1.202e+00  latent 6.851e-01  v_kl 7.659e+01  kl 3.425e+01  v_contrastive 1.922e+00  contrastive 1.320e-01  v_t2m/len 1530  v_t2m/R01 18.76%  v_t2m/R02 23.13%  v_t2m/R03 32.61%  v_t2m/R05 40.97%  v_t2m/R10 54.11%  v_t2m/MedR 9.0%  v_m2t/len 1530  v_m2t/R01 19.93%  v_m2t/R02 22.47%  v_m2t/R03 31.37%  v_m2t/R05 40.65%  v_m2t/R10 52.34%  v_m2t/MedR 9.0%
[20/04/26 21:14:24][src.callback.progress][INFO] - Epoch 343 step 65900/192: loss 1.115e-01
[20/04/26 21:14:34][src.callback.progress][INFO] - Epoch 343 step 65950/192: loss 1.119e-01
[20/04/26 21:14:44][src.callback.progress][INFO] - Epoch 343 step 66000/192: loss 1.197e-01
[20/04/26 21:14:55][src.callback.progress][INFO] - Epoch 343: v_recons 1.840e-01  recons 9.296e-02  v_loss 3.762e-01  loss 1.065e-01  v_latent 1.204e+00  latent 6.836e-01  v_kl 7.680e+01  kl 3.416e+01  v_contrastive 1.914e+00  contrastive 1.322e-01  v_t2m/len 1530  v_t2m/R01 18.29%  v_t2m/R02 22.61%  v_t2m/R03 32.47%  v_t2m/R05 40.65%  v_t2m/R10 53.91%  v_t2m/MedR 9.0%  v_m2t/len 1530  v_m2t/R01 20.32%  v_m2t/R02 22.87%  v_m2t/R03 32.54%  v_m2t/R05 40.91%  v_m2t/R10 52.15%  v_m2t/MedR 9.0%
[20/04/26 21:15:00][src.callback.progress][INFO] - Epoch 344 step 66050/192: loss 1.023e-01
[20/04/26 21:15:10][src.callback.progress][INFO] - Epoch 344 step 66100/192: loss 1.044e-01
[20/04/26 21:15:20][src.callback.progress][INFO] - Epoch 344 step 66150/192: loss 1.038e-01
[20/04/26 21:15:30][src.callback.progress][INFO] - Epoch 344 step 66200/192: loss 1.091e-01
[20/04/26 21:15:40][src.callback.progress][INFO] - Epoch 344: v_recons 1.848e-01  recons 9.152e-02  v_loss 3.783e-01  loss 1.044e-01  v_latent 1.202e+00  latent 6.746e-01  v_kl 7.656e+01  kl 3.364e+01  v_contrastive 1.928e+00  contrastive 1.249e-01  v_t2m/len 1530  v_t2m/R01 18.55%  v_t2m/R02 22.87%  v_t2m/R03 32.29%  v_t2m/R05 41.31%  v_t2m/R10 53.59%  v_t2m/MedR 9.0%  v_m2t/len 1530  v_m2t/R01 19.54%  v_m2t/R02 22.35%  v_m2t/R03 31.76%  v_m2t/R05 40.38%  v_m2t/R10 52.54%  v_m2t/MedR 9.0%
[20/04/26 21:15:46][src.callback.progress][INFO] - Epoch 345 step 66250/192: loss 1.000e-01
[20/04/26 21:15:56][src.callback.progress][INFO] - Epoch 345 step 66300/192: loss 1.095e-01
[20/04/26 21:16:07][src.callback.progress][INFO] - Epoch 345 step 66350/192: loss 1.062e-01
[20/04/26 21:16:16][src.callback.progress][INFO] - Epoch 345 step 66400/192: loss 1.167e-01
[20/04/26 21:16:24][src.callback.progress][INFO] - Epoch 345: v_recons 1.835e-01  recons 9.142e-02  v_loss 3.762e-01  loss 1.043e-01  v_latent 1.201e+00  latent 6.749e-01  v_kl 7.682e+01  kl 3.372e+01  v_contrastive 1.919e+00  contrastive 1.255e-01  v_t2m/len 1530  v_t2m/R01 18.81%  v_t2m/R02 22.42%  v_t2m/R03 31.95%  v_t2m/R05 40.45%  v_t2m/R10 53.0%  v_t2m/MedR 9.0%  v_m2t/len 1530  v_m2t/R01 20.38%  v_m2t/R02 22.42%  v_m2t/R03 33.33%  v_m2t/R05 40.84%  v_m2t/R10 52.29%  v_m2t/MedR 9.0%
[20/04/26 21:16:34][src.callback.progress][INFO] - Epoch 346 step 66450/192: loss 9.923e-02
[20/04/26 21:16:44][src.callback.progress][INFO] - Epoch 346 step 66500/192: loss 1.022e-01
[20/04/26 21:16:54][src.callback.progress][INFO] - Epoch 346 step 66550/192: loss 1.033e-01
[20/04/26 21:17:04][src.callback.progress][INFO] - Epoch 346 step 66600/192: loss 1.062e-01
[20/04/26 21:17:10][src.callback.progress][INFO] - Epoch 346: v_recons 1.823e-01  recons 9.156e-02  v_loss 3.748e-01  loss 1.046e-01  v_latent 1.203e+00  latent 6.771e-01  v_kl 7.633e+01  kl 3.388e+01  v_contrastive 1.918e+00  contrastive 1.272e-01  v_t2m/len 1530  v_t2m/R01 18.37%  v_t2m/R02 22.61%  v_t2m/R03 32.02%  v_t2m/R05 40.2%  v_t2m/R10 53.72%  v_t2m/MedR 9.0%  v_m2t/len 1530  v_m2t/R01 19.67%  v_m2t/R02 22.15%  v_m2t/R03 32.47%  v_m2t/R05 41.18%  v_m2t/R10 52.15%  v_m2t/MedR 9.0%
[20/04/26 21:17:20][src.callback.progress][INFO] - Epoch 347 step 66650/192: loss 1.056e-01
[20/04/26 21:17:30][src.callback.progress][INFO] - Epoch 347 step 66700/192: loss 9.833e-02
[20/04/26 21:17:40][src.callback.progress][INFO] - Epoch 347 step 66750/192: loss 9.738e-02
[20/04/26 21:17:50][src.callback.progress][INFO] - Epoch 347 step 66800/192: loss 1.026e-01
[20/04/26 21:17:55][src.callback.progress][INFO] - Epoch 347: v_recons 1.845e-01  recons 9.129e-02  v_loss 3.801e-01  loss 1.041e-01  v_latent 1.214e+00  latent 6.751e-01  v_kl 7.812e+01  kl 3.382e+01  v_contrastive 1.949e+00  contrastive 1.243e-01  v_t2m/len 1530  v_t2m/R01 17.84%  v_t2m/R02 22.61%  v_t2m/R03 31.76%  v_t2m/R05 39.93%  v_t2m/R10 53.0%  v_t2m/MedR 9.0%  v_m2t/len 1530  v_m2t/R01 20.32%  v_m2t/R02 23.86%  v_m2t/R03 33.86%  v_m2t/R05 41.24%  v_m2t/R10 51.9%  v_m2t/MedR 9.0%
[20/04/26 21:18:06][src.callback.progress][INFO] - Epoch 348 step 66850/192: loss 1.053e-01
[20/04/26 21:18:16][src.callback.progress][INFO] - Epoch 348 step 66900/192: loss 9.624e-02
[20/04/26 21:18:26][src.callback.progress][INFO] - Epoch 348 step 66950/192: loss 9.080e-02
[20/04/26 21:18:36][src.callback.progress][INFO] - Epoch 348 step 67000/192: loss 1.066e-01
[20/04/26 21:18:39][src.callback.progress][INFO] - Epoch 348: v_recons 1.858e-01  recons 9.116e-02  v_loss 3.806e-01  loss 1.038e-01  v_latent 1.215e+00  latent 6.754e-01  v_kl 7.736e+01  kl 3.384e+01  v_contrastive 1.940e+00  contrastive 1.229e-01  v_t2m/len 1530  v_t2m/R01 18.55%  v_t2m/R02 22.47%  v_t2m/R03 31.56%  v_t2m/R05 39.74%  v_t2m/R10 53.45%  v_t2m/MedR 9.0%  v_m2t/len 1530  v_m2t/R01 20.12%  v_m2t/R02 21.76%  v_m2t/R03 32.02%  v_m2t/R05 39.93%  v_m2t/R10 52.09%  v_m2t/MedR 9.0%
[20/04/26 21:18:52][src.callback.progress][INFO] - Epoch 349 step 67050/192: loss 1.029e-01
[20/04/26 21:19:02][src.callback.progress][INFO] - Epoch 349 step 67100/192: loss 9.543e-02
[20/04/26 21:19:12][src.callback.progress][INFO] - Epoch 349 step 67150/192: loss 9.348e-02
[20/04/26 21:19:21][src.callback.progress][INFO] - Epoch 349 step 67200/192: loss 1.060e-01
[20/04/26 21:19:23][src.callback.progress][INFO] - Epoch 349: v_recons 1.855e-01  recons 9.202e-02  v_loss 3.808e-01  loss 1.052e-01  v_latent 1.214e+00  latent 6.810e-01  v_kl 7.852e+01  kl 3.426e+01  v_contrastive 1.945e+00  contrastive 1.279e-01  v_t2m/len 1530  v_t2m/R01 17.96%  v_t2m/R02 22.75%  v_t2m/R03 32.09%  v_t2m/R05 41.5%  v_t2m/R10 53.79%  v_t2m/MedR 9.0%  v_m2t/len 1530  v_m2t/R01 20.64%  v_m2t/R02 23.72%  v_m2t/R03 31.37%  v_m2t/R05 39.66%  v_m2t/R10 51.36%  v_m2t/MedR 10.0%
[20/04/26 21:19:38][src.callback.progress][INFO] - Epoch 350 step 67250/192: loss 1.101e-01
[20/04/26 21:19:48][src.callback.progress][INFO] - Epoch 350 step 67300/192: loss 9.992e-02
[20/04/26 21:19:58][src.callback.progress][INFO] - Epoch 350 step 67350/192: loss 1.032e-01
[20/04/26 21:20:08][src.callback.progress][INFO] - Epoch 350: v_recons 1.864e-01  recons 9.148e-02  v_loss 3.814e-01  loss 1.045e-01  v_latent 1.211e+00  latent 6.810e-01  v_kl 7.713e+01  kl 3.426e+01  v_contrastive 1.943e+00  contrastive 1.267e-01  v_t2m/len 1530  v_t2m/R01 19.07%  v_t2m/R02 23.98%  v_t2m/R03 32.41%  v_t2m/R05 42.15%  v_t2m/R10 54.04%  v_t2m/MedR 9.0%  v_m2t/len 1530  v_m2t/R01 19.79%  v_m2t/R02 23.01%  v_m2t/R03 33.13%  v_m2t/R05 40.97%  v_m2t/R10 52.15%  v_m2t/MedR 9.0%
[20/04/26 21:20:15][src.callback.progress][INFO] - Epoch 351 step 67400/192: loss 1.160e-01
[20/04/26 21:20:25][src.callback.progress][INFO] - Epoch 351 step 67450/192: loss 9.647e-02
[20/04/26 21:20:35][src.callback.progress][INFO] - Epoch 351 step 67500/192: loss 1.007e-01
[20/04/26 21:20:45][src.callback.progress][INFO] - Epoch 351 step 67550/192: loss 9.764e-02
[20/04/26 21:20:53][src.callback.progress][INFO] - Epoch 351: v_recons 1.857e-01  recons 9.161e-02  v_loss 3.782e-01  loss 1.044e-01  v_latent 1.211e+00  latent 6.794e-01  v_kl 7.725e+01  kl 3.408e+01  v_contrastive 1.917e+00  contrastive 1.245e-01  v_t2m/len 1530  v_t2m/R01 17.84%  v_t2m/R02 22.29%  v_t2m/R03 32.68%  v_t2m/R05 42.81%  v_t2m/R10 53.91%  v_t2m/MedR 9.0%  v_m2t/len 1530  v_m2t/R01 20.12%  v_m2t/R02 23.2%  v_m2t/R03 33.13%  v_m2t/R05 41.56%  v_m2t/R10 52.54%  v_m2t/MedR 9.0%
[20/04/26 21:21:01][src.callback.progress][INFO] - Epoch 352 step 67600/192: loss 9.776e-02
[20/04/26 21:21:11][src.callback.progress][INFO] - Epoch 352 step 67650/192: loss 1.159e-01
[20/04/26 21:21:21][src.callback.progress][INFO] - Epoch 352 step 67700/192: loss 1.098e-01
[20/04/26 21:21:32][src.callback.progress][INFO] - Epoch 352 step 67750/192: loss 1.062e-01
[20/04/26 21:21:38][src.callback.progress][INFO] - Epoch 352: v_recons 1.845e-01  recons 9.088e-02  v_loss 3.801e-01  loss 1.036e-01  v_latent 1.215e+00  latent 6.773e-01  v_kl 7.816e+01  kl 3.406e+01  v_contrastive 1.948e+00  contrastive 1.239e-01  v_t2m/len 1530  v_t2m/R01 18.23%  v_t2m/R02 21.37%  v_t2m/R03 30.85%  v_t2m/R05 39.66%  v_t2m/R10 52.41%  v_t2m/MedR 9.0%  v_m2t/len 1530  v_m2t/R01 19.61%  v_m2t/R02 21.5%  v_m2t/R03 32.41%  v_m2t/R05 40.25%  v_m2t/R10 51.36%  v_m2t/MedR 10.0%
[20/04/26 21:21:48][src.callback.progress][INFO] - Epoch 353 step 67800/192: loss 1.205e-01
[20/04/26 21:21:58][src.callback.progress][INFO] - Epoch 353 step 67850/192: loss 1.040e-01
[20/04/26 21:22:08][src.callback.progress][INFO] - Epoch 353 step 67900/192: loss 1.132e-01
[20/04/26 21:22:18][src.callback.progress][INFO] - Epoch 353 step 67950/192: loss 9.788e-02
[20/04/26 21:22:23][src.callback.progress][INFO] - Epoch 353: v_recons 1.862e-01  recons 9.098e-02  v_loss 3.793e-01  loss 1.038e-01  v_latent 1.213e+00  latent 6.764e-01  v_kl 7.847e+01  kl 3.405e+01  v_contrastive 1.922e+00  contrastive 1.248e-01  v_t2m/len 1530  v_t2m/R01 18.88%  v_t2m/R02 23.79%  v_t2m/R03 33.13%  v_t2m/R05 41.83%  v_t2m/R10 53.2%  v_t2m/MedR 9.0%  v_m2t/len 1530  v_m2t/R01 20.26%  v_m2t/R02 23.59%  v_m2t/R03 32.41%  v_m2t/R05 40.38%  v_m2t/R10 51.31%  v_m2t/MedR 9.0%
[20/04/26 21:22:34][src.callback.progress][INFO] - Epoch 354 step 68000/192: loss 1.042e-01
[20/04/26 21:22:44][src.callback.progress][INFO] - Epoch 354 step 68050/192: loss 1.097e-01
[20/04/26 21:22:54][src.callback.progress][INFO] - Epoch 354 step 68100/192: loss 1.052e-01
[20/04/26 21:23:04][src.callback.progress][INFO] - Epoch 354 step 68150/192: loss 1.023e-01
[20/04/26 21:23:08][src.callback.progress][INFO] - Epoch 354: v_recons 1.855e-01  recons 9.110e-02  v_loss 3.787e-01  loss 1.036e-01  v_latent 1.213e+00  latent 6.785e-01  v_kl 7.812e+01  kl 3.418e+01  v_contrastive 1.924e+00  contrastive 1.218e-01  v_t2m/len 1530  v_t2m/R01 18.88%  v_t2m/R02 22.75%  v_t2m/R03 31.76%  v_t2m/R05 40.2%  v_t2m/R10 54.04%  v_t2m/MedR 9.0%  v_m2t/len 1530  v_m2t/R01 20.59%  v_m2t/R02 23.86%  v_m2t/R03 33.4%  v_m2t/R05 40.84%  v_m2t/R10 51.95%  v_m2t/MedR 9.0%
[20/04/26 21:23:20][src.callback.progress][INFO] - Epoch 355 step 68200/192: loss 9.313e-02
[20/04/26 21:23:30][src.callback.progress][INFO] - Epoch 355 step 68250/192: loss 1.086e-01
[20/04/26 21:23:40][src.callback.progress][INFO] - Epoch 355 step 68300/192: loss 1.026e-01
[20/04/26 21:23:50][src.callback.progress][INFO] - Epoch 355 step 68350/192: loss 1.124e-01
[20/04/26 21:23:52][src.callback.progress][INFO] - Epoch 355: v_recons 1.828e-01  recons 9.083e-02  v_loss 3.783e-01  loss 1.036e-01  v_latent 1.220e+00  latent 6.780e-01  v_kl 7.857e+01  kl 3.423e+01  v_contrastive 1.947e+00  contrastive 1.247e-01  v_t2m/len 1530  v_t2m/R01 16.6%  v_t2m/R02 22.15%  v_t2m/R03 31.95%  v_t2m/R05 41.36%  v_t2m/R10 54.84%  v_t2m/MedR 9.0%  v_m2t/len 1530  v_m2t/R01 19.4%  v_m2t/R02 22.54%  v_m2t/R03 33.0%  v_m2t/R05 42.09%  v_m2t/R10 52.22%  v_m2t/MedR 9.0%
[20/04/26 21:24:07][src.callback.progress][INFO] - Epoch 356 step 68400/192: loss 1.018e-01
[20/04/26 21:24:17][src.callback.progress][INFO] - Epoch 356 step 68450/192: loss 1.098e-01
[20/04/26 21:24:27][src.callback.progress][INFO] - Epoch 356 step 68500/192: loss 1.056e-01
[20/04/26 21:24:37][src.callback.progress][INFO] - Epoch 356: v_recons 1.849e-01  recons 9.060e-02  v_loss 3.817e-01  loss 1.030e-01  v_latent 1.221e+00  latent 6.748e-01  v_kl 7.826e+01  kl 3.414e+01  v_contrastive 1.960e+00  contrastive 1.202e-01  v_t2m/len 1530  v_t2m/R01 17.84%  v_t2m/R02 21.7%  v_t2m/R03 30.06%  v_t2m/R05 39.66%  v_t2m/R10 53.33%  v_t2m/MedR 9.0%  v_m2t/len 1530  v_m2t/R01 20.12%  v_m2t/R02 22.87%  v_m2t/R03 32.22%  v_m2t/R05 39.34%  v_m2t/R10 50.45%  v_m2t/MedR 10.0%
[20/04/26 21:24:43][src.callback.progress][INFO] - Epoch 357 step 68550/192: loss 1.079e-01
[20/04/26 21:24:53][src.callback.progress][INFO] - Epoch 357 step 68600/192: loss 1.128e-01
[20/04/26 21:25:03][src.callback.progress][INFO] - Epoch 357 step 68650/192: loss 1.083e-01
[20/04/26 21:25:13][src.callback.progress][INFO] - Epoch 357 step 68700/192: loss 9.161e-02
[20/04/26 21:25:22][src.callback.progress][INFO] - Epoch 357: v_recons 1.847e-01  recons 9.074e-02  v_loss 3.792e-01  loss 1.034e-01  v_latent 1.220e+00  latent 6.778e-01  v_kl 7.876e+01  kl 3.435e+01  v_contrastive 1.937e+00  contrastive 1.227e-01  v_t2m/len 1530  v_t2m/R01 17.9%  v_t2m/R02 22.54%  v_t2m/R03 32.68%  v_t2m/R05 40.59%  v_t2m/R10 52.68%  v_t2m/MedR 9.0%  v_m2t/len 1530  v_m2t/R01 19.21%  v_m2t/R02 22.47%  v_m2t/R03 32.75%  v_m2t/R05 40.97%  v_m2t/R10 51.04%  v_m2t/MedR 10.0%
[20/04/26 21:25:30][src.callback.progress][INFO] - Epoch 358 step 68750/192: loss 1.026e-01
[20/04/26 21:25:39][src.callback.progress][INFO] - Epoch 358 step 68800/192: loss 9.731e-02
[20/04/26 21:25:49][src.callback.progress][INFO] - Epoch 358 step 68850/192: loss 1.014e-01
[20/04/26 21:25:59][src.callback.progress][INFO] - Epoch 358 step 68900/192: loss 9.958e-02
[20/04/26 21:26:06][src.callback.progress][INFO] - Epoch 358: v_recons 1.846e-01  recons 9.032e-02  v_loss 3.788e-01  loss 1.027e-01  v_latent 1.218e+00  latent 6.781e-01  v_kl 7.750e+01  kl 3.428e+01  v_contrastive 1.935e+00  contrastive 1.207e-01  v_t2m/len 1530  v_t2m/R01 19.14%  v_t2m/R02 23.01%  v_t2m/R03 32.22%  v_t2m/R05 40.72%  v_t2m/R10 53.0%  v_t2m/MedR 9.0%  v_m2t/len 1530  v_m2t/R01 21.62%  v_m2t/R02 23.98%  v_m2t/R03 32.81%  v_m2t/R05 39.86%  v_m2t/R10 51.7%  v_m2t/MedR 9.0%
[20/04/26 21:26:15][src.callback.progress][INFO] - Epoch 359 step 68950/192: loss 1.099e-01
[20/04/26 21:26:25][src.callback.progress][INFO] - Epoch 359 step 69000/192: loss 1.000e-01
[20/04/26 21:26:35][src.callback.progress][INFO] - Epoch 359 step 69050/192: loss 1.015e-01
[20/04/26 21:26:45][src.callback.progress][INFO] - Epoch 359 step 69100/192: loss 9.812e-02
[20/04/26 21:26:51][src.callback.progress][INFO] - Epoch 359: v_recons 1.856e-01  recons 8.999e-02  v_loss 3.806e-01  loss 1.024e-01  v_latent 1.222e+00  latent 6.755e-01  v_kl 7.905e+01  kl 3.424e+01  v_contrastive 1.942e+00  contrastive 1.206e-01  v_t2m/len 1530  v_t2m/R01 17.9%  v_t2m/R02 23.01%  v_t2m/R03 33.45%  v_t2m/R05 41.56%  v_t2m/R10 53.52%  v_t2m/MedR 9.0%  v_m2t/len 1530  v_m2t/R01 18.5%  v_m2t/R02 21.95%  v_m2t/R03 31.76%  v_m2t/R05 40.06%  v_m2t/R10 51.95%  v_m2t/MedR 9.0%
[20/04/26 21:27:02][src.callback.progress][INFO] - Epoch 360 step 69150/192: loss 1.101e-01
[20/04/26 21:27:12][src.callback.progress][INFO] - Epoch 360 step 69200/192: loss 9.994e-02
[20/04/26 21:27:22][src.callback.progress][INFO] - Epoch 360 step 69250/192: loss 1.043e-01
[20/04/26 21:27:32][src.callback.progress][INFO] - Epoch 360 step 69300/192: loss 9.952e-02
[20/04/26 21:27:36][src.callback.progress][INFO] - Epoch 360: v_recons 1.847e-01  recons 9.020e-02  v_loss 3.785e-01  loss 1.028e-01  v_latent 1.220e+00  latent 6.791e-01  v_kl 7.867e+01  kl 3.446e+01  v_contrastive 1.930e+00  contrastive 1.220e-01  v_t2m/len 1530  v_t2m/R01 18.76%  v_t2m/R02 22.54%  v_t2m/R03 31.95%  v_t2m/R05 41.43%  v_t2m/R10 53.27%  v_t2m/MedR 9.0%  v_m2t/len 1530  v_m2t/R01 21.04%  v_m2t/R02 23.27%  v_m2t/R03 32.02%  v_m2t/R05 40.25%  v_m2t/R10 51.56%  v_m2t/MedR 9.5%
[20/04/26 21:27:49][src.callback.progress][INFO] - Epoch 361 step 69350/192: loss 1.065e-01
[20/04/26 21:27:59][src.callback.progress][INFO] - Epoch 361 step 69400/192: loss 1.098e-01
[20/04/26 21:28:09][src.callback.progress][INFO] - Epoch 361 step 69450/192: loss 1.020e-01
[20/04/26 21:28:19][src.callback.progress][INFO] - Epoch 361 step 69500/192: loss 1.218e-01
[20/04/26 21:28:22][src.callback.progress][INFO] - Epoch 361: v_recons 1.869e-01  recons 9.027e-02  v_loss 3.813e-01  loss 1.027e-01  v_latent 1.224e+00  latent 6.766e-01  v_kl 7.889e+01  kl 3.431e+01  v_contrastive 1.936e+00  contrastive 1.209e-01  v_t2m/len 1530  v_t2m/R01 18.69%  v_t2m/R02 22.15%  v_t2m/R03 30.85%  v_t2m/R05 40.13%  v_t2m/R10 52.88%  v_t2m/MedR 9.0%  v_m2t/len 1530  v_m2t/R01 19.4%  v_m2t/R02 22.03%  v_m2t/R03 33.27%  v_m2t/R05 40.84%  v_m2t/R10 51.7%  v_m2t/MedR 9.0%
[20/04/26 21:28:37][src.callback.progress][INFO] - Epoch 362 step 69550/192: loss 9.467e-02
[20/04/26 21:28:47][src.callback.progress][INFO] - Epoch 362 step 69600/192: loss 1.045e-01
[20/04/26 21:28:56][src.callback.progress][INFO] - Epoch 362 step 69650/192: loss 1.132e-01
[20/04/26 21:29:07][src.callback.progress][INFO] - Epoch 362: v_recons 1.870e-01  recons 9.040e-02  v_loss 3.821e-01  loss 1.029e-01  v_latent 1.230e+00  latent 6.828e-01  v_kl 7.922e+01  kl 3.488e+01  v_contrastive 1.943e+00  contrastive 1.213e-01  v_t2m/len 1530  v_t2m/R01 18.43%  v_t2m/R02 23.27%  v_t2m/R03 32.47%  v_t2m/R05 40.52%  v_t2m/R10 53.33%  v_t2m/MedR 9.0%  v_m2t/len 1530  v_m2t/R01 20.26%  v_m2t/R02 23.01%  v_m2t/R03 32.09%  v_m2t/R05 41.18%  v_m2t/R10 52.61%  v_m2t/MedR 9.0%
[20/04/26 21:29:13][src.callback.progress][INFO] - Epoch 363 step 69700/192: loss 1.070e-01
[20/04/26 21:29:23][src.callback.progress][INFO] - Epoch 363 step 69750/192: loss 1.030e-01
[20/04/26 21:29:33][src.callback.progress][INFO] - Epoch 363 step 69800/192: loss 1.096e-01
[20/04/26 21:29:43][src.callback.progress][INFO] - Epoch 363 step 69850/192: loss 1.110e-01
[20/04/26 21:29:52][src.callback.progress][INFO] - Epoch 363: v_recons 1.852e-01  recons 8.997e-02  v_loss 3.798e-01  loss 1.024e-01  v_latent 1.220e+00  latent 6.797e-01  v_kl 8.034e+01  kl 3.461e+01  v_contrastive 1.938e+00  contrastive 1.208e-01  v_t2m/len 1530  v_t2m/R01 18.04%  v_t2m/R02 22.29%  v_t2m/R03 32.34%  v_t2m/R05 41.43%  v_t2m/R10 53.06%  v_t2m/MedR 9.0%  v_m2t/len 1530  v_m2t/R01 20.52%  v_m2t/R02 22.8%  v_m2t/R03 32.41%  v_m2t/R05 40.45%  v_m2t/R10 52.47%  v_m2t/MedR 9.0%
[20/04/26 21:29:59][src.callback.progress][INFO] - Epoch 364 step 69900/192: loss 1.035e-01
[20/04/26 21:30:09][src.callback.progress][INFO] - Epoch 364 step 69950/192: loss 9.961e-02
[20/04/26 21:30:19][src.callback.progress][INFO] - Epoch 364 step 70000/192: loss 1.089e-01
[20/04/26 21:30:29][src.callback.progress][INFO] - Epoch 364 step 70050/192: loss 9.377e-02
[20/04/26 21:30:36][src.callback.progress][INFO] - Epoch 364: v_recons 1.847e-01  recons 8.960e-02  v_loss 3.784e-01  loss 1.020e-01  v_latent 1.223e+00  latent 6.765e-01  v_kl 8.060e+01  kl 3.446e+01  v_contrastive 1.929e+00  contrastive 1.200e-01  v_t2m/len 1530  v_t2m/R01 18.76%  v_t2m/R02 23.98%  v_t2m/R03 33.59%  v_t2m/R05 41.11%  v_t2m/R10 53.4%  v_t2m/MedR 9.0%  v_m2t/len 1530  v_m2t/R01 20.85%  v_m2t/R02 23.27%  v_m2t/R03 33.72%  v_m2t/R05 41.83%  v_m2t/R10 53.45%  v_m2t/MedR 9.0%
[20/04/26 21:30:46][src.callback.progress][INFO] - Epoch 365 step 70100/192: loss 1.096e-01
[20/04/26 21:30:56][src.callback.progress][INFO] - Epoch 365 step 70150/192: loss 1.101e-01
[20/04/26 21:31:06][src.callback.progress][INFO] - Epoch 365 step 70200/192: loss 1.022e-01
[20/04/26 21:31:16][src.callback.progress][INFO] - Epoch 365 step 70250/192: loss 9.629e-02
[20/04/26 21:31:22][src.callback.progress][INFO] - Epoch 365: v_recons 1.850e-01  recons 9.013e-02  v_loss 3.792e-01  loss 1.023e-01  v_latent 1.225e+00  latent 6.775e-01  v_kl 7.839e+01  kl 3.454e+01  v_contrastive 1.933e+00  contrastive 1.185e-01  v_t2m/len 1530  v_t2m/R01 17.9%  v_t2m/R02 22.47%  v_t2m/R03 31.89%  v_t2m/R05 41.24%  v_t2m/R10 52.68%  v_t2m/MedR 9.0%  v_m2t/len 1530  v_m2t/R01 21.3%  v_m2t/R02 23.32%  v_m2t/R03 33.06%  v_m2t/R05 40.72%  v_m2t/R10 52.34%  v_m2t/MedR 9.0%
[20/04/26 21:31:32][src.callback.progress][INFO] - Epoch 366 step 70300/192: loss 9.463e-02
[20/04/26 21:31:42][src.callback.progress][INFO] - Epoch 366 step 70350/192: loss 9.586e-02
[20/04/26 21:31:52][src.callback.progress][INFO] - Epoch 366 step 70400/192: loss 1.005e-01
[20/04/26 21:32:02][src.callback.progress][INFO] - Epoch 366 step 70450/192: loss 1.004e-01
[20/04/26 21:32:06][src.callback.progress][INFO] - Epoch 366: v_recons 1.856e-01  recons 9.056e-02  v_loss 3.792e-01  loss 1.030e-01  v_latent 1.224e+00  latent 6.803e-01  v_kl 7.907e+01  kl 3.468e+01  v_contrastive 1.929e+00  contrastive 1.206e-01  v_t2m/len 1530  v_t2m/R01 17.64%  v_t2m/R02 21.37%  v_t2m/R03 33.59%  v_t2m/R05 41.63%  v_t2m/R10 53.91%  v_t2m/MedR 9.0%  v_m2t/len 1530  v_m2t/R01 19.79%  v_m2t/R02 22.87%  v_m2t/R03 33.06%  v_m2t/R05 41.43%  v_m2t/R10 51.36%  v_m2t/MedR 9.0%
[20/04/26 21:32:18][src.callback.progress][INFO] - Epoch 367 step 70500/192: loss 1.034e-01
[20/04/26 21:32:28][src.callback.progress][INFO] - Epoch 367 step 70550/192: loss 9.616e-02
[20/04/26 21:32:38][src.callback.progress][INFO] - Epoch 367 step 70600/192: loss 1.123e-01
[20/04/26 21:32:48][src.callback.progress][INFO] - Epoch 367 step 70650/192: loss 9.366e-02
[20/04/26 21:32:51][src.callback.progress][INFO] - Epoch 367: v_recons 1.849e-01  recons 8.977e-02  v_loss 3.799e-01  loss 1.018e-01  v_latent 1.229e+00  latent 6.771e-01  v_kl 8.009e+01  kl 3.468e+01  v_contrastive 1.942e+00  contrastive 1.172e-01  v_t2m/len 1530  v_t2m/R01 18.29%  v_t2m/R02 22.94%  v_t2m/R03 32.61%  v_t2m/R05 41.31%  v_t2m/R10 53.4%  v_t2m/MedR 9.0%  v_m2t/len 1530  v_m2t/R01 20.64%  v_m2t/R02 22.8%  v_m2t/R03 31.56%  v_m2t/R05 40.0%  v_m2t/R10 51.36%  v_m2t/MedR 9.0%
[20/04/26 21:33:05][src.callback.progress][INFO] - Epoch 368 step 70700/192: loss 1.024e-01
[20/04/26 21:33:15][src.callback.progress][INFO] - Epoch 368 step 70750/192: loss 1.040e-01
[20/04/26 21:33:25][src.callback.progress][INFO] - Epoch 368 step 70800/192: loss 9.359e-02
[20/04/26 21:33:36][src.callback.progress][INFO] - Epoch 368: v_recons 1.855e-01  recons 8.982e-02  v_loss 3.803e-01  loss 1.020e-01  v_latent 1.226e+00  latent 6.783e-01  v_kl 8.027e+01  kl 3.475e+01  v_contrastive 1.940e+00  contrastive 1.186e-01  v_t2m/len 1530  v_t2m/R01 18.43%  v_t2m/R02 22.47%  v_t2m/R03 31.62%  v_t2m/R05 41.36%  v_t2m/R10 53.79%  v_t2m/MedR 9.0%  v_m2t/len 1530  v_m2t/R01 19.67%  v_m2t/R02 23.13%  v_m2t/R03 33.2%  v_m2t/R05 40.72%  v_m2t/R10 51.95%  v_m2t/MedR 9.0%
[20/04/26 21:33:41][src.callback.progress][INFO] - Epoch 369 step 70850/192: loss 9.458e-02
[20/04/26 21:33:51][src.callback.progress][INFO] - Epoch 369 step 70900/192: loss 1.056e-01
[20/04/26 21:34:01][src.callback.progress][INFO] - Epoch 369 step 70950/192: loss 1.066e-01
[20/04/26 21:34:11][src.callback.progress][INFO] - Epoch 369 step 71000/192: loss 9.216e-02
[20/04/26 21:34:21][src.callback.progress][INFO] - Epoch 369: v_recons 1.848e-01  recons 8.989e-02  v_loss 3.799e-01  loss 1.021e-01  v_latent 1.232e+00  latent 6.802e-01  v_kl 7.947e+01  kl 3.482e+01  v_contrastive 1.943e+00  contrastive 1.184e-01  v_t2m/len 1530  v_t2m/R01 19.14%  v_t2m/R02 22.87%  v_t2m/R03 32.34%  v_t2m/R05 40.91%  v_t2m/R10 53.45%  v_t2m/MedR 9.0%  v_m2t/len 1530  v_m2t/R01 22.09%  v_m2t/R02 24.25%  v_m2t/R03 33.27%  v_m2t/R05 41.18%  v_m2t/R10 51.43%  v_m2t/MedR 10.0%
[20/04/26 21:34:27][src.callback.progress][INFO] - Epoch 370 step 71050/192: loss 1.026e-01
[20/04/26 21:34:37][src.callback.progress][INFO] - Epoch 370 step 71100/192: loss 1.032e-01
[20/04/26 21:34:47][src.callback.progress][INFO] - Epoch 370 step 71150/192: loss 9.793e-02
[20/04/26 21:34:58][src.callback.progress][INFO] - Epoch 370 step 71200/192: loss 9.352e-02
[20/04/26 21:35:06][src.callback.progress][INFO] - Epoch 370: v_recons 1.837e-01  recons 8.931e-02  v_loss 3.750e-01  loss 1.012e-01  v_latent 1.228e+00  latent 6.769e-01  v_kl 8.033e+01  kl 3.465e+01  v_contrastive 1.905e+00  contrastive 1.158e-01  v_t2m/len 1530  v_t2m/R01 20.2%  v_t2m/R02 24.51%  v_t2m/R03 32.47%  v_t2m/R05 41.56%  v_t2m/R10 53.59%  v_t2m/MedR 9.0%  v_m2t/len 1530  v_m2t/R01 19.73%  v_m2t/R02 23.27%  v_m2t/R03 33.91%  v_m2t/R05 41.56%  v_m2t/R10 52.41%  v_m2t/MedR 9.0%
[20/04/26 21:35:15][src.callback.progress][INFO] - Epoch 371 step 71250/192: loss 1.155e-01
[20/04/26 21:35:25][src.callback.progress][INFO] - Epoch 371 step 71300/192: loss 1.083e-01
[20/04/26 21:35:35][src.callback.progress][INFO] - Epoch 371 step 71350/192: loss 1.033e-01
[20/04/26 21:35:45][src.callback.progress][INFO] - Epoch 371 step 71400/192: loss 1.187e-01
[20/04/26 21:35:51][src.callback.progress][INFO] - Epoch 371: v_recons 1.878e-01  recons 8.970e-02  v_loss 3.818e-01  loss 1.020e-01  v_latent 1.234e+00  latent 6.795e-01  v_kl 8.009e+01  kl 3.486e+01  v_contrastive 1.932e+00  contrastive 1.194e-01  v_t2m/len 1530  v_t2m/R01 18.55%  v_t2m/R02 22.61%  v_t2m/R03 32.41%  v_t2m/R05 41.56%  v_t2m/R10 53.2%  v_t2m/MedR 9.0%  v_m2t/len 1530  v_m2t/R01 20.78%  v_m2t/R02 24.04%  v_m2t/R03 34.11%  v_m2t/R05 41.5%  v_m2t/R10 52.22%  v_m2t/MedR 9.0%
[20/04/26 21:36:01][src.callback.progress][INFO] - Epoch 372 step 71450/192: loss 1.052e-01
[20/04/26 21:36:11][src.callback.progress][INFO] - Epoch 372 step 71500/192: loss 1.171e-01
[20/04/26 21:36:21][src.callback.progress][INFO] - Epoch 372 step 71550/192: loss 9.748e-02
[20/04/26 21:36:31][src.callback.progress][INFO] - Epoch 372 step 71600/192: loss 8.969e-02
[20/04/26 21:36:36][src.callback.progress][INFO] - Epoch 372: v_recons 1.848e-01  recons 8.916e-02  v_loss 3.781e-01  loss 1.011e-01  v_latent 1.230e+00  latent 6.740e-01  v_kl 8.048e+01  kl 3.457e+01  v_contrastive 1.924e+00  contrastive 1.163e-01  v_t2m/len 1530  v_t2m/R01 18.62%  v_t2m/R02 21.89%  v_t2m/R03 32.34%  v_t2m/R05 39.79%  v_t2m/R10 54.04%  v_t2m/MedR 9.0%  v_m2t/len 1530  v_m2t/R01 20.38%  v_m2t/R02 23.72%  v_m2t/R03 33.33%  v_m2t/R05 41.18%  v_m2t/R10 53.79%  v_m2t/MedR 9.0%
[20/04/26 21:36:47][src.callback.progress][INFO] - Epoch 373 step 71650/192: loss 9.783e-02
[20/04/26 21:36:57][src.callback.progress][INFO] - Epoch 373 step 71700/192: loss 1.063e-01
[20/04/26 21:37:07][src.callback.progress][INFO] - Epoch 373 step 71750/192: loss 9.521e-02
[20/04/26 21:37:17][src.callback.progress][INFO] - Epoch 373 step 71800/192: loss 8.521e-02
[20/04/26 21:37:20][src.callback.progress][INFO] - Epoch 373: v_recons 1.842e-01  recons 8.880e-02  v_loss 3.789e-01  loss 1.008e-01  v_latent 1.237e+00  latent 6.745e-01  v_kl 8.064e+01  kl 3.453e+01  v_contrastive 1.939e+00  contrastive 1.169e-01  v_t2m/len 1530  v_t2m/R01 18.69%  v_t2m/R02 22.94%  v_t2m/R03 31.5%  v_t2m/R05 40.33%  v_t2m/R10 53.27%  v_t2m/MedR 9.0%  v_m2t/len 1530  v_m2t/R01 20.97%  v_m2t/R02 23.39%  v_m2t/R03 32.41%  v_m2t/R05 40.45%  v_m2t/R10 51.04%  v_m2t/MedR 9.0%
[20/04/26 21:37:34][src.callback.progress][INFO] - Epoch 374 step 71850/192: loss 1.080e-01
[20/04/26 21:37:43][src.callback.progress][INFO] - Epoch 374 step 71900/192: loss 1.003e-01
[20/04/26 21:37:53][src.callback.progress][INFO] - Epoch 374 step 71950/192: loss 9.855e-02
[20/04/26 21:38:03][src.callback.progress][INFO] - Epoch 374 step 72000/192: loss 1.019e-01
[20/04/26 21:38:05][src.callback.progress][INFO] - Epoch 374: v_recons 1.850e-01  recons 8.943e-02  v_loss 3.799e-01  loss 1.017e-01  v_latent 1.234e+00  latent 6.809e-01  v_kl 8.023e+01  kl 3.564e+01  v_contrastive 1.941e+00  contrastive 1.187e-01  v_t2m/len 1530  v_t2m/R01 18.43%  v_t2m/R02 23.13%  v_t2m/R03 32.47%  v_t2m/R05 41.95%  v_t2m/R10 55.49%  v_t2m/MedR 8.0%  v_m2t/len 1530  v_m2t/R01 20.71%  v_m2t/R02 23.72%  v_m2t/R03 33.52%  v_m2t/R05 41.7%  v_m2t/R10 51.83%  v_m2t/MedR 9.0%
[20/04/26 21:38:21][src.callback.progress][INFO] - Epoch 375 step 72050/192: loss 1.076e-01
[20/04/26 21:38:31][src.callback.progress][INFO] - Epoch 375 step 72100/192: loss 9.910e-02
[20/04/26 21:38:41][src.callback.progress][INFO] - Epoch 375 step 72150/192: loss 1.097e-01
[20/04/26 21:38:51][src.callback.progress][INFO] - Epoch 375: v_recons 1.851e-01  recons 8.901e-02  v_loss 3.798e-01  loss 1.012e-01  v_latent 1.236e+00  latent 6.780e-01  v_kl 8.103e+01  kl 3.486e+01  v_contrastive 1.938e+00  contrastive 1.181e-01  v_t2m/len 1530  v_t2m/R01 17.9%  v_t2m/R02 22.61%  v_t2m/R03 31.23%  v_t2m/R05 40.06%  v_t2m/R10 54.11%  v_t2m/MedR 9.0%  v_m2t/len 1530  v_m2t/R01 21.23%  v_m2t/R02 24.04%  v_m2t/R03 33.79%  v_m2t/R05 41.56%  v_m2t/R10 51.95%  v_m2t/MedR 9.0%
[20/04/26 21:38:57][src.callback.progress][INFO] - Epoch 376 step 72200/192: loss 1.010e-01
[20/04/26 21:39:07][src.callback.progress][INFO] - Epoch 376 step 72250/192: loss 1.111e-01
[20/04/26 21:39:17][src.callback.progress][INFO] - Epoch 376 step 72300/192: loss 9.975e-02
[20/04/26 21:39:27][src.callback.progress][INFO] - Epoch 376 step 72350/192: loss 1.017e-01
[20/04/26 21:39:35][src.callback.progress][INFO] - Epoch 376: v_recons 1.867e-01  recons 9.227e-02  v_loss 3.830e-01  loss 1.085e-01  v_latent 1.252e+00  latent 7.294e-01  v_kl 1.093e+02  kl 1.181e+02  v_contrastive 1.952e+00  contrastive 1.501e-01  v_t2m/len 1530  v_t2m/R01 18.5%  v_t2m/R02 23.27%  v_t2m/R03 32.02%  v_t2m/R05 40.2%  v_t2m/R10 51.36%  v_t2m/MedR 9.0%  v_m2t/len 1530  v_m2t/R01 19.79%  v_m2t/R02 23.27%  v_m2t/R03 33.0%  v_m2t/R05 40.84%  v_m2t/R10 51.75%  v_m2t/MedR 9.0%
[20/04/26 21:39:43][src.callback.progress][INFO] - Epoch 377 step 72400/192: loss 1.156e-01
[20/04/26 21:39:53][src.callback.progress][INFO] - Epoch 377 step 72450/192: loss 1.052e-01
[20/04/26 21:40:03][src.callback.progress][INFO] - Epoch 377 step 72500/192: loss 1.057e-01
[20/04/26 21:40:13][src.callback.progress][INFO] - Epoch 377 step 72550/192: loss 1.098e-01
[20/04/26 21:40:20][src.callback.progress][INFO] - Epoch 377: v_recons 1.858e-01  recons 9.286e-02  v_loss 3.846e-01  loss 1.100e-01  v_latent 1.247e+00  latent 7.520e-01  v_kl 8.442e+01  kl 9.753e+01  v_contrastive 1.979e+00  contrastive 1.616e-01  v_t2m/len 1530  v_t2m/R01 18.5%  v_t2m/R02 22.68%  v_t2m/R03 30.45%  v_t2m/R05 38.5%  v_t2m/R10 52.81%  v_t2m/MedR 9.0%  v_m2t/len 1530  v_m2t/R01 21.56%  v_m2t/R02 23.92%  v_m2t/R03 31.89%  v_m2t/R05 40.33%  v_m2t/R10 51.56%  v_m2t/MedR 9.0%
[20/04/26 21:40:30][src.callback.progress][INFO] - Epoch 378 step 72600/192: loss 1.144e-01
[20/04/26 21:40:40][src.callback.progress][INFO] - Epoch 378 step 72650/192: loss 8.931e-02
[20/04/26 21:40:50][src.callback.progress][INFO] - Epoch 378 step 72700/192: loss 1.106e-01
[20/04/26 21:41:00][src.callback.progress][INFO] - Epoch 378 step 72750/192: loss 9.675e-02
[20/04/26 21:41:05][src.callback.progress][INFO] - Epoch 378: v_recons 1.850e-01  recons 9.027e-02  v_loss 3.773e-01  loss 1.038e-01  v_latent 1.235e+00  latent 7.055e-01  v_kl 8.143e+01  kl 3.726e+01  v_contrastive 1.915e+00  contrastive 1.319e-01  v_t2m/len 1530  v_t2m/R01 19.35%  v_t2m/R02 23.65%  v_t2m/R03 32.15%  v_t2m/R05 41.9%  v_t2m/R10 53.86%  v_t2m/MedR 9.0%  v_m2t/len 1530  v_m2t/R01 20.71%  v_m2t/R02 23.45%  v_m2t/R03 32.68%  v_m2t/R05 40.72%  v_m2t/R10 52.61%  v_m2t/MedR 9.0%
[20/04/26 21:41:16][src.callback.progress][INFO] - Epoch 379 step 72800/192: loss 1.017e-01
[20/04/26 21:41:26][src.callback.progress][INFO] - Epoch 379 step 72850/192: loss 8.472e-02
[20/04/26 21:41:36][src.callback.progress][INFO] - Epoch 379 step 72900/192: loss 1.046e-01
[20/04/26 21:41:46][src.callback.progress][INFO] - Epoch 379 step 72950/192: loss 1.003e-01
[20/04/26 21:41:49][src.callback.progress][INFO] - Epoch 379: v_recons 1.834e-01  recons 8.921e-02  v_loss 3.781e-01  loss 1.020e-01  v_latent 1.238e+00  latent 6.915e-01  v_kl 8.176e+01  kl 3.701e+01  v_contrastive 1.938e+00  contrastive 1.243e-01  v_t2m/len 1530  v_t2m/R01 18.17%  v_t2m/R02 23.27%  v_t2m/R03 32.22%  v_t2m/R05 40.84%  v_t2m/R10 53.91%  v_t2m/MedR 9.0%  v_m2t/len 1530  v_m2t/R01 20.78%  v_m2t/R02 24.12%  v_m2t/R03 32.34%  v_m2t/R05 40.91%  v_m2t/R10 52.02%  v_m2t/MedR 9.0%
[20/04/26 21:42:02][src.callback.progress][INFO] - Epoch 380 step 73000/192: loss 9.000e-02
[20/04/26 21:42:12][src.callback.progress][INFO] - Epoch 380 step 73050/192: loss 1.077e-01
[20/04/26 21:42:22][src.callback.progress][INFO] - Epoch 380 step 73100/192: loss 9.869e-02
[20/04/26 21:42:32][src.callback.progress][INFO] - Epoch 380 step 73150/192: loss 1.061e-01
[20/04/26 21:42:34][src.callback.progress][INFO] - Epoch 380: v_recons 1.862e-01  recons 8.838e-02  v_loss 3.812e-01  loss 1.005e-01  v_latent 1.237e+00  latent 6.821e-01  v_kl 8.127e+01  kl 3.564e+01  v_contrastive 1.941e+00  contrastive 1.179e-01  v_t2m/len 1530  v_t2m/R01 19.02%  v_t2m/R02 23.53%  v_t2m/R03 32.68%  v_t2m/R05 41.75%  v_t2m/R10 54.04%  v_t2m/MedR 9.0%  v_m2t/len 1530  v_m2t/R01 20.97%  v_m2t/R02 23.39%  v_m2t/R03 33.65%  v_m2t/R05 41.5%  v_m2t/R10 52.09%  v_m2t/MedR 9.0%
[20/04/26 21:42:48][src.callback.progress][INFO] - Epoch 381 step 73200/192: loss 9.999e-02
[20/04/26 21:42:58][src.callback.progress][INFO] - Epoch 381 step 73250/192: loss 9.339e-02
[20/04/26 21:43:08][src.callback.progress][INFO] - Epoch 381 step 73300/192: loss 1.069e-01
[20/04/26 21:43:19][src.callback.progress][INFO] - Epoch 381: v_recons 1.859e-01  recons 8.873e-02  v_loss 3.806e-01  loss 1.010e-01  v_latent 1.237e+00  latent 6.829e-01  v_kl 8.125e+01  kl 3.511e+01  v_contrastive 1.938e+00  contrastive 1.188e-01  v_t2m/len 1530  v_t2m/R01 19.14%  v_t2m/R02 23.45%  v_t2m/R03 32.47%  v_t2m/R05 43.06%  v_t2m/R10 53.59%  v_t2m/MedR 9.0%  v_m2t/len 1530  v_m2t/R01 21.23%  v_m2t/R02 23.72%  v_m2t/R03 34.04%  v_m2t/R05 41.5%  v_m2t/R10 52.61%  v_m2t/MedR 9.0%
[20/04/26 21:43:25][src.callback.progress][INFO] - Epoch 382 step 73350/192: loss 9.463e-02
[20/04/26 21:43:35][src.callback.progress][INFO] - Epoch 382 step 73400/192: loss 9.994e-02
[20/04/26 21:43:45][src.callback.progress][INFO] - Epoch 382 step 73450/192: loss 9.041e-02
[20/04/26 21:43:54][src.callback.progress][INFO] - Epoch 382 step 73500/192: loss 1.121e-01
[20/04/26 21:44:03][src.callback.progress][INFO] - Epoch 382: v_recons 1.862e-01  recons 8.861e-02  v_loss 3.808e-01  loss 1.007e-01  v_latent 1.236e+00  latent 6.805e-01  v_kl 8.192e+01  kl 3.552e+01  v_contrastive 1.938e+00  contrastive 1.174e-01  v_t2m/len 1530  v_t2m/R01 17.96%  v_t2m/R02 22.21%  v_t2m/R03 31.76%  v_t2m/R05 41.11%  v_t2m/R10 53.13%  v_t2m/MedR 9.0%  v_m2t/len 1530  v_m2t/R01 20.38%  v_m2t/R02 23.45%  v_m2t/R03 33.86%  v_m2t/R05 43.2%  v_m2t/R10 52.02%  v_m2t/MedR 9.0%
[20/04/26 21:44:12][src.callback.progress][INFO] - Epoch 383 step 73550/192: loss 8.680e-02
[20/04/26 21:44:22][src.callback.progress][INFO] - Epoch 383 step 73600/192: loss 1.075e-01
[20/04/26 21:44:31][src.callback.progress][INFO] - Epoch 383 step 73650/192: loss 9.458e-02
[20/04/26 21:44:41][src.callback.progress][INFO] - Epoch 383 step 73700/192: loss 1.027e-01
[20/04/26 21:44:49][src.callback.progress][INFO] - Epoch 383: v_recons 1.871e-01  recons 8.851e-02  v_loss 3.814e-01  loss 1.004e-01  v_latent 1.240e+00  latent 6.762e-01  v_kl 8.216e+01  kl 3.478e+01  v_contrastive 1.934e+00  contrastive 1.150e-01  v_t2m/len 1530  v_t2m/R01 18.04%  v_t2m/R02 21.7%  v_t2m/R03 31.89%  v_t2m/R05 41.18%  v_t2m/R10 53.86%  v_t2m/MedR 9.0%  v_m2t/len 1530  v_m2t/R01 19.61%  v_m2t/R02 23.79%  v_m2t/R03 33.45%  v_m2t/R05 42.29%  v_m2t/R10 51.95%  v_m2t/MedR 9.0%
[20/04/26 21:44:58][src.callback.progress][INFO] - Epoch 384 step 73750/192: loss 1.109e-01
[20/04/26 21:45:08][src.callback.progress][INFO] - Epoch 384 step 73800/192: loss 1.003e-01
[20/04/26 21:45:18][src.callback.progress][INFO] - Epoch 384 step 73850/192: loss 9.166e-02
[20/04/26 21:45:28][src.callback.progress][INFO] - Epoch 384 step 73900/192: loss 1.005e-01
[20/04/26 21:45:34][src.callback.progress][INFO] - Epoch 384: v_recons 1.859e-01  recons 8.832e-02  v_loss 3.789e-01  loss 1.001e-01  v_latent 1.236e+00  latent 6.765e-01  v_kl 8.212e+01  kl 3.494e+01  v_contrastive 1.922e+00  contrastive 1.147e-01  v_t2m/len 1530  v_t2m/R01 17.96%  v_t2m/R02 22.29%  v_t2m/R03 32.41%  v_t2m/R05 42.02%  v_t2m/R10 53.2%  v_t2m/MedR 9.0%  v_m2t/len 1530  v_m2t/R01 21.04%  v_m2t/R02 23.79%  v_m2t/R03 33.65%  v_m2t/R05 41.31%  v_m2t/R10 51.9%  v_m2t/MedR 9.0%
[20/04/26 21:45:45][src.callback.progress][INFO] - Epoch 385 step 73950/192: loss 1.079e-01
[20/04/26 21:45:55][src.callback.progress][INFO] - Epoch 385 step 74000/192: loss 1.078e-01
[20/04/26 21:46:05][src.callback.progress][INFO] - Epoch 385 step 74050/192: loss 9.762e-02
[20/04/26 21:46:15][src.callback.progress][INFO] - Epoch 385 step 74100/192: loss 9.348e-02
[20/04/26 21:46:19][src.callback.progress][INFO] - Epoch 385: v_recons 1.870e-01  recons 8.930e-02  v_loss 3.832e-01  loss 1.014e-01  v_latent 1.245e+00  latent 6.825e-01  v_kl 8.538e+01  kl 3.557e+01  v_contrastive 1.954e+00  contrastive 1.173e-01  v_t2m/len 1530  v_t2m/R01 19.07%  v_t2m/R02 23.45%  v_t2m/R03 33.06%  v_t2m/R05 42.29%  v_t2m/R10 54.5%  v_t2m/MedR 9.0%  v_m2t/len 1530  v_m2t/R01 20.59%  v_m2t/R02 22.94%  v_m2t/R03 33.4%  v_m2t/R05 41.18%  v_m2t/R10 51.5%  v_m2t/MedR 9.0%
[20/04/26 21:46:31][src.callback.progress][INFO] - Epoch 386 step 74150/192: loss 9.697e-02
[20/04/26 21:46:41][src.callback.progress][INFO] - Epoch 386 step 74200/192: loss 9.310e-02
[20/04/26 21:46:51][src.callback.progress][INFO] - Epoch 386 step 74250/192: loss 1.095e-01
[20/04/26 21:47:01][src.callback.progress][INFO] - Epoch 386 step 74300/192: loss 1.017e-01
[20/04/26 21:47:04][src.callback.progress][INFO] - Epoch 386: v_recons 1.853e-01  recons 8.810e-02  v_loss 3.780e-01  loss 9.974e-02  v_latent 1.233e+00  latent 6.756e-01  v_kl 8.156e+01  kl 3.524e+01  v_contrastive 1.919e+00  contrastive 1.129e-01  v_t2m/len 1530  v_t2m/R01 18.5%  v_t2m/R02 23.92%  v_t2m/R03 33.72%  v_t2m/R05 42.75%  v_t2m/R10 54.97%  v_t2m/MedR 8.0%  v_m2t/len 1530  v_m2t/R01 21.3%  v_m2t/R02 24.25%  v_m2t/R03 32.75%  v_m2t/R05 41.75%  v_m2t/R10 52.22%  v_m2t/MedR 9.0%
[20/04/26 21:47:19][src.callback.progress][INFO] - Epoch 387 step 74350/192: loss 1.001e-01
[20/04/26 21:47:29][src.callback.progress][INFO] - Epoch 387 step 74400/192: loss 9.749e-02
[20/04/26 21:47:39][src.callback.progress][INFO] - Epoch 387 step 74450/192: loss 9.904e-02
[20/04/26 21:47:50][src.callback.progress][INFO] - Epoch 387: v_recons 1.841e-01  recons 8.791e-02  v_loss 3.769e-01  loss 9.928e-02  v_latent 1.238e+00  latent 6.721e-01  v_kl 8.116e+01  kl 3.526e+01  v_contrastive 1.920e+00  contrastive 1.101e-01  v_t2m/len 1530  v_t2m/R01 17.38%  v_t2m/R02 21.95%  v_t2m/R03 31.44%  v_t2m/R05 40.72%  v_t2m/R10 53.91%  v_t2m/MedR 9.0%  v_m2t/len 1530  v_m2t/R01 20.64%  v_m2t/R02 23.53%  v_m2t/R03 33.27%  v_m2t/R05 42.29%  v_m2t/R10 52.09%  v_m2t/MedR 9.0%
[20/04/26 21:47:55][src.callback.progress][INFO] - Epoch 388 step 74500/192: loss 9.496e-02
[20/04/26 21:48:05][src.callback.progress][INFO] - Epoch 388 step 74550/192: loss 9.439e-02
[20/04/26 21:48:15][src.callback.progress][INFO] - Epoch 388 step 74600/192: loss 8.719e-02
[20/04/26 21:48:25][src.callback.progress][INFO] - Epoch 388 step 74650/192: loss 9.904e-02
[20/04/26 21:48:34][src.callback.progress][INFO] - Epoch 388: v_recons 1.852e-01  recons 8.756e-02  v_loss 3.802e-01  loss 9.882e-02  v_latent 1.240e+00  latent 6.691e-01  v_kl 8.203e+01  kl 3.496e+01  v_contrastive 1.942e+00  contrastive 1.091e-01  v_t2m/len 1530  v_t2m/R01 19.79%  v_t2m/R02 23.45%  v_t2m/R03 32.02%  v_t2m/R05 41.24%  v_t2m/R10 54.18%  v_t2m/MedR 8.0%  v_m2t/len 1530  v_m2t/R01 21.3%  v_m2t/R02 24.25%  v_m2t/R03 34.31%  v_m2t/R05 42.47%  v_m2t/R10 51.75%  v_m2t/MedR 9.0%
[20/04/26 21:48:41][src.callback.progress][INFO] - Epoch 389 step 74700/192: loss 1.142e-01
[20/04/26 21:48:51][src.callback.progress][INFO] - Epoch 389 step 74750/192: loss 9.343e-02
[20/04/26 21:49:01][src.callback.progress][INFO] - Epoch 389 step 74800/192: loss 8.047e-02
[20/04/26 21:49:11][src.callback.progress][INFO] - Epoch 389 step 74850/192: loss 1.001e-01
[20/04/26 21:49:18][src.callback.progress][INFO] - Epoch 389: v_recons 1.868e-01  recons 8.753e-02  v_loss 3.811e-01  loss 9.905e-02  v_latent 1.243e+00  latent 6.741e-01  v_kl 8.144e+01  kl 3.496e+01  v_contrastive 1.935e+00  contrastive 1.117e-01  v_t2m/len 1530  v_t2m/R01 18.62%  v_t2m/R02 21.95%  v_t2m/R03 31.11%  v_t2m/R05 40.52%  v_t2m/R10 54.58%  v_t2m/MedR 9.0%  v_m2t/len 1530  v_m2t/R01 20.12%  v_m2t/R02 22.42%  v_m2t/R03 32.75%  v_m2t/R05 41.18%  v_m2t/R10 52.61%  v_m2t/MedR 9.0%
[20/04/26 21:49:27][src.callback.progress][INFO] - Epoch 390 step 74900/192: loss 9.765e-02
[20/04/26 21:49:37][src.callback.progress][INFO] - Epoch 390 step 74950/192: loss 1.004e-01
[20/04/26 21:49:47][src.callback.progress][INFO] - Epoch 390 step 75000/192: loss 9.494e-02
[20/04/26 21:49:57][src.callback.progress][INFO] - Epoch 390 step 75050/192: loss 1.114e-01
[20/04/26 21:50:03][src.callback.progress][INFO] - Epoch 390: v_recons 1.873e-01  recons 8.763e-02  v_loss 3.836e-01  loss 9.900e-02  v_latent 1.244e+00  latent 6.715e-01  v_kl 8.245e+01  kl 3.462e+01  v_contrastive 1.954e+00  contrastive 1.102e-01  v_t2m/len 1530  v_t2m/R01 18.43%  v_t2m/R02 22.21%  v_t2m/R03 31.5%  v_t2m/R05 40.06%  v_t2m/R10 53.33%  v_t2m/MedR 9.0%  v_m2t/len 1530  v_m2t/R01 21.11%  v_m2t/R02 24.04%  v_m2t/R03 33.0%  v_m2t/R05 41.63%  v_m2t/R10 51.56%  v_m2t/MedR 9.0%
[20/04/26 21:50:13][src.callback.progress][INFO] - Epoch 391 step 75100/192: loss 9.931e-02
[20/04/26 21:50:23][src.callback.progress][INFO] - Epoch 391 step 75150/192: loss 9.392e-02
[20/04/26 21:50:33][src.callback.progress][INFO] - Epoch 391 step 75200/192: loss 8.103e-02
[20/04/26 21:50:43][src.callback.progress][INFO] - Epoch 391 step 75250/192: loss 9.462e-02
[20/04/26 21:50:48][src.callback.progress][INFO] - Epoch 391: v_recons 1.840e-01  recons 8.742e-02  v_loss 3.774e-01  loss 9.865e-02  v_latent 1.239e+00  latent 6.700e-01  v_kl 8.167e+01  kl 3.459e+01  v_contrastive 1.926e+00  contrastive 1.087e-01  v_t2m/len 1530  v_t2m/R01 18.5%  v_t2m/R02 22.54%  v_t2m/R03 31.5%  v_t2m/R05 39.54%  v_t2m/R10 53.65%  v_t2m/MedR 9.0%  v_m2t/len 1530  v_m2t/R01 20.06%  v_m2t/R02 23.32%  v_m2t/R03 32.88%  v_m2t/R05 42.47%  v_m2t/R10 52.68%  v_m2t/MedR 9.0%
[20/04/26 21:51:00][src.callback.progress][INFO] - Epoch 392 step 75300/192: loss 1.024e-01
[20/04/26 21:51:10][src.callback.progress][INFO] - Epoch 392 step 75350/192: loss 9.090e-02
[20/04/26 21:51:20][src.callback.progress][INFO] - Epoch 392 step 75400/192: loss 1.047e-01
[20/04/26 21:51:30][src.callback.progress][INFO] - Epoch 392 step 75450/192: loss 1.136e-01
[20/04/26 21:51:33][src.callback.progress][INFO] - Epoch 392: v_recons 1.866e-01  recons 8.762e-02  v_loss 3.828e-01  loss 9.882e-02  v_latent 1.248e+00  latent 6.722e-01  v_kl 8.275e+01  kl 3.483e+01  v_contrastive 1.954e+00  contrastive 1.084e-01  v_t2m/len 1530  v_t2m/R01 18.55%  v_t2m/R02 24.3%  v_t2m/R03 33.13%  v_t2m/R05 41.24%  v_t2m/R10 53.27%  v_t2m/MedR 9.0%  v_m2t/len 1530  v_m2t/R01 19.73%  v_m2t/R02 22.35%  v_m2t/R03 33.33%  v_m2t/R05 40.77%  v_m2t/R10 52.54%  v_m2t/MedR 9.0%
[20/04/26 21:51:46][src.callback.progress][INFO] - Epoch 393 step 75500/192: loss 9.716e-02
[20/04/26 21:51:56][src.callback.progress][INFO] - Epoch 393 step 75550/192: loss 1.163e-01
[20/04/26 21:52:06][src.callback.progress][INFO] - Epoch 393 step 75600/192: loss 8.586e-02
[20/04/26 21:52:17][src.callback.progress][INFO] - Epoch 393: v_recons 1.856e-01  recons 8.797e-02  v_loss 3.827e-01  loss 9.935e-02  v_latent 1.250e+00  latent 6.743e-01  v_kl 8.285e+01  kl 3.493e+01  v_contrastive 1.962e+00  contrastive 1.102e-01  v_t2m/len 1530  v_t2m/R01 18.43%  v_t2m/R02 22.87%  v_t2m/R03 32.54%  v_t2m/R05 40.45%  v_t2m/R10 53.86%  v_t2m/MedR 9.0%  v_m2t/len 1530  v_m2t/R01 19.61%  v_m2t/R02 22.21%  v_m2t/R03 32.47%  v_m2t/R05 40.72%  v_m2t/R10 51.04%  v_m2t/MedR 10.0%
[20/04/26 21:52:23][src.callback.progress][INFO] - Epoch 394 step 75650/192: loss 9.283e-02
[20/04/26 21:52:33][src.callback.progress][INFO] - Epoch 394 step 75700/192: loss 1.088e-01
[20/04/26 21:52:43][src.callback.progress][INFO] - Epoch 394 step 75750/192: loss 1.050e-01
[20/04/26 21:52:53][src.callback.progress][INFO] - Epoch 394 step 75800/192: loss 9.087e-02
[20/04/26 21:53:02][src.callback.progress][INFO] - Epoch 394: v_recons 1.856e-01  recons 8.722e-02  v_loss 3.812e-01  loss 9.863e-02  v_latent 1.246e+00  latent 6.717e-01  v_kl 8.297e+01  kl 3.481e+01  v_contrastive 1.947e+00  contrastive 1.106e-01  v_t2m/len 1530  v_t2m/R01 18.5%  v_t2m/R02 23.59%  v_t2m/R03 32.81%  v_t2m/R05 41.63%  v_t2m/R10 54.25%  v_t2m/MedR 9.0%  v_m2t/len 1530  v_m2t/R01 20.52%  v_m2t/R02 23.39%  v_m2t/R03 33.06%  v_m2t/R05 40.33%  v_m2t/R10 51.75%  v_m2t/MedR 9.0%
[20/04/26 21:53:09][src.callback.progress][INFO] - Epoch 395 step 75850/192: loss 1.062e-01
[20/04/26 21:53:19][src.callback.progress][INFO] - Epoch 395 step 75900/192: loss 9.966e-02
[20/04/26 21:53:29][src.callback.progress][INFO] - Epoch 395 step 75950/192: loss 1.164e-01
[20/04/26 21:53:39][src.callback.progress][INFO] - Epoch 395 step 76000/192: loss 9.614e-02
[20/04/26 21:53:47][src.callback.progress][INFO] - Epoch 395: v_recons 1.857e-01  recons 8.771e-02  v_loss 3.806e-01  loss 9.915e-02  v_latent 1.245e+00  latent 6.723e-01  v_kl 8.257e+01  kl 3.498e+01  v_contrastive 1.941e+00  contrastive 1.108e-01  v_t2m/len 1530  v_t2m/R01 18.76%  v_t2m/R02 23.01%  v_t2m/R03 33.91%  v_t2m/R05 42.75%  v_t2m/R10 53.72%  v_t2m/MedR 9.0%  v_m2t/len 1530  v_m2t/R01 21.18%  v_m2t/R02 24.7%  v_m2t/R03 34.58%  v_m2t/R05 41.63%  v_m2t/R10 52.61%  v_m2t/MedR 9.0%
[20/04/26 21:53:55][src.callback.progress][INFO] - Epoch 396 step 76050/192: loss 9.484e-02
[20/04/26 21:54:05][src.callback.progress][INFO] - Epoch 396 step 76100/192: loss 1.024e-01
[20/04/26 21:54:15][src.callback.progress][INFO] - Epoch 396 step 76150/192: loss 1.020e-01
[20/04/26 21:54:25][src.callback.progress][INFO] - Epoch 396 step 76200/192: loss 1.087e-01
[20/04/26 21:54:31][src.callback.progress][INFO] - Epoch 396: v_recons 1.866e-01  recons 8.758e-02  v_loss 3.816e-01  loss 9.929e-02  v_latent 1.247e+00  latent 6.766e-01  v_kl 8.304e+01  kl 3.524e+01  v_contrastive 1.941e+00  contrastive 1.135e-01  v_t2m/len 1530  v_t2m/R01 19.4%  v_t2m/R02 23.79%  v_t2m/R03 34.04%  v_t2m/R05 42.68%  v_t2m/R10 54.18%  v_t2m/MedR 8.0%  v_m2t/len 1530  v_m2t/R01 21.23%  v_m2t/R02 24.04%  v_m2t/R03 33.0%  v_m2t/R05 40.0%  v_m2t/R10 52.41%  v_m2t/MedR 9.0%
[20/04/26 21:54:42][src.callback.progress][INFO] - Epoch 397 step 76250/192: loss 9.596e-02
[20/04/26 21:54:52][src.callback.progress][INFO] - Epoch 397 step 76300/192: loss 9.919e-02
[20/04/26 21:55:03][src.callback.progress][INFO] - Epoch 397 step 76350/192: loss 8.672e-02
[20/04/26 21:55:12][src.callback.progress][INFO] - Epoch 397 step 76400/192: loss 9.545e-02
[20/04/26 21:55:17][src.callback.progress][INFO] - Epoch 397: v_recons 1.848e-01  recons 8.758e-02  v_loss 3.799e-01  loss 9.916e-02  v_latent 1.249e+00  latent 6.752e-01  v_kl 8.283e+01  kl 3.517e+01  v_contrastive 1.943e+00  contrastive 1.122e-01  v_t2m/len 1530  v_t2m/R01 18.55%  v_t2m/R02 22.68%  v_t2m/R03 31.89%  v_t2m/R05 40.2%  v_t2m/R10 53.45%  v_t2m/MedR 9.0%  v_m2t/len 1530  v_m2t/R01 21.5%  v_m2t/R02 24.12%  v_m2t/R03 32.88%  v_m2t/R05 41.31%  v_m2t/R10 52.22%  v_m2t/MedR 9.0%
[20/04/26 21:55:29][src.callback.progress][INFO] - Epoch 398 step 76450/192: loss 8.671e-02
[20/04/26 21:55:39][src.callback.progress][INFO] - Epoch 398 step 76500/192: loss 1.215e-01
[20/04/26 21:55:49][src.callback.progress][INFO] - Epoch 398 step 76550/192: loss 9.210e-02
[20/04/26 21:55:59][src.callback.progress][INFO] - Epoch 398 step 76600/192: loss 9.379e-02
[20/04/26 21:56:02][src.callback.progress][INFO] - Epoch 398: v_recons 1.866e-01  recons 8.696e-02  v_loss 3.782e-01  loss 9.843e-02  v_latent 1.248e+00  latent 6.746e-01  v_kl 8.283e+01  kl 3.512e+01  v_contrastive 1.908e+00  contrastive 1.111e-01  v_t2m/len 1530  v_t2m/R01 19.47%  v_t2m/R02 23.98%  v_t2m/R03 32.54%  v_t2m/R05 41.18%  v_t2m/R10 54.77%  v_t2m/MedR 9.0%  v_m2t/len 1530  v_m2t/R01 20.59%  v_m2t/R02 23.59%  v_m2t/R03 33.27%  v_m2t/R05 42.09%  v_m2t/R10 52.88%  v_m2t/MedR 9.0%
[20/04/26 21:56:15][src.callback.progress][INFO] - Epoch 399 step 76650/192: loss 9.950e-02
[20/04/26 21:56:25][src.callback.progress][INFO] - Epoch 399 step 76700/192: loss 8.598e-02
[20/04/26 21:56:35][src.callback.progress][INFO] - Epoch 399 step 76750/192: loss 1.050e-01
[20/04/26 21:56:45][src.callback.progress][INFO] - Epoch 399 step 76800/192: loss 9.774e-02
[20/04/26 21:56:47][src.callback.progress][INFO] - Epoch 399: v_recons 1.852e-01  recons 8.721e-02  v_loss 3.789e-01  loss 9.845e-02  v_latent 1.246e+00  latent 6.721e-01  v_kl 8.256e+01  kl 3.503e+01  v_contrastive 1.928e+00  contrastive 1.088e-01  v_t2m/len 1530  v_t2m/R01 18.43%  v_t2m/R02 23.2%  v_t2m/R03 33.13%  v_t2m/R05 42.47%  v_t2m/R10 53.33%  v_t2m/MedR 9.0%  v_m2t/len 1530  v_m2t/R01 20.64%  v_m2t/R02 23.98%  v_m2t/R03 33.13%  v_m2t/R05 42.22%  v_m2t/R10 52.34%  v_m2t/MedR 9.0%
[20/04/26 21:57:03][src.callback.progress][INFO] - Epoch 400 step 76850/192: loss 9.989e-02
[20/04/26 21:57:13][src.callback.progress][INFO] - Epoch 400 step 76900/192: loss 1.108e-01
[20/04/26 21:57:23][src.callback.progress][INFO] - Epoch 400 step 76950/192: loss 7.973e-02
[20/04/26 21:57:33][src.callback.progress][INFO] - Epoch 400: v_recons 1.876e-01  recons 8.647e-02  v_loss 3.822e-01  loss 9.779e-02  v_latent 1.258e+00  latent 6.716e-01  v_kl 8.402e+01  kl 3.500e+01  v_contrastive 1.937e+00  contrastive 1.096e-01  v_t2m/len 1530  v_t2m/R01 18.17%  v_t2m/R02 21.82%  v_t2m/R03 30.85%  v_t2m/R05 41.24%  v_t2m/R10 53.2%  v_t2m/MedR 9.0%  v_m2t/len 1530  v_m2t/R01 19.61%  v_m2t/R02 22.47%  v_m2t/R03 32.15%  v_m2t/R05 40.65%  v_m2t/R10 52.75%  v_m2t/MedR 9.0%
[20/04/26 21:57:39][src.callback.progress][INFO] - Epoch 401 step 77000/192: loss 1.021e-01
[20/04/26 21:57:49][src.callback.progress][INFO] - Epoch 401 step 77050/192: loss 9.994e-02
[20/04/26 21:57:59][src.callback.progress][INFO] - Epoch 401 step 77100/192: loss 9.107e-02
[20/04/26 21:58:09][src.callback.progress][INFO] - Epoch 401 step 77150/192: loss 1.054e-01
[20/04/26 21:58:18][src.callback.progress][INFO] - Epoch 401: v_recons 1.882e-01  recons 8.687e-02  v_loss 3.836e-01  loss 9.814e-02  v_latent 1.251e+00  latent 6.748e-01  v_kl 8.379e+01  kl 3.531e+01  v_contrastive 1.945e+00  contrastive 1.091e-01  v_t2m/len 1530  v_t2m/R01 16.98%  v_t2m/R02 21.7%  v_t2m/R03 31.82%  v_t2m/R05 40.33%  v_t2m/R10 53.59%  v_t2m/MedR 9.0%  v_m2t/len 1530  v_m2t/R01 21.04%  v_m2t/R02 23.92%  v_m2t/R03 33.45%  v_m2t/R05 41.43%  v_m2t/R10 52.54%  v_m2t/MedR 9.0%
[20/04/26 21:58:26][src.callback.progress][INFO] - Epoch 402 step 77200/192: loss 9.359e-02
[20/04/26 21:58:36][src.callback.progress][INFO] - Epoch 402 step 77250/192: loss 9.659e-02
[20/04/26 21:58:45][src.callback.progress][INFO] - Epoch 402 step 77300/192: loss 1.073e-01
[20/04/26 21:58:55][src.callback.progress][INFO] - Epoch 402 step 77350/192: loss 9.796e-02
[20/04/26 21:59:02][src.callback.progress][INFO] - Epoch 402: v_recons 1.872e-01  recons 8.693e-02  v_loss 3.844e-01  loss 9.819e-02  v_latent 1.259e+00  latent 6.748e-01  v_kl 8.387e+01  kl 3.542e+01  v_contrastive 1.963e+00  contrastive 1.090e-01  v_t2m/len 1530  v_t2m/R01 17.38%  v_t2m/R02 21.56%  v_t2m/R03 30.59%  v_t2m/R05 41.7%  v_t2m/R10 54.11%  v_t2m/MedR 9.0%  v_m2t/len 1530  v_m2t/R01 20.64%  v_m2t/R02 23.2%  v_m2t/R03 32.34%  v_m2t/R05 40.97%  v_m2t/R10 51.83%  v_m2t/MedR 9.0%
[20/04/26 21:59:11][src.callback.progress][INFO] - Epoch 403 step 77400/192: loss 9.135e-02
[20/04/26 21:59:21][src.callback.progress][INFO] - Epoch 403 step 77450/192: loss 8.730e-02
[20/04/26 21:59:32][src.callback.progress][INFO] - Epoch 403 step 77500/192: loss 9.633e-02
[20/04/26 21:59:42][src.callback.progress][INFO] - Epoch 403 step 77550/192: loss 8.347e-02
[20/04/26 21:59:47][src.callback.progress][INFO] - Epoch 403: v_recons 1.852e-01  recons 8.668e-02  v_loss 3.831e-01  loss 9.793e-02  v_latent 1.255e+00  latent 6.733e-01  v_kl 8.388e+01  kl 3.528e+01  v_contrastive 1.970e+00  contrastive 1.089e-01  v_t2m/len 1530  v_t2m/R01 16.79%  v_t2m/R02 21.44%  v_t2m/R03 31.23%  v_t2m/R05 40.33%  v_t2m/R10 52.88%  v_t2m/MedR 9.0%  v_m2t/len 1530  v_m2t/R01 19.79%  v_m2t/R02 23.59%  v_m2t/R03 33.2%  v_m2t/R05 41.18%  v_m2t/R10 51.31%  v_m2t/MedR 9.0%
[20/04/26 21:59:58][src.callback.progress][INFO] - Epoch 404 step 77600/192: loss 1.046e-01
[20/04/26 22:00:08][src.callback.progress][INFO] - Epoch 404 step 77650/192: loss 9.169e-02
[20/04/26 22:00:18][src.callback.progress][INFO] - Epoch 404 step 77700/192: loss 9.189e-02
[20/04/26 22:00:28][src.callback.progress][INFO] - Epoch 404 step 77750/192: loss 9.799e-02
[20/04/26 22:00:31][src.callback.progress][INFO] - Epoch 404: v_recons 1.889e-01  recons 8.685e-02  v_loss 3.849e-01  loss 9.829e-02  v_latent 1.260e+00  latent 6.779e-01  v_kl 8.430e+01  kl 3.561e+01  v_contrastive 1.951e+00  contrastive 1.107e-01  v_t2m/len 1530  v_t2m/R01 16.67%  v_t2m/R02 21.3%  v_t2m/R03 30.2%  v_t2m/R05 39.93%  v_t2m/R10 52.88%  v_t2m/MedR 9.0%  v_m2t/len 1530  v_m2t/R01 19.93%  v_m2t/R02 22.94%  v_m2t/R03 31.82%  v_m2t/R05 41.31%  v_m2t/R10 53.0%  v_m2t/MedR 9.0%
[20/04/26 22:00:45][src.callback.progress][INFO] - Epoch 405 step 77800/192: loss 9.553e-02
[20/04/26 22:00:55][src.callback.progress][INFO] - Epoch 405 step 77850/192: loss 9.496e-02
[20/04/26 22:01:05][src.callback.progress][INFO] - Epoch 405 step 77900/192: loss 9.627e-02
[20/04/26 22:01:15][src.callback.progress][INFO] - Epoch 405 step 77950/192: loss 1.026e-01
[20/04/26 22:01:17][src.callback.progress][INFO] - Epoch 405: v_recons 1.863e-01  recons 8.716e-02  v_loss 3.824e-01  loss 9.840e-02  v_latent 1.255e+00  latent 6.750e-01  v_kl 8.408e+01  kl 3.556e+01  v_contrastive 1.953e+00  contrastive 1.087e-01  v_t2m/len 1530  v_t2m/R01 18.43%  v_t2m/R02 23.72%  v_t2m/R03 31.82%  v_t2m/R05 40.38%  v_t2m/R10 54.25%  v_t2m/MedR 9.0%  v_m2t/len 1530  v_m2t/R01 20.26%  v_m2t/R02 23.2%  v_m2t/R03 32.41%  v_m2t/R05 41.43%  v_m2t/R10 51.43%  v_m2t/MedR 9.0%
[20/04/26 22:01:33][src.callback.progress][INFO] - Epoch 406 step 78000/192: loss 8.447e-02
[20/04/26 22:01:43][src.callback.progress][INFO] - Epoch 406 step 78050/192: loss 9.555e-02
[20/04/26 22:01:53][src.callback.progress][INFO] - Epoch 406 step 78100/192: loss 8.786e-02
[20/04/26 22:02:03][src.callback.progress][INFO] - Epoch 406: v_recons 1.846e-01  recons 8.676e-02  v_loss 3.790e-01  loss 9.794e-02  v_latent 1.256e+00  latent 6.739e-01  v_kl 8.488e+01  kl 3.562e+01  v_contrastive 1.936e+00  contrastive 1.082e-01  v_t2m/len 1530  v_t2m/R01 17.64%  v_t2m/R02 23.01%  v_t2m/R03 31.5%  v_t2m/R05 39.4%  v_t2m/R10 53.65%  v_t2m/MedR 9.0%  v_m2t/len 1530  v_m2t/R01 20.32%  v_m2t/R02 22.47%  v_m2t/R03 32.68%  v_m2t/R05 40.91%  v_m2t/R10 52.02%  v_m2t/MedR 9.0%
[20/04/26 22:02:09][src.callback.progress][INFO] - Epoch 407 step 78150/192: loss 9.886e-02
[20/04/26 22:02:19][src.callback.progress][INFO] - Epoch 407 step 78200/192: loss 1.203e-01
[20/04/26 22:02:29][src.callback.progress][INFO] - Epoch 407 step 78250/192: loss 1.043e-01
[20/04/26 22:02:39][src.callback.progress][INFO] - Epoch 407 step 78300/192: loss 9.634e-02
[20/04/26 22:02:48][src.callback.progress][INFO] - Epoch 407: v_recons 1.862e-01  recons 8.652e-02  v_loss 3.817e-01  loss 9.785e-02  v_latent 1.260e+00  latent 6.751e-01  v_kl 8.544e+01  kl 3.558e+01  v_contrastive 1.946e+00  contrastive 1.097e-01  v_t2m/len 1530  v_t2m/R01 19.35%  v_t2m/R02 23.45%  v_t2m/R03 33.59%  v_t2m/R05 41.36%  v_t2m/R10 54.7%  v_t2m/MedR 9.0%  v_m2t/len 1530  v_m2t/R01 21.3%  v_m2t/R02 23.45%  v_m2t/R03 32.88%  v_m2t/R05 41.56%  v_m2t/R10 52.15%  v_m2t/MedR 9.0%
[20/04/26 22:02:56][src.callback.progress][INFO] - Epoch 408 step 78350/192: loss 1.100e-01
[20/04/26 22:03:06][src.callback.progress][INFO] - Epoch 408 step 78400/192: loss 8.907e-02
[20/04/26 22:03:16][src.callback.progress][INFO] - Epoch 408 step 78450/192: loss 1.023e-01
[20/04/26 22:03:26][src.callback.progress][INFO] - Epoch 408 step 78500/192: loss 9.967e-02
[20/04/26 22:03:33][src.callback.progress][INFO] - Epoch 408: v_recons 1.864e-01  recons 8.641e-02  v_loss 3.809e-01  loss 9.763e-02  v_latent 1.261e+00  latent 6.745e-01  v_kl 8.473e+01  kl 3.554e+01  v_contrastive 1.936e+00  contrastive 1.086e-01  v_t2m/len 1530  v_t2m/R01 18.62%  v_t2m/R02 23.59%  v_t2m/R03 32.81%  v_t2m/R05 41.5%  v_t2m/R10 53.65%  v_t2m/MedR 9.0%  v_m2t/len 1530  v_m2t/R01 19.61%  v_m2t/R02 22.09%  v_m2t/R03 32.29%  v_m2t/R05 41.36%  v_m2t/R10 51.11%  v_m2t/MedR 9.5%
[20/04/26 22:03:42][src.callback.progress][INFO] - Epoch 409 step 78550/192: loss 8.524e-02
[20/04/26 22:03:52][src.callback.progress][INFO] - Epoch 409 step 78600/192: loss 9.412e-02
[20/04/26 22:04:02][src.callback.progress][INFO] - Epoch 409 step 78650/192: loss 1.011e-01
[20/04/26 22:04:12][src.callback.progress][INFO] - Epoch 409 step 78700/192: loss 1.059e-01
[20/04/26 22:04:17][src.callback.progress][INFO] - Epoch 409: v_recons 1.871e-01  recons 8.637e-02  v_loss 3.832e-01  loss 9.777e-02  v_latent 1.264e+00  latent 6.781e-01  v_kl 8.581e+01  kl 3.581e+01  v_contrastive 1.952e+00  contrastive 1.103e-01  v_t2m/len 1530  v_t2m/R01 18.04%  v_t2m/R02 22.87%  v_t2m/R03 32.68%  v_t2m/R05 41.24%  v_t2m/R10 53.65%  v_t2m/MedR 9.0%  v_m2t/len 1530  v_m2t/R01 20.85%  v_m2t/R02 23.79%  v_m2t/R03 33.52%  v_m2t/R05 41.43%  v_m2t/R10 52.09%  v_m2t/MedR 9.0%
[20/04/26 22:04:28][src.callback.progress][INFO] - Epoch 410 step 78750/192: loss 1.027e-01
[20/04/26 22:04:38][src.callback.progress][INFO] - Epoch 410 step 78800/192: loss 1.047e-01
[20/04/26 22:04:48][src.callback.progress][INFO] - Epoch 410 step 78850/192: loss 9.904e-02
[20/04/26 22:04:57][src.callback.progress][INFO] - Epoch 410 step 78900/192: loss 1.021e-01
[20/04/26 22:05:02][src.callback.progress][INFO] - Epoch 410: v_recons 1.852e-01  recons 8.607e-02  v_loss 3.794e-01  loss 9.728e-02  v_latent 1.253e+00  latent 6.747e-01  v_kl 8.515e+01  kl 3.559e+01  v_contrastive 1.934e+00  contrastive 1.085e-01  v_t2m/len 1530  v_t2m/R01 19.54%  v_t2m/R02 24.12%  v_t2m/R03 32.54%  v_t2m/R05 42.41%  v_t2m/R10 54.97%  v_t2m/MedR 8.0%  v_m2t/len 1530  v_m2t/R01 21.62%  v_m2t/R02 24.04%  v_m2t/R03 33.52%  v_m2t/R05 42.41%  v_m2t/R10 52.68%  v_m2t/MedR 9.0%
[20/04/26 22:05:14][src.callback.progress][INFO] - Epoch 411 step 78950/192: loss 7.859e-02
[20/04/26 22:05:24][src.callback.progress][INFO] - Epoch 411 step 79000/192: loss 9.481e-02
[20/04/26 22:05:34][src.callback.progress][INFO] - Epoch 411 step 79050/192: loss 9.565e-02
[20/04/26 22:05:44][src.callback.progress][INFO] - Epoch 411 step 79100/192: loss 9.114e-02
[20/04/26 22:05:47][src.callback.progress][INFO] - Epoch 411: v_recons 1.865e-01  recons 8.596e-02  v_loss 3.812e-01  loss 9.708e-02  v_latent 1.261e+00  latent 6.712e-01  v_kl 8.520e+01  kl 3.541e+01  v_contrastive 1.938e+00  contrastive 1.076e-01  v_t2m/len 1530  v_t2m/R01 18.76%  v_t2m/R02 22.87%  v_t2m/R03 33.06%  v_t2m/R05 40.72%  v_t2m/R10 52.81%  v_t2m/MedR 9.0%  v_m2t/len 1530  v_m2t/R01 20.64%  v_m2t/R02 23.2%  v_m2t/R03 31.89%  v_m2t/R05 41.36%  v_m2t/R10 51.63%  v_m2t/MedR 9.0%
[20/04/26 22:06:01][src.callback.progress][INFO] - Epoch 412 step 79150/192: loss 7.917e-02
[20/04/26 22:06:11][src.callback.progress][INFO] - Epoch 412 step 79200/192: loss 9.156e-02
[20/04/26 22:06:21][src.callback.progress][INFO] - Epoch 412 step 79250/192: loss 1.073e-01
[20/04/26 22:06:32][src.callback.progress][INFO] - Epoch 412: v_recons 1.869e-01  recons 8.623e-02  v_loss 3.825e-01  loss 9.751e-02  v_latent 1.265e+00  latent 6.748e-01  v_kl 8.620e+01  kl 3.568e+01  v_contrastive 1.947e+00  contrastive 1.092e-01  v_t2m/len 1530  v_t2m/R01 18.43%  v_t2m/R02 22.09%  v_t2m/R03 31.95%  v_t2m/R05 39.93%  v_t2m/R10 53.33%  v_t2m/MedR 9.0%  v_m2t/len 1530  v_m2t/R01 20.32%  v_m2t/R02 23.2%  v_m2t/R03 33.06%  v_m2t/R05 41.63%  v_m2t/R10 51.75%  v_m2t/MedR 9.0%
[20/04/26 22:06:37][src.callback.progress][INFO] - Epoch 413 step 79300/192: loss 1.028e-01
[20/04/26 22:06:48][src.callback.progress][INFO] - Epoch 413 step 79350/192: loss 8.663e-02
[20/04/26 22:06:58][src.callback.progress][INFO] - Epoch 413 step 79400/192: loss 9.095e-02
[20/04/26 22:07:08][src.callback.progress][INFO] - Epoch 413 step 79450/192: loss 9.775e-02
[20/04/26 22:07:17][src.callback.progress][INFO] - Epoch 413: v_recons 1.868e-01  recons 8.597e-02  v_loss 3.812e-01  loss 9.719e-02  v_latent 1.261e+00  latent 6.747e-01  v_kl 8.507e+01  kl 3.578e+01  v_contrastive 1.935e+00  contrastive 1.085e-01  v_t2m/len 1530  v_t2m/R01 17.12%  v_t2m/R02 21.3%  v_t2m/R03 32.81%  v_t2m/R05 40.72%  v_t2m/R10 55.02%  v_t2m/MedR 8.0%  v_m2t/len 1530  v_m2t/R01 20.32%  v_m2t/R02 23.53%  v_m2t/R03 34.18%  v_m2t/R05 43.65%  v_m2t/R10 52.81%  v_m2t/MedR 9.0%
[20/04/26 22:07:24][src.callback.progress][INFO] - Epoch 414 step 79500/192: loss 8.813e-02
[20/04/26 22:07:34][src.callback.progress][INFO] - Epoch 414 step 79550/192: loss 9.077e-02
[20/04/26 22:07:44][src.callback.progress][INFO] - Epoch 414 step 79600/192: loss 1.116e-01
[20/04/26 22:07:54][src.callback.progress][INFO] - Epoch 414 step 79650/192: loss 8.999e-02
[20/04/26 22:08:01][src.callback.progress][INFO] - Epoch 414: v_recons 1.884e-01  recons 8.586e-02  v_loss 3.819e-01  loss 9.706e-02  v_latent 1.258e+00  latent 6.773e-01  v_kl 8.540e+01  kl 3.601e+01  v_contrastive 1.927e+00  contrastive 1.084e-01  v_t2m/len 1530  v_t2m/R01 18.29%  v_t2m/R02 22.21%  v_t2m/R03 32.15%  v_t2m/R05 41.18%  v_t2m/R10 53.99%  v_t2m/MedR 9.0%  v_m2t/len 1530  v_m2t/R01 20.97%  v_m2t/R02 23.59%  v_m2t/R03 33.06%  v_m2t/R05 41.75%  v_m2t/R10 52.34%  v_m2t/MedR 9.0%
[20/04/26 22:08:10][src.callback.progress][INFO] - Epoch 415 step 79700/192: loss 1.187e-01
[20/04/26 22:08:20][src.callback.progress][INFO] - Epoch 415 step 79750/192: loss 9.679e-02
[20/04/26 22:08:30][src.callback.progress][INFO] - Epoch 415 step 79800/192: loss 9.231e-02
[20/04/26 22:08:40][src.callback.progress][INFO] - Epoch 415 step 79850/192: loss 8.500e-02
[20/04/26 22:08:46][src.callback.progress][INFO] - Epoch 415: v_recons 1.874e-01  recons 8.569e-02  v_loss 3.821e-01  loss 9.654e-02  v_latent 1.259e+00  latent 6.735e-01  v_kl 8.458e+01  kl 3.576e+01  v_contrastive 1.939e+00  contrastive 1.049e-01  v_t2m/len 1530  v_t2m/R01 18.76%  v_t2m/R02 22.8%  v_t2m/R03 31.89%  v_t2m/R05 40.77%  v_t2m/R10 53.33%  v_t2m/MedR 9.0%  v_m2t/len 1530  v_m2t/R01 19.93%  v_m2t/R02 23.13%  v_m2t/R03 33.06%  v_m2t/R05 41.56%  v_m2t/R10 51.36%  v_m2t/MedR 9.0%
[20/04/26 22:08:57][src.callback.progress][INFO] - Epoch 416 step 79900/192: loss 9.682e-02
[20/04/26 22:09:07][src.callback.progress][INFO] - Epoch 416 step 79950/192: loss 9.806e-02
[20/04/26 22:09:16][src.callback.progress][INFO] - Epoch 416 step 80000/192: loss 1.049e-01
[20/04/26 22:09:26][src.callback.progress][INFO] - Epoch 416 step 80050/192: loss 8.767e-02
[20/04/26 22:09:31][src.callback.progress][INFO] - Epoch 416: v_recons 1.866e-01  recons 8.571e-02  v_loss 3.808e-01  loss 9.705e-02  v_latent 1.265e+00  latent 6.740e-01  v_kl 8.572e+01  kl 3.566e+01  v_contrastive 1.933e+00  contrastive 1.098e-01  v_t2m/len 1530  v_t2m/R01 17.05%  v_t2m/R02 23.01%  v_t2m/R03 32.54%  v_t2m/R05 40.72%  v_t2m/R10 54.31%  v_t2m/MedR 9.0%  v_m2t/len 1530  v_m2t/R01 19.79%  v_m2t/R02 22.15%  v_m2t/R03 32.75%  v_m2t/R05 41.63%  v_m2t/R10 52.41%  v_m2t/MedR 9.0%
[20/04/26 22:09:42][src.callback.progress][INFO] - Epoch 417 step 80100/192: loss 9.235e-02
[20/04/26 22:09:52][src.callback.progress][INFO] - Epoch 417 step 80150/192: loss 9.785e-02
[20/04/26 22:10:02][src.callback.progress][INFO] - Epoch 417 step 80200/192: loss 9.667e-02
[20/04/26 22:10:12][src.callback.progress][INFO] - Epoch 417 step 80250/192: loss 8.813e-02
[20/04/26 22:10:15][src.callback.progress][INFO] - Epoch 417: v_recons 1.874e-01  recons 8.554e-02  v_loss 3.839e-01  loss 9.670e-02  v_latent 1.262e+00  latent 6.734e-01  v_kl 8.599e+01  kl 3.574e+01  v_contrastive 1.956e+00  contrastive 1.079e-01  v_t2m/len 1530  v_t2m/R01 16.54%  v_t2m/R02 21.04%  v_t2m/R03 31.7%  v_t2m/R05 40.52%  v_t2m/R10 53.79%  v_t2m/MedR 9.0%  v_m2t/len 1530  v_m2t/R01 19.67%  v_m2t/R02 22.47%  v_m2t/R03 32.29%  v_m2t/R05 41.95%  v_m2t/R10 51.24%  v_m2t/MedR 10.0%
[20/04/26 22:10:29][src.callback.progress][INFO] - Epoch 418 step 80300/192: loss 9.661e-02
[20/04/26 22:10:39][src.callback.progress][INFO] - Epoch 418 step 80350/192: loss 8.768e-02
[20/04/26 22:10:49][src.callback.progress][INFO] - Epoch 418 step 80400/192: loss 9.355e-02
[20/04/26 22:11:01][src.callback.progress][INFO] - Epoch 418: v_recons 1.862e-01  recons 8.557e-02  v_loss 3.821e-01  loss 9.674e-02  v_latent 1.270e+00  latent 6.727e-01  v_kl 8.570e+01  kl 3.574e+01  v_contrastive 1.950e+00  contrastive 1.080e-01  v_t2m/len 1530  v_t2m/R01 17.84%  v_t2m/R02 21.11%  v_t2m/R03 30.12%  v_t2m/R05 40.33%  v_t2m/R10 54.11%  v_t2m/MedR 9.0%  v_m2t/len 1530  v_m2t/R01 20.45%  v_m2t/R02 22.61%  v_m2t/R03 32.81%  v_m2t/R05 42.81%  v_m2t/R10 51.75%  v_m2t/MedR 9.0%
[20/04/26 22:11:05][src.callback.progress][INFO] - Epoch 419 step 80450/192: loss 8.113e-02
[20/04/26 22:11:15][src.callback.progress][INFO] - Epoch 419 step 80500/192: loss 9.415e-02
[20/04/26 22:11:25][src.callback.progress][INFO] - Epoch 419 step 80550/192: loss 9.356e-02
[20/04/26 22:11:35][src.callback.progress][INFO] - Epoch 419 step 80600/192: loss 1.158e-01
[20/04/26 22:11:45][src.callback.progress][INFO] - Epoch 419: v_recons 1.867e-01  recons 8.503e-02  v_loss 3.823e-01  loss 9.608e-02  v_latent 1.266e+00  latent 6.730e-01  v_kl 8.509e+01  kl 3.558e+01  v_contrastive 1.947e+00  contrastive 1.068e-01  v_t2m/len 1530  v_t2m/R01 18.1%  v_t2m/R02 22.75%  v_t2m/R03 32.93%  v_t2m/R05 40.2%  v_t2m/R10 52.88%  v_t2m/MedR 9.0%  v_m2t/len 1530  v_m2t/R01 19.61%  v_m2t/R02 22.42%  v_m2t/R03 31.37%  v_m2t/R05 41.56%  v_m2t/R10 51.75%  v_m2t/MedR 9.0%
[20/04/26 22:11:51][src.callback.progress][INFO] - Epoch 420 step 80650/192: loss 1.012e-01
[20/04/26 22:12:01][src.callback.progress][INFO] - Epoch 420 step 80700/192: loss 9.757e-02
[20/04/26 22:12:11][src.callback.progress][INFO] - Epoch 420 step 80750/192: loss 9.686e-02
[20/04/26 22:12:21][src.callback.progress][INFO] - Epoch 420 step 80800/192: loss 9.695e-02
[20/04/26 22:12:29][src.callback.progress][INFO] - Epoch 420: v_recons 1.886e-01  recons 8.546e-02  v_loss 3.816e-01  loss 9.656e-02  v_latent 1.264e+00  latent 6.739e-01  v_kl 8.645e+01  kl 3.582e+01  v_contrastive 1.922e+00  contrastive 1.074e-01  v_t2m/len 1530  v_t2m/R01 17.96%  v_t2m/R02 22.09%  v_t2m/R03 33.0%  v_t2m/R05 42.02%  v_t2m/R10 54.84%  v_t2m/MedR 9.0%  v_m2t/len 1530  v_m2t/R01 21.37%  v_m2t/R02 24.44%  v_m2t/R03 32.54%  v_m2t/R05 41.5%  v_m2t/R10 53.65%  v_m2t/MedR 9.0%
[20/04/26 22:12:37][src.callback.progress][INFO] - Epoch 421 step 80850/192: loss 8.395e-02
[20/04/26 22:12:47][src.callback.progress][INFO] - Epoch 421 step 80900/192: loss 8.947e-02
[20/04/26 22:12:57][src.callback.progress][INFO] - Epoch 421 step 80950/192: loss 9.232e-02
[20/04/26 22:13:07][src.callback.progress][INFO] - Epoch 421 step 81000/192: loss 8.589e-02
[20/04/26 22:13:14][src.callback.progress][INFO] - Epoch 421: v_recons 1.883e-01  recons 8.531e-02  v_loss 3.846e-01  loss 9.633e-02  v_latent 1.275e+00  latent 6.723e-01  v_kl 8.641e+01  kl 3.578e+01  v_contrastive 1.955e+00  contrastive 1.065e-01  v_t2m/len 1530  v_t2m/R01 17.84%  v_t2m/R02 22.35%  v_t2m/R03 31.5%  v_t2m/R05 40.84%  v_t2m/R10 53.33%  v_t2m/MedR 9.0%  v_m2t/len 1530  v_m2t/R01 20.92%  v_m2t/R02 23.32%  v_m2t/R03 32.54%  v_m2t/R05 40.25%  v_m2t/R10 52.41%  v_m2t/MedR 9.0%
[20/04/26 22:13:23][src.callback.progress][INFO] - Epoch 422 step 81050/192: loss 9.336e-02
[20/04/26 22:13:33][src.callback.progress][INFO] - Epoch 422 step 81100/192: loss 9.470e-02
[20/04/26 22:13:43][src.callback.progress][INFO] - Epoch 422 step 81150/192: loss 9.678e-02
[20/04/26 22:13:53][src.callback.progress][INFO] - Epoch 422 step 81200/192: loss 9.966e-02
[20/04/26 22:13:58][src.callback.progress][INFO] - Epoch 422: v_recons 1.893e-01  recons 8.612e-02  v_loss 3.887e-01  loss 9.727e-02  v_latent 1.273e+00  latent 6.823e-01  v_kl 8.644e+01  kl 3.642e+01  v_contrastive 1.985e+00  contrastive 1.078e-01  v_t2m/len 1530  v_t2m/R01 18.04%  v_t2m/R02 22.09%  v_t2m/R03 31.3%  v_t2m/R05 38.88%  v_t2m/R10 52.54%  v_t2m/MedR 9.0%  v_m2t/len 1530  v_m2t/R01 20.52%  v_m2t/R02 23.45%  v_m2t/R03 33.2%  v_m2t/R05 41.36%  v_m2t/R10 52.61%  v_m2t/MedR 9.0%
[20/04/26 22:14:11][src.callback.progress][INFO] - Epoch 423 step 81250/192: loss 8.707e-02
[20/04/26 22:14:21][src.callback.progress][INFO] - Epoch 423 step 81300/192: loss 1.124e-01
[20/04/26 22:14:31][src.callback.progress][INFO] - Epoch 423 step 81350/192: loss 8.679e-02
[20/04/26 22:14:41][src.callback.progress][INFO] - Epoch 423 step 81400/192: loss 9.531e-02
[20/04/26 22:14:44][src.callback.progress][INFO] - Epoch 423: v_recons 1.874e-01  recons 8.560e-02  v_loss 3.836e-01  loss 9.672e-02  v_latent 1.275e+00  latent 6.767e-01  v_kl 8.674e+01  kl 3.612e+01  v_contrastive 1.952e+00  contrastive 1.076e-01  v_t2m/len 1530  v_t2m/R01 17.96%  v_t2m/R02 23.13%  v_t2m/R03 32.02%  v_t2m/R05 40.33%  v_t2m/R10 54.25%  v_t2m/MedR 9.0%  v_m2t/len 1530  v_m2t/R01 19.79%  v_m2t/R02 22.54%  v_m2t/R03 31.89%  v_m2t/R05 39.86%  v_m2t/R10 52.68%  v_m2t/MedR 9.0%
[20/04/26 22:14:57][src.callback.progress][INFO] - Epoch 424 step 81450/192: loss 1.013e-01
[20/04/26 22:15:07][src.callback.progress][INFO] - Epoch 424 step 81500/192: loss 1.006e-01
[20/04/26 22:15:16][src.callback.progress][INFO] - Epoch 424 step 81550/192: loss 8.240e-02
[20/04/26 22:15:26][src.callback.progress][INFO] - Epoch 424 step 81600/192: loss 7.797e-02
[20/04/26 22:15:28][src.callback.progress][INFO] - Epoch 424: v_recons 1.884e-01  recons 8.516e-02  v_loss 3.852e-01  loss 9.621e-02  v_latent 1.281e+00  latent 6.770e-01  v_kl 8.782e+01  kl 3.616e+01  v_contrastive 1.959e+00  contrastive 1.068e-01  v_t2m/len 1530  v_t2m/R01 17.96%  v_t2m/R02 22.47%  v_t2m/R03 32.29%  v_t2m/R05 40.38%  v_t2m/R10 52.68%  v_t2m/MedR 9.0%  v_m2t/len 1530  v_m2t/R01 20.26%  v_m2t/R02 22.47%  v_m2t/R03 32.02%  v_m2t/R05 40.2%  v_m2t/R10 51.83%  v_m2t/MedR 9.0%
[20/04/26 22:15:42][src.callback.progress][INFO] - Epoch 425 step 81650/192: loss 9.618e-02
[20/04/26 22:15:52][src.callback.progress][INFO] - Epoch 425 step 81700/192: loss 9.857e-02
[20/04/26 22:16:02][src.callback.progress][INFO] - Epoch 425 step 81750/192: loss 9.960e-02
[20/04/26 22:16:12][src.callback.progress][INFO] - Epoch 425: v_recons 1.875e-01  recons 8.483e-02  v_loss 3.806e-01  loss 9.595e-02  v_latent 1.267e+00  latent 6.756e-01  v_kl 8.577e+01  kl 3.613e+01  v_contrastive 1.922e+00  contrastive 1.075e-01  v_t2m/len 1530  v_t2m/R01 18.1%  v_t2m/R02 21.82%  v_t2m/R03 32.29%  v_t2m/R05 40.72%  v_t2m/R10 53.65%  v_t2m/MedR 9.0%  v_m2t/len 1530  v_m2t/R01 20.85%  v_m2t/R02 23.01%  v_m2t/R03 33.13%  v_m2t/R05 40.91%  v_m2t/R10 51.56%  v_m2t/MedR 9.0%
[20/04/26 22:16:19][src.callback.progress][INFO] - Epoch 426 step 81800/192: loss 8.419e-02
[20/04/26 22:16:29][src.callback.progress][INFO] - Epoch 426 step 81850/192: loss 1.002e-01
[20/04/26 22:16:39][src.callback.progress][INFO] - Epoch 426 step 81900/192: loss 7.910e-02
[20/04/26 22:16:49][src.callback.progress][INFO] - Epoch 426 step 81950/192: loss 9.249e-02
[20/04/26 22:16:57][src.callback.progress][INFO] - Epoch 426: v_recons 1.880e-01  recons 8.494e-02  v_loss 3.838e-01  loss 9.557e-02  v_latent 1.273e+00  latent 6.714e-01  v_kl 8.692e+01  kl 3.578e+01  v_contrastive 1.948e+00  contrastive 1.027e-01  v_t2m/len 1530  v_t2m/R01 17.96%  v_t2m/R02 21.76%  v_t2m/R03 31.44%  v_t2m/R05 40.38%  v_t2m/R10 54.18%  v_t2m/MedR 9.0%  v_m2t/len 1530  v_m2t/R01 20.92%  v_m2t/R02 23.45%  v_m2t/R03 33.86%  v_m2t/R05 42.41%  v_m2t/R10 52.09%  v_m2t/MedR 9.0%
[20/04/26 22:17:05][src.callback.progress][INFO] - Epoch 427 step 82000/192: loss 9.449e-02
[20/04/26 22:17:15][src.callback.progress][INFO] - Epoch 427 step 82050/192: loss 8.850e-02
[20/04/26 22:17:24][src.callback.progress][INFO] - Epoch 427 step 82100/192: loss 8.059e-02
[20/04/26 22:17:34][src.callback.progress][INFO] - Epoch 427 step 82150/192: loss 8.252e-02
[20/04/26 22:17:41][src.callback.progress][INFO] - Epoch 427: v_recons 1.898e-01  recons 8.509e-02  v_loss 3.862e-01  loss 9.612e-02  v_latent 1.274e+00  latent 6.737e-01  v_kl 8.729e+01  kl 3.609e+01  v_contrastive 1.956e+00  contrastive 1.066e-01  v_t2m/len 1530  v_t2m/R01 19.21%  v_t2m/R02 24.25%  v_t2m/R03 32.47%  v_t2m/R05 41.18%  v_t2m/R10 54.5%  v_t2m/MedR 9.0%  v_m2t/len 1530  v_m2t/R01 20.06%  v_m2t/R02 23.13%  v_m2t/R03 32.75%  v_m2t/R05 41.5%  v_m2t/R10 52.81%  v_m2t/MedR 9.0%
[20/04/26 22:17:52][src.callback.progress][INFO] - Epoch 428 step 82200/192: loss 1.024e-01
[20/04/26 22:18:02][src.callback.progress][INFO] - Epoch 428 step 82250/192: loss 1.198e-01
[20/04/26 22:18:12][src.callback.progress][INFO] - Epoch 428 step 82300/192: loss 9.017e-02
[20/04/26 22:18:22][src.callback.progress][INFO] - Epoch 428 step 82350/192: loss 1.004e-01
[20/04/26 22:18:27][src.callback.progress][INFO] - Epoch 428: v_recons 1.877e-01  recons 8.497e-02  v_loss 3.826e-01  loss 9.589e-02  v_latent 1.272e+00  latent 6.741e-01  v_kl 8.648e+01  kl 3.611e+01  v_contrastive 1.940e+00  contrastive 1.056e-01  v_t2m/len 1530  v_t2m/R01 18.1%  v_t2m/R02 22.29%  v_t2m/R03 32.88%  v_t2m/R05 40.59%  v_t2m/R10 53.52%  v_t2m/MedR 9.0%  v_m2t/len 1530  v_m2t/R01 22.09%  v_m2t/R02 25.03%  v_m2t/R03 32.75%  v_m2t/R05 40.59%  v_m2t/R10 52.09%  v_m2t/MedR 9.0%
[20/04/26 22:18:38][src.callback.progress][INFO] - Epoch 429 step 82400/192: loss 1.002e-01
[20/04/26 22:18:48][src.callback.progress][INFO] - Epoch 429 step 82450/192: loss 1.009e-01
[20/04/26 22:18:58][src.callback.progress][INFO] - Epoch 429 step 82500/192: loss 9.947e-02
[20/04/26 22:19:08][src.callback.progress][INFO] - Epoch 429 step 82550/192: loss 1.024e-01
[20/04/26 22:19:11][src.callback.progress][INFO] - Epoch 429: v_recons 1.894e-01  recons 8.546e-02  v_loss 3.839e-01  loss 9.654e-02  v_latent 1.275e+00  latent 6.778e-01  v_kl 8.721e+01  kl 3.637e+01  v_contrastive 1.936e+00  contrastive 1.071e-01  v_t2m/len 1530  v_t2m/R01 17.7%  v_t2m/R02 22.15%  v_t2m/R03 32.22%  v_t2m/R05 40.91%  v_t2m/R10 53.86%  v_t2m/MedR 9.0%  v_m2t/len 1530  v_m2t/R01 20.38%  v_m2t/R02 23.59%  v_m2t/R03 33.79%  v_m2t/R05 41.04%  v_m2t/R10 52.09%  v_m2t/MedR 9.0%
[20/04/26 22:19:24][src.callback.progress][INFO] - Epoch 430 step 82600/192: loss 9.283e-02
[20/04/26 22:19:34][src.callback.progress][INFO] - Epoch 430 step 82650/192: loss 9.367e-02
[20/04/26 22:19:44][src.callback.progress][INFO] - Epoch 430 step 82700/192: loss 9.131e-02
[20/04/26 22:19:54][src.callback.progress][INFO] - Epoch 430 step 82750/192: loss 9.368e-02
[20/04/26 22:19:56][src.callback.progress][INFO] - Epoch 430: v_recons 1.896e-01  recons 8.523e-02  v_loss 3.851e-01  loss 9.598e-02  v_latent 1.272e+00  latent 6.754e-01  v_kl 8.798e+01  kl 3.625e+01  v_contrastive 1.946e+00  contrastive 1.038e-01  v_t2m/len 1530  v_t2m/R01 19.73%  v_t2m/R02 24.25%  v_t2m/R03 33.0%  v_t2m/R05 41.31%  v_t2m/R10 53.52%  v_t2m/MedR 9.0%  v_m2t/len 1530  v_m2t/R01 22.21%  v_m2t/R02 25.22%  v_m2t/R03 33.86%  v_m2t/R05 41.36%  v_m2t/R10 52.02%  v_m2t/MedR 9.0%
[20/04/26 22:20:10][src.callback.progress][INFO] - Epoch 431 step 82800/192: loss 9.956e-02
[20/04/26 22:20:20][src.callback.progress][INFO] - Epoch 431 step 82850/192: loss 1.062e-01
[20/04/26 22:20:30][src.callback.progress][INFO] - Epoch 431 step 82900/192: loss 9.723e-02
[20/04/26 22:20:40][src.callback.progress][INFO] - Epoch 431: v_recons 1.882e-01  recons 8.517e-02  v_loss 3.844e-01  loss 9.627e-02  v_latent 1.276e+00  latent 6.810e-01  v_kl 8.783e+01  kl 3.659e+01  v_contrastive 1.953e+00  contrastive 1.073e-01  v_t2m/len 1530  v_t2m/R01 19.4%  v_t2m/R02 22.54%  v_t2m/R03 33.2%  v_t2m/R05 41.43%  v_t2m/R10 54.04%  v_t2m/MedR 9.0%  v_m2t/len 1530  v_m2t/R01 21.44%  v_m2t/R02 23.79%  v_m2t/R03 34.11%  v_m2t/R05 41.95%  v_m2t/R10 51.9%  v_m2t/MedR 9.0%
[20/04/26 22:20:47][src.callback.progress][INFO] - Epoch 432 step 82950/192: loss 1.033e-01
[20/04/26 22:20:57][src.callback.progress][INFO] - Epoch 432 step 83000/192: loss 8.658e-02
[20/04/26 22:21:06][src.callback.progress][INFO] - Epoch 432 step 83050/192: loss 8.246e-02
[20/04/26 22:21:16][src.callback.progress][INFO] - Epoch 432 step 83100/192: loss 8.304e-02
[20/04/26 22:21:25][src.callback.progress][INFO] - Epoch 432: v_recons 1.901e-01  recons 8.500e-02  v_loss 3.842e-01  loss 9.564e-02  v_latent 1.272e+00  latent 6.738e-01  v_kl 8.703e+01  kl 3.621e+01  v_contrastive 1.932e+00  contrastive 1.027e-01  v_t2m/len 1530  v_t2m/R01 18.88%  v_t2m/R02 24.04%  v_t2m/R03 33.52%  v_t2m/R05 41.9%  v_t2m/R10 53.65%  v_t2m/MedR 9.0%  v_m2t/len 1530  v_m2t/R01 21.23%  v_m2t/R02 24.51%  v_m2t/R03 34.5%  v_m2t/R05 42.15%  v_m2t/R10 52.34%  v_m2t/MedR 9.0%
[20/04/26 22:21:33][src.callback.progress][INFO] - Epoch 433 step 83150/192: loss 1.151e-01
[20/04/26 22:21:43][src.callback.progress][INFO] - Epoch 433 step 83200/192: loss 1.223e-01
[20/04/26 22:21:53][src.callback.progress][INFO] - Epoch 433 step 83250/192: loss 9.296e-02
[20/04/26 22:22:03][src.callback.progress][INFO] - Epoch 433 step 83300/192: loss 1.091e-01
[20/04/26 22:22:10][src.callback.progress][INFO] - Epoch 433: v_recons 1.882e-01  recons 8.527e-02  v_loss 3.828e-01  loss 9.615e-02  v_latent 1.277e+00  latent 6.750e-01  v_kl 8.784e+01  kl 3.626e+01  v_contrastive 1.938e+00  contrastive 1.052e-01  v_t2m/len 1530  v_t2m/R01 17.64%  v_t2m/R02 23.32%  v_t2m/R03 32.93%  v_t2m/R05 42.29%  v_t2m/R10 53.99%  v_t2m/MedR 9.0%  v_m2t/len 1530  v_m2t/R01 19.73%  v_m2t/R02 23.32%  v_m2t/R03 33.65%  v_m2t/R05 41.36%  v_m2t/R10 52.41%  v_m2t/MedR 9.0%
[20/04/26 22:22:19][src.callback.progress][INFO] - Epoch 434 step 83350/192: loss 9.309e-02
[20/04/26 22:22:29][src.callback.progress][INFO] - Epoch 434 step 83400/192: loss 9.304e-02
[20/04/26 22:22:39][src.callback.progress][INFO] - Epoch 434 step 83450/192: loss 8.907e-02
[20/04/26 22:22:49][src.callback.progress][INFO] - Epoch 434 step 83500/192: loss 8.639e-02
[20/04/26 22:22:55][src.callback.progress][INFO] - Epoch 434: v_recons 1.889e-01  recons 8.454e-02  v_loss 3.837e-01  loss 9.514e-02  v_latent 1.277e+00  latent 6.736e-01  v_kl 8.786e+01  kl 3.619e+01  v_contrastive 1.939e+00  contrastive 1.023e-01  v_t2m/len 1530  v_t2m/R01 18.5%  v_t2m/R02 23.06%  v_t2m/R03 32.61%  v_t2m/R05 40.06%  v_t2m/R10 51.56%  v_t2m/MedR 9.0%  v_m2t/len 1530  v_m2t/R01 19.87%  v_m2t/R02 23.01%  v_m2t/R03 33.79%  v_m2t/R05 42.15%  v_m2t/R10 51.63%  v_m2t/MedR 9.0%
[20/04/26 22:23:05][src.callback.progress][INFO] - Epoch 435 step 83550/192: loss 9.383e-02
[20/04/26 22:23:15][src.callback.progress][INFO] - Epoch 435 step 83600/192: loss 9.377e-02
[20/04/26 22:23:25][src.callback.progress][INFO] - Epoch 435 step 83650/192: loss 9.474e-02
[20/04/26 22:23:35][src.callback.progress][INFO] - Epoch 435 step 83700/192: loss 1.096e-01
[20/04/26 22:23:39][src.callback.progress][INFO] - Epoch 435: v_recons 1.880e-01  recons 8.407e-02  v_loss 3.839e-01  loss 9.460e-02  v_latent 1.280e+00  latent 6.694e-01  v_kl 8.702e+01  kl 3.592e+01  v_contrastive 1.950e+00  contrastive 1.016e-01  v_t2m/len 1530  v_t2m/R01 17.57%  v_t2m/R02 22.03%  v_t2m/R03 31.37%  v_t2m/R05 40.84%  v_t2m/R10 53.13%  v_t2m/MedR 9.0%  v_m2t/len 1530  v_m2t/R01 20.92%  v_m2t/R02 23.86%  v_m2t/R03 33.0%  v_m2t/R05 40.59%  v_m2t/R10 51.83%  v_m2t/MedR 9.0%
[20/04/26 22:23:51][src.callback.progress][INFO] - Epoch 436 step 83750/192: loss 7.825e-02
[20/04/26 22:24:01][src.callback.progress][INFO] - Epoch 436 step 83800/192: loss 8.440e-02
[20/04/26 22:24:11][src.callback.progress][INFO] - Epoch 436 step 83850/192: loss 1.027e-01
[20/04/26 22:24:21][src.callback.progress][INFO] - Epoch 436 step 83900/192: loss 9.046e-02
[20/04/26 22:24:23][src.callback.progress][INFO] - Epoch 436: v_recons 1.892e-01  recons 8.405e-02  v_loss 3.834e-01  loss 9.458e-02  v_latent 1.278e+00  latent 6.699e-01  v_kl 8.719e+01  kl 3.583e+01  v_contrastive 1.933e+00  contrastive 1.016e-01  v_t2m/len 1530  v_t2m/R01 18.23%  v_t2m/R02 22.75%  v_t2m/R03 31.76%  v_t2m/R05 40.65%  v_t2m/R10 52.88%  v_t2m/MedR 9.0%  v_m2t/len 1530  v_m2t/R01 20.52%  v_m2t/R02 22.75%  v_m2t/R03 34.18%  v_m2t/R05 41.63%  v_m2t/R10 53.52%  v_m2t/MedR 9.0%
[20/04/26 22:24:37][src.callback.progress][INFO] - Epoch 437 step 83950/192: loss 1.059e-01
[20/04/26 22:24:47][src.callback.progress][INFO] - Epoch 437 step 84000/192: loss 9.669e-02
[20/04/26 22:24:57][src.callback.progress][INFO] - Epoch 437 step 84050/192: loss 8.255e-02
[20/04/26 22:25:07][src.callback.progress][INFO] - Epoch 437: v_recons 1.896e-01  recons 8.425e-02  v_loss 3.858e-01  loss 9.487e-02  v_latent 1.281e+00  latent 6.725e-01  v_kl 8.765e+01  kl 3.623e+01  v_contrastive 1.953e+00  contrastive 1.025e-01  v_t2m/len 1530  v_t2m/R01 19.07%  v_t2m/R02 23.13%  v_t2m/R03 32.47%  v_t2m/R05 40.52%  v_t2m/R10 52.93%  v_t2m/MedR 9.0%  v_m2t/len 1530  v_m2t/R01 20.06%  v_m2t/R02 23.01%  v_m2t/R03 32.54%  v_m2t/R05 41.75%  v_m2t/R10 52.02%  v_m2t/MedR 9.0%
[20/04/26 22:25:13][src.callback.progress][INFO] - Epoch 438 step 84100/192: loss 9.029e-02
[20/04/26 22:25:22][src.callback.progress][INFO] - Epoch 438 step 84150/192: loss 8.938e-02
[20/04/26 22:25:32][src.callback.progress][INFO] - Epoch 438 step 84200/192: loss 8.907e-02
[20/04/26 22:25:42][src.callback.progress][INFO] - Epoch 438 step 84250/192: loss 9.906e-02
[20/04/26 22:25:51][src.callback.progress][INFO] - Epoch 438: v_recons 1.898e-01  recons 8.456e-02  v_loss 3.867e-01  loss 9.530e-02  v_latent 1.289e+00  latent 6.752e-01  v_kl 8.902e+01  kl 3.629e+01  v_contrastive 1.960e+00  contrastive 1.037e-01  v_t2m/len 1530  v_t2m/R01 18.69%  v_t2m/R02 23.01%  v_t2m/R03 32.47%  v_t2m/R05 41.18%  v_t2m/R10 53.45%  v_t2m/MedR 9.0%  v_m2t/len 1530  v_m2t/R01 20.78%  v_m2t/R02 23.32%  v_m2t/R03 33.0%  v_m2t/R05 41.75%  v_m2t/R10 52.54%  v_m2t/MedR 9.0%
[20/04/26 22:25:58][src.callback.progress][INFO] - Epoch 439 step 84300/192: loss 1.008e-01
[20/04/26 22:26:08][src.callback.progress][INFO] - Epoch 439 step 84350/192: loss 8.676e-02
[20/04/26 22:26:18][src.callback.progress][INFO] - Epoch 439 step 84400/192: loss 8.621e-02
[20/04/26 22:26:28][src.callback.progress][INFO] - Epoch 439 step 84450/192: loss 9.401e-02
[20/04/26 22:26:36][src.callback.progress][INFO] - Epoch 439: v_recons 1.885e-01  recons 8.495e-02  v_loss 3.849e-01  loss 9.596e-02  v_latent 1.283e+00  latent 6.812e-01  v_kl 8.839e+01  kl 3.672e+01  v_contrastive 1.955e+00  contrastive 1.063e-01  v_t2m/len 1530  v_t2m/R01 17.96%  v_t2m/R02 21.82%  v_t2m/R03 32.22%  v_t2m/R05 42.29%  v_t2m/R10 53.79%  v_t2m/MedR 8.0%  v_m2t/len 1530  v_m2t/R01 20.52%  v_m2t/R02 23.01%  v_m2t/R03 33.59%  v_m2t/R05 42.02%  v_m2t/R10 53.13%  v_m2t/MedR 9.0%
[20/04/26 22:26:44][src.callback.progress][INFO] - Epoch 440 step 84500/192: loss 9.748e-02
[20/04/26 22:26:54][src.callback.progress][INFO] - Epoch 440 step 84550/192: loss 9.438e-02
[20/04/26 22:27:04][src.callback.progress][INFO] - Epoch 440 step 84600/192: loss 1.022e-01
[20/04/26 22:27:14][src.callback.progress][INFO] - Epoch 440 step 84650/192: loss 8.099e-02
[20/04/26 22:27:20][src.callback.progress][INFO] - Epoch 440: v_recons 1.883e-01  recons 8.408e-02  v_loss 3.831e-01  loss 9.473e-02  v_latent 1.280e+00  latent 6.730e-01  v_kl 8.810e+01  kl 3.631e+01  v_contrastive 1.939e+00  contrastive 1.027e-01  v_t2m/len 1530  v_t2m/R01 18.17%  v_t2m/R02 23.2%  v_t2m/R03 33.13%  v_t2m/R05 41.83%  v_t2m/R10 54.77%  v_t2m/MedR 8.5%  v_m2t/len 1530  v_m2t/R01 21.04%  v_m2t/R02 24.3%  v_m2t/R03 33.4%  v_m2t/R05 41.75%  v_m2t/R10 52.93%  v_m2t/MedR 9.0%
[20/04/26 22:27:30][src.callback.progress][INFO] - Epoch 441 step 84700/192: loss 9.263e-02
[20/04/26 22:27:40][src.callback.progress][INFO] - Epoch 441 step 84750/192: loss 9.091e-02
[20/04/26 22:27:50][src.callback.progress][INFO] - Epoch 441 step 84800/192: loss 9.050e-02
[20/04/26 22:28:00][src.callback.progress][INFO] - Epoch 441 step 84850/192: loss 1.036e-01
[20/04/26 22:28:05][src.callback.progress][INFO] - Epoch 441: v_recons 1.881e-01  recons 8.370e-02  v_loss 3.806e-01  loss 9.420e-02  v_latent 1.277e+00  latent 6.701e-01  v_kl 8.762e+01  kl 3.612e+01  v_contrastive 1.916e+00  contrastive 1.013e-01  v_t2m/len 1530  v_t2m/R01 18.55%  v_t2m/R02 22.75%  v_t2m/R03 32.61%  v_t2m/R05 41.43%  v_t2m/R10 53.91%  v_t2m/MedR 9.0%  v_m2t/len 1530  v_m2t/R01 21.04%  v_m2t/R02 24.04%  v_m2t/R03 33.33%  v_m2t/R05 41.43%  v_m2t/R10 52.02%  v_m2t/MedR 9.0%
[20/04/26 22:28:17][src.callback.progress][INFO] - Epoch 442 step 84900/192: loss 9.506e-02
[20/04/26 22:28:27][src.callback.progress][INFO] - Epoch 442 step 84950/192: loss 9.437e-02
[20/04/26 22:28:37][src.callback.progress][INFO] - Epoch 442 step 85000/192: loss 8.983e-02
[20/04/26 22:28:47][src.callback.progress][INFO] - Epoch 442 step 85050/192: loss 1.008e-01
[20/04/26 22:28:50][src.callback.progress][INFO] - Epoch 442: v_recons 1.894e-01  recons 8.404e-02  v_loss 3.864e-01  loss 9.467e-02  v_latent 1.289e+00  latent 6.725e-01  v_kl 8.914e+01  kl 3.619e+01  v_contrastive 1.961e+00  contrastive 1.026e-01  v_t2m/len 1530  v_t2m/R01 18.5%  v_t2m/R02 23.45%  v_t2m/R03 32.41%  v_t2m/R05 41.75%  v_t2m/R10 53.79%  v_t2m/MedR 8.0%  v_m2t/len 1530  v_m2t/R01 19.67%  v_m2t/R02 22.29%  v_m2t/R03 32.41%  v_m2t/R05 40.65%  v_m2t/R10 51.95%  v_m2t/MedR 9.0%
[20/04/26 22:29:03][src.callback.progress][INFO] - Epoch 443 step 85100/192: loss 9.330e-02
[20/04/26 22:29:13][src.callback.progress][INFO] - Epoch 443 step 85150/192: loss 9.487e-02
[20/04/26 22:29:23][src.callback.progress][INFO] - Epoch 443 step 85200/192: loss 9.307e-02
[20/04/26 22:29:34][src.callback.progress][INFO] - Epoch 443: v_recons 1.866e-01  recons 8.393e-02  v_loss 3.828e-01  loss 9.460e-02  v_latent 1.282e+00  latent 6.738e-01  v_kl 8.811e+01  kl 3.635e+01  v_contrastive 1.953e+00  contrastive 1.030e-01  v_t2m/len 1530  v_t2m/R01 19.54%  v_t2m/R02 22.87%  v_t2m/R03 32.88%  v_t2m/R05 40.84%  v_t2m/R10 53.72%  v_t2m/MedR 9.0%  v_m2t/len 1530  v_m2t/R01 20.12%  v_m2t/R02 24.04%  v_m2t/R03 33.52%  v_m2t/R05 41.56%  v_m2t/R10 51.75%  v_m2t/MedR 9.0%
[20/04/26 22:29:39][src.callback.progress][INFO] - Epoch 444 step 85250/192: loss 8.301e-02
[20/04/26 22:29:49][src.callback.progress][INFO] - Epoch 444 step 85300/192: loss 9.474e-02
[20/04/26 22:29:59][src.callback.progress][INFO] - Epoch 444 step 85350/192: loss 1.018e-01
[20/04/26 22:30:09][src.callback.progress][INFO] - Epoch 444 step 85400/192: loss 9.030e-02
[20/04/26 22:30:19][src.callback.progress][INFO] - Epoch 444: v_recons 1.893e-01  recons 8.376e-02  v_loss 3.843e-01  loss 9.413e-02  v_latent 1.282e+00  latent 6.715e-01  v_kl 8.855e+01  kl 3.629e+01  v_contrastive 1.942e+00  contrastive 9.997e-02  v_t2m/len 1530  v_t2m/R01 17.78%  v_t2m/R02 22.47%  v_t2m/R03 32.81%  v_t2m/R05 41.75%  v_t2m/R10 53.99%  v_t2m/MedR 9.0%  v_m2t/len 1530  v_m2t/R01 19.93%  v_m2t/R02 22.94%  v_m2t/R03 33.0%  v_m2t/R05 40.97%  v_m2t/R10 52.15%  v_m2t/MedR 9.0%
[20/04/26 22:30:25][src.callback.progress][INFO] - Epoch 445 step 85450/192: loss 1.119e-01
[20/04/26 22:30:35][src.callback.progress][INFO] - Epoch 445 step 85500/192: loss 9.744e-02
[20/04/26 22:30:45][src.callback.progress][INFO] - Epoch 445 step 85550/192: loss 8.341e-02
[20/04/26 22:30:55][src.callback.progress][INFO] - Epoch 445 step 85600/192: loss 9.199e-02
[20/04/26 22:31:03][src.callback.progress][INFO] - Epoch 445: v_recons 1.892e-01  recons 8.497e-02  v_loss 3.850e-01  loss 9.566e-02  v_latent 1.286e+00  latent 6.796e-01  v_kl 8.914e+01  kl 3.685e+01  v_contrastive 1.950e+00  contrastive 1.031e-01  v_t2m/len 1530  v_t2m/R01 17.9%  v_t2m/R02 21.82%  v_t2m/R03 32.54%  v_t2m/R05 40.97%  v_t2m/R10 53.72%  v_t2m/MedR 9.0%  v_m2t/len 1530  v_m2t/R01 20.97%  v_m2t/R02 23.65%  v_m2t/R03 31.76%  v_m2t/R05 39.93%  v_m2t/R10 52.61%  v_m2t/MedR 9.0%
[20/04/26 22:31:11][src.callback.progress][INFO] - Epoch 446 step 85650/192: loss 8.483e-02
[20/04/26 22:31:21][src.callback.progress][INFO] - Epoch 446 step 85700/192: loss 1.048e-01
[20/04/26 22:31:31][src.callback.progress][INFO] - Epoch 446 step 85750/192: loss 8.565e-02
[20/04/26 22:31:41][src.callback.progress][INFO] - Epoch 446 step 85800/192: loss 1.024e-01
[20/04/26 22:31:47][src.callback.progress][INFO] - Epoch 446: v_recons 1.875e-01  recons 8.359e-02  v_loss 3.820e-01  loss 9.401e-02  v_latent 1.280e+00  latent 6.737e-01  v_kl 8.799e+01  kl 3.649e+01  v_contrastive 1.936e+00  contrastive 1.004e-01  v_t2m/len 1530  v_t2m/R01 17.78%  v_t2m/R02 22.61%  v_t2m/R03 32.88%  v_t2m/R05 41.18%  v_t2m/R10 53.86%  v_t2m/MedR 9.0%  v_m2t/len 1530  v_m2t/R01 20.45%  v_m2t/R02 23.72%  v_m2t/R03 34.31%  v_m2t/R05 41.56%  v_m2t/R10 52.29%  v_m2t/MedR 9.0%
[20/04/26 22:31:57][src.callback.progress][INFO] - Epoch 447 step 85850/192: loss 8.561e-02
[20/04/26 22:32:07][src.callback.progress][INFO] - Epoch 447 step 85900/192: loss 9.841e-02
[20/04/26 22:32:17][src.callback.progress][INFO] - Epoch 447 step 85950/192: loss 9.807e-02
[20/04/26 22:32:27][src.callback.progress][INFO] - Epoch 447 step 86000/192: loss 8.551e-02
[20/04/26 22:32:32][src.callback.progress][INFO] - Epoch 447: v_recons 1.912e-01  recons 8.378e-02  v_loss 3.879e-01  loss 9.429e-02  v_latent 1.286e+00  latent 6.741e-01  v_kl 8.901e+01  kl 3.662e+01  v_contrastive 1.958e+00  contrastive 1.013e-01  v_t2m/len 1530  v_t2m/R01 18.17%  v_t2m/R02 22.61%  v_t2m/R03 32.29%  v_t2m/R05 40.77%  v_t2m/R10 53.33%  v_t2m/MedR 9.0%  v_m2t/len 1530  v_m2t/R01 19.87%  v_m2t/R02 23.13%  v_m2t/R03 33.45%  v_m2t/R05 40.72%  v_m2t/R10 51.04%  v_m2t/MedR 10.0%
[20/04/26 22:32:44][src.callback.progress][INFO] - Epoch 448 step 86050/192: loss 9.554e-02
[20/04/26 22:32:54][src.callback.progress][INFO] - Epoch 448 step 86100/192: loss 9.100e-02
[20/04/26 22:33:04][src.callback.progress][INFO] - Epoch 448 step 86150/192: loss 1.199e-01
[20/04/26 22:33:14][src.callback.progress][INFO] - Epoch 448 step 86200/192: loss 9.344e-02
[20/04/26 22:33:17][src.callback.progress][INFO] - Epoch 448: v_recons 1.894e-01  recons 8.398e-02  v_loss 3.866e-01  loss 9.450e-02  v_latent 1.288e+00  latent 6.767e-01  v_kl 8.926e+01  kl 3.674e+01  v_contrastive 1.964e+00  contrastive 1.015e-01  v_t2m/len 1530  v_t2m/R01 18.29%  v_t2m/R02 22.61%  v_t2m/R03 32.88%  v_t2m/R05 40.52%  v_t2m/R10 53.65%  v_t2m/MedR 9.0%  v_m2t/len 1530  v_m2t/R01 21.18%  v_m2t/R02 24.3%  v_m2t/R03 34.25%  v_m2t/R05 41.83%  v_m2t/R10 52.54%  v_m2t/MedR 9.0%
[20/04/26 22:33:30][src.callback.progress][INFO] - Epoch 449 step 86250/192: loss 8.607e-02
[20/04/26 22:33:40][src.callback.progress][INFO] - Epoch 449 step 86300/192: loss 8.840e-02
[20/04/26 22:33:50][src.callback.progress][INFO] - Epoch 449 step 86350/192: loss 9.521e-02
[20/04/26 22:34:00][src.callback.progress][INFO] - Epoch 449 step 86400/192: loss 9.008e-02
[20/04/26 22:34:01][src.callback.progress][INFO] - Epoch 449: v_recons 1.897e-01  recons 8.383e-02  v_loss 3.858e-01  loss 9.445e-02  v_latent 1.282e+00  latent 6.750e-01  v_kl 8.888e+01  kl 3.662e+01  v_contrastive 1.952e+00  contrastive 1.024e-01  v_t2m/len 1530  v_t2m/R01 17.05%  v_t2m/R02 22.15%  v_t2m/R03 31.95%  v_t2m/R05 41.63%  v_t2m/R10 53.91%  v_t2m/MedR 9.0%  v_m2t/len 1530  v_m2t/R01 20.26%  v_m2t/R02 23.06%  v_m2t/R03 32.54%  v_m2t/R05 40.84%  v_m2t/R10 52.75%  v_m2t/MedR 9.0%
[20/04/26 22:34:16][src.callback.progress][INFO] - Epoch 450 step 86450/192: loss 1.031e-01
[20/04/26 22:34:26][src.callback.progress][INFO] - Epoch 450 step 86500/192: loss 8.773e-02
[20/04/26 22:34:36][src.callback.progress][INFO] - Epoch 450 step 86550/192: loss 8.452e-02
[20/04/26 22:34:45][src.callback.progress][INFO] - Epoch 450: v_recons 1.888e-01  recons 8.371e-02  v_loss 3.836e-01  loss 9.411e-02  v_latent 1.288e+00  latent 6.726e-01  v_kl 8.958e+01  kl 3.651e+01  v_contrastive 1.938e+00  contrastive 1.002e-01  v_t2m/len 1530  v_t2m/R01 18.62%  v_t2m/R02 22.75%  v_t2m/R03 32.41%  v_t2m/R05 41.56%  v_t2m/R10 54.11%  v_t2m/MedR 8.0%  v_m2t/len 1530  v_m2t/R01 21.11%  v_m2t/R02 23.59%  v_m2t/R03 32.29%  v_m2t/R05 41.04%  v_m2t/R10 52.88%  v_m2t/MedR 9.0%
[20/04/26 22:34:52][src.callback.progress][INFO] - Epoch 451 step 86600/192: loss 9.593e-02
[20/04/26 22:35:01][src.callback.progress][INFO] - Epoch 451 step 86650/192: loss 8.707e-02
[20/04/26 22:35:11][src.callback.progress][INFO] - Epoch 451 step 86700/192: loss 9.890e-02
[20/04/26 22:35:21][src.callback.progress][INFO] - Epoch 451 step 86750/192: loss 9.430e-02
[20/04/26 22:35:30][src.callback.progress][INFO] - Epoch 451: v_recons 1.884e-01  recons 8.360e-02  v_loss 3.830e-01  loss 9.399e-02  v_latent 1.288e+00  latent 6.734e-01  v_kl 8.929e+01  kl 3.663e+01  v_contrastive 1.937e+00  contrastive 1.001e-01  v_t2m/len 1530  v_t2m/R01 18.37%  v_t2m/R02 22.61%  v_t2m/R03 32.75%  v_t2m/R05 41.18%  v_t2m/R10 54.63%  v_t2m/MedR 9.0%  v_m2t/len 1530  v_m2t/R01 19.47%  v_m2t/R02 23.06%  v_m2t/R03 32.22%  v_m2t/R05 41.31%  v_m2t/R10 52.34%  v_m2t/MedR 9.0%
[20/04/26 22:35:38][src.callback.progress][INFO] - Epoch 452 step 86800/192: loss 8.521e-02
[20/04/26 22:35:49][src.callback.progress][INFO] - Epoch 452 step 86850/192: loss 9.359e-02
[20/04/26 22:35:59][src.callback.progress][INFO] - Epoch 452 step 86900/192: loss 9.040e-02
[20/04/26 22:36:09][src.callback.progress][INFO] - Epoch 452 step 86950/192: loss 8.703e-02
[20/04/26 22:36:16][src.callback.progress][INFO] - Epoch 452: v_recons 1.882e-01  recons 8.309e-02  v_loss 3.835e-01  loss 9.344e-02  v_latent 1.292e+00  latent 6.683e-01  v_kl 8.979e+01  kl 3.628e+01  v_contrastive 1.944e+00  contrastive 9.980e-02  v_t2m/len 1530  v_t2m/R01 18.37%  v_t2m/R02 22.68%  v_t2m/R03 32.54%  v_t2m/R05 41.31%  v_t2m/R10 52.93%  v_t2m/MedR 9.0%  v_m2t/len 1530  v_m2t/R01 20.85%  v_m2t/R02 23.92%  v_m2t/R03 32.54%  v_m2t/R05 40.77%  v_m2t/R10 52.93%  v_m2t/MedR 9.0%
[20/04/26 22:36:26][src.callback.progress][INFO] - Epoch 453 step 87000/192: loss 8.394e-02
[20/04/26 22:36:37][src.callback.progress][INFO] - Epoch 453 step 87050/192: loss 8.830e-02
[20/04/26 22:36:47][src.callback.progress][INFO] - Epoch 453 step 87100/192: loss 9.338e-02
[20/04/26 22:36:57][src.callback.progress][INFO] - Epoch 453 step 87150/192: loss 8.410e-02
[20/04/26 22:37:03][src.callback.progress][INFO] - Epoch 453: v_recons 1.890e-01  recons 8.321e-02  v_loss 3.843e-01  loss 9.333e-02  v_latent 1.293e+00  latent 6.668e-01  v_kl 8.821e+01  kl 3.618e+01  v_contrastive 1.945e+00  contrastive 9.757e-02  v_t2m/len 1530  v_t2m/R01 18.29%  v_t2m/R02 22.47%  v_t2m/R03 32.88%  v_t2m/R05 40.77%  v_t2m/R10 53.4%  v_t2m/MedR 9.0%  v_m2t/len 1530  v_m2t/R01 18.81%  v_m2t/R02 22.94%  v_m2t/R03 33.52%  v_m2t/R05 41.56%  v_m2t/R10 51.75%  v_m2t/MedR 9.0%
[20/04/26 22:37:14][src.callback.progress][INFO] - Epoch 454 step 87200/192: loss 9.546e-02
[20/04/26 22:37:24][src.callback.progress][INFO] - Epoch 454 step 87250/192: loss 8.912e-02
[20/04/26 22:37:34][src.callback.progress][INFO] - Epoch 454 step 87300/192: loss 9.749e-02
[20/04/26 22:37:44][src.callback.progress][INFO] - Epoch 454 step 87350/192: loss 8.129e-02
[20/04/26 22:37:48][src.callback.progress][INFO] - Epoch 454: v_recons 1.882e-01  recons 8.262e-02  v_loss 3.839e-01  loss 9.281e-02  v_latent 1.295e+00  latent 6.700e-01  v_kl 8.911e+01  kl 3.638e+01  v_contrastive 1.947e+00  contrastive 9.821e-02  v_t2m/len 1530  v_t2m/R01 19.07%  v_t2m/R02 24.18%  v_t2m/R03 33.59%  v_t2m/R05 42.02%  v_t2m/R10 53.59%  v_t2m/MedR 9.0%  v_m2t/len 1530  v_m2t/R01 19.73%  v_m2t/R02 22.87%  v_m2t/R03 32.54%  v_m2t/R05 41.11%  v_m2t/R10 52.41%  v_m2t/MedR 9.0%
[20/04/26 22:38:01][src.callback.progress][INFO] - Epoch 455 step 87400/192: loss 8.577e-02
[20/04/26 22:38:11][src.callback.progress][INFO] - Epoch 455 step 87450/192: loss 8.439e-02
[20/04/26 22:38:22][src.callback.progress][INFO] - Epoch 455 step 87500/192: loss 9.749e-02
[20/04/26 22:38:32][src.callback.progress][INFO] - Epoch 455 step 87550/192: loss 9.491e-02
[20/04/26 22:38:34][src.callback.progress][INFO] - Epoch 455: v_recons 1.893e-01  recons 8.260e-02  v_loss 3.857e-01  loss 9.274e-02  v_latent 1.297e+00  latent 6.690e-01  v_kl 8.996e+01  kl 3.632e+01  v_contrastive 1.955e+00  contrastive 9.776e-02  v_t2m/len 1530  v_t2m/R01 18.62%  v_t2m/R02 23.01%  v_t2m/R03 32.93%  v_t2m/R05 41.43%  v_t2m/R10 53.99%  v_t2m/MedR 9.0%  v_m2t/len 1530  v_m2t/R01 20.59%  v_m2t/R02 23.39%  v_m2t/R03 32.81%  v_m2t/R05 40.97%  v_m2t/R10 52.34%  v_m2t/MedR 9.0%
[20/04/26 22:38:48][src.callback.progress][INFO] - Epoch 456 step 87600/192: loss 9.715e-02
[20/04/26 22:38:58][src.callback.progress][INFO] - Epoch 456 step 87650/192: loss 9.078e-02
[20/04/26 22:39:08][src.callback.progress][INFO] - Epoch 456 step 87700/192: loss 9.005e-02
[20/04/26 22:39:19][src.callback.progress][INFO] - Epoch 456: v_recons 1.875e-01  recons 8.285e-02  v_loss 3.819e-01  loss 9.313e-02  v_latent 1.292e+00  latent 6.717e-01  v_kl 8.956e+01  kl 3.653e+01  v_contrastive 1.936e+00  contrastive 9.907e-02  v_t2m/len 1530  v_t2m/R01 19.79%  v_t2m/R02 24.12%  v_t2m/R03 33.99%  v_t2m/R05 41.9%  v_t2m/R10 55.02%  v_t2m/MedR 9.0%  v_m2t/len 1530  v_m2t/R01 20.38%  v_m2t/R02 23.27%  v_m2t/R03 33.33%  v_m2t/R05 42.68%  v_m2t/R10 52.88%  v_m2t/MedR 9.0%
[20/04/26 22:39:25][src.callback.progress][INFO] - Epoch 457 step 87750/192: loss 1.022e-01
[20/04/26 22:39:35][src.callback.progress][INFO] - Epoch 457 step 87800/192: loss 1.011e-01
[20/04/26 22:39:45][src.callback.progress][INFO] - Epoch 457 step 87850/192: loss 8.799e-02
[20/04/26 22:39:55][src.callback.progress][INFO] - Epoch 457 step 87900/192: loss 8.608e-02
[20/04/26 22:40:04][src.callback.progress][INFO] - Epoch 457: v_recons 1.892e-01  recons 8.233e-02  v_loss 3.857e-01  loss 9.243e-02  v_latent 1.295e+00  latent 6.672e-01  v_kl 9.077e+01  kl 3.629e+01  v_contrastive 1.956e+00  contrastive 9.730e-02  v_t2m/len 1530  v_t2m/R01 20.2%  v_t2m/R02 24.37%  v_t2m/R03 33.33%  v_t2m/R05 42.22%  v_t2m/R10 53.06%  v_t2m/MedR 9.0%  v_m2t/len 1530  v_m2t/R01 21.44%  v_m2t/R02 24.37%  v_m2t/R03 34.7%  v_m2t/R05 42.29%  v_m2t/R10 53.33%  v_m2t/MedR 9.0%
[20/04/26 22:40:11][src.callback.progress][INFO] - Epoch 458 step 87950/192: loss 9.446e-02
[20/04/26 22:40:21][src.callback.progress][INFO] - Epoch 458 step 88000/192: loss 1.014e-01
[20/04/26 22:40:31][src.callback.progress][INFO] - Epoch 458 step 88050/192: loss 8.206e-02
[20/04/26 22:40:41][src.callback.progress][INFO] - Epoch 458 step 88100/192: loss 1.048e-01
[20/04/26 22:40:48][src.callback.progress][INFO] - Epoch 458: v_recons 1.891e-01  recons 8.238e-02  v_loss 3.839e-01  loss 9.246e-02  v_latent 1.292e+00  latent 6.693e-01  v_kl 9.005e+01  kl 3.640e+01  v_contrastive 1.939e+00  contrastive 9.711e-02  v_t2m/len 1530  v_t2m/R01 18.69%  v_t2m/R02 23.27%  v_t2m/R03 32.29%  v_t2m/R05 41.18%  v_t2m/R10 53.45%  v_t2m/MedR 9.0%  v_m2t/len 1530  v_m2t/R01 21.76%  v_m2t/R02 23.53%  v_m2t/R03 32.02%  v_m2t/R05 41.83%  v_m2t/R10 52.75%  v_m2t/MedR 9.0%
[20/04/26 22:40:57][src.callback.progress][INFO] - Epoch 459 step 88150/192: loss 1.009e-01
[20/04/26 22:41:07][src.callback.progress][INFO] - Epoch 459 step 88200/192: loss 8.194e-02
[20/04/26 22:41:17][src.callback.progress][INFO] - Epoch 459 step 88250/192: loss 9.303e-02
[20/04/26 22:41:27][src.callback.progress][INFO] - Epoch 459 step 88300/192: loss 9.105e-02
[20/04/26 22:41:32][src.callback.progress][INFO] - Epoch 459: v_recons 1.894e-01  recons 8.262e-02  v_loss 3.864e-01  loss 9.277e-02  v_latent 1.296e+00  latent 6.692e-01  v_kl 9.013e+01  kl 3.643e+01  v_contrastive 1.961e+00  contrastive 9.773e-02  v_t2m/len 1530  v_t2m/R01 18.37%  v_t2m/R02 23.45%  v_t2m/R03 32.88%  v_t2m/R05 41.83%  v_t2m/R10 53.91%  v_t2m/MedR 9.0%  v_m2t/len 1530  v_m2t/R01 20.85%  v_m2t/R02 23.39%  v_m2t/R03 32.88%  v_m2t/R05 42.29%  v_m2t/R10 51.63%  v_m2t/MedR 9.0%
[20/04/26 22:41:43][src.callback.progress][INFO] - Epoch 460 step 88350/192: loss 8.457e-02
[20/04/26 22:41:53][src.callback.progress][INFO] - Epoch 460 step 88400/192: loss 9.627e-02
[20/04/26 22:42:02][src.callback.progress][INFO] - Epoch 460 step 88450/192: loss 1.113e-01
[20/04/26 22:42:12][src.callback.progress][INFO] - Epoch 460 step 88500/192: loss 9.112e-02
[20/04/26 22:42:16][src.callback.progress][INFO] - Epoch 460: v_recons 1.895e-01  recons 8.250e-02  v_loss 3.867e-01  loss 9.255e-02  v_latent 1.301e+00  latent 6.688e-01  v_kl 9.044e+01  kl 3.641e+01  v_contrastive 1.963e+00  contrastive 9.676e-02  v_t2m/len 1530  v_t2m/R01 18.37%  v_t2m/R02 23.32%  v_t2m/R03 32.34%  v_t2m/R05 41.04%  v_t2m/R10 52.41%  v_t2m/MedR 9.0%  v_m2t/len 1530  v_m2t/R01 20.26%  v_m2t/R02 23.39%  v_m2t/R03 32.15%  v_m2t/R05 41.5%  v_m2t/R10 51.7%  v_m2t/MedR 9.0%
[20/04/26 22:42:28][src.callback.progress][INFO] - Epoch 461 step 88550/192: loss 1.092e-01
[20/04/26 22:42:38][src.callback.progress][INFO] - Epoch 461 step 88600/192: loss 9.783e-02
[20/04/26 22:42:48][src.callback.progress][INFO] - Epoch 461 step 88650/192: loss 8.186e-02
[20/04/26 22:42:58][src.callback.progress][INFO] - Epoch 461 step 88700/192: loss 8.686e-02
[20/04/26 22:43:00][src.callback.progress][INFO] - Epoch 461: v_recons 1.883e-01  recons 8.208e-02  v_loss 3.841e-01  loss 9.200e-02  v_latent 1.293e+00  latent 6.659e-01  v_kl 9.070e+01  kl 3.639e+01  v_contrastive 1.949e+00  contrastive 9.548e-02  v_t2m/len 1530  v_t2m/R01 18.76%  v_t2m/R02 22.03%  v_t2m/R03 32.15%  v_t2m/R05 41.24%  v_t2m/R10 53.59%  v_t2m/MedR 9.0%  v_m2t/len 1530  v_m2t/R01 21.89%  v_m2t/R02 24.25%  v_m2t/R03 33.13%  v_m2t/R05 40.97%  v_m2t/R10 53.06%  v_m2t/MedR 9.0%
[20/04/26 22:43:14][src.callback.progress][INFO] - Epoch 462 step 88750/192: loss 9.396e-02
[20/04/26 22:43:24][src.callback.progress][INFO] - Epoch 462 step 88800/192: loss 9.873e-02
[20/04/26 22:43:34][src.callback.progress][INFO] - Epoch 462 step 88850/192: loss 9.218e-02
[20/04/26 22:43:45][src.callback.progress][INFO] - Epoch 462: v_recons 1.883e-01  recons 8.263e-02  v_loss 3.861e-01  loss 9.274e-02  v_latent 1.304e+00  latent 6.686e-01  v_kl 9.061e+01  kl 3.637e+01  v_contrastive 1.969e+00  contrastive 9.734e-02  v_t2m/len 1530  v_t2m/R01 19.67%  v_t2m/R02 23.65%  v_t2m/R03 32.34%  v_t2m/R05 41.04%  v_t2m/R10 52.54%  v_t2m/MedR 9.0%  v_m2t/len 1530  v_m2t/R01 21.18%  v_m2t/R02 24.04%  v_m2t/R03 33.06%  v_m2t/R05 40.52%  v_m2t/R10 51.83%  v_m2t/MedR 9.0%
[20/04/26 22:43:50][src.callback.progress][INFO] - Epoch 463 step 88900/192: loss 1.035e-01
[20/04/26 22:44:00][src.callback.progress][INFO] - Epoch 463 step 88950/192: loss 9.753e-02
[20/04/26 22:44:10][src.callback.progress][INFO] - Epoch 463 step 89000/192: loss 7.719e-02
[20/04/26 22:44:20][src.callback.progress][INFO] - Epoch 463 step 89050/192: loss 1.076e-01
[20/04/26 22:44:29][src.callback.progress][INFO] - Epoch 463: v_recons 1.890e-01  recons 8.229e-02  v_loss 3.864e-01  loss 9.233e-02  v_latent 1.305e+00  latent 6.668e-01  v_kl 9.150e+01  kl 3.637e+01  v_contrastive 1.965e+00  contrastive 9.672e-02  v_t2m/len 1530  v_t2m/R01 18.81%  v_t2m/R02 23.45%  v_t2m/R03 32.09%  v_t2m/R05 41.36%  v_t2m/R10 54.25%  v_t2m/MedR 9.0%  v_m2t/len 1530  v_m2t/R01 22.15%  v_m2t/R02 24.84%  v_m2t/R03 33.13%  v_m2t/R05 41.11%  v_m2t/R10 52.02%  v_m2t/MedR 9.0%
[20/04/26 22:44:36][src.callback.progress][INFO] - Epoch 464 step 89100/192: loss 8.256e-02
[20/04/26 22:44:46][src.callback.progress][INFO] - Epoch 464 step 89150/192: loss 1.061e-01
[20/04/26 22:44:56][src.callback.progress][INFO] - Epoch 464 step 89200/192: loss 9.018e-02
[20/04/26 22:45:06][src.callback.progress][INFO] - Epoch 464 step 89250/192: loss 8.873e-02
[20/04/26 22:45:13][src.callback.progress][INFO] - Epoch 464: v_recons 1.883e-01  recons 8.263e-02  v_loss 3.856e-01  loss 9.260e-02  v_latent 1.298e+00  latent 6.695e-01  v_kl 9.112e+01  kl 3.653e+01  v_contrastive 1.963e+00  contrastive 9.601e-02  v_t2m/len 1530  v_t2m/R01 18.69%  v_t2m/R02 22.87%  v_t2m/R03 31.3%  v_t2m/R05 41.75%  v_t2m/R10 54.25%  v_t2m/MedR 8.0%  v_m2t/len 1530  v_m2t/R01 22.15%  v_m2t/R02 25.22%  v_m2t/R03 33.79%  v_m2t/R05 42.22%  v_m2t/R10 52.61%  v_m2t/MedR 9.0%
[20/04/26 22:45:21][src.callback.progress][INFO] - Epoch 465 step 89300/192: loss 9.602e-02
[20/04/26 22:45:32][src.callback.progress][INFO] - Epoch 465 step 89350/192: loss 9.635e-02
[20/04/26 22:45:42][src.callback.progress][INFO] - Epoch 465 step 89400/192: loss 9.934e-02
[20/04/26 22:45:52][src.callback.progress][INFO] - Epoch 465 step 89450/192: loss 8.856e-02
[20/04/26 22:45:57][src.callback.progress][INFO] - Epoch 465: v_recons 1.885e-01  recons 8.246e-02  v_loss 3.890e-01  loss 9.254e-02  v_latent 1.309e+00  latent 6.707e-01  v_kl 9.143e+01  kl 3.675e+01  v_contrastive 1.995e+00  contrastive 9.704e-02  v_t2m/len 1530  v_t2m/R01 18.55%  v_t2m/R02 22.47%  v_t2m/R03 32.02%  v_t2m/R05 41.04%  v_t2m/R10 53.59%  v_t2m/MedR 9.0%  v_m2t/len 1530  v_m2t/R01 21.76%  v_m2t/R02 24.63%  v_m2t/R03 32.81%  v_m2t/R05 41.5%  v_m2t/R10 51.63%  v_m2t/MedR 9.0%
[20/04/26 22:46:07][src.callback.progress][INFO] - Epoch 466 step 89500/192: loss 8.603e-02
[20/04/26 22:46:17][src.callback.progress][INFO] - Epoch 466 step 89550/192: loss 8.984e-02
[20/04/26 22:46:27][src.callback.progress][INFO] - Epoch 466 step 89600/192: loss 1.135e-01
[20/04/26 22:46:37][src.callback.progress][INFO] - Epoch 466 step 89650/192: loss 8.464e-02
[20/04/26 22:46:42][src.callback.progress][INFO] - Epoch 466: v_recons 1.890e-01  recons 8.230e-02  v_loss 3.863e-01  loss 9.232e-02  v_latent 1.302e+00  latent 6.721e-01  v_kl 9.070e+01  kl 3.677e+01  v_contrastive 1.964e+00  contrastive 9.650e-02  v_t2m/len 1530  v_t2m/R01 18.37%  v_t2m/R02 23.39%  v_t2m/R03 32.15%  v_t2m/R05 40.45%  v_t2m/R10 53.52%  v_t2m/MedR 9.0%  v_m2t/len 1530  v_m2t/R01 21.44%  v_m2t/R02 23.59%  v_m2t/R03 33.33%  v_m2t/R05 41.43%  v_m2t/R10 52.47%  v_m2t/MedR 9.0%
[20/04/26 22:46:55][src.callback.progress][INFO] - Epoch 467 step 89700/192: loss 8.270e-02
[20/04/26 22:47:05][src.callback.progress][INFO] - Epoch 467 step 89750/192: loss 1.021e-01
[20/04/26 22:47:15][src.callback.progress][INFO] - Epoch 467 step 89800/192: loss 9.381e-02
[20/04/26 22:47:25][src.callback.progress][INFO] - Epoch 467 step 89850/192: loss 9.673e-02
[20/04/26 22:47:27][src.callback.progress][INFO] - Epoch 467: v_recons 1.895e-01  recons 8.231e-02  v_loss 3.903e-01  loss 9.232e-02  v_latent 1.310e+00  latent 6.686e-01  v_kl 9.126e+01  kl 3.652e+01  v_contrastive 1.999e+00  contrastive 9.646e-02  v_t2m/len 1530  v_t2m/R01 18.55%  v_t2m/R02 22.8%  v_t2m/R03 32.88%  v_t2m/R05 40.45%  v_t2m/R10 54.18%  v_t2m/MedR 9.0%  v_m2t/len 1530  v_m2t/R01 20.38%  v_m2t/R02 23.27%  v_m2t/R03 32.54%  v_m2t/R05 40.33%  v_m2t/R10 51.83%  v_m2t/MedR 9.0%
[20/04/26 22:47:42][src.callback.progress][INFO] - Epoch 468 step 89900/192: loss 8.739e-02
[20/04/26 22:47:52][src.callback.progress][INFO] - Epoch 468 step 89950/192: loss 8.302e-02
[20/04/26 22:48:02][src.callback.progress][INFO] - Epoch 468 step 90000/192: loss 8.273e-02
[20/04/26 22:48:13][src.callback.progress][INFO] - Epoch 468: v_recons 1.904e-01  recons 8.232e-02  v_loss 3.896e-01  loss 9.239e-02  v_latent 1.300e+00  latent 6.718e-01  v_kl 9.070e+01  kl 3.671e+01  v_contrastive 1.983e+00  contrastive 9.691e-02  v_t2m/len 1530  v_t2m/R01 19.35%  v_t2m/R02 23.65%  v_t2m/R03 32.34%  v_t2m/R05 41.24%  v_t2m/R10 53.72%  v_t2m/MedR 9.0%  v_m2t/len 1530  v_m2t/R01 21.82%  v_m2t/R02 24.89%  v_m2t/R03 33.91%  v_m2t/R05 42.34%  v_m2t/R10 52.54%  v_m2t/MedR 9.0%
[20/04/26 22:48:17][src.callback.progress][INFO] - Epoch 469 step 90050/192: loss 1.019e-01
[20/04/26 22:48:27][src.callback.progress][INFO] - Epoch 469 step 90100/192: loss 8.340e-02
[20/04/26 22:48:38][src.callback.progress][INFO] - Epoch 469 step 90150/192: loss 8.579e-02
[20/04/26 22:48:48][src.callback.progress][INFO] - Epoch 469 step 90200/192: loss 8.722e-02
[20/04/26 22:48:57][src.callback.progress][INFO] - Epoch 469: v_recons 1.885e-01  recons 8.155e-02  v_loss 3.874e-01  loss 9.156e-02  v_latent 1.306e+00  latent 6.681e-01  v_kl 9.215e+01  kl 3.650e+01  v_contrastive 1.980e+00  contrastive 9.644e-02  v_t2m/len 1530  v_t2m/R01 18.17%  v_t2m/R02 22.03%  v_t2m/R03 31.18%  v_t2m/R05 40.84%  v_t2m/R10 53.91%  v_t2m/MedR 9.0%  v_m2t/len 1530  v_m2t/R01 21.11%  v_m2t/R02 23.86%  v_m2t/R03 33.99%  v_m2t/R05 42.15%  v_m2t/R10 52.15%  v_m2t/MedR 9.0%
[20/04/26 22:49:04][src.callback.progress][INFO] - Epoch 470 step 90250/192: loss 9.870e-02
[20/04/26 22:49:14][src.callback.progress][INFO] - Epoch 470 step 90300/192: loss 9.103e-02
[20/04/26 22:49:24][src.callback.progress][INFO] - Epoch 470 step 90350/192: loss 9.494e-02
[20/04/26 22:49:34][src.callback.progress][INFO] - Epoch 470 step 90400/192: loss 7.887e-02
[20/04/26 22:49:42][src.callback.progress][INFO] - Epoch 470: v_recons 1.889e-01  recons 8.152e-02  v_loss 3.897e-01  loss 9.132e-02  v_latent 1.313e+00  latent 6.671e-01  v_kl 9.210e+01  kl 3.656e+01  v_contrastive 1.999e+00  contrastive 9.427e-02  v_t2m/len 1530  v_t2m/R01 17.05%  v_t2m/R02 21.23%  v_t2m/R03 33.2%  v_t2m/R05 42.22%  v_t2m/R10 53.65%  v_t2m/MedR 9.0%  v_m2t/len 1530  v_m2t/R01 21.7%  v_m2t/R02 23.86%  v_m2t/R03 34.25%  v_m2t/R05 41.43%  v_m2t/R10 51.5%  v_m2t/MedR 9.0%
[20/04/26 22:49:50][src.callback.progress][INFO] - Epoch 471 step 90450/192: loss 9.813e-02
[20/04/26 22:50:00][src.callback.progress][INFO] - Epoch 471 step 90500/192: loss 8.962e-02
[20/04/26 22:50:10][src.callback.progress][INFO] - Epoch 471 step 90550/192: loss 8.819e-02
[20/04/26 22:50:20][src.callback.progress][INFO] - Epoch 471 step 90600/192: loss 8.329e-02
[20/04/26 22:50:26][src.callback.progress][INFO] - Epoch 471: v_recons 1.892e-01  recons 8.172e-02  v_loss 3.892e-01  loss 9.170e-02  v_latent 1.312e+00  latent 6.682e-01  v_kl 9.215e+01  kl 3.664e+01  v_contrastive 1.991e+00  contrastive 9.605e-02  v_t2m/len 1530  v_t2m/R01 17.12%  v_t2m/R02 22.87%  v_t2m/R03 32.41%  v_t2m/R05 41.11%  v_t2m/R10 54.04%  v_t2m/MedR 9.0%  v_m2t/len 1530  v_m2t/R01 19.93%  v_m2t/R02 22.87%  v_m2t/R03 33.86%  v_m2t/R05 41.36%  v_m2t/R10 52.54%  v_m2t/MedR 9.0%
[20/04/26 22:50:36][src.callback.progress][INFO] - Epoch 472 step 90650/192: loss 1.024e-01
[20/04/26 22:50:46][src.callback.progress][INFO] - Epoch 472 step 90700/192: loss 8.626e-02
[20/04/26 22:50:56][src.callback.progress][INFO] - Epoch 472 step 90750/192: loss 8.298e-02
[20/04/26 22:51:06][src.callback.progress][INFO] - Epoch 472 step 90800/192: loss 8.796e-02
[20/04/26 22:51:11][src.callback.progress][INFO] - Epoch 472: v_recons 1.903e-01  recons 8.197e-02  v_loss 3.915e-01  loss 9.190e-02  v_latent 1.315e+00  latent 6.685e-01  v_kl 9.203e+01  kl 3.671e+01  v_contrastive 2.003e+00  contrastive 9.553e-02  v_t2m/len 1530  v_t2m/R01 18.04%  v_t2m/R02 22.29%  v_t2m/R03 32.15%  v_t2m/R05 39.86%  v_t2m/R10 53.59%  v_t2m/MedR 9.0%  v_m2t/len 1530  v_m2t/R01 20.12%  v_m2t/R02 22.8%  v_m2t/R03 32.09%  v_m2t/R05 40.13%  v_m2t/R10 50.59%  v_m2t/MedR 10.0%
[20/04/26 22:51:22][src.callback.progress][INFO] - Epoch 473 step 90850/192: loss 7.632e-02
[20/04/26 22:51:32][src.callback.progress][INFO] - Epoch 473 step 90900/192: loss 7.622e-02
[20/04/26 22:51:42][src.callback.progress][INFO] - Epoch 473 step 90950/192: loss 1.087e-01
[20/04/26 22:51:52][src.callback.progress][INFO] - Epoch 473 step 91000/192: loss 9.943e-02
[20/04/26 22:51:55][src.callback.progress][INFO] - Epoch 473: v_recons 1.901e-01  recons 8.197e-02  v_loss 3.903e-01  loss 9.178e-02  v_latent 1.309e+00  latent 6.698e-01  v_kl 9.169e+01  kl 3.668e+01  v_contrastive 1.992e+00  contrastive 9.428e-02  v_t2m/len 1530  v_t2m/R01 18.43%  v_t2m/R02 22.54%  v_t2m/R03 32.47%  v_t2m/R05 41.04%  v_t2m/R10 53.13%  v_t2m/MedR 9.0%  v_m2t/len 1530  v_m2t/R01 21.7%  v_m2t/R02 23.98%  v_m2t/R03 33.52%  v_m2t/R05 40.72%  v_m2t/R10 50.77%  v_m2t/MedR 9.0%
[20/04/26 22:52:08][src.callback.progress][INFO] - Epoch 474 step 91050/192: loss 9.161e-02
[20/04/26 22:52:18][src.callback.progress][INFO] - Epoch 474 step 91100/192: loss 9.231e-02
[20/04/26 22:52:28][src.callback.progress][INFO] - Epoch 474 step 91150/192: loss 9.728e-02
[20/04/26 22:52:38][src.callback.progress][INFO] - Epoch 474 step 91200/192: loss 1.041e-01
[20/04/26 22:52:40][src.callback.progress][INFO] - Epoch 474: v_recons 1.883e-01  recons 8.198e-02  v_loss 3.864e-01  loss 9.198e-02  v_latent 1.309e+00  latent 6.702e-01  v_kl 9.201e+01  kl 3.676e+01  v_contrastive 1.972e+00  contrastive 9.624e-02  v_t2m/len 1530  v_t2m/R01 18.43%  v_t2m/R02 22.75%  v_t2m/R03 32.02%  v_t2m/R05 40.13%  v_t2m/R10 54.11%  v_t2m/MedR 9.0%  v_m2t/len 1530  v_m2t/R01 21.5%  v_m2t/R02 24.57%  v_m2t/R03 32.29%  v_m2t/R05 41.11%  v_m2t/R10 52.15%  v_m2t/MedR 9.0%
[20/04/26 22:52:55][src.callback.progress][INFO] - Epoch 475 step 91250/192: loss 9.209e-02
[20/04/26 22:53:05][src.callback.progress][INFO] - Epoch 475 step 91300/192: loss 8.800e-02
[20/04/26 22:53:15][src.callback.progress][INFO] - Epoch 475 step 91350/192: loss 8.940e-02
[20/04/26 22:53:26][src.callback.progress][INFO] - Epoch 475: v_recons 1.925e-01  recons 8.192e-02  v_loss 3.949e-01  loss 9.189e-02  v_latent 1.324e+00  latent 6.719e-01  v_kl 9.368e+01  kl 3.698e+01  v_contrastive 2.014e+00  contrastive 9.598e-02  v_t2m/len 1530  v_t2m/R01 17.9%  v_t2m/R02 21.7%  v_t2m/R03 31.23%  v_t2m/R05 40.0%  v_t2m/R10 53.45%  v_t2m/MedR 9.0%  v_m2t/len 1530  v_m2t/R01 21.04%  v_m2t/R02 23.13%  v_m2t/R03 32.93%  v_m2t/R05 41.18%  v_m2t/R10 51.9%  v_m2t/MedR 9.0%
[20/04/26 22:53:32][src.callback.progress][INFO] - Epoch 476 step 91400/192: loss 8.894e-02
[20/04/26 22:53:43][src.callback.progress][INFO] - Epoch 476 step 91450/192: loss 7.559e-02
[20/04/26 22:53:53][src.callback.progress][INFO] - Epoch 476 step 91500/192: loss 9.525e-02
[20/04/26 22:54:02][src.callback.progress][INFO] - Epoch 476 step 91550/192: loss 7.426e-02
[20/04/26 22:54:11][src.callback.progress][INFO] - Epoch 476: v_recons 1.927e-01  recons 8.163e-02  v_loss 3.935e-01  loss 9.160e-02  v_latent 1.316e+00  latent 6.735e-01  v_kl 9.328e+01  kl 3.716e+01  v_contrastive 1.999e+00  contrastive 9.594e-02  v_t2m/len 1530  v_t2m/R01 18.37%  v_t2m/R02 22.47%  v_t2m/R03 32.41%  v_t2m/R05 40.84%  v_t2m/R10 54.97%  v_t2m/MedR 8.0%  v_m2t/len 1530  v_m2t/R01 20.85%  v_m2t/R02 23.32%  v_m2t/R03 32.75%  v_m2t/R05 40.84%  v_m2t/R10 52.75%  v_m2t/MedR 9.0%
[20/04/26 22:54:19][src.callback.progress][INFO] - Epoch 477 step 91600/192: loss 9.053e-02
[20/04/26 22:54:29][src.callback.progress][INFO] - Epoch 477 step 91650/192: loss 9.470e-02
[20/04/26 22:54:39][src.callback.progress][INFO] - Epoch 477 step 91700/192: loss 9.115e-02
[20/04/26 22:54:49][src.callback.progress][INFO] - Epoch 477 step 91750/192: loss 1.054e-01
[20/04/26 22:54:56][src.callback.progress][INFO] - Epoch 477: v_recons 1.889e-01  recons 8.196e-02  v_loss 3.868e-01  loss 9.212e-02  v_latent 1.305e+00  latent 6.770e-01  v_kl 9.223e+01  kl 3.735e+01  v_contrastive 1.970e+00  contrastive 9.779e-02  v_t2m/len 1530  v_t2m/R01 19.07%  v_t2m/R02 23.13%  v_t2m/R03 33.0%  v_t2m/R05 41.75%  v_t2m/R10 54.5%  v_t2m/MedR 8.0%  v_m2t/len 1530  v_m2t/R01 19.61%  v_m2t/R02 22.35%  v_m2t/R03 33.59%  v_m2t/R05 42.34%  v_m2t/R10 52.68%  v_m2t/MedR 9.0%
[20/04/26 22:55:06][src.callback.progress][INFO] - Epoch 478 step 91800/192: loss 7.598e-02
[20/04/26 22:55:16][src.callback.progress][INFO] - Epoch 478 step 91850/192: loss 8.330e-02
[20/04/26 22:55:26][src.callback.progress][INFO] - Epoch 478 step 91900/192: loss 9.066e-02
[20/04/26 22:55:36][src.callback.progress][INFO] - Epoch 478 step 91950/192: loss 9.769e-02
[20/04/26 22:55:41][src.callback.progress][INFO] - Epoch 478: v_recons 1.897e-01  recons 8.156e-02  v_loss 3.882e-01  loss 9.148e-02  v_latent 1.315e+00  latent 6.693e-01  v_kl 9.320e+01  kl 3.686e+01  v_contrastive 1.976e+00  contrastive 9.549e-02  v_t2m/len 1530  v_t2m/R01 17.12%  v_t2m/R02 22.09%  v_t2m/R03 33.72%  v_t2m/R05 42.61%  v_t2m/R10 54.11%  v_t2m/MedR 8.0%  v_m2t/len 1530  v_m2t/R01 19.4%  v_m2t/R02 23.59%  v_m2t/R03 33.72%  v_m2t/R05 42.22%  v_m2t/R10 52.47%  v_m2t/MedR 9.0%
[20/04/26 22:55:52][src.callback.progress][INFO] - Epoch 479 step 92000/192: loss 8.542e-02
[20/04/26 22:56:02][src.callback.progress][INFO] - Epoch 479 step 92050/192: loss 9.617e-02
[20/04/26 22:56:12][src.callback.progress][INFO] - Epoch 479 step 92100/192: loss 9.296e-02
[20/04/26 22:56:22][src.callback.progress][INFO] - Epoch 479 step 92150/192: loss 9.742e-02
[20/04/26 22:56:26][src.callback.progress][INFO] - Epoch 479: v_recons 1.888e-01  recons 8.222e-02  v_loss 3.849e-01  loss 9.200e-02  v_latent 1.315e+00  latent 6.731e-01  v_kl 9.263e+01  kl 3.713e+01  v_contrastive 1.951e+00  contrastive 9.409e-02  v_t2m/len 1530  v_t2m/R01 17.45%  v_t2m/R02 21.37%  v_t2m/R03 31.89%  v_t2m/R05 40.2%  v_t2m/R10 53.59%  v_t2m/MedR 9.0%  v_m2t/len 1530  v_m2t/R01 20.2%  v_m2t/R02 23.13%  v_m2t/R03 33.2%  v_m2t/R05 41.9%  v_m2t/R10 52.02%  v_m2t/MedR 9.0%
[20/04/26 22:56:38][src.callback.progress][INFO] - Epoch 480 step 92200/192: loss 9.493e-02
[20/04/26 22:56:48][src.callback.progress][INFO] - Epoch 480 step 92250/192: loss 8.633e-02
[20/04/26 22:56:58][src.callback.progress][INFO] - Epoch 480 step 92300/192: loss 8.693e-02
[20/04/26 22:57:08][src.callback.progress][INFO] - Epoch 480 step 92350/192: loss 1.057e-01
[20/04/26 22:57:10][src.callback.progress][INFO] - Epoch 480: v_recons 1.905e-01  recons 8.169e-02  v_loss 3.910e-01  loss 9.125e-02  v_latent 1.323e+00  latent 6.692e-01  v_kl 9.425e+01  kl 3.700e+01  v_contrastive 1.995e+00  contrastive 9.179e-02  v_t2m/len 1530  v_t2m/R01 18.1%  v_t2m/R02 21.89%  v_t2m/R03 31.23%  v_t2m/R05 40.33%  v_t2m/R10 53.91%  v_t2m/MedR 9.0%  v_m2t/len 1530  v_m2t/R01 19.93%  v_m2t/R02 22.42%  v_m2t/R03 31.62%  v_m2t/R05 40.91%  v_m2t/R10 51.7%  v_m2t/MedR 9.0%
[20/04/26 22:57:25][src.callback.progress][INFO] - Epoch 481 step 92400/192: loss 8.593e-02
[20/04/26 22:57:35][src.callback.progress][INFO] - Epoch 481 step 92450/192: loss 8.141e-02
[20/04/26 22:57:45][src.callback.progress][INFO] - Epoch 481 step 92500/192: loss 8.646e-02
[20/04/26 22:57:56][src.callback.progress][INFO] - Epoch 481: v_recons 1.899e-01  recons 8.195e-02  v_loss 3.888e-01  loss 9.177e-02  v_latent 1.314e+00  latent 6.734e-01  v_kl 9.369e+01  kl 3.729e+01  v_contrastive 1.980e+00  contrastive 9.439e-02  v_t2m/len 1530  v_t2m/R01 18.81%  v_t2m/R02 22.47%  v_t2m/R03 33.0%  v_t2m/R05 41.31%  v_t2m/R10 54.04%  v_t2m/MedR 9.0%  v_m2t/len 1530  v_m2t/R01 21.3%  v_m2t/R02 24.25%  v_m2t/R03 34.11%  v_m2t/R05 43.59%  v_m2t/R10 52.34%  v_m2t/MedR 9.0%
[20/04/26 22:58:02][src.callback.progress][INFO] - Epoch 482 step 92550/192: loss 9.354e-02
[20/04/26 22:58:12][src.callback.progress][INFO] - Epoch 482 step 92600/192: loss 9.577e-02
[20/04/26 22:58:21][src.callback.progress][INFO] - Epoch 482 step 92650/192: loss 9.444e-02
[20/04/26 22:58:31][src.callback.progress][INFO] - Epoch 482 step 92700/192: loss 8.626e-02
[20/04/26 22:58:40][src.callback.progress][INFO] - Epoch 482: v_recons 1.915e-01  recons 8.213e-02  v_loss 3.907e-01  loss 9.208e-02  v_latent 1.313e+00  latent 6.749e-01  v_kl 9.237e+01  kl 3.739e+01  v_contrastive 1.983e+00  contrastive 9.568e-02  v_t2m/len 1530  v_t2m/R01 19.21%  v_t2m/R02 23.2%  v_t2m/R03 32.68%  v_t2m/R05 41.04%  v_t2m/R10 54.25%  v_t2m/MedR 9.0%  v_m2t/len 1530  v_m2t/R01 21.76%  v_m2t/R02 24.25%  v_m2t/R03 33.2%  v_m2t/R05 42.88%  v_m2t/R10 52.68%  v_m2t/MedR 9.0%
[20/04/26 22:58:48][src.callback.progress][INFO] - Epoch 483 step 92750/192: loss 9.542e-02
[20/04/26 22:58:58][src.callback.progress][INFO] - Epoch 483 step 92800/192: loss 1.031e-01
[20/04/26 22:59:08][src.callback.progress][INFO] - Epoch 483 step 92850/192: loss 9.217e-02
[20/04/26 22:59:17][src.callback.progress][INFO] - Epoch 483 step 92900/192: loss 1.039e-01
[20/04/26 22:59:25][src.callback.progress][INFO] - Epoch 483: v_recons 1.894e-01  recons 8.172e-02  v_loss 3.877e-01  loss 9.144e-02  v_latent 1.316e+00  latent 6.684e-01  v_kl 9.333e+01  kl 3.699e+01  v_contrastive 1.973e+00  contrastive 9.351e-02  v_t2m/len 1530  v_t2m/R01 19.28%  v_t2m/R02 22.87%  v_t2m/R03 30.85%  v_t2m/R05 41.75%  v_t2m/R10 54.25%  v_t2m/MedR 9.0%  v_m2t/len 1530  v_m2t/R01 21.23%  v_m2t/R02 23.86%  v_m2t/R03 32.41%  v_m2t/R05 40.65%  v_m2t/R10 51.56%  v_m2t/MedR 9.0%
[20/04/26 22:59:34][src.callback.progress][INFO] - Epoch 484 step 92950/192: loss 9.843e-02
[20/04/26 22:59:44][src.callback.progress][INFO] - Epoch 484 step 93000/192: loss 9.650e-02
[20/04/26 22:59:54][src.callback.progress][INFO] - Epoch 484 step 93050/192: loss 9.414e-02
[20/04/26 23:00:04][src.callback.progress][INFO] - Epoch 484 step 93100/192: loss 7.989e-02
[20/04/26 23:00:09][src.callback.progress][INFO] - Epoch 484: v_recons 1.917e-01  recons 8.092e-02  v_loss 3.900e-01  loss 9.061e-02  v_latent 1.317e+00  latent 6.652e-01  v_kl 9.324e+01  kl 3.675e+01  v_contrastive 1.974e+00  contrastive 9.316e-02  v_t2m/len 1530  v_t2m/R01 18.81%  v_t2m/R02 22.75%  v_t2m/R03 32.61%  v_t2m/R05 41.56%  v_t2m/R10 52.75%  v_t2m/MedR 9.0%  v_m2t/len 1530  v_m2t/R01 20.97%  v_m2t/R02 23.39%  v_m2t/R03 33.59%  v_m2t/R05 41.9%  v_m2t/R10 52.15%  v_m2t/MedR 9.0%
[20/04/26 23:00:20][src.callback.progress][INFO] - Epoch 485 step 93150/192: loss 1.087e-01
[20/04/26 23:00:30][src.callback.progress][INFO] - Epoch 485 step 93200/192: loss 9.942e-02
[20/04/26 23:00:40][src.callback.progress][INFO] - Epoch 485 step 93250/192: loss 8.702e-02
[20/04/26 23:00:50][src.callback.progress][INFO] - Epoch 485 step 93300/192: loss 1.062e-01
[20/04/26 23:00:54][src.callback.progress][INFO] - Epoch 485: v_recons 1.915e-01  recons 8.052e-02  v_loss 3.887e-01  loss 8.996e-02  v_latent 1.314e+00  latent 6.609e-01  v_kl 9.298e+01  kl 3.651e+01  v_contrastive 1.963e+00  contrastive 9.066e-02  v_t2m/len 1530  v_t2m/R01 18.88%  v_t2m/R02 23.39%  v_t2m/R03 32.81%  v_t2m/R05 41.31%  v_t2m/R10 53.52%  v_t2m/MedR 8.0%  v_m2t/len 1530  v_m2t/R01 20.2%  v_m2t/R02 23.32%  v_m2t/R03 34.04%  v_m2t/R05 42.02%  v_m2t/R10 52.09%  v_m2t/MedR 9.0%
[20/04/26 23:01:10][src.callback.progress][INFO] - Epoch 486 step 93350/192: loss 8.613e-02
[20/04/26 23:01:20][src.callback.progress][INFO] - Epoch 486 step 93400/192: loss 9.007e-02
[20/04/26 23:01:30][src.callback.progress][INFO] - Epoch 486 step 93450/192: loss 8.969e-02
[20/04/26 23:01:41][src.callback.progress][INFO] - Epoch 486 step 93500/192: loss 9.188e-02
[20/04/26 23:01:43][src.callback.progress][INFO] - Epoch 486: v_recons 1.896e-01  recons 8.025e-02  v_loss 3.866e-01  loss 8.985e-02  v_latent 1.312e+00  latent 6.622e-01  v_kl 9.329e+01  kl 3.657e+01  v_contrastive 1.960e+00  contrastive 9.226e-02  v_t2m/len 1530  v_t2m/R01 19.87%  v_t2m/R02 23.92%  v_t2m/R03 34.18%  v_t2m/R05 42.61%  v_t2m/R10 55.22%  v_t2m/MedR 8.0%  v_m2t/len 1530  v_m2t/R01 21.18%  v_m2t/R02 23.98%  v_m2t/R03 32.93%  v_m2t/R05 41.83%  v_m2t/R10 52.81%  v_m2t/MedR 9.0%
[20/04/26 23:01:59][src.callback.progress][INFO] - Epoch 487 step 93550/192: loss 9.224e-02
[20/04/26 23:02:09][src.callback.progress][INFO] - Epoch 487 step 93600/192: loss 8.349e-02
[20/04/26 23:02:19][src.callback.progress][INFO] - Epoch 487 step 93650/192: loss 7.785e-02
[20/04/26 23:02:30][src.callback.progress][INFO] - Epoch 487: v_recons 1.908e-01  recons 8.083e-02  v_loss 3.895e-01  loss 9.033e-02  v_latent 1.321e+00  latent 6.649e-01  v_kl 9.343e+01  kl 3.686e+01  v_contrastive 1.978e+00  contrastive 9.125e-02  v_t2m/len 1530  v_t2m/R01 18.37%  v_t2m/R02 22.29%  v_t2m/R03 33.27%  v_t2m/R05 41.18%  v_t2m/R10 54.77%  v_t2m/MedR 9.0%  v_m2t/len 1530  v_m2t/R01 20.32%  v_m2t/R02 22.68%  v_m2t/R03 33.0%  v_m2t/R05 41.95%  v_m2t/R10 53.06%  v_m2t/MedR 9.0%
[20/04/26 23:02:36][src.callback.progress][INFO] - Epoch 488 step 93700/192: loss 9.693e-02
[20/04/26 23:02:46][src.callback.progress][INFO] - Epoch 488 step 93750/192: loss 8.576e-02
[20/04/26 23:02:56][src.callback.progress][INFO] - Epoch 488 step 93800/192: loss 8.724e-02
[20/04/26 23:03:06][src.callback.progress][INFO] - Epoch 488 step 93850/192: loss 9.432e-02
[20/04/26 23:03:15][src.callback.progress][INFO] - Epoch 488: v_recons 1.920e-01  recons 8.122e-02  v_loss 3.911e-01  loss 9.089e-02  v_latent 1.322e+00  latent 6.692e-01  v_kl 9.471e+01  kl 3.717e+01  v_contrastive 1.982e+00  contrastive 9.296e-02  v_t2m/len 1530  v_t2m/R01 18.17%  v_t2m/R02 22.87%  v_t2m/R03 32.81%  v_t2m/R05 40.52%  v_t2m/R10 52.41%  v_t2m/MedR 9.0%  v_m2t/len 1530  v_m2t/R01 20.97%  v_m2t/R02 23.53%  v_m2t/R03 32.88%  v_m2t/R05 40.84%  v_m2t/R10 51.83%  v_m2t/MedR 9.0%
[20/04/26 23:03:22][src.callback.progress][INFO] - Epoch 489 step 93900/192: loss 9.420e-02
[20/04/26 23:03:32][src.callback.progress][INFO] - Epoch 489 step 93950/192: loss 8.590e-02
[20/04/26 23:03:42][src.callback.progress][INFO] - Epoch 489 step 94000/192: loss 7.658e-02
[20/04/26 23:03:52][src.callback.progress][INFO] - Epoch 489 step 94050/192: loss 9.738e-02
[20/04/26 23:04:00][src.callback.progress][INFO] - Epoch 489: v_recons 1.923e-01  recons 8.079e-02  v_loss 3.914e-01  loss 9.044e-02  v_latent 1.325e+00  latent 6.642e-01  v_kl 9.467e+01  kl 3.695e+01  v_contrastive 1.982e+00  contrastive 9.272e-02  v_t2m/len 1530  v_t2m/R01 17.25%  v_t2m/R02 22.35%  v_t2m/R03 32.54%  v_t2m/R05 41.63%  v_t2m/R10 54.5%  v_t2m/MedR 8.0%  v_m2t/len 1530  v_m2t/R01 21.18%  v_m2t/R02 23.65%  v_m2t/R03 32.93%  v_m2t/R05 41.95%  v_m2t/R10 51.83%  v_m2t/MedR 9.0%
[20/04/26 23:04:09][src.callback.progress][INFO] - Epoch 490 step 94100/192: loss 9.880e-02
[20/04/26 23:04:19][src.callback.progress][INFO] - Epoch 490 step 94150/192: loss 9.775e-02
[20/04/26 23:04:29][src.callback.progress][INFO] - Epoch 490 step 94200/192: loss 8.809e-02
[20/04/26 23:04:39][src.callback.progress][INFO] - Epoch 490 step 94250/192: loss 8.811e-02
[20/04/26 23:04:45][src.callback.progress][INFO] - Epoch 490: v_recons 1.898e-01  recons 8.048e-02  v_loss 3.861e-01  loss 9.009e-02  v_latent 1.316e+00  latent 6.652e-01  v_kl 9.436e+01  kl 3.687e+01  v_contrastive 1.953e+00  contrastive 9.232e-02  v_t2m/len 1530  v_t2m/R01 18.88%  v_t2m/R02 22.61%  v_t2m/R03 32.54%  v_t2m/R05 41.75%  v_t2m/R10 53.86%  v_t2m/MedR 9.0%  v_m2t/len 1530  v_m2t/R01 20.92%  v_m2t/R02 24.25%  v_m2t/R03 34.77%  v_m2t/R05 42.09%  v_m2t/R10 51.24%  v_m2t/MedR 9.0%
[20/04/26 23:04:55][src.callback.progress][INFO] - Epoch 491 step 94300/192: loss 8.060e-02
[20/04/26 23:05:05][src.callback.progress][INFO] - Epoch 491 step 94350/192: loss 8.968e-02
[20/04/26 23:05:15][src.callback.progress][INFO] - Epoch 491 step 94400/192: loss 9.570e-02
[20/04/26 23:05:24][src.callback.progress][INFO] - Epoch 491 step 94450/192: loss 9.168e-02
[20/04/26 23:05:29][src.callback.progress][INFO] - Epoch 491: v_recons 1.902e-01  recons 8.102e-02  v_loss 3.897e-01  loss 9.069e-02  v_latent 1.321e+00  latent 6.670e-01  v_kl 9.427e+01  kl 3.700e+01  v_contrastive 1.986e+00  contrastive 9.295e-02  v_t2m/len 1530  v_t2m/R01 18.29%  v_t2m/R02 22.68%  v_t2m/R03 31.82%  v_t2m/R05 40.06%  v_t2m/R10 53.27%  v_t2m/MedR 9.0%  v_m2t/len 1530  v_m2t/R01 20.92%  v_m2t/R02 23.53%  v_m2t/R03 32.47%  v_m2t/R05 40.0%  v_m2t/R10 50.59%  v_m2t/MedR 10.0%
[20/04/26 23:05:41][src.callback.progress][INFO] - Epoch 492 step 94500/192: loss 1.027e-01
[20/04/26 23:05:51][src.callback.progress][INFO] - Epoch 492 step 94550/192: loss 8.909e-02
[20/04/26 23:06:00][src.callback.progress][INFO] - Epoch 492 step 94600/192: loss 9.992e-02
[20/04/26 23:06:10][src.callback.progress][INFO] - Epoch 492 step 94650/192: loss 8.656e-02
[20/04/26 23:06:13][src.callback.progress][INFO] - Epoch 492: v_recons 1.909e-01  recons 8.150e-02  v_loss 3.896e-01  loss 9.102e-02  v_latent 1.321e+00  latent 6.766e-01  v_kl 9.395e+01  kl 3.759e+01  v_contrastive 1.977e+00  contrastive 9.141e-02  v_t2m/len 1530  v_t2m/R01 18.29%  v_t2m/R02 22.54%  v_t2m/R03 32.02%  v_t2m/R05 40.45%  v_t2m/R10 53.2%  v_t2m/MedR 9.0%  v_m2t/len 1530  v_m2t/R01 21.5%  v_m2t/R02 23.79%  v_m2t/R03 32.93%  v_m2t/R05 41.75%  v_m2t/R10 52.47%  v_m2t/MedR 9.0%
[20/04/26 23:06:27][src.callback.progress][INFO] - Epoch 493 step 94700/192: loss 6.737e-02
[20/04/26 23:06:37][src.callback.progress][INFO] - Epoch 493 step 94750/192: loss 9.861e-02
[20/04/26 23:06:47][src.callback.progress][INFO] - Epoch 493 step 94800/192: loss 1.024e-01
[20/04/26 23:06:58][src.callback.progress][INFO] - Epoch 493: v_recons 1.908e-01  recons 8.116e-02  v_loss 3.869e-01  loss 9.093e-02  v_latent 1.317e+00  latent 6.709e-01  v_kl 9.367e+01  kl 3.726e+01  v_contrastive 1.951e+00  contrastive 9.390e-02  v_t2m/len 1530  v_t2m/R01 17.7%  v_t2m/R02 22.61%  v_t2m/R03 31.82%  v_t2m/R05 41.43%  v_t2m/R10 52.93%  v_t2m/MedR 9.0%  v_m2t/len 1530  v_m2t/R01 20.71%  v_m2t/R02 23.92%  v_m2t/R03 32.88%  v_m2t/R05 41.95%  v_m2t/R10 53.0%  v_m2t/MedR 9.0%
[20/04/26 23:07:04][src.callback.progress][INFO] - Epoch 494 step 94850/192: loss 7.901e-02
[20/04/26 23:07:14][src.callback.progress][INFO] - Epoch 494 step 94900/192: loss 7.946e-02
[20/04/26 23:07:24][src.callback.progress][INFO] - Epoch 494 step 94950/192: loss 9.374e-02
[20/04/26 23:07:34][src.callback.progress][INFO] - Epoch 494 step 95000/192: loss 8.843e-02
[20/04/26 23:07:44][src.callback.progress][INFO] - Epoch 494: v_recons 1.915e-01  recons 8.127e-02  v_loss 3.887e-01  loss 9.106e-02  v_latent 1.323e+00  latent 6.729e-01  v_kl 9.382e+01  kl 3.740e+01  v_contrastive 1.962e+00  contrastive 9.411e-02  v_t2m/len 1530  v_t2m/R01 18.62%  v_t2m/R02 23.32%  v_t2m/R03 30.97%  v_t2m/R05 40.77%  v_t2m/R10 53.0%  v_t2m/MedR 9.0%  v_m2t/len 1530  v_m2t/R01 20.32%  v_m2t/R02 23.59%  v_m2t/R03 33.13%  v_m2t/R05 40.33%  v_m2t/R10 51.04%  v_m2t/MedR 9.5%
[20/04/26 23:07:50][src.callback.progress][INFO] - Epoch 495 step 95050/192: loss 8.421e-02
[20/04/26 23:08:00][src.callback.progress][INFO] - Epoch 495 step 95100/192: loss 8.347e-02
[20/04/26 23:08:10][src.callback.progress][INFO] - Epoch 495 step 95150/192: loss 9.505e-02
[20/04/26 23:08:20][src.callback.progress][INFO] - Epoch 495 step 95200/192: loss 9.538e-02
[20/04/26 23:08:28][src.callback.progress][INFO] - Epoch 495: v_recons 1.936e-01  recons 8.108e-02  v_loss 3.908e-01  loss 9.063e-02  v_latent 1.326e+00  latent 6.693e-01  v_kl 9.493e+01  kl 3.714e+01  v_contrastive 1.963e+00  contrastive 9.164e-02  v_t2m/len 1530  v_t2m/R01 18.81%  v_t2m/R02 23.2%  v_t2m/R03 33.13%  v_t2m/R05 40.33%  v_t2m/R10 52.41%  v_t2m/MedR 9.0%  v_m2t/len 1530  v_m2t/R01 20.0%  v_m2t/R02 22.94%  v_m2t/R03 32.61%  v_m2t/R05 41.04%  v_m2t/R10 51.5%  v_m2t/MedR 9.0%
[20/04/26 23:08:37][src.callback.progress][INFO] - Epoch 496 step 95250/192: loss 1.036e-01
[20/04/26 23:08:46][src.callback.progress][INFO] - Epoch 496 step 95300/192: loss 9.240e-02
[20/04/26 23:08:56][src.callback.progress][INFO] - Epoch 496 step 95350/192: loss 8.487e-02
[20/04/26 23:09:06][src.callback.progress][INFO] - Epoch 496 step 95400/192: loss 9.111e-02
[20/04/26 23:09:13][src.callback.progress][INFO] - Epoch 496: v_recons 1.895e-01  recons 8.109e-02  v_loss 3.886e-01  loss 9.060e-02  v_latent 1.327e+00  latent 6.667e-01  v_kl 9.542e+01  kl 3.710e+01  v_contrastive 1.981e+00  contrastive 9.128e-02  v_t2m/len 1530  v_t2m/R01 17.52%  v_t2m/R02 21.56%  v_t2m/R03 31.89%  v_t2m/R05 41.75%  v_t2m/R10 53.79%  v_t2m/MedR 9.0%  v_m2t/len 1530  v_m2t/R01 20.59%  v_m2t/R02 22.75%  v_m2t/R03 33.52%  v_m2t/R05 40.84%  v_m2t/R10 51.63%  v_m2t/MedR 9.0%
[20/04/26 23:09:24][src.callback.progress][INFO] - Epoch 497 step 95450/192: loss 9.422e-02
[20/04/26 23:09:34][src.callback.progress][INFO] - Epoch 497 step 95500/192: loss 1.021e-01
[20/04/26 23:09:44][src.callback.progress][INFO] - Epoch 497 step 95550/192: loss 9.049e-02
[20/04/26 23:09:54][src.callback.progress][INFO] - Epoch 497 step 95600/192: loss 7.771e-02
[20/04/26 23:09:59][src.callback.progress][INFO] - Epoch 497: v_recons 1.903e-01  recons 8.070e-02  v_loss 3.894e-01  loss 9.006e-02  v_latent 1.323e+00  latent 6.652e-01  v_kl 9.481e+01  kl 3.706e+01  v_contrastive 1.981e+00  contrastive 8.978e-02  v_t2m/len 1530  v_t2m/R01 18.88%  v_t2m/R02 22.42%  v_t2m/R03 32.02%  v_t2m/R05 41.36%  v_t2m/R10 54.11%  v_t2m/MedR 9.0%  v_m2t/len 1530  v_m2t/R01 21.62%  v_m2t/R02 23.45%  v_m2t/R03 33.2%  v_m2t/R05 41.63%  v_m2t/R10 52.34%  v_m2t/MedR 9.0%
[20/04/26 23:10:10][src.callback.progress][INFO] - Epoch 498 step 95650/192: loss 9.152e-02
[20/04/26 23:10:20][src.callback.progress][INFO] - Epoch 498 step 95700/192: loss 9.544e-02
[20/04/26 23:10:30][src.callback.progress][INFO] - Epoch 498 step 95750/192: loss 8.985e-02
[20/04/26 23:10:40][src.callback.progress][INFO] - Epoch 498 step 95800/192: loss 9.534e-02
[20/04/26 23:10:43][src.callback.progress][INFO] - Epoch 498: v_recons 1.898e-01  recons 8.038e-02  v_loss 3.891e-01  loss 8.971e-02  v_latent 1.323e+00  latent 6.649e-01  v_kl 9.452e+01  kl 3.706e+01  v_contrastive 1.983e+00  contrastive 8.949e-02  v_t2m/len 1530  v_t2m/R01 19.73%  v_t2m/R02 23.39%  v_t2m/R03 33.52%  v_t2m/R05 43.0%  v_t2m/R10 53.2%  v_t2m/MedR 9.0%  v_m2t/len 1530  v_m2t/R01 21.37%  v_m2t/R02 23.98%  v_m2t/R03 33.65%  v_m2t/R05 41.7%  v_m2t/R10 51.63%  v_m2t/MedR 9.0%
[20/04/26 23:10:56][src.callback.progress][INFO] - Epoch 499 step 95850/192: loss 9.460e-02
[20/04/26 23:11:06][src.callback.progress][INFO] - Epoch 499 step 95900/192: loss 9.155e-02
[20/04/26 23:11:16][src.callback.progress][INFO] - Epoch 499 step 95950/192: loss 1.084e-01
[20/04/26 23:11:26][src.callback.progress][INFO] - Epoch 499 step 96000/192: loss 9.030e-02
[20/04/26 23:11:27][src.callback.progress][INFO] - Epoch 499: v_recons 1.898e-01  recons 8.006e-02  v_loss 3.888e-01  loss 8.946e-02  v_latent 1.326e+00  latent 6.628e-01  v_kl 9.483e+01  kl 3.690e+01  v_contrastive 1.980e+00  contrastive 9.027e-02  v_t2m/len 1530  v_t2m/R01 18.55%  v_t2m/R02 21.95%  v_t2m/R03 32.93%  v_t2m/R05 40.33%  v_t2m/R10 53.27%  v_t2m/MedR 9.0%  v_m2t/len 1530  v_m2t/R01 21.82%  v_m2t/R02 24.25%  v_m2t/R03 34.43%  v_m2t/R05 42.22%  v_m2t/R10 50.06%  v_m2t/MedR 10.0%
[20/04/26 23:11:32][pytorch_lightning.utilities.rank_zero][INFO] - `Trainer.fit` stopped: `max_epochs=500` reached.
[20/04/26 23:11:32][src.callback.progress][INFO] - Training done
