[21/04/26 05:27:52][__main__][INFO] - Training script
[21/04/26 05:27:52][__main__][INFO] - The config can be found here: 
outputs/humanml3d_e_mp_motion_repr_server/tmr/kimodo261/config.json
[21/04/26 05:27:54][lightning_fabric.utilities.seed][INFO] - Seed set to 1234
[21/04/26 05:27:54][__main__][INFO] - Loading the dataloaders
[21/04/26 05:28:04][__main__][INFO] - Loading the model
[21/04/26 05:28:04][__main__][INFO] - Training
[21/04/26 05:28:04][pytorch_lightning.utilities.rank_zero][INFO] - GPU available: True (cuda), used: True
[21/04/26 05:28:04][pytorch_lightning.utilities.rank_zero][INFO] - TPU available: False, using: 0 TPU cores
[21/04/26 05:28:04][pytorch_lightning.utilities.rank_zero][INFO] - HPU available: False, using: 0 HPUs
[21/04/26 05:28:04][pytorch_lightning.accelerators.cuda][INFO] - LOCAL_RANK: 0 - CUDA_VISIBLE_DEVICES: [0]
[21/04/26 05:28:04][pytorch_lightning.callbacks.model_summary][INFO] - 
  | Name                   | Type              | Params | Mode 
---------------------------------------------------------------------
0 | motion_encoder         | ACTORStyleEncoder | 4.8 M  | train
1 | text_encoder           | ACTORStyleEncoder | 4.9 M  | train
2 | motion_decoder         | ACTORStyleDecoder | 6.4 M  | train
3 | reconstruction_loss_fn | SmoothL1Loss      | 0      | train
4 | latent_loss_fn         | SmoothL1Loss      | 0      | train
---------------------------------------------------------------------
16.1 M    Trainable params
0         Non-trainable params
16.1 M    Total params
64.519    Total estimated model params size (MB)
224       Modules in train mode
0         Modules in eval mode
[21/04/26 05:28:05][src.callback.progress][INFO] - Training started
[21/04/26 05:28:15][src.callback.progress][INFO] - Epoch 0 step 50/192: loss 8.579e-01
[21/04/26 05:28:26][src.callback.progress][INFO] - Epoch 0 step 100/192: loss 8.351e-01
[21/04/26 05:28:36][src.callback.progress][INFO] - Epoch 0 step 150/192: loss 7.996e-01
[21/04/26 05:28:47][src.callback.progress][INFO] - Epoch 0: v_recons 3.656e-01  recons 3.924e-01  v_loss 7.646e-01  loss 8.471e-01  v_latent 1.079e+00  latent 1.075e+00  v_kl 4.762e+00  kl 4.581e+00  v_contrastive 3.990e+00  contrastive 4.546e+00  v_t2m/len 1530  v_t2m/R01 0.98%  v_t2m/R02 2.16%  v_t2m/R03 3.58%  v_t2m/R05 4.9%  v_t2m/R10 8.17%  v_t2m/MedR 128.0%  v_m2t/len 1530  v_m2t/R01 0.85%  v_m2t/R02 1.89%  v_m2t/R03 2.6%  v_m2t/R05 4.51%  v_m2t/R10 8.23%  v_m2t/MedR 146.5%
[21/04/26 05:28:53][src.callback.progress][INFO] - Epoch 1 step 200/192: loss 7.825e-01
[21/04/26 05:29:04][src.callback.progress][INFO] - Epoch 1 step 250/192: loss 7.916e-01
[21/04/26 05:29:14][src.callback.progress][INFO] - Epoch 1 step 300/192: loss 6.496e-01
[21/04/26 05:29:24][src.callback.progress][INFO] - Epoch 1 step 350/192: loss 7.008e-01
[21/04/26 05:29:33][src.callback.progress][INFO] - Epoch 1: v_recons 3.469e-01  recons 3.492e-01  v_loss 6.844e-01  loss 7.134e-01  v_latent 1.036e+00  latent 1.084e+00  v_kl 9.917e+00  kl 6.672e+00  v_contrastive 3.374e+00  contrastive 3.641e+00  v_t2m/len 1530  v_t2m/R01 1.7%  v_t2m/R02 3.4%  v_t2m/R03 5.48%  v_t2m/R05 8.5%  v_t2m/R10 16.07%  v_t2m/MedR 58.0%  v_m2t/len 1530  v_m2t/R01 2.02%  v_m2t/R02 4.25%  v_m2t/R03 6.73%  v_m2t/R05 9.6%  v_m2t/R10 16.4%  v_m2t/MedR 55.0%
[21/04/26 05:29:42][src.callback.progress][INFO] - Epoch 2 step 400/192: loss 6.718e-01
[21/04/26 05:29:53][src.callback.progress][INFO] - Epoch 2 step 450/192: loss 6.840e-01
[21/04/26 05:30:03][src.callback.progress][INFO] - Epoch 2 step 500/192: loss 6.598e-01
[21/04/26 05:30:13][src.callback.progress][INFO] - Epoch 2 step 550/192: loss 6.745e-01
[21/04/26 05:30:21][src.callback.progress][INFO] - Epoch 2: v_recons 3.221e-01  recons 3.305e-01  v_loss 6.439e-01  loss 6.589e-01  v_latent 9.827e-01  latent 1.019e+00  v_kl 2.985e+01  kl 2.660e+01  v_contrastive 3.215e+00  contrastive 3.281e+00  v_t2m/len 1530  v_t2m/R01 3.0%  v_t2m/R02 5.82%  v_t2m/R03 7.96%  v_t2m/R05 11.76%  v_t2m/R10 20.38%  v_t2m/MedR 47.0%  v_m2t/len 1530  v_m2t/R01 4.38%  v_m2t/R02 7.71%  v_m2t/R03 10.39%  v_m2t/R05 14.18%  v_m2t/R10 22.03%  v_m2t/MedR 47.0%
[21/04/26 05:30:31][src.callback.progress][INFO] - Epoch 3 step 600/192: loss 5.821e-01
[21/04/26 05:30:42][src.callback.progress][INFO] - Epoch 3 step 650/192: loss 6.380e-01
[21/04/26 05:30:52][src.callback.progress][INFO] - Epoch 3 step 700/192: loss 6.047e-01
[21/04/26 05:31:03][src.callback.progress][INFO] - Epoch 3 step 750/192: loss 6.029e-01
[21/04/26 05:31:09][src.callback.progress][INFO] - Epoch 3: v_recons 3.095e-01  recons 3.120e-01  v_loss 6.158e-01  loss 6.232e-01  v_latent 9.543e-01  latent 9.781e-01  v_kl 3.330e+01  kl 4.042e+01  v_contrastive 3.060e+00  contrastive 3.108e+00  v_t2m/len 1530  v_t2m/R01 3.4%  v_t2m/R02 6.34%  v_t2m/R03 8.03%  v_t2m/R05 13.59%  v_t2m/R10 22.21%  v_t2m/MedR 40.0%  v_m2t/len 1530  v_m2t/R01 5.23%  v_m2t/R02 8.1%  v_m2t/R03 10.77%  v_m2t/R05 15.22%  v_m2t/R10 24.25%  v_m2t/MedR 39.0%
[21/04/26 05:31:21][src.callback.progress][INFO] - Epoch 4 step 800/192: loss 6.303e-01
[21/04/26 05:31:32][src.callback.progress][INFO] - Epoch 4 step 850/192: loss 5.693e-01
[21/04/26 05:31:42][src.callback.progress][INFO] - Epoch 4 step 900/192: loss 5.887e-01
[21/04/26 05:31:53][src.callback.progress][INFO] - Epoch 4 step 950/192: loss 5.826e-01
[21/04/26 05:31:57][src.callback.progress][INFO] - Epoch 4: v_recons 3.009e-01  recons 3.019e-01  v_loss 5.916e-01  loss 6.003e-01  v_latent 9.380e-01  latent 9.586e-01  v_kl 3.797e+01  kl 4.847e+01  v_contrastive 2.903e+00  contrastive 2.979e+00  v_t2m/len 1530  v_t2m/R01 3.52%  v_t2m/R02 6.46%  v_t2m/R03 9.86%  v_t2m/R05 16.72%  v_t2m/R10 27.12%  v_t2m/MedR 32.0%  v_m2t/len 1530  v_m2t/R01 5.82%  v_m2t/R02 9.8%  v_m2t/R03 13.27%  v_m2t/R05 18.37%  v_m2t/R10 29.21%  v_m2t/MedR 33.0%
[21/04/26 05:32:11][src.callback.progress][INFO] - Epoch 5 step 1000/192: loss 5.999e-01
[21/04/26 05:32:21][src.callback.progress][INFO] - Epoch 5 step 1050/192: loss 5.576e-01
[21/04/26 05:32:32][src.callback.progress][INFO] - Epoch 5 step 1100/192: loss 5.830e-01
[21/04/26 05:32:43][src.callback.progress][INFO] - Epoch 5 step 1150/192: loss 5.718e-01
[21/04/26 05:32:45][src.callback.progress][INFO] - Epoch 5: v_recons 2.930e-01  recons 2.941e-01  v_loss 5.760e-01  loss 5.792e-01  v_latent 9.358e-01  latent 9.498e-01  v_kl 3.538e+01  kl 5.178e+01  v_contrastive 2.826e+00  contrastive 2.846e+00  v_t2m/len 1530  v_t2m/R01 6.34%  v_t2m/R02 10.26%  v_t2m/R03 13.65%  v_t2m/R05 20.32%  v_t2m/R10 31.23%  v_t2m/MedR 30.0%  v_m2t/len 1530  v_m2t/R01 6.67%  v_m2t/R02 10.64%  v_m2t/R03 13.78%  v_m2t/R05 19.54%  v_m2t/R10 29.4%  v_m2t/MedR 30.0%
[21/04/26 05:33:01][src.callback.progress][INFO] - Epoch 6 step 1200/192: loss 5.311e-01
[21/04/26 05:33:11][src.callback.progress][INFO] - Epoch 6 step 1250/192: loss 5.480e-01
[21/04/26 05:33:22][src.callback.progress][INFO] - Epoch 6 step 1300/192: loss 5.707e-01
[21/04/26 05:33:33][src.callback.progress][INFO] - Epoch 6: v_recons 2.893e-01  recons 2.879e-01  v_loss 5.575e-01  loss 5.604e-01  v_latent 9.265e-01  latent 9.435e-01  v_kl 3.749e+01  kl 5.324e+01  v_contrastive 2.678e+00  contrastive 2.720e+00  v_t2m/len 1530  v_t2m/R01 6.21%  v_t2m/R02 10.85%  v_t2m/R03 14.64%  v_t2m/R05 21.3%  v_t2m/R10 33.27%  v_t2m/MedR 23.0%  v_m2t/len 1530  v_m2t/R01 6.67%  v_m2t/R02 11.69%  v_m2t/R03 15.56%  v_m2t/R05 22.61%  v_m2t/R10 32.93%  v_m2t/MedR 24.0%
[21/04/26 05:33:40][src.callback.progress][INFO] - Epoch 7 step 1350/192: loss 6.016e-01
[21/04/26 05:33:51][src.callback.progress][INFO] - Epoch 7 step 1400/192: loss 5.284e-01
[21/04/26 05:34:01][src.callback.progress][INFO] - Epoch 7 step 1450/192: loss 5.185e-01
[21/04/26 05:34:12][src.callback.progress][INFO] - Epoch 7 step 1500/192: loss 5.687e-01
[21/04/26 05:34:22][src.callback.progress][INFO] - Epoch 7: v_recons 2.839e-01  recons 2.834e-01  v_loss 5.481e-01  loss 5.464e-01  v_latent 9.306e-01  latent 9.385e-01  v_kl 3.861e+01  kl 5.518e+01  v_contrastive 2.639e+00  contrastive 2.624e+00  v_t2m/len 1530  v_t2m/R01 6.73%  v_t2m/R02 12.28%  v_t2m/R03 16.07%  v_t2m/R05 22.68%  v_t2m/R10 36.27%  v_t2m/MedR 22.0%  v_m2t/len 1530  v_m2t/R01 7.78%  v_m2t/R02 12.88%  v_m2t/R03 16.4%  v_m2t/R05 22.8%  v_m2t/R10 34.7%  v_m2t/MedR 23.0%
[21/04/26 05:34:30][src.callback.progress][INFO] - Epoch 8 step 1550/192: loss 5.336e-01
[21/04/26 05:34:41][src.callback.progress][INFO] - Epoch 8 step 1600/192: loss 4.776e-01
[21/04/26 05:34:51][src.callback.progress][INFO] - Epoch 8 step 1650/192: loss 5.852e-01
[21/04/26 05:35:02][src.callback.progress][INFO] - Epoch 8 step 1700/192: loss 5.205e-01
[21/04/26 05:35:10][src.callback.progress][INFO] - Epoch 8: v_recons 2.800e-01  recons 2.794e-01  v_loss 5.373e-01  loss 5.340e-01  v_latent 9.294e-01  latent 9.335e-01  v_kl 3.587e+01  kl 5.066e+01  v_contrastive 2.570e+00  contrastive 2.541e+00  v_t2m/len 1530  v_t2m/R01 6.98%  v_t2m/R02 13.06%  v_t2m/R03 17.52%  v_t2m/R05 24.89%  v_t2m/R10 37.31%  v_t2m/MedR 20.0%  v_m2t/len 1530  v_m2t/R01 6.73%  v_m2t/R02 12.55%  v_m2t/R03 16.86%  v_m2t/R05 22.68%  v_m2t/R10 35.88%  v_m2t/MedR 22.0%
[21/04/26 05:35:20][src.callback.progress][INFO] - Epoch 9 step 1750/192: loss 4.913e-01
[21/04/26 05:35:31][src.callback.progress][INFO] - Epoch 9 step 1800/192: loss 5.569e-01
[21/04/26 05:35:41][src.callback.progress][INFO] - Epoch 9 step 1850/192: loss 5.343e-01
[21/04/26 05:35:52][src.callback.progress][INFO] - Epoch 9 step 1900/192: loss 5.405e-01
[21/04/26 05:35:58][src.callback.progress][INFO] - Epoch 9: v_recons 2.762e-01  recons 2.756e-01  v_loss 5.306e-01  loss 5.213e-01  v_latent 9.263e-01  latent 9.282e-01  v_kl 3.329e+01  kl 4.796e+01  v_contrastive 2.540e+00  contrastive 2.452e+00  v_t2m/len 1530  v_t2m/R01 7.78%  v_t2m/R02 13.19%  v_t2m/R03 16.86%  v_t2m/R05 23.92%  v_t2m/R10 35.61%  v_t2m/MedR 21.0%  v_m2t/len 1530  v_m2t/R01 8.68%  v_m2t/R02 13.32%  v_m2t/R03 16.46%  v_m2t/R05 22.94%  v_m2t/R10 35.29%  v_m2t/MedR 21.0%
[21/04/26 05:36:10][src.callback.progress][INFO] - Epoch 10 step 1950/192: loss 5.241e-01
[21/04/26 05:36:20][src.callback.progress][INFO] - Epoch 10 step 2000/192: loss 5.128e-01
[21/04/26 05:36:31][src.callback.progress][INFO] - Epoch 10 step 2050/192: loss 4.851e-01
[21/04/26 05:36:41][src.callback.progress][INFO] - Epoch 10 step 2100/192: loss 4.957e-01
[21/04/26 05:36:46][src.callback.progress][INFO] - Epoch 10: v_recons 2.730e-01  recons 2.726e-01  v_loss 5.153e-01  loss 5.119e-01  v_latent 9.127e-01  latent 9.230e-01  v_kl 2.834e+01  kl 4.498e+01  v_contrastive 2.419e+00  contrastive 2.389e+00  v_t2m/len 1530  v_t2m/R01 8.23%  v_t2m/R02 13.52%  v_t2m/R03 18.04%  v_t2m/R05 26.34%  v_t2m/R10 39.93%  v_t2m/MedR 17.0%  v_m2t/len 1530  v_m2t/R01 9.22%  v_m2t/R02 14.64%  v_m2t/R03 19.61%  v_m2t/R05 26.4%  v_m2t/R10 38.43%  v_m2t/MedR 18.0%
[21/04/26 05:37:00][src.callback.progress][INFO] - Epoch 11 step 2150/192: loss 4.907e-01
[21/04/26 05:37:11][src.callback.progress][INFO] - Epoch 11 step 2200/192: loss 5.135e-01
[21/04/26 05:37:21][src.callback.progress][INFO] - Epoch 11 step 2250/192: loss 5.077e-01
[21/04/26 05:37:32][src.callback.progress][INFO] - Epoch 11 step 2300/192: loss 4.719e-01
[21/04/26 05:37:34][src.callback.progress][INFO] - Epoch 11: v_recons 2.717e-01  recons 2.695e-01  v_loss 5.124e-01  loss 5.004e-01  v_latent 9.122e-01  latent 9.177e-01  v_kl 2.742e+01  kl 4.140e+01  v_contrastive 2.404e+00  contrastive 2.305e+00  v_t2m/len 1530  v_t2m/R01 8.68%  v_t2m/R02 14.64%  v_t2m/R03 19.4%  v_t2m/R05 26.6%  v_t2m/R10 40.06%  v_t2m/MedR 17.0%  v_m2t/len 1530  v_m2t/R01 9.53%  v_m2t/R02 15.94%  v_m2t/R03 20.92%  v_m2t/R05 26.07%  v_m2t/R10 39.66%  v_m2t/MedR 18.0%
[21/04/26 05:37:50][src.callback.progress][INFO] - Epoch 12 step 2350/192: loss 4.808e-01
[21/04/26 05:38:00][src.callback.progress][INFO] - Epoch 12 step 2400/192: loss 4.803e-01
[21/04/26 05:38:11][src.callback.progress][INFO] - Epoch 12 step 2450/192: loss 4.726e-01
[21/04/26 05:38:23][src.callback.progress][INFO] - Epoch 12: v_recons 2.688e-01  recons 2.665e-01  v_loss 5.028e-01  loss 4.908e-01  v_latent 9.052e-01  latent 9.114e-01  v_kl 2.572e+01  kl 3.770e+01  v_contrastive 2.337e+00  contrastive 2.240e+00  v_t2m/len 1530  v_t2m/R01 9.02%  v_t2m/R02 14.11%  v_t2m/R03 20.06%  v_t2m/R05 28.81%  v_t2m/R10 41.24%  v_t2m/MedR 16.0%  v_m2t/len 1530  v_m2t/R01 10.13%  v_m2t/R02 16.01%  v_m2t/R03 21.04%  v_m2t/R05 29.73%  v_m2t/R10 41.5%  v_m2t/MedR 17.0%
[21/04/26 05:38:29][src.callback.progress][INFO] - Epoch 13 step 2500/192: loss 4.866e-01
[21/04/26 05:38:40][src.callback.progress][INFO] - Epoch 13 step 2550/192: loss 4.643e-01
[21/04/26 05:38:50][src.callback.progress][INFO] - Epoch 13 step 2600/192: loss 4.757e-01
[21/04/26 05:39:01][src.callback.progress][INFO] - Epoch 13 step 2650/192: loss 4.754e-01
[21/04/26 05:39:11][src.callback.progress][INFO] - Epoch 13: v_recons 2.662e-01  recons 2.643e-01  v_loss 4.933e-01  loss 4.819e-01  v_latent 8.985e-01  latent 9.062e-01  v_kl 2.295e+01  kl 3.561e+01  v_contrastive 2.269e+00  contrastive 2.173e+00  v_t2m/len 1530  v_t2m/R01 9.6%  v_t2m/R02 16.34%  v_t2m/R03 22.61%  v_t2m/R05 30.2%  v_t2m/R10 43.06%  v_t2m/MedR 14.0%  v_m2t/len 1530  v_m2t/R01 10.97%  v_m2t/R02 19.4%  v_m2t/R03 24.96%  v_m2t/R05 32.75%  v_m2t/R10 44.43%  v_m2t/MedR 14.0%
[21/04/26 05:39:19][src.callback.progress][INFO] - Epoch 14 step 2700/192: loss 5.285e-01
[21/04/26 05:39:29][src.callback.progress][INFO] - Epoch 14 step 2750/192: loss 4.830e-01
[21/04/26 05:39:40][src.callback.progress][INFO] - Epoch 14 step 2800/192: loss 4.536e-01
[21/04/26 05:39:50][src.callback.progress][INFO] - Epoch 14 step 2850/192: loss 4.805e-01
[21/04/26 05:39:59][src.callback.progress][INFO] - Epoch 14: v_recons 2.645e-01  recons 2.617e-01  v_loss 4.869e-01  loss 4.732e-01  v_latent 8.948e-01  latent 9.022e-01  v_kl 2.165e+01  kl 3.273e+01  v_contrastive 2.222e+00  contrastive 2.111e+00  v_t2m/len 1530  v_t2m/R01 10.13%  v_t2m/R02 15.81%  v_t2m/R03 22.87%  v_t2m/R05 30.71%  v_t2m/R10 44.38%  v_t2m/MedR 13.5%  v_m2t/len 1530  v_m2t/R01 12.81%  v_m2t/R02 18.5%  v_m2t/R03 23.72%  v_m2t/R05 32.41%  v_m2t/R10 43.86%  v_m2t/MedR 14.0%
[21/04/26 05:40:10][src.callback.progress][INFO] - Epoch 15 step 2900/192: loss 4.373e-01
[21/04/26 05:40:21][src.callback.progress][INFO] - Epoch 15 step 2950/192: loss 4.695e-01
[21/04/26 05:40:31][src.callback.progress][INFO] - Epoch 15 step 3000/192: loss 3.853e-01
[21/04/26 05:40:42][src.callback.progress][INFO] - Epoch 15 step 3050/192: loss 5.064e-01
[21/04/26 05:40:49][src.callback.progress][INFO] - Epoch 15: v_recons 2.626e-01  recons 2.591e-01  v_loss 4.828e-01  loss 4.649e-01  v_latent 8.976e-01  latent 8.974e-01  v_kl 2.012e+01  kl 2.907e+01  v_contrastive 2.199e+00  contrastive 2.055e+00  v_t2m/len 1530  v_t2m/R01 10.72%  v_t2m/R02 17.19%  v_t2m/R03 23.01%  v_t2m/R05 31.82%  v_t2m/R10 45.49%  v_t2m/MedR 13.0%  v_m2t/len 1530  v_m2t/R01 11.69%  v_m2t/R02 19.14%  v_m2t/R03 24.44%  v_m2t/R05 31.7%  v_m2t/R10 44.77%  v_m2t/MedR 14.0%
[21/04/26 05:41:00][src.callback.progress][INFO] - Epoch 16 step 3100/192: loss 4.643e-01
[21/04/26 05:41:11][src.callback.progress][INFO] - Epoch 16 step 3150/192: loss 4.981e-01
[21/04/26 05:41:22][src.callback.progress][INFO] - Epoch 16 step 3200/192: loss 4.979e-01
[21/04/26 05:41:32][src.callback.progress][INFO] - Epoch 16 step 3250/192: loss 4.652e-01
[21/04/26 05:41:37][src.callback.progress][INFO] - Epoch 16: v_recons 2.593e-01  recons 2.569e-01  v_loss 4.732e-01  loss 4.561e-01  v_latent 8.906e-01  latent 8.917e-01  v_kl 1.889e+01  kl 2.598e+01  v_contrastive 2.137e+00  contrastive 1.990e+00  v_t2m/len 1530  v_t2m/R01 10.77%  v_t2m/R02 19.14%  v_t2m/R03 24.63%  v_t2m/R05 33.27%  v_t2m/R10 46.59%  v_t2m/MedR 12.0%  v_m2t/len 1530  v_m2t/R01 12.75%  v_m2t/R02 19.61%  v_m2t/R03 24.18%  v_m2t/R05 31.95%  v_m2t/R10 45.56%  v_m2t/MedR 14.0%
[21/04/26 05:41:51][src.callback.progress][INFO] - Epoch 17 step 3300/192: loss 4.289e-01
[21/04/26 05:42:02][src.callback.progress][INFO] - Epoch 17 step 3350/192: loss 4.583e-01
[21/04/26 05:42:12][src.callback.progress][INFO] - Epoch 17 step 3400/192: loss 4.623e-01
[21/04/26 05:42:23][src.callback.progress][INFO] - Epoch 17 step 3450/192: loss 4.130e-01
[21/04/26 05:42:26][src.callback.progress][INFO] - Epoch 17: v_recons 2.579e-01  recons 2.548e-01  v_loss 4.672e-01  loss 4.496e-01  v_latent 8.852e-01  latent 8.874e-01  v_kl 1.672e+01  kl 2.339e+01  v_contrastive 2.092e+00  contrastive 1.946e+00  v_t2m/len 1530  v_t2m/R01 12.28%  v_t2m/R02 20.78%  v_t2m/R03 26.54%  v_t2m/R05 33.86%  v_t2m/R10 45.68%  v_t2m/MedR 13.0%  v_m2t/len 1530  v_m2t/R01 13.27%  v_m2t/R02 20.64%  v_m2t/R03 25.62%  v_m2t/R05 32.75%  v_m2t/R10 46.86%  v_m2t/MedR 12.0%
[21/04/26 05:42:42][src.callback.progress][INFO] - Epoch 18 step 3500/192: loss 4.223e-01
[21/04/26 05:42:52][src.callback.progress][INFO] - Epoch 18 step 3550/192: loss 4.723e-01
[21/04/26 05:43:03][src.callback.progress][INFO] - Epoch 18 step 3600/192: loss 4.185e-01
[21/04/26 05:43:15][src.callback.progress][INFO] - Epoch 18: v_recons 2.551e-01  recons 2.528e-01  v_loss 4.592e-01  loss 4.418e-01  v_latent 8.780e-01  latent 8.828e-01  v_kl 1.585e+01  kl 2.087e+01  v_contrastive 2.039e+00  contrastive 1.888e+00  v_t2m/len 1530  v_t2m/R01 13.78%  v_t2m/R02 21.18%  v_t2m/R03 27.25%  v_t2m/R05 35.15%  v_t2m/R10 48.43%  v_t2m/MedR 11.0%  v_m2t/len 1530  v_m2t/R01 14.97%  v_m2t/R02 21.89%  v_m2t/R03 26.27%  v_m2t/R05 35.56%  v_m2t/R10 47.25%  v_m2t/MedR 12.0%
[21/04/26 05:43:22][src.callback.progress][INFO] - Epoch 19 step 3650/192: loss 4.520e-01
[21/04/26 05:43:32][src.callback.progress][INFO] - Epoch 19 step 3700/192: loss 4.473e-01
[21/04/26 05:43:42][src.callback.progress][INFO] - Epoch 19 step 3750/192: loss 4.000e-01
[21/04/26 05:43:53][src.callback.progress][INFO] - Epoch 19 step 3800/192: loss 4.290e-01
[21/04/26 05:44:03][src.callback.progress][INFO] - Epoch 19: v_recons 2.554e-01  recons 2.512e-01  v_loss 4.575e-01  loss 4.359e-01  v_latent 8.788e-01  latent 8.794e-01  v_kl 1.463e+01  kl 1.920e+01  v_contrastive 2.019e+00  contrastive 1.845e+00  v_t2m/len 1530  v_t2m/R01 12.88%  v_t2m/R02 20.64%  v_t2m/R03 27.31%  v_t2m/R05 36.34%  v_t2m/R10 49.79%  v_t2m/MedR 11.0%  v_m2t/len 1530  v_m2t/R01 12.68%  v_m2t/R02 20.78%  v_m2t/R03 26.27%  v_m2t/R05 36.72%  v_m2t/R10 48.16%  v_m2t/MedR 11.5%
[21/04/26 05:44:12][src.callback.progress][INFO] - Epoch 20 step 3850/192: loss 4.135e-01
[21/04/26 05:44:22][src.callback.progress][INFO] - Epoch 20 step 3900/192: loss 4.054e-01
[21/04/26 05:44:33][src.callback.progress][INFO] - Epoch 20 step 3950/192: loss 4.605e-01
[21/04/26 05:44:43][src.callback.progress][INFO] - Epoch 20 step 4000/192: loss 4.731e-01
[21/04/26 05:44:52][src.callback.progress][INFO] - Epoch 20: v_recons 2.546e-01  recons 2.492e-01  v_loss 4.550e-01  loss 4.291e-01  v_latent 8.796e-01  latent 8.757e-01  v_kl 1.431e+01  kl 1.730e+01  v_contrastive 2.002e+00  contrastive 1.797e+00  v_t2m/len 1530  v_t2m/R01 11.43%  v_t2m/R02 20.45%  v_t2m/R03 27.45%  v_t2m/R05 36.72%  v_t2m/R10 49.02%  v_t2m/MedR 11.0%  v_m2t/len 1530  v_m2t/R01 13.39%  v_m2t/R02 20.92%  v_m2t/R03 26.67%  v_m2t/R05 34.04%  v_m2t/R10 47.52%  v_m2t/MedR 12.0%
[21/04/26 05:45:02][src.callback.progress][INFO] - Epoch 21 step 4050/192: loss 3.880e-01
[21/04/26 05:45:12][src.callback.progress][INFO] - Epoch 21 step 4100/192: loss 4.150e-01
[21/04/26 05:45:23][src.callback.progress][INFO] - Epoch 21 step 4150/192: loss 4.005e-01
[21/04/26 05:45:33][src.callback.progress][INFO] - Epoch 21 step 4200/192: loss 4.747e-01
[21/04/26 05:45:40][src.callback.progress][INFO] - Epoch 21: v_recons 2.513e-01  recons 2.482e-01  v_loss 4.495e-01  loss 4.240e-01  v_latent 8.793e-01  latent 8.726e-01  v_kl 1.381e+01  kl 1.601e+01  v_contrastive 1.980e+00  contrastive 1.756e+00  v_t2m/len 1530  v_t2m/R01 12.88%  v_t2m/R02 21.44%  v_t2m/R03 26.86%  v_t2m/R05 35.61%  v_t2m/R10 49.47%  v_t2m/MedR 11.0%  v_m2t/len 1530  v_m2t/R01 14.77%  v_m2t/R02 21.89%  v_m2t/R03 27.9%  v_m2t/R05 36.08%  v_m2t/R10 47.52%  v_m2t/MedR 12.0%
[21/04/26 05:45:52][src.callback.progress][INFO] - Epoch 22 step 4250/192: loss 3.923e-01
[21/04/26 05:46:02][src.callback.progress][INFO] - Epoch 22 step 4300/192: loss 3.873e-01
[21/04/26 05:46:13][src.callback.progress][INFO] - Epoch 22 step 4350/192: loss 4.305e-01
[21/04/26 05:46:23][src.callback.progress][INFO] - Epoch 22 step 4400/192: loss 4.202e-01
[21/04/26 05:46:29][src.callback.progress][INFO] - Epoch 22: v_recons 2.503e-01  recons 2.462e-01  v_loss 4.458e-01  loss 4.172e-01  v_latent 8.704e-01  latent 8.684e-01  v_kl 1.281e+01  kl 1.498e+01  v_contrastive 1.954e+00  contrastive 1.709e+00  v_t2m/len 1530  v_t2m/R01 13.92%  v_t2m/R02 21.89%  v_t2m/R03 28.1%  v_t2m/R05 36.54%  v_t2m/R10 50.84%  v_t2m/MedR 10.0%  v_m2t/len 1530  v_m2t/R01 15.48%  v_m2t/R02 22.35%  v_m2t/R03 27.9%  v_m2t/R05 37.45%  v_m2t/R10 49.34%  v_m2t/MedR 11.0%
[21/04/26 05:46:42][src.callback.progress][INFO] - Epoch 23 step 4450/192: loss 3.827e-01
[21/04/26 05:46:52][src.callback.progress][INFO] - Epoch 23 step 4500/192: loss 4.134e-01
[21/04/26 05:47:03][src.callback.progress][INFO] - Epoch 23 step 4550/192: loss 4.149e-01
[21/04/26 05:47:13][src.callback.progress][INFO] - Epoch 23 step 4600/192: loss 4.411e-01
[21/04/26 05:47:17][src.callback.progress][INFO] - Epoch 23: v_recons 2.511e-01  recons 2.448e-01  v_loss 4.442e-01  loss 4.131e-01  v_latent 8.693e-01  latent 8.651e-01  v_kl 1.242e+01  kl 1.444e+01  v_contrastive 1.930e+00  contrastive 1.681e+00  v_t2m/len 1530  v_t2m/R01 14.43%  v_t2m/R02 21.3%  v_t2m/R03 27.96%  v_t2m/R05 36.47%  v_t2m/R10 50.91%  v_t2m/MedR 10.0%  v_m2t/len 1530  v_m2t/R01 14.89%  v_m2t/R02 23.2%  v_m2t/R03 28.95%  v_m2t/R05 37.45%  v_m2t/R10 50.06%  v_m2t/MedR 10.0%
[21/04/26 05:47:32][src.callback.progress][INFO] - Epoch 24 step 4650/192: loss 4.198e-01
[21/04/26 05:47:42][src.callback.progress][INFO] - Epoch 24 step 4700/192: loss 4.318e-01
[21/04/26 05:47:52][src.callback.progress][INFO] - Epoch 24 step 4750/192: loss 4.244e-01
[21/04/26 05:48:03][src.callback.progress][INFO] - Epoch 24 step 4800/192: loss 3.653e-01
[21/04/26 05:48:05][src.callback.progress][INFO] - Epoch 24: v_recons 2.492e-01  recons 2.432e-01  v_loss 4.390e-01  loss 4.056e-01  v_latent 8.667e-01  latent 8.603e-01  v_kl 1.236e+01  kl 1.380e+01  v_contrastive 1.897e+00  contrastive 1.622e+00  v_t2m/len 1530  v_t2m/R01 13.92%  v_t2m/R02 21.62%  v_t2m/R03 27.78%  v_t2m/R05 37.25%  v_t2m/R10 50.38%  v_t2m/MedR 10.0%  v_m2t/len 1530  v_m2t/R01 15.02%  v_m2t/R02 21.95%  v_m2t/R03 28.1%  v_m2t/R05 37.65%  v_m2t/R10 49.22%  v_m2t/MedR 11.0%
[21/04/26 05:48:21][src.callback.progress][INFO] - Epoch 25 step 4850/192: loss 4.062e-01
[21/04/26 05:48:31][src.callback.progress][INFO] - Epoch 25 step 4900/192: loss 4.123e-01
[21/04/26 05:48:42][src.callback.progress][INFO] - Epoch 25 step 4950/192: loss 4.295e-01
[21/04/26 05:48:52][src.callback.progress][INFO] - Epoch 25: v_recons 2.489e-01  recons 2.425e-01  v_loss 4.352e-01  loss 4.019e-01  v_latent 8.616e-01  latent 8.562e-01  v_kl 1.218e+01  kl 1.345e+01  v_contrastive 1.862e+00  contrastive 1.593e+00  v_t2m/len 1530  v_t2m/R01 12.75%  v_t2m/R02 22.29%  v_t2m/R03 28.62%  v_t2m/R05 38.24%  v_t2m/R10 51.7%  v_t2m/MedR 9.0%  v_m2t/len 1530  v_m2t/R01 16.07%  v_m2t/R02 23.65%  v_m2t/R03 29.79%  v_m2t/R05 38.36%  v_m2t/R10 49.61%  v_m2t/MedR 11.0%
[21/04/26 05:49:00][src.callback.progress][INFO] - Epoch 26 step 5000/192: loss 3.985e-01
[21/04/26 05:49:10][src.callback.progress][INFO] - Epoch 26 step 5050/192: loss 4.040e-01
[21/04/26 05:49:21][src.callback.progress][INFO] - Epoch 26 step 5100/192: loss 3.585e-01
[21/04/26 05:49:32][src.callback.progress][INFO] - Epoch 26 step 5150/192: loss 3.793e-01
[21/04/26 05:49:40][src.callback.progress][INFO] - Epoch 26: v_recons 2.474e-01  recons 2.409e-01  v_loss 4.340e-01  loss 3.964e-01  v_latent 8.615e-01  latent 8.510e-01  v_kl 1.176e+01  kl 1.292e+01  v_contrastive 1.865e+00  contrastive 1.554e+00  v_t2m/len 1530  v_t2m/R01 15.28%  v_t2m/R02 22.15%  v_t2m/R03 29.21%  v_t2m/R05 37.77%  v_t2m/R10 52.34%  v_t2m/MedR 9.0%  v_m2t/len 1530  v_m2t/R01 16.67%  v_m2t/R02 23.2%  v_m2t/R03 29.35%  v_m2t/R05 37.31%  v_m2t/R10 50.25%  v_m2t/MedR 10.0%
[21/04/26 05:49:49][src.callback.progress][INFO] - Epoch 27 step 5200/192: loss 3.725e-01
[21/04/26 05:50:00][src.callback.progress][INFO] - Epoch 27 step 5250/192: loss 4.025e-01
[21/04/26 05:50:10][src.callback.progress][INFO] - Epoch 27 step 5300/192: loss 3.933e-01
[21/04/26 05:50:21][src.callback.progress][INFO] - Epoch 27 step 5350/192: loss 3.815e-01
[21/04/26 05:50:28][src.callback.progress][INFO] - Epoch 27: v_recons 2.462e-01  recons 2.393e-01  v_loss 4.323e-01  loss 3.911e-01  v_latent 8.619e-01  latent 8.468e-01  v_kl 1.175e+01  kl 1.235e+01  v_contrastive 1.860e+00  contrastive 1.516e+00  v_t2m/len 1530  v_t2m/R01 14.31%  v_t2m/R02 23.79%  v_t2m/R03 29.47%  v_t2m/R05 40.13%  v_t2m/R10 52.09%  v_t2m/MedR 9.0%  v_m2t/len 1530  v_m2t/R01 15.15%  v_m2t/R02 22.87%  v_m2t/R03 28.88%  v_m2t/R05 38.68%  v_m2t/R10 51.24%  v_m2t/MedR 10.0%
[21/04/26 05:50:39][src.callback.progress][INFO] - Epoch 28 step 5400/192: loss 3.588e-01
[21/04/26 05:50:49][src.callback.progress][INFO] - Epoch 28 step 5450/192: loss 3.883e-01
[21/04/26 05:51:00][src.callback.progress][INFO] - Epoch 28 step 5500/192: loss 3.970e-01
[21/04/26 05:51:10][src.callback.progress][INFO] - Epoch 28 step 5550/192: loss 4.102e-01
[21/04/26 05:51:15][src.callback.progress][INFO] - Epoch 28: v_recons 2.441e-01  recons 2.383e-01  v_loss 4.284e-01  loss 3.861e-01  v_latent 8.561e-01  latent 8.421e-01  v_kl 1.155e+01  kl 1.216e+01  v_contrastive 1.842e+00  contrastive 1.477e+00  v_t2m/len 1530  v_t2m/R01 14.43%  v_t2m/R02 22.68%  v_t2m/R03 30.06%  v_t2m/R05 38.75%  v_t2m/R10 52.02%  v_t2m/MedR 10.0%  v_m2t/len 1530  v_m2t/R01 19.14%  v_m2t/R02 25.75%  v_m2t/R03 31.3%  v_m2t/R05 38.81%  v_m2t/R10 50.45%  v_m2t/MedR 10.0%
[21/04/26 05:51:28][src.callback.progress][INFO] - Epoch 29 step 5600/192: loss 3.703e-01
[21/04/26 05:51:38][src.callback.progress][INFO] - Epoch 29 step 5650/192: loss 3.794e-01
[21/04/26 05:51:49][src.callback.progress][INFO] - Epoch 29 step 5700/192: loss 3.425e-01
[21/04/26 05:51:59][src.callback.progress][INFO] - Epoch 29 step 5750/192: loss 3.907e-01
[21/04/26 05:52:03][src.callback.progress][INFO] - Epoch 29: v_recons 2.432e-01  recons 2.372e-01  v_loss 4.262e-01  loss 3.826e-01  v_latent 8.578e-01  latent 8.390e-01  v_kl 1.136e+01  kl 1.186e+01  v_contrastive 1.829e+00  contrastive 1.453e+00  v_t2m/len 1530  v_t2m/R01 13.65%  v_t2m/R02 21.23%  v_t2m/R03 28.76%  v_t2m/R05 37.18%  v_t2m/R10 51.95%  v_t2m/MedR 10.0%  v_m2t/len 1530  v_m2t/R01 16.01%  v_m2t/R02 23.65%  v_m2t/R03 29.14%  v_m2t/R05 37.77%  v_m2t/R10 50.84%  v_m2t/MedR 10.0%
[21/04/26 05:52:17][src.callback.progress][INFO] - Epoch 30 step 5800/192: loss 3.923e-01
[21/04/26 05:52:28][src.callback.progress][INFO] - Epoch 30 step 5850/192: loss 4.069e-01
[21/04/26 05:52:38][src.callback.progress][INFO] - Epoch 30 step 5900/192: loss 3.732e-01
[21/04/26 05:52:48][src.callback.progress][INFO] - Epoch 30 step 5950/192: loss 3.820e-01
[21/04/26 05:52:51][src.callback.progress][INFO] - Epoch 30: v_recons 2.425e-01  recons 2.363e-01  v_loss 4.243e-01  loss 3.784e-01  v_latent 8.533e-01  latent 8.348e-01  v_kl 1.135e+01  kl 1.154e+01  v_contrastive 1.817e+00  contrastive 1.419e+00  v_t2m/len 1530  v_t2m/R01 16.54%  v_t2m/R02 23.92%  v_t2m/R03 30.85%  v_t2m/R05 38.81%  v_t2m/R10 53.45%  v_t2m/MedR 9.0%  v_m2t/len 1530  v_m2t/R01 16.98%  v_m2t/R02 24.63%  v_m2t/R03 30.71%  v_m2t/R05 38.24%  v_m2t/R10 51.83%  v_m2t/MedR 10.0%
[21/04/26 05:53:06][src.callback.progress][INFO] - Epoch 31 step 6000/192: loss 3.981e-01
[21/04/26 05:53:17][src.callback.progress][INFO] - Epoch 31 step 6050/192: loss 3.995e-01
[21/04/26 05:53:27][src.callback.progress][INFO] - Epoch 31 step 6100/192: loss 3.731e-01
[21/04/26 05:53:38][src.callback.progress][INFO] - Epoch 31: v_recons 2.427e-01  recons 2.349e-01  v_loss 4.222e-01  loss 3.721e-01  v_latent 8.489e-01  latent 8.278e-01  v_kl 1.138e+01  kl 1.114e+01  v_contrastive 1.794e+00  contrastive 1.370e+00  v_t2m/len 1530  v_t2m/R01 15.28%  v_t2m/R02 24.18%  v_t2m/R03 31.82%  v_t2m/R05 41.43%  v_t2m/R10 54.04%  v_t2m/MedR 9.0%  v_m2t/len 1530  v_m2t/R01 17.9%  v_m2t/R02 25.81%  v_m2t/R03 31.37%  v_m2t/R05 39.47%  v_m2t/R10 51.7%  v_m2t/MedR 9.5%
[21/04/26 05:53:45][src.callback.progress][INFO] - Epoch 32 step 6150/192: loss 3.907e-01
[21/04/26 05:53:56][src.callback.progress][INFO] - Epoch 32 step 6200/192: loss 3.908e-01
[21/04/26 05:54:07][src.callback.progress][INFO] - Epoch 32 step 6250/192: loss 3.667e-01
[21/04/26 05:54:17][src.callback.progress][INFO] - Epoch 32 step 6300/192: loss 3.834e-01
[21/04/26 05:54:26][src.callback.progress][INFO] - Epoch 32: v_recons 2.414e-01  recons 2.337e-01  v_loss 4.206e-01  loss 3.693e-01  v_latent 8.493e-01  latent 8.244e-01  v_kl 1.177e+01  kl 1.099e+01  v_contrastive 1.790e+00  contrastive 1.355e+00  v_t2m/len 1530  v_t2m/R01 17.25%  v_t2m/R02 24.7%  v_t2m/R03 30.71%  v_t2m/R05 39.4%  v_t2m/R10 52.61%  v_t2m/MedR 9.0%  v_m2t/len 1530  v_m2t/R01 17.25%  v_m2t/R02 24.3%  v_m2t/R03 30.64%  v_m2t/R05 39.34%  v_m2t/R10 52.54%  v_m2t/MedR 9.0%
[21/04/26 05:54:35][src.callback.progress][INFO] - Epoch 33 step 6350/192: loss 3.576e-01
[21/04/26 05:54:46][src.callback.progress][INFO] - Epoch 33 step 6400/192: loss 3.850e-01
[21/04/26 05:54:56][src.callback.progress][INFO] - Epoch 33 step 6450/192: loss 3.828e-01
[21/04/26 05:55:07][src.callback.progress][INFO] - Epoch 33 step 6500/192: loss 3.624e-01
[21/04/26 05:55:14][src.callback.progress][INFO] - Epoch 33: v_recons 2.405e-01  recons 2.329e-01  v_loss 4.171e-01  loss 3.655e-01  v_latent 8.432e-01  latent 8.202e-01  v_kl 1.149e+01  kl 1.104e+01  v_contrastive 1.765e+00  contrastive 1.325e+00  v_t2m/len 1530  v_t2m/R01 16.13%  v_t2m/R02 24.89%  v_t2m/R03 31.95%  v_t2m/R05 40.0%  v_t2m/R10 54.11%  v_t2m/MedR 9.0%  v_m2t/len 1530  v_m2t/R01 17.38%  v_m2t/R02 24.18%  v_m2t/R03 31.11%  v_m2t/R05 40.06%  v_m2t/R10 51.43%  v_m2t/MedR 10.0%
[21/04/26 05:55:25][src.callback.progress][INFO] - Epoch 34 step 6550/192: loss 3.753e-01
[21/04/26 05:55:35][src.callback.progress][INFO] - Epoch 34 step 6600/192: loss 3.891e-01
[21/04/26 05:55:46][src.callback.progress][INFO] - Epoch 34 step 6650/192: loss 3.401e-01
[21/04/26 05:55:56][src.callback.progress][INFO] - Epoch 34 step 6700/192: loss 3.792e-01
[21/04/26 05:56:02][src.callback.progress][INFO] - Epoch 34: v_recons 2.408e-01  recons 2.317e-01  v_loss 4.197e-01  loss 3.615e-01  v_latent 8.442e-01  latent 8.161e-01  v_kl 1.198e+01  kl 1.095e+01  v_contrastive 1.788e+00  contrastive 1.298e+00  v_t2m/len 1530  v_t2m/R01 16.34%  v_t2m/R02 24.96%  v_t2m/R03 31.82%  v_t2m/R05 40.33%  v_t2m/R10 53.0%  v_t2m/MedR 9.0%  v_m2t/len 1530  v_m2t/R01 17.57%  v_m2t/R02 23.79%  v_m2t/R03 30.71%  v_m2t/R05 39.34%  v_m2t/R10 52.61%  v_m2t/MedR 9.0%
[21/04/26 05:56:15][src.callback.progress][INFO] - Epoch 35 step 6750/192: loss 3.726e-01
[21/04/26 05:56:25][src.callback.progress][INFO] - Epoch 35 step 6800/192: loss 3.607e-01
[21/04/26 05:56:36][src.callback.progress][INFO] - Epoch 35 step 6850/192: loss 3.419e-01
[21/04/26 05:56:46][src.callback.progress][INFO] - Epoch 35 step 6900/192: loss 3.146e-01
[21/04/26 05:56:51][src.callback.progress][INFO] - Epoch 35: v_recons 2.410e-01  recons 2.307e-01  v_loss 4.161e-01  loss 3.586e-01  v_latent 8.412e-01  latent 8.123e-01  v_kl 1.194e+01  kl 1.088e+01  v_contrastive 1.750e+00  contrastive 1.277e+00  v_t2m/len 1530  v_t2m/R01 15.94%  v_t2m/R02 23.59%  v_t2m/R03 30.92%  v_t2m/R05 39.54%  v_t2m/R10 53.45%  v_t2m/MedR 9.0%  v_m2t/len 1530  v_m2t/R01 17.45%  v_m2t/R02 23.98%  v_m2t/R03 31.62%  v_m2t/R05 38.56%  v_m2t/R10 51.43%  v_m2t/MedR 10.0%
[21/04/26 05:57:05][src.callback.progress][INFO] - Epoch 36 step 6950/192: loss 3.559e-01
[21/04/26 05:57:15][src.callback.progress][INFO] - Epoch 36 step 7000/192: loss 3.289e-01
[21/04/26 05:57:26][src.callback.progress][INFO] - Epoch 36 step 7050/192: loss 3.630e-01
[21/04/26 05:57:36][src.callback.progress][INFO] - Epoch 36 step 7100/192: loss 3.861e-01
[21/04/26 05:57:39][src.callback.progress][INFO] - Epoch 36: v_recons 2.398e-01  recons 2.296e-01  v_loss 4.128e-01  loss 3.535e-01  v_latent 8.395e-01  latent 8.050e-01  v_kl 1.221e+01  kl 1.088e+01  v_contrastive 1.729e+00  contrastive 1.238e+00  v_t2m/len 1530  v_t2m/R01 16.46%  v_t2m/R02 23.27%  v_t2m/R03 30.38%  v_t2m/R05 38.68%  v_t2m/R10 52.61%  v_t2m/MedR 9.0%  v_m2t/len 1530  v_m2t/R01 18.37%  v_m2t/R02 24.77%  v_m2t/R03 30.52%  v_m2t/R05 38.36%  v_m2t/R10 51.04%  v_m2t/MedR 10.0%
[21/04/26 05:57:55][src.callback.progress][INFO] - Epoch 37 step 7150/192: loss 3.636e-01
[21/04/26 05:58:05][src.callback.progress][INFO] - Epoch 37 step 7200/192: loss 3.349e-01
[21/04/26 05:58:16][src.callback.progress][INFO] - Epoch 37 step 7250/192: loss 3.345e-01
[21/04/26 05:58:27][src.callback.progress][INFO] - Epoch 37: v_recons 2.385e-01  recons 2.282e-01  v_loss 4.106e-01  loss 3.489e-01  v_latent 8.294e-01  latent 7.993e-01  v_kl 1.267e+01  kl 1.091e+01  v_contrastive 1.720e+00  contrastive 1.206e+00  v_t2m/len 1530  v_t2m/R01 15.68%  v_t2m/R02 23.53%  v_t2m/R03 29.87%  v_t2m/R05 39.66%  v_t2m/R10 53.27%  v_t2m/MedR 9.0%  v_m2t/len 1530  v_m2t/R01 17.9%  v_m2t/R02 25.1%  v_m2t/R03 31.76%  v_m2t/R05 39.15%  v_m2t/R10 52.68%  v_m2t/MedR 9.0%
[21/04/26 05:58:34][src.callback.progress][INFO] - Epoch 38 step 7300/192: loss 3.340e-01
[21/04/26 05:58:45][src.callback.progress][INFO] - Epoch 38 step 7350/192: loss 3.479e-01
[21/04/26 05:58:55][src.callback.progress][INFO] - Epoch 38 step 7400/192: loss 3.292e-01
[21/04/26 05:59:06][src.callback.progress][INFO] - Epoch 38 step 7450/192: loss 3.420e-01
[21/04/26 05:59:15][src.callback.progress][INFO] - Epoch 38: v_recons 2.390e-01  recons 2.276e-01  v_loss 4.120e-01  loss 3.471e-01  v_latent 8.308e-01  latent 7.959e-01  v_kl 1.287e+01  kl 1.104e+01  v_contrastive 1.729e+00  contrastive 1.194e+00  v_t2m/len 1530  v_t2m/R01 17.12%  v_t2m/R02 23.72%  v_t2m/R03 29.54%  v_t2m/R05 38.63%  v_t2m/R10 52.15%  v_t2m/MedR 9.5%  v_m2t/len 1530  v_m2t/R01 17.05%  v_m2t/R02 24.44%  v_m2t/R03 30.85%  v_m2t/R05 38.09%  v_m2t/R10 51.7%  v_m2t/MedR 10.0%
[21/04/26 05:59:24][src.callback.progress][INFO] - Epoch 39 step 7500/192: loss 3.365e-01
[21/04/26 05:59:34][src.callback.progress][INFO] - Epoch 39 step 7550/192: loss 3.534e-01
[21/04/26 05:59:45][src.callback.progress][INFO] - Epoch 39 step 7600/192: loss 3.517e-01
[21/04/26 05:59:55][src.callback.progress][INFO] - Epoch 39 step 7650/192: loss 3.550e-01
[21/04/26 06:00:03][src.callback.progress][INFO] - Epoch 39: v_recons 2.388e-01  recons 2.267e-01  v_loss 4.106e-01  loss 3.434e-01  v_latent 8.247e-01  latent 7.913e-01  v_kl 1.316e+01  kl 1.104e+01  v_contrastive 1.717e+00  contrastive 1.166e+00  v_t2m/len 1530  v_t2m/R01 16.46%  v_t2m/R02 24.89%  v_t2m/R03 31.95%  v_t2m/R05 40.0%  v_t2m/R10 52.61%  v_t2m/MedR 9.0%  v_m2t/len 1530  v_m2t/R01 18.62%  v_m2t/R02 25.36%  v_m2t/R03 31.76%  v_m2t/R05 40.2%  v_m2t/R10 52.93%  v_m2t/MedR 9.0%
[21/04/26 06:00:13][src.callback.progress][INFO] - Epoch 40 step 7700/192: loss 3.393e-01
[21/04/26 06:00:24][src.callback.progress][INFO] - Epoch 40 step 7750/192: loss 3.221e-01
[21/04/26 06:00:35][src.callback.progress][INFO] - Epoch 40 step 7800/192: loss 3.220e-01
[21/04/26 06:00:45][src.callback.progress][INFO] - Epoch 40 step 7850/192: loss 4.253e-01
[21/04/26 06:00:52][src.callback.progress][INFO] - Epoch 40: v_recons 2.387e-01  recons 2.258e-01  v_loss 4.078e-01  loss 3.400e-01  v_latent 8.223e-01  latent 7.847e-01  v_kl 1.341e+01  kl 1.114e+01  v_contrastive 1.690e+00  contrastive 1.140e+00  v_t2m/len 1530  v_t2m/R01 16.98%  v_t2m/R02 24.51%  v_t2m/R03 31.56%  v_t2m/R05 39.74%  v_t2m/R10 54.25%  v_t2m/MedR 9.0%  v_m2t/len 1530  v_m2t/R01 17.96%  v_m2t/R02 24.44%  v_m2t/R03 31.3%  v_m2t/R05 39.86%  v_m2t/R10 53.0%  v_m2t/MedR 9.0%
[21/04/26 06:01:04][src.callback.progress][INFO] - Epoch 41 step 7900/192: loss 2.997e-01
[21/04/26 06:01:15][src.callback.progress][INFO] - Epoch 41 step 7950/192: loss 3.745e-01
[21/04/26 06:01:26][src.callback.progress][INFO] - Epoch 41 step 8000/192: loss 3.873e-01
[21/04/26 06:01:36][src.callback.progress][INFO] - Epoch 41 step 8050/192: loss 3.465e-01
[21/04/26 06:01:41][src.callback.progress][INFO] - Epoch 41: v_recons 2.395e-01  recons 2.254e-01  v_loss 4.116e-01  loss 3.368e-01  v_latent 8.249e-01  latent 7.795e-01  v_kl 1.429e+01  kl 1.136e+01  v_contrastive 1.720e+00  contrastive 1.112e+00  v_t2m/len 1530  v_t2m/R01 17.12%  v_t2m/R02 24.57%  v_t2m/R03 31.18%  v_t2m/R05 39.27%  v_t2m/R10 53.91%  v_t2m/MedR 9.0%  v_m2t/len 1530  v_m2t/R01 18.69%  v_m2t/R02 23.27%  v_m2t/R03 30.26%  v_m2t/R05 37.9%  v_m2t/R10 51.24%  v_m2t/MedR 10.0%
[21/04/26 06:01:54][src.callback.progress][INFO] - Epoch 42 step 8100/192: loss 3.272e-01
[21/04/26 06:02:04][src.callback.progress][INFO] - Epoch 42 step 8150/192: loss 3.495e-01
[21/04/26 06:02:14][src.callback.progress][INFO] - Epoch 42 step 8200/192: loss 3.289e-01
[21/04/26 06:02:25][src.callback.progress][INFO] - Epoch 42 step 8250/192: loss 3.452e-01
[21/04/26 06:02:28][src.callback.progress][INFO] - Epoch 42: v_recons 2.375e-01  recons 2.242e-01  v_loss 4.107e-01  loss 3.336e-01  v_latent 8.182e-01  latent 7.741e-01  v_kl 1.417e+01  kl 1.134e+01  v_contrastive 1.731e+00  contrastive 1.092e+00  v_t2m/len 1530  v_t2m/R01 17.12%  v_t2m/R02 24.12%  v_t2m/R03 31.11%  v_t2m/R05 40.25%  v_t2m/R10 52.81%  v_t2m/MedR 9.0%  v_m2t/len 1530  v_m2t/R01 18.1%  v_m2t/R02 24.89%  v_m2t/R03 30.97%  v_m2t/R05 38.88%  v_m2t/R10 51.9%  v_m2t/MedR 10.0%
[21/04/26 06:02:43][src.callback.progress][INFO] - Epoch 43 step 8300/192: loss 3.362e-01
[21/04/26 06:02:53][src.callback.progress][INFO] - Epoch 43 step 8350/192: loss 3.095e-01
[21/04/26 06:03:04][src.callback.progress][INFO] - Epoch 43 step 8400/192: loss 3.820e-01
[21/04/26 06:03:16][src.callback.progress][INFO] - Epoch 43: v_recons 2.388e-01  recons 2.234e-01  v_loss 4.117e-01  loss 3.311e-01  v_latent 8.176e-01  latent 7.703e-01  v_kl 1.397e+01  kl 1.135e+01  v_contrastive 1.727e+00  contrastive 1.076e+00  v_t2m/len 1530  v_t2m/R01 17.19%  v_t2m/R02 24.84%  v_t2m/R03 31.18%  v_t2m/R05 39.93%  v_t2m/R10 53.13%  v_t2m/MedR 9.0%  v_m2t/len 1530  v_m2t/R01 19.07%  v_m2t/R02 25.29%  v_m2t/R03 31.7%  v_m2t/R05 39.86%  v_m2t/R10 52.34%  v_m2t/MedR 9.0%
[21/04/26 06:03:21][src.callback.progress][INFO] - Epoch 44 step 8450/192: loss 3.671e-01
[21/04/26 06:03:32][src.callback.progress][INFO] - Epoch 44 step 8500/192: loss 3.128e-01
[21/04/26 06:03:42][src.callback.progress][INFO] - Epoch 44 step 8550/192: loss 3.108e-01
[21/04/26 06:03:53][src.callback.progress][INFO] - Epoch 44 step 8600/192: loss 2.958e-01
[21/04/26 06:04:03][src.callback.progress][INFO] - Epoch 44: v_recons 2.362e-01  recons 2.229e-01  v_loss 4.072e-01  loss 3.275e-01  v_latent 8.175e-01  latent 7.642e-01  v_kl 1.451e+01  kl 1.136e+01  v_contrastive 1.709e+00  contrastive 1.045e+00  v_t2m/len 1530  v_t2m/R01 18.29%  v_t2m/R02 24.63%  v_t2m/R03 30.32%  v_t2m/R05 38.09%  v_t2m/R10 51.9%  v_t2m/MedR 10.0%  v_m2t/len 1530  v_m2t/R01 18.43%  v_m2t/R02 24.18%  v_m2t/R03 31.3%  v_m2t/R05 39.4%  v_m2t/R10 51.83%  v_m2t/MedR 10.0%
[21/04/26 06:04:11][src.callback.progress][INFO] - Epoch 45 step 8650/192: loss 3.206e-01
[21/04/26 06:04:22][src.callback.progress][INFO] - Epoch 45 step 8700/192: loss 3.398e-01
[21/04/26 06:04:32][src.callback.progress][INFO] - Epoch 45 step 8750/192: loss 3.146e-01
[21/04/26 06:04:43][src.callback.progress][INFO] - Epoch 45 step 8800/192: loss 3.318e-01
[21/04/26 06:04:51][src.callback.progress][INFO] - Epoch 45: v_recons 2.370e-01  recons 2.221e-01  v_loss 4.078e-01  loss 3.249e-01  v_latent 8.156e-01  latent 7.619e-01  v_kl 1.457e+01  kl 1.133e+01  v_contrastive 1.707e+00  contrastive 1.027e+00  v_t2m/len 1530  v_t2m/R01 16.46%  v_t2m/R02 24.89%  v_t2m/R03 30.59%  v_t2m/R05 41.04%  v_t2m/R10 54.31%  v_t2m/MedR 9.0%  v_m2t/len 1530  v_m2t/R01 18.81%  v_m2t/R02 25.22%  v_m2t/R03 32.61%  v_m2t/R05 41.36%  v_m2t/R10 53.86%  v_m2t/MedR 9.0%
[21/04/26 06:05:01][src.callback.progress][INFO] - Epoch 46 step 8850/192: loss 3.074e-01
[21/04/26 06:05:12][src.callback.progress][INFO] - Epoch 46 step 8900/192: loss 3.112e-01
[21/04/26 06:05:22][src.callback.progress][INFO] - Epoch 46 step 8950/192: loss 3.320e-01
[21/04/26 06:05:33][src.callback.progress][INFO] - Epoch 46 step 9000/192: loss 2.946e-01
[21/04/26 06:05:40][src.callback.progress][INFO] - Epoch 46: v_recons 2.370e-01  recons 2.211e-01  v_loss 4.064e-01  loss 3.220e-01  v_latent 8.153e-01  latent 7.584e-01  v_kl 1.462e+01  kl 1.152e+01  v_contrastive 1.693e+00  contrastive 1.008e+00  v_t2m/len 1530  v_t2m/R01 16.93%  v_t2m/R02 23.92%  v_t2m/R03 31.04%  v_t2m/R05 40.77%  v_t2m/R10 53.45%  v_t2m/MedR 9.0%  v_m2t/len 1530  v_m2t/R01 18.88%  v_m2t/R02 25.22%  v_m2t/R03 32.09%  v_m2t/R05 40.45%  v_m2t/R10 52.93%  v_m2t/MedR 9.0%
[21/04/26 06:05:51][src.callback.progress][INFO] - Epoch 47 step 9050/192: loss 2.951e-01
[21/04/26 06:06:01][src.callback.progress][INFO] - Epoch 47 step 9100/192: loss 3.104e-01
[21/04/26 06:06:12][src.callback.progress][INFO] - Epoch 47 step 9150/192: loss 3.096e-01
[21/04/26 06:06:22][src.callback.progress][INFO] - Epoch 47 step 9200/192: loss 3.385e-01
[21/04/26 06:06:27][src.callback.progress][INFO] - Epoch 47: v_recons 2.354e-01  recons 2.206e-01  v_loss 4.043e-01  loss 3.198e-01  v_latent 8.156e-01  latent 7.556e-01  v_kl 1.465e+01  kl 1.145e+01  v_contrastive 1.687e+00  contrastive 9.905e-01  v_t2m/len 1530  v_t2m/R01 17.31%  v_t2m/R02 24.77%  v_t2m/R03 30.59%  v_t2m/R05 40.0%  v_t2m/R10 53.99%  v_t2m/MedR 9.0%  v_m2t/len 1530  v_m2t/R01 18.62%  v_m2t/R02 23.92%  v_m2t/R03 31.76%  v_m2t/R05 39.93%  v_m2t/R10 53.33%  v_m2t/MedR 9.0%
[21/04/26 06:06:40][src.callback.progress][INFO] - Epoch 48 step 9250/192: loss 3.036e-01
[21/04/26 06:06:51][src.callback.progress][INFO] - Epoch 48 step 9300/192: loss 3.160e-01
[21/04/26 06:07:01][src.callback.progress][INFO] - Epoch 48 step 9350/192: loss 3.208e-01
[21/04/26 06:07:12][src.callback.progress][INFO] - Epoch 48 step 9400/192: loss 3.284e-01
[21/04/26 06:07:15][src.callback.progress][INFO] - Epoch 48: v_recons 2.345e-01  recons 2.196e-01  v_loss 4.018e-01  loss 3.165e-01  v_latent 8.091e-01  latent 7.533e-01  v_kl 1.487e+01  kl 1.156e+01  v_contrastive 1.671e+00  contrastive 9.683e-01  v_t2m/len 1530  v_t2m/R01 18.43%  v_t2m/R02 25.95%  v_t2m/R03 32.15%  v_t2m/R05 41.5%  v_t2m/R10 54.63%  v_t2m/MedR 9.0%  v_m2t/len 1530  v_m2t/R01 19.07%  v_m2t/R02 25.15%  v_m2t/R03 32.47%  v_m2t/R05 40.84%  v_m2t/R10 53.45%  v_m2t/MedR 9.0%
[21/04/26 06:07:31][src.callback.progress][INFO] - Epoch 49 step 9450/192: loss 2.918e-01
[21/04/26 06:07:41][src.callback.progress][INFO] - Epoch 49 step 9500/192: loss 3.442e-01
[21/04/26 06:07:52][src.callback.progress][INFO] - Epoch 49 step 9550/192: loss 3.033e-01
[21/04/26 06:08:02][src.callback.progress][INFO] - Epoch 49 step 9600/192: loss 3.016e-01
[21/04/26 06:08:04][src.callback.progress][INFO] - Epoch 49: v_recons 2.363e-01  recons 2.189e-01  v_loss 4.051e-01  loss 3.145e-01  v_latent 8.127e-01  latent 7.501e-01  v_kl 1.500e+01  kl 1.154e+01  v_contrastive 1.686e+00  contrastive 9.544e-01  v_t2m/len 1530  v_t2m/R01 16.46%  v_t2m/R02 23.13%  v_t2m/R03 31.89%  v_t2m/R05 42.15%  v_t2m/R10 56.13%  v_t2m/MedR 8.0%  v_m2t/len 1530  v_m2t/R01 19.35%  v_m2t/R02 27.45%  v_m2t/R03 33.4%  v_m2t/R05 41.5%  v_m2t/R10 52.93%  v_m2t/MedR 9.0%
[21/04/26 06:08:20][src.callback.progress][INFO] - Epoch 50 step 9650/192: loss 3.092e-01
[21/04/26 06:08:31][src.callback.progress][INFO] - Epoch 50 step 9700/192: loss 3.150e-01
[21/04/26 06:08:41][src.callback.progress][INFO] - Epoch 50 step 9750/192: loss 3.418e-01
[21/04/26 06:08:52][src.callback.progress][INFO] - Epoch 50: v_recons 2.353e-01  recons 2.189e-01  v_loss 4.025e-01  loss 3.140e-01  v_latent 8.108e-01  latent 7.491e-01  v_kl 1.536e+01  kl 1.172e+01  v_contrastive 1.671e+00  contrastive 9.503e-01  v_t2m/len 1530  v_t2m/R01 17.9%  v_t2m/R02 25.87%  v_t2m/R03 33.33%  v_t2m/R05 40.97%  v_t2m/R10 54.04%  v_t2m/MedR 9.0%  v_m2t/len 1530  v_m2t/R01 18.69%  v_m2t/R02 25.36%  v_m2t/R03 32.75%  v_m2t/R05 40.45%  v_m2t/R10 53.06%  v_m2t/MedR 9.0%
[21/04/26 06:09:00][src.callback.progress][INFO] - Epoch 51 step 9800/192: loss 3.180e-01
[21/04/26 06:09:10][src.callback.progress][INFO] - Epoch 51 step 9850/192: loss 2.945e-01
[21/04/26 06:09:21][src.callback.progress][INFO] - Epoch 51 step 9900/192: loss 2.688e-01
[21/04/26 06:09:32][src.callback.progress][INFO] - Epoch 51 step 9950/192: loss 3.224e-01
[21/04/26 06:09:40][src.callback.progress][INFO] - Epoch 51: v_recons 2.352e-01  recons 2.178e-01  v_loss 4.039e-01  loss 3.103e-01  v_latent 8.122e-01  latent 7.467e-01  v_kl 1.546e+01  kl 1.180e+01  v_contrastive 1.686e+00  contrastive 9.239e-01  v_t2m/len 1530  v_t2m/R01 17.84%  v_t2m/R02 25.22%  v_t2m/R03 31.44%  v_t2m/R05 40.0%  v_t2m/R10 54.43%  v_t2m/MedR 9.0%  v_m2t/len 1530  v_m2t/R01 19.79%  v_m2t/R02 25.87%  v_m2t/R03 32.88%  v_m2t/R05 40.38%  v_m2t/R10 52.75%  v_m2t/MedR 9.0%
[21/04/26 06:09:50][src.callback.progress][INFO] - Epoch 52 step 10000/192: loss 3.020e-01
[21/04/26 06:10:00][src.callback.progress][INFO] - Epoch 52 step 10050/192: loss 3.172e-01
[21/04/26 06:10:11][src.callback.progress][INFO] - Epoch 52 step 10100/192: loss 2.935e-01
[21/04/26 06:10:21][src.callback.progress][INFO] - Epoch 52 step 10150/192: loss 3.237e-01
[21/04/26 06:10:28][src.callback.progress][INFO] - Epoch 52: v_recons 2.356e-01  recons 2.171e-01  v_loss 4.030e-01  loss 3.071e-01  v_latent 8.120e-01  latent 7.426e-01  v_kl 1.551e+01  kl 1.186e+01  v_contrastive 1.672e+00  contrastive 8.985e-01  v_t2m/len 1530  v_t2m/R01 17.19%  v_t2m/R02 22.68%  v_t2m/R03 29.21%  v_t2m/R05 38.43%  v_t2m/R10 53.27%  v_t2m/MedR 9.0%  v_m2t/len 1530  v_m2t/R01 18.62%  v_m2t/R02 24.57%  v_m2t/R03 31.5%  v_m2t/R05 39.15%  v_m2t/R10 52.81%  v_m2t/MedR 9.0%
[21/04/26 06:10:40][src.callback.progress][INFO] - Epoch 53 step 10200/192: loss 2.733e-01
[21/04/26 06:10:50][src.callback.progress][INFO] - Epoch 53 step 10250/192: loss 2.912e-01
[21/04/26 06:11:01][src.callback.progress][INFO] - Epoch 53 step 10300/192: loss 3.092e-01
[21/04/26 06:11:11][src.callback.progress][INFO] - Epoch 53 step 10350/192: loss 2.977e-01
[21/04/26 06:11:17][src.callback.progress][INFO] - Epoch 53: v_recons 2.366e-01  recons 2.161e-01  v_loss 4.030e-01  loss 3.037e-01  v_latent 8.113e-01  latent 7.393e-01  v_kl 1.591e+01  kl 1.175e+01  v_contrastive 1.662e+00  contrastive 8.744e-01  v_t2m/len 1530  v_t2m/R01 17.57%  v_t2m/R02 26.13%  v_t2m/R03 32.75%  v_t2m/R05 41.5%  v_t2m/R10 53.27%  v_t2m/MedR 9.0%  v_m2t/len 1530  v_m2t/R01 19.93%  v_m2t/R02 25.15%  v_m2t/R03 32.22%  v_m2t/R05 40.59%  v_m2t/R10 53.59%  v_m2t/MedR 9.0%
[21/04/26 06:11:29][src.callback.progress][INFO] - Epoch 54 step 10400/192: loss 3.272e-01
[21/04/26 06:11:39][src.callback.progress][INFO] - Epoch 54 step 10450/192: loss 2.626e-01
[21/04/26 06:11:50][src.callback.progress][INFO] - Epoch 54 step 10500/192: loss 2.662e-01
[21/04/26 06:12:00][src.callback.progress][INFO] - Epoch 54 step 10550/192: loss 3.136e-01
[21/04/26 06:12:04][src.callback.progress][INFO] - Epoch 54: v_recons 2.344e-01  recons 2.157e-01  v_loss 4.009e-01  loss 3.034e-01  v_latent 8.122e-01  latent 7.403e-01  v_kl 1.602e+01  kl 1.212e+01  v_contrastive 1.664e+00  contrastive 8.755e-01  v_t2m/len 1530  v_t2m/R01 17.96%  v_t2m/R02 24.84%  v_t2m/R03 32.09%  v_t2m/R05 40.13%  v_t2m/R10 53.27%  v_t2m/MedR 9.0%  v_m2t/len 1530  v_m2t/R01 20.45%  v_m2t/R02 25.1%  v_m2t/R03 32.22%  v_m2t/R05 40.2%  v_m2t/R10 52.93%  v_m2t/MedR 9.0%
[21/04/26 06:12:18][src.callback.progress][INFO] - Epoch 55 step 10600/192: loss 3.335e-01
[21/04/26 06:12:29][src.callback.progress][INFO] - Epoch 55 step 10650/192: loss 3.345e-01
[21/04/26 06:12:40][src.callback.progress][INFO] - Epoch 55 step 10700/192: loss 3.411e-01
[21/04/26 06:12:50][src.callback.progress][INFO] - Epoch 55 step 10750/192: loss 3.304e-01
[21/04/26 06:12:52][src.callback.progress][INFO] - Epoch 55: v_recons 2.343e-01  recons 2.146e-01  v_loss 4.033e-01  loss 2.993e-01  v_latent 8.143e-01  latent 7.351e-01  v_kl 1.645e+01  kl 1.208e+01  v_contrastive 1.689e+00  contrastive 8.459e-01  v_t2m/len 1530  v_t2m/R01 17.84%  v_t2m/R02 24.96%  v_t2m/R03 31.7%  v_t2m/R05 39.86%  v_t2m/R10 53.86%  v_t2m/MedR 9.0%  v_m2t/len 1530  v_m2t/R01 20.26%  v_m2t/R02 25.95%  v_m2t/R03 33.0%  v_m2t/R05 40.77%  v_m2t/R10 53.13%  v_m2t/MedR 9.0%
[21/04/26 06:13:08][src.callback.progress][INFO] - Epoch 56 step 10800/192: loss 2.919e-01
[21/04/26 06:13:18][src.callback.progress][INFO] - Epoch 56 step 10850/192: loss 2.682e-01
[21/04/26 06:13:29][src.callback.progress][INFO] - Epoch 56 step 10900/192: loss 2.797e-01
[21/04/26 06:13:40][src.callback.progress][INFO] - Epoch 56: v_recons 2.340e-01  recons 2.141e-01  v_loss 4.002e-01  loss 2.985e-01  v_latent 8.147e-01  latent 7.363e-01  v_kl 1.684e+01  kl 1.238e+01  v_contrastive 1.661e+00  contrastive 8.430e-01  v_t2m/len 1530  v_t2m/R01 16.46%  v_t2m/R02 23.59%  v_t2m/R03 29.79%  v_t2m/R05 39.27%  v_t2m/R10 53.13%  v_t2m/MedR 9.0%  v_m2t/len 1530  v_m2t/R01 19.54%  v_m2t/R02 24.57%  v_m2t/R03 31.5%  v_m2t/R05 40.33%  v_m2t/R10 52.68%  v_m2t/MedR 9.0%
[21/04/26 06:13:47][src.callback.progress][INFO] - Epoch 57 step 10950/192: loss 2.663e-01
[21/04/26 06:13:57][src.callback.progress][INFO] - Epoch 57 step 11000/192: loss 2.888e-01
[21/04/26 06:14:08][src.callback.progress][INFO] - Epoch 57 step 11050/192: loss 2.803e-01
[21/04/26 06:14:18][src.callback.progress][INFO] - Epoch 57 step 11100/192: loss 2.855e-01
[21/04/26 06:14:28][src.callback.progress][INFO] - Epoch 57: v_recons 2.338e-01  recons 2.134e-01  v_loss 4.019e-01  loss 2.958e-01  v_latent 8.154e-01  latent 7.335e-01  v_kl 1.687e+01  kl 1.244e+01  v_contrastive 1.679e+00  contrastive 8.228e-01  v_t2m/len 1530  v_t2m/R01 16.54%  v_t2m/R02 23.79%  v_t2m/R03 30.92%  v_t2m/R05 41.36%  v_t2m/R10 55.15%  v_t2m/MedR 8.0%  v_m2t/len 1530  v_m2t/R01 19.47%  v_m2t/R02 24.7%  v_m2t/R03 31.5%  v_m2t/R05 40.06%  v_m2t/R10 51.75%  v_m2t/MedR 9.0%
[21/04/26 06:14:36][src.callback.progress][INFO] - Epoch 58 step 11150/192: loss 2.422e-01
[21/04/26 06:14:47][src.callback.progress][INFO] - Epoch 58 step 11200/192: loss 2.799e-01
[21/04/26 06:14:57][src.callback.progress][INFO] - Epoch 58 step 11250/192: loss 2.809e-01
[21/04/26 06:15:08][src.callback.progress][INFO] - Epoch 58 step 11300/192: loss 2.795e-01
[21/04/26 06:15:15][src.callback.progress][INFO] - Epoch 58: v_recons 2.345e-01  recons 2.126e-01  v_loss 4.002e-01  loss 2.940e-01  v_latent 8.129e-01  latent 7.323e-01  v_kl 1.729e+01  kl 1.253e+01  v_contrastive 1.655e+00  contrastive 8.128e-01  v_t2m/len 1530  v_t2m/R01 18.5%  v_t2m/R02 25.29%  v_t2m/R03 32.47%  v_t2m/R05 40.84%  v_t2m/R10 53.0%  v_t2m/MedR 9.0%  v_m2t/len 1530  v_m2t/R01 19.93%  v_m2t/R02 24.77%  v_m2t/R03 31.23%  v_m2t/R05 39.74%  v_m2t/R10 51.9%  v_m2t/MedR 9.0%
[21/04/26 06:15:26][src.callback.progress][INFO] - Epoch 59 step 11350/192: loss 2.984e-01
[21/04/26 06:15:36][src.callback.progress][INFO] - Epoch 59 step 11400/192: loss 2.948e-01
[21/04/26 06:15:47][src.callback.progress][INFO] - Epoch 59 step 11450/192: loss 2.851e-01
[21/04/26 06:15:58][src.callback.progress][INFO] - Epoch 59 step 11500/192: loss 3.270e-01
[21/04/26 06:16:04][src.callback.progress][INFO] - Epoch 59: v_recons 2.338e-01  recons 2.125e-01  v_loss 4.013e-01  loss 2.923e-01  v_latent 8.151e-01  latent 7.306e-01  v_kl 1.777e+01  kl 1.268e+01  v_contrastive 1.673e+00  contrastive 7.972e-01  v_t2m/len 1530  v_t2m/R01 18.69%  v_t2m/R02 24.77%  v_t2m/R03 32.41%  v_t2m/R05 41.36%  v_t2m/R10 54.58%  v_t2m/MedR 9.0%  v_m2t/len 1530  v_m2t/R01 20.59%  v_m2t/R02 25.62%  v_m2t/R03 32.88%  v_m2t/R05 41.9%  v_m2t/R10 53.0%  v_m2t/MedR 9.0%
[21/04/26 06:16:15][src.callback.progress][INFO] - Epoch 60 step 11550/192: loss 2.679e-01
[21/04/26 06:16:26][src.callback.progress][INFO] - Epoch 60 step 11600/192: loss 3.089e-01
[21/04/26 06:16:36][src.callback.progress][INFO] - Epoch 60 step 11650/192: loss 3.090e-01
[21/04/26 06:16:47][src.callback.progress][INFO] - Epoch 60 step 11700/192: loss 3.244e-01
[21/04/26 06:16:51][src.callback.progress][INFO] - Epoch 60: v_recons 2.340e-01  recons 2.116e-01  v_loss 4.000e-01  loss 2.899e-01  v_latent 8.142e-01  latent 7.275e-01  v_kl 1.790e+01  kl 1.276e+01  v_contrastive 1.658e+00  contrastive 7.813e-01  v_t2m/len 1530  v_t2m/R01 17.52%  v_t2m/R02 25.1%  v_t2m/R03 32.22%  v_t2m/R05 39.66%  v_t2m/R10 53.65%  v_t2m/MedR 9.0%  v_m2t/len 1530  v_m2t/R01 20.92%  v_m2t/R02 25.42%  v_m2t/R03 32.22%  v_m2t/R05 39.54%  v_m2t/R10 51.83%  v_m2t/MedR 10.0%
[21/04/26 06:17:05][src.callback.progress][INFO] - Epoch 61 step 11750/192: loss 2.792e-01
[21/04/26 06:17:15][src.callback.progress][INFO] - Epoch 61 step 11800/192: loss 2.642e-01
[21/04/26 06:17:26][src.callback.progress][INFO] - Epoch 61 step 11850/192: loss 2.822e-01
[21/04/26 06:17:36][src.callback.progress][INFO] - Epoch 61 step 11900/192: loss 2.810e-01
[21/04/26 06:17:39][src.callback.progress][INFO] - Epoch 61: v_recons 2.338e-01  recons 2.112e-01  v_loss 3.984e-01  loss 2.897e-01  v_latent 8.162e-01  latent 7.282e-01  v_kl 1.824e+01  kl 1.293e+01  v_contrastive 1.644e+00  contrastive 7.831e-01  v_t2m/len 1530  v_t2m/R01 17.57%  v_t2m/R02 24.18%  v_t2m/R03 31.7%  v_t2m/R05 41.56%  v_t2m/R10 56.66%  v_t2m/MedR 8.0%  v_m2t/len 1530  v_m2t/R01 20.06%  v_m2t/R02 25.55%  v_m2t/R03 32.02%  v_m2t/R05 40.59%  v_m2t/R10 52.81%  v_m2t/MedR 9.0%
[21/04/26 06:17:54][src.callback.progress][INFO] - Epoch 62 step 11950/192: loss 2.608e-01
[21/04/26 06:18:05][src.callback.progress][INFO] - Epoch 62 step 12000/192: loss 2.727e-01
[21/04/26 06:18:15][src.callback.progress][INFO] - Epoch 62 step 12050/192: loss 3.275e-01
[21/04/26 06:18:27][src.callback.progress][INFO] - Epoch 62: v_recons 2.334e-01  recons 2.104e-01  v_loss 4.033e-01  loss 2.871e-01  v_latent 8.218e-01  latent 7.264e-01  v_kl 1.829e+01  kl 1.298e+01  v_contrastive 1.696e+00  contrastive 7.654e-01  v_t2m/len 1530  v_t2m/R01 16.54%  v_t2m/R02 23.98%  v_t2m/R03 29.4%  v_t2m/R05 40.0%  v_t2m/R10 55.49%  v_t2m/MedR 8.0%  v_m2t/len 1530  v_m2t/R01 20.78%  v_m2t/R02 25.1%  v_m2t/R03 33.2%  v_m2t/R05 40.13%  v_m2t/R10 52.61%  v_m2t/MedR 9.0%
[21/04/26 06:18:32][src.callback.progress][INFO] - Epoch 63 step 12100/192: loss 3.023e-01
[21/04/26 06:18:43][src.callback.progress][INFO] - Epoch 63 step 12150/192: loss 3.137e-01
[21/04/26 06:18:53][src.callback.progress][INFO] - Epoch 63 step 12200/192: loss 2.688e-01
[21/04/26 06:19:04][src.callback.progress][INFO] - Epoch 63 step 12250/192: loss 2.315e-01
[21/04/26 06:19:14][src.callback.progress][INFO] - Epoch 63: v_recons 2.326e-01  recons 2.096e-01  v_loss 4.025e-01  loss 2.847e-01  v_latent 8.202e-01  latent 7.250e-01  v_kl 1.876e+01  kl 1.328e+01  v_contrastive 1.697e+00  contrastive 7.492e-01  v_t2m/len 1530  v_t2m/R01 17.7%  v_t2m/R02 24.25%  v_t2m/R03 31.44%  v_t2m/R05 40.38%  v_t2m/R10 55.15%  v_t2m/MedR 8.0%  v_m2t/len 1530  v_m2t/R01 21.11%  v_m2t/R02 24.89%  v_m2t/R03 31.56%  v_m2t/R05 39.79%  v_m2t/R10 52.81%  v_m2t/MedR 9.0%
[21/04/26 06:19:22][src.callback.progress][INFO] - Epoch 64 step 12300/192: loss 2.794e-01
[21/04/26 06:19:32][src.callback.progress][INFO] - Epoch 64 step 12350/192: loss 2.745e-01
[21/04/26 06:19:43][src.callback.progress][INFO] - Epoch 64 step 12400/192: loss 2.972e-01
[21/04/26 06:19:53][src.callback.progress][INFO] - Epoch 64 step 12450/192: loss 3.068e-01
[21/04/26 06:20:01][src.callback.progress][INFO] - Epoch 64: v_recons 2.340e-01  recons 2.092e-01  v_loss 4.000e-01  loss 2.825e-01  v_latent 8.224e-01  latent 7.223e-01  v_kl 1.900e+01  kl 1.330e+01  v_contrastive 1.658e+00  contrastive 7.308e-01  v_t2m/len 1530  v_t2m/R01 17.45%  v_t2m/R02 24.12%  v_t2m/R03 31.37%  v_t2m/R05 40.25%  v_t2m/R10 55.41%  v_t2m/MedR 8.0%  v_m2t/len 1530  v_m2t/R01 20.2%  v_m2t/R02 25.1%  v_m2t/R03 31.56%  v_m2t/R05 40.33%  v_m2t/R10 53.99%  v_m2t/MedR 9.0%
[21/04/26 06:20:11][src.callback.progress][INFO] - Epoch 65 step 12500/192: loss 2.597e-01
[21/04/26 06:20:22][src.callback.progress][INFO] - Epoch 65 step 12550/192: loss 2.904e-01
[21/04/26 06:20:32][src.callback.progress][INFO] - Epoch 65 step 12600/192: loss 2.875e-01
[21/04/26 06:20:43][src.callback.progress][INFO] - Epoch 65 step 12650/192: loss 2.567e-01
[21/04/26 06:20:49][src.callback.progress][INFO] - Epoch 65: v_recons 2.346e-01  recons 2.082e-01  v_loss 4.008e-01  loss 2.804e-01  v_latent 8.198e-01  latent 7.213e-01  v_kl 1.879e+01  kl 1.344e+01  v_contrastive 1.660e+00  contrastive 7.210e-01  v_t2m/len 1530  v_t2m/R01 17.12%  v_t2m/R02 23.98%  v_t2m/R03 32.02%  v_t2m/R05 40.77%  v_t2m/R10 55.56%  v_t2m/MedR 8.0%  v_m2t/len 1530  v_m2t/R01 20.26%  v_m2t/R02 25.75%  v_m2t/R03 32.54%  v_m2t/R05 39.93%  v_m2t/R10 52.61%  v_m2t/MedR 9.0%
[21/04/26 06:21:00][src.callback.progress][INFO] - Epoch 66 step 12700/192: loss 2.741e-01
[21/04/26 06:21:11][src.callback.progress][INFO] - Epoch 66 step 12750/192: loss 2.753e-01
[21/04/26 06:21:21][src.callback.progress][INFO] - Epoch 66 step 12800/192: loss 3.035e-01
[21/04/26 06:21:32][src.callback.progress][INFO] - Epoch 66 step 12850/192: loss 2.934e-01
[21/04/26 06:21:37][src.callback.progress][INFO] - Epoch 66: v_recons 2.332e-01  recons 2.079e-01  v_loss 3.992e-01  loss 2.794e-01  v_latent 8.223e-01  latent 7.185e-01  v_kl 1.898e+01  kl 1.334e+01  v_contrastive 1.658e+00  contrastive 7.131e-01  v_t2m/len 1530  v_t2m/R01 17.84%  v_t2m/R02 24.77%  v_t2m/R03 31.62%  v_t2m/R05 38.95%  v_t2m/R10 54.63%  v_t2m/MedR 8.0%  v_m2t/len 1530  v_m2t/R01 21.04%  v_m2t/R02 25.81%  v_m2t/R03 32.88%  v_m2t/R05 40.59%  v_m2t/R10 53.4%  v_m2t/MedR 9.0%
[21/04/26 06:21:50][src.callback.progress][INFO] - Epoch 67 step 12900/192: loss 2.552e-01
[21/04/26 06:22:00][src.callback.progress][INFO] - Epoch 67 step 12950/192: loss 2.652e-01
[21/04/26 06:22:11][src.callback.progress][INFO] - Epoch 67 step 13000/192: loss 2.581e-01
[21/04/26 06:22:21][src.callback.progress][INFO] - Epoch 67 step 13050/192: loss 2.550e-01
[21/04/26 06:22:24][src.callback.progress][INFO] - Epoch 67: v_recons 2.341e-01  recons 2.076e-01  v_loss 4.041e-01  loss 2.779e-01  v_latent 8.245e-01  latent 7.182e-01  v_kl 1.962e+01  kl 1.355e+01  v_contrastive 1.698e+00  contrastive 7.017e-01  v_t2m/len 1530  v_t2m/R01 16.72%  v_t2m/R02 24.51%  v_t2m/R03 31.56%  v_t2m/R05 40.45%  v_t2m/R10 53.52%  v_t2m/MedR 9.0%  v_m2t/len 1530  v_m2t/R01 20.26%  v_m2t/R02 25.1%  v_m2t/R03 31.62%  v_m2t/R05 39.34%  v_m2t/R10 52.34%  v_m2t/MedR 9.0%
[21/04/26 06:22:39][src.callback.progress][INFO] - Epoch 68 step 13100/192: loss 2.690e-01
[21/04/26 06:22:49][src.callback.progress][INFO] - Epoch 68 step 13150/192: loss 2.740e-01
[21/04/26 06:23:00][src.callback.progress][INFO] - Epoch 68 step 13200/192: loss 3.209e-01
[21/04/26 06:23:11][src.callback.progress][INFO] - Epoch 68: v_recons 2.338e-01  recons 2.069e-01  v_loss 4.010e-01  loss 2.759e-01  v_latent 8.229e-01  latent 7.157e-01  v_kl 2.005e+01  kl 1.362e+01  v_contrastive 1.669e+00  contrastive 6.889e-01  v_t2m/len 1530  v_t2m/R01 17.19%  v_t2m/R02 23.72%  v_t2m/R03 31.3%  v_t2m/R05 40.06%  v_t2m/R10 53.06%  v_t2m/MedR 9.0%  v_m2t/len 1530  v_m2t/R01 20.12%  v_m2t/R02 24.63%  v_m2t/R03 31.76%  v_m2t/R05 39.86%  v_m2t/R10 53.33%  v_m2t/MedR 9.0%
[21/04/26 06:23:17][src.callback.progress][INFO] - Epoch 69 step 13250/192: loss 3.112e-01
[21/04/26 06:23:27][src.callback.progress][INFO] - Epoch 69 step 13300/192: loss 2.683e-01
[21/04/26 06:23:38][src.callback.progress][INFO] - Epoch 69 step 13350/192: loss 2.801e-01
[21/04/26 06:23:48][src.callback.progress][INFO] - Epoch 69 step 13400/192: loss 2.524e-01
[21/04/26 06:23:58][src.callback.progress][INFO] - Epoch 69: v_recons 2.328e-01  recons 2.062e-01  v_loss 4.023e-01  loss 2.733e-01  v_latent 8.257e-01  latent 7.128e-01  v_kl 1.999e+01  kl 1.366e+01  v_contrastive 1.693e+00  contrastive 6.703e-01  v_t2m/len 1530  v_t2m/R01 18.37%  v_t2m/R02 24.12%  v_t2m/R03 31.89%  v_t2m/R05 39.86%  v_t2m/R10 54.25%  v_t2m/MedR 9.0%  v_m2t/len 1530  v_m2t/R01 20.12%  v_m2t/R02 25.03%  v_m2t/R03 31.95%  v_m2t/R05 39.74%  v_m2t/R10 52.68%  v_m2t/MedR 9.0%
[21/04/26 06:24:05][src.callback.progress][INFO] - Epoch 70 step 13450/192: loss 2.782e-01
[21/04/26 06:24:16][src.callback.progress][INFO] - Epoch 70 step 13500/192: loss 2.779e-01
[21/04/26 06:24:26][src.callback.progress][INFO] - Epoch 70 step 13550/192: loss 2.627e-01
[21/04/26 06:24:37][src.callback.progress][INFO] - Epoch 70 step 13600/192: loss 2.535e-01
[21/04/26 06:24:45][src.callback.progress][INFO] - Epoch 70: v_recons 2.339e-01  recons 2.058e-01  v_loss 4.008e-01  loss 2.726e-01  v_latent 8.280e-01  latent 7.118e-01  v_kl 2.055e+01  kl 1.373e+01  v_contrastive 1.667e+00  contrastive 6.671e-01  v_t2m/len 1530  v_t2m/R01 18.1%  v_t2m/R02 24.77%  v_t2m/R03 31.7%  v_t2m/R05 40.72%  v_t2m/R10 54.9%  v_t2m/MedR 8.0%  v_m2t/len 1530  v_m2t/R01 19.14%  v_m2t/R02 24.77%  v_m2t/R03 32.02%  v_m2t/R05 38.68%  v_m2t/R10 52.15%  v_m2t/MedR 10.0%
[21/04/26 06:24:54][src.callback.progress][INFO] - Epoch 71 step 13650/192: loss 2.805e-01
[21/04/26 06:25:05][src.callback.progress][INFO] - Epoch 71 step 13700/192: loss 2.577e-01
[21/04/26 06:25:15][src.callback.progress][INFO] - Epoch 71 step 13750/192: loss 2.621e-01
[21/04/26 06:25:26][src.callback.progress][INFO] - Epoch 71 step 13800/192: loss 2.467e-01
[21/04/26 06:25:32][src.callback.progress][INFO] - Epoch 71: v_recons 2.322e-01  recons 2.053e-01  v_loss 3.984e-01  loss 2.706e-01  v_latent 8.238e-01  latent 7.099e-01  v_kl 2.028e+01  kl 1.395e+01  v_contrastive 1.660e+00  contrastive 6.510e-01  v_t2m/len 1530  v_t2m/R01 17.52%  v_t2m/R02 23.92%  v_t2m/R03 31.62%  v_t2m/R05 39.93%  v_t2m/R10 54.97%  v_t2m/MedR 9.0%  v_m2t/len 1530  v_m2t/R01 19.21%  v_m2t/R02 24.57%  v_m2t/R03 31.23%  v_m2t/R05 41.04%  v_m2t/R10 53.79%  v_m2t/MedR 9.0%
[21/04/26 06:25:44][src.callback.progress][INFO] - Epoch 72 step 13850/192: loss 2.526e-01
[21/04/26 06:25:54][src.callback.progress][INFO] - Epoch 72 step 13900/192: loss 2.658e-01
[21/04/26 06:26:05][src.callback.progress][INFO] - Epoch 72 step 13950/192: loss 2.628e-01
[21/04/26 06:26:16][src.callback.progress][INFO] - Epoch 72 step 14000/192: loss 2.729e-01
[21/04/26 06:26:21][src.callback.progress][INFO] - Epoch 72: v_recons 2.328e-01  recons 2.045e-01  v_loss 4.003e-01  loss 2.692e-01  v_latent 8.266e-01  latent 7.097e-01  v_kl 2.112e+01  kl 1.414e+01  v_contrastive 1.674e+00  contrastive 6.457e-01  v_t2m/len 1530  v_t2m/R01 19.35%  v_t2m/R02 26.6%  v_t2m/R03 33.65%  v_t2m/R05 41.83%  v_t2m/R10 54.38%  v_t2m/MedR 9.0%  v_m2t/len 1530  v_m2t/R01 21.11%  v_m2t/R02 25.48%  v_m2t/R03 32.93%  v_m2t/R05 40.45%  v_m2t/R10 52.54%  v_m2t/MedR 9.0%
[21/04/26 06:26:33][src.callback.progress][INFO] - Epoch 73 step 14050/192: loss 2.838e-01
[21/04/26 06:26:44][src.callback.progress][INFO] - Epoch 73 step 14100/192: loss 2.507e-01
[21/04/26 06:26:54][src.callback.progress][INFO] - Epoch 73 step 14150/192: loss 2.942e-01
[21/04/26 06:27:05][src.callback.progress][INFO] - Epoch 73 step 14200/192: loss 2.907e-01
[21/04/26 06:27:08][src.callback.progress][INFO] - Epoch 73: v_recons 2.332e-01  recons 2.039e-01  v_loss 4.010e-01  loss 2.668e-01  v_latent 8.270e-01  latent 7.069e-01  v_kl 2.117e+01  kl 1.413e+01  v_contrastive 1.676e+00  contrastive 6.267e-01  v_t2m/len 1530  v_t2m/R01 18.1%  v_t2m/R02 24.04%  v_t2m/R03 32.34%  v_t2m/R05 41.04%  v_t2m/R10 54.84%  v_t2m/MedR 8.0%  v_m2t/len 1530  v_m2t/R01 20.26%  v_m2t/R02 24.96%  v_m2t/R03 31.04%  v_m2t/R05 39.66%  v_m2t/R10 52.93%  v_m2t/MedR 9.0%
[21/04/26 06:27:23][src.callback.progress][INFO] - Epoch 74 step 14250/192: loss 2.877e-01
[21/04/26 06:27:33][src.callback.progress][INFO] - Epoch 74 step 14300/192: loss 2.858e-01
[21/04/26 06:27:44][src.callback.progress][INFO] - Epoch 74 step 14350/192: loss 2.511e-01
[21/04/26 06:27:54][src.callback.progress][INFO] - Epoch 74 step 14400/192: loss 2.586e-01
[21/04/26 06:27:56][src.callback.progress][INFO] - Epoch 74: v_recons 2.317e-01  recons 2.037e-01  v_loss 3.984e-01  loss 2.672e-01  v_latent 8.272e-01  latent 7.076e-01  v_kl 2.132e+01  kl 1.429e+01  v_contrastive 1.665e+00  contrastive 6.333e-01  v_t2m/len 1530  v_t2m/R01 18.81%  v_t2m/R02 23.98%  v_t2m/R03 31.56%  v_t2m/R05 40.45%  v_t2m/R10 55.09%  v_t2m/MedR 8.5%  v_m2t/len 1530  v_m2t/R01 20.2%  v_m2t/R02 25.03%  v_m2t/R03 31.82%  v_m2t/R05 40.72%  v_m2t/R10 53.59%  v_m2t/MedR 9.0%
[21/04/26 06:28:13][src.callback.progress][INFO] - Epoch 75 step 14450/192: loss 2.523e-01
[21/04/26 06:28:23][src.callback.progress][INFO] - Epoch 75 step 14500/192: loss 2.681e-01
[21/04/26 06:28:34][src.callback.progress][INFO] - Epoch 75 step 14550/192: loss 2.506e-01
[21/04/26 06:28:44][src.callback.progress][INFO] - Epoch 75: v_recons 2.326e-01  recons 2.030e-01  v_loss 4.007e-01  loss 2.653e-01  v_latent 8.286e-01  latent 7.053e-01  v_kl 2.153e+01  kl 1.435e+01  v_contrastive 1.679e+00  contrastive 6.214e-01  v_t2m/len 1530  v_t2m/R01 18.23%  v_t2m/R02 24.44%  v_t2m/R03 31.89%  v_t2m/R05 41.56%  v_t2m/R10 54.5%  v_t2m/MedR 8.0%  v_m2t/len 1530  v_m2t/R01 19.61%  v_m2t/R02 24.37%  v_m2t/R03 32.41%  v_m2t/R05 39.93%  v_m2t/R10 53.06%  v_m2t/MedR 9.0%
[21/04/26 06:28:51][src.callback.progress][INFO] - Epoch 76 step 14600/192: loss 2.730e-01
[21/04/26 06:29:01][src.callback.progress][INFO] - Epoch 76 step 14650/192: loss 2.574e-01
[21/04/26 06:29:12][src.callback.progress][INFO] - Epoch 76 step 14700/192: loss 2.651e-01
[21/04/26 06:29:22][src.callback.progress][INFO] - Epoch 76 step 14750/192: loss 2.720e-01
[21/04/26 06:29:31][src.callback.progress][INFO] - Epoch 76: v_recons 2.316e-01  recons 2.021e-01  v_loss 4.004e-01  loss 2.627e-01  v_latent 8.297e-01  latent 7.038e-01  v_kl 2.198e+01  kl 1.458e+01  v_contrastive 1.685e+00  contrastive 6.037e-01  v_t2m/len 1530  v_t2m/R01 16.93%  v_t2m/R02 24.57%  v_t2m/R03 31.04%  v_t2m/R05 40.91%  v_t2m/R10 56.0%  v_t2m/MedR 8.0%  v_m2t/len 1530  v_m2t/R01 20.52%  v_m2t/R02 25.36%  v_m2t/R03 33.0%  v_m2t/R05 40.38%  v_m2t/R10 52.47%  v_m2t/MedR 9.0%
[21/04/26 06:29:40][src.callback.progress][INFO] - Epoch 77 step 14800/192: loss 2.501e-01
[21/04/26 06:29:50][src.callback.progress][INFO] - Epoch 77 step 14850/192: loss 2.547e-01
[21/04/26 06:30:01][src.callback.progress][INFO] - Epoch 77 step 14900/192: loss 2.507e-01
[21/04/26 06:30:11][src.callback.progress][INFO] - Epoch 77 step 14950/192: loss 2.674e-01
[21/04/26 06:30:19][src.callback.progress][INFO] - Epoch 77: v_recons 2.335e-01  recons 2.019e-01  v_loss 3.998e-01  loss 2.623e-01  v_latent 8.311e-01  latent 7.023e-01  v_kl 2.203e+01  kl 1.457e+01  v_contrastive 1.661e+00  contrastive 6.025e-01  v_t2m/len 1530  v_t2m/R01 18.76%  v_t2m/R02 25.95%  v_t2m/R03 31.89%  v_t2m/R05 40.77%  v_t2m/R10 55.36%  v_t2m/MedR 8.0%  v_m2t/len 1530  v_m2t/R01 20.85%  v_m2t/R02 25.29%  v_m2t/R03 33.0%  v_m2t/R05 39.61%  v_m2t/R10 52.61%  v_m2t/MedR 9.0%
[21/04/26 06:30:29][src.callback.progress][INFO] - Epoch 78 step 15000/192: loss 2.441e-01
[21/04/26 06:30:39][src.callback.progress][INFO] - Epoch 78 step 15050/192: loss 2.398e-01
[21/04/26 06:30:50][src.callback.progress][INFO] - Epoch 78 step 15100/192: loss 2.819e-01
[21/04/26 06:31:00][src.callback.progress][INFO] - Epoch 78 step 15150/192: loss 2.670e-01
[21/04/26 06:31:06][src.callback.progress][INFO] - Epoch 78: v_recons 2.338e-01  recons 2.014e-01  v_loss 4.018e-01  loss 2.611e-01  v_latent 8.337e-01  latent 7.000e-01  v_kl 2.228e+01  kl 1.469e+01  v_contrastive 1.678e+00  contrastive 5.960e-01  v_t2m/len 1530  v_t2m/R01 17.38%  v_t2m/R02 23.59%  v_t2m/R03 31.37%  v_t2m/R05 39.79%  v_t2m/R10 53.72%  v_t2m/MedR 9.0%  v_m2t/len 1530  v_m2t/R01 20.71%  v_m2t/R02 25.55%  v_m2t/R03 33.0%  v_m2t/R05 40.52%  v_m2t/R10 53.59%  v_m2t/MedR 9.0%
[21/04/26 06:31:18][src.callback.progress][INFO] - Epoch 79 step 15200/192: loss 2.822e-01
[21/04/26 06:31:28][src.callback.progress][INFO] - Epoch 79 step 15250/192: loss 2.582e-01
[21/04/26 06:31:39][src.callback.progress][INFO] - Epoch 79 step 15300/192: loss 2.216e-01
[21/04/26 06:31:50][src.callback.progress][INFO] - Epoch 79 step 15350/192: loss 2.534e-01
[21/04/26 06:31:54][src.callback.progress][INFO] - Epoch 79: v_recons 2.324e-01  recons 2.008e-01  v_loss 4.007e-01  loss 2.587e-01  v_latent 8.347e-01  latent 6.975e-01  v_kl 2.252e+01  kl 1.465e+01  v_contrastive 1.681e+00  contrastive 5.776e-01  v_t2m/len 1530  v_t2m/R01 17.57%  v_t2m/R02 23.59%  v_t2m/R03 31.44%  v_t2m/R05 40.72%  v_t2m/R10 55.02%  v_t2m/MedR 8.0%  v_m2t/len 1530  v_m2t/R01 19.54%  v_m2t/R02 23.59%  v_m2t/R03 30.71%  v_m2t/R05 38.95%  v_m2t/R10 52.75%  v_m2t/MedR 9.0%
[21/04/26 06:32:07][src.callback.progress][INFO] - Epoch 80 step 15400/192: loss 2.562e-01
[21/04/26 06:32:18][src.callback.progress][INFO] - Epoch 80 step 15450/192: loss 2.723e-01
[21/04/26 06:32:28][src.callback.progress][INFO] - Epoch 80 step 15500/192: loss 2.291e-01
[21/04/26 06:32:38][src.callback.progress][INFO] - Epoch 80 step 15550/192: loss 2.652e-01
[21/04/26 06:32:41][src.callback.progress][INFO] - Epoch 80: v_recons 2.319e-01  recons 2.004e-01  v_loss 3.994e-01  loss 2.573e-01  v_latent 8.345e-01  latent 6.964e-01  v_kl 2.282e+01  kl 1.479e+01  v_contrastive 1.672e+00  contrastive 5.676e-01  v_t2m/len 1530  v_t2m/R01 16.4%  v_t2m/R02 24.25%  v_t2m/R03 32.29%  v_t2m/R05 41.9%  v_t2m/R10 55.36%  v_t2m/MedR 9.0%  v_m2t/len 1530  v_m2t/R01 19.54%  v_m2t/R02 23.65%  v_m2t/R03 31.04%  v_m2t/R05 39.86%  v_m2t/R10 53.33%  v_m2t/MedR 9.0%
[21/04/26 06:32:57][src.callback.progress][INFO] - Epoch 81 step 15600/192: loss 2.552e-01
[21/04/26 06:33:07][src.callback.progress][INFO] - Epoch 81 step 15650/192: loss 2.577e-01
[21/04/26 06:33:18][src.callback.progress][INFO] - Epoch 81 step 15700/192: loss 2.387e-01
[21/04/26 06:33:29][src.callback.progress][INFO] - Epoch 81: v_recons 2.340e-01  recons 1.999e-01  v_loss 4.000e-01  loss 2.564e-01  v_latent 8.329e-01  latent 6.945e-01  v_kl 2.268e+01  kl 1.477e+01  v_contrastive 1.658e+00  contrastive 5.637e-01  v_t2m/len 1530  v_t2m/R01 17.31%  v_t2m/R02 23.72%  v_t2m/R03 31.82%  v_t2m/R05 40.91%  v_t2m/R10 55.29%  v_t2m/MedR 8.0%  v_m2t/len 1530  v_m2t/R01 20.64%  v_m2t/R02 24.44%  v_m2t/R03 33.13%  v_m2t/R05 41.31%  v_m2t/R10 53.27%  v_m2t/MedR 9.0%
[21/04/26 06:33:35][src.callback.progress][INFO] - Epoch 82 step 15750/192: loss 2.648e-01
[21/04/26 06:33:45][src.callback.progress][INFO] - Epoch 82 step 15800/192: loss 2.512e-01
[21/04/26 06:33:56][src.callback.progress][INFO] - Epoch 82 step 15850/192: loss 2.354e-01
[21/04/26 06:34:07][src.callback.progress][INFO] - Epoch 82 step 15900/192: loss 2.392e-01
[21/04/26 06:34:16][src.callback.progress][INFO] - Epoch 82: v_recons 2.338e-01  recons 1.996e-01  v_loss 4.019e-01  loss 2.559e-01  v_latent 8.353e-01  latent 6.939e-01  v_kl 2.319e+01  kl 1.489e+01  v_contrastive 1.678e+00  contrastive 5.616e-01  v_t2m/len 1530  v_t2m/R01 17.52%  v_t2m/R02 24.37%  v_t2m/R03 31.56%  v_t2m/R05 39.74%  v_t2m/R10 54.97%  v_t2m/MedR 9.0%  v_m2t/len 1530  v_m2t/R01 20.0%  v_m2t/R02 24.57%  v_m2t/R03 31.62%  v_m2t/R05 39.47%  v_m2t/R10 53.0%  v_m2t/MedR 9.0%
[21/04/26 06:34:24][src.callback.progress][INFO] - Epoch 83 step 15950/192: loss 2.581e-01
[21/04/26 06:34:35][src.callback.progress][INFO] - Epoch 83 step 16000/192: loss 2.376e-01
[21/04/26 06:34:46][src.callback.progress][INFO] - Epoch 83 step 16050/192: loss 2.396e-01
[21/04/26 06:34:56][src.callback.progress][INFO] - Epoch 83 step 16100/192: loss 2.371e-01
[21/04/26 06:35:04][src.callback.progress][INFO] - Epoch 83: v_recons 2.318e-01  recons 1.990e-01  v_loss 3.979e-01  loss 2.546e-01  v_latent 8.309e-01  latent 6.922e-01  v_kl 2.338e+01  kl 1.503e+01  v_contrastive 1.658e+00  contrastive 5.539e-01  v_t2m/len 1530  v_t2m/R01 18.37%  v_t2m/R02 24.63%  v_t2m/R03 32.34%  v_t2m/R05 42.22%  v_t2m/R10 56.54%  v_t2m/MedR 8.0%  v_m2t/len 1530  v_m2t/R01 20.71%  v_m2t/R02 25.48%  v_m2t/R03 33.0%  v_m2t/R05 40.97%  v_m2t/R10 53.0%  v_m2t/MedR 9.0%
[21/04/26 06:35:15][src.callback.progress][INFO] - Epoch 84 step 16150/192: loss 2.544e-01
[21/04/26 06:35:26][src.callback.progress][INFO] - Epoch 84 step 16200/192: loss 2.750e-01
[21/04/26 06:35:37][src.callback.progress][INFO] - Epoch 84 step 16250/192: loss 2.728e-01
[21/04/26 06:35:47][src.callback.progress][INFO] - Epoch 84 step 16300/192: loss 3.023e-01
[21/04/26 06:35:54][src.callback.progress][INFO] - Epoch 84: v_recons 2.329e-01  recons 1.987e-01  v_loss 4.004e-01  loss 2.535e-01  v_latent 8.355e-01  latent 6.910e-01  v_kl 2.403e+01  kl 1.520e+01  v_contrastive 1.672e+00  contrastive 5.468e-01  v_t2m/len 1530  v_t2m/R01 16.79%  v_t2m/R02 23.45%  v_t2m/R03 31.37%  v_t2m/R05 41.56%  v_t2m/R10 54.18%  v_t2m/MedR 9.0%  v_m2t/len 1530  v_m2t/R01 20.06%  v_m2t/R02 24.25%  v_m2t/R03 31.62%  v_m2t/R05 40.33%  v_m2t/R10 52.88%  v_m2t/MedR 9.0%
[21/04/26 06:36:06][src.callback.progress][INFO] - Epoch 85 step 16350/192: loss 2.526e-01
[21/04/26 06:36:16][src.callback.progress][INFO] - Epoch 85 step 16400/192: loss 2.485e-01
[21/04/26 06:36:27][src.callback.progress][INFO] - Epoch 85 step 16450/192: loss 2.813e-01
[21/04/26 06:36:37][src.callback.progress][INFO] - Epoch 85 step 16500/192: loss 2.545e-01
[21/04/26 06:36:42][src.callback.progress][INFO] - Epoch 85: v_recons 2.316e-01  recons 1.981e-01  v_loss 3.969e-01  loss 2.516e-01  v_latent 8.321e-01  latent 6.881e-01  v_kl 2.357e+01  kl 1.529e+01  v_contrastive 1.650e+00  contrastive 5.326e-01  v_t2m/len 1530  v_t2m/R01 15.94%  v_t2m/R02 22.87%  v_t2m/R03 31.56%  v_t2m/R05 40.72%  v_t2m/R10 55.09%  v_t2m/MedR 8.0%  v_m2t/len 1530  v_m2t/R01 20.59%  v_m2t/R02 25.42%  v_m2t/R03 33.06%  v_m2t/R05 40.77%  v_m2t/R10 53.65%  v_m2t/MedR 9.0%
[21/04/26 06:36:55][src.callback.progress][INFO] - Epoch 86 step 16550/192: loss 2.596e-01
[21/04/26 06:37:06][src.callback.progress][INFO] - Epoch 86 step 16600/192: loss 2.261e-01
[21/04/26 06:37:16][src.callback.progress][INFO] - Epoch 86 step 16650/192: loss 2.478e-01
[21/04/26 06:37:27][src.callback.progress][INFO] - Epoch 86 step 16700/192: loss 2.335e-01
[21/04/26 06:37:29][src.callback.progress][INFO] - Epoch 86: v_recons 2.325e-01  recons 1.975e-01  v_loss 4.002e-01  loss 2.508e-01  v_latent 8.381e-01  latent 6.868e-01  v_kl 2.452e+01  kl 1.548e+01  v_contrastive 1.674e+00  contrastive 5.313e-01  v_t2m/len 1530  v_t2m/R01 18.55%  v_t2m/R02 24.96%  v_t2m/R03 32.47%  v_t2m/R05 41.63%  v_t2m/R10 55.22%  v_t2m/MedR 8.0%  v_m2t/len 1530  v_m2t/R01 20.59%  v_m2t/R02 25.29%  v_m2t/R03 33.4%  v_m2t/R05 42.34%  v_m2t/R10 52.68%  v_m2t/MedR 9.0%
[21/04/26 06:37:44][src.callback.progress][INFO] - Epoch 87 step 16750/192: loss 2.438e-01
[21/04/26 06:37:55][src.callback.progress][INFO] - Epoch 87 step 16800/192: loss 2.490e-01
[21/04/26 06:38:05][src.callback.progress][INFO] - Epoch 87 step 16850/192: loss 2.585e-01
[21/04/26 06:38:17][src.callback.progress][INFO] - Epoch 87: v_recons 2.323e-01  recons 1.974e-01  v_loss 3.986e-01  loss 2.496e-01  v_latent 8.337e-01  latent 6.858e-01  v_kl 2.432e+01  kl 1.549e+01  v_contrastive 1.660e+00  contrastive 5.204e-01  v_t2m/len 1530  v_t2m/R01 17.52%  v_t2m/R02 24.63%  v_t2m/R03 31.23%  v_t2m/R05 40.91%  v_t2m/R10 54.9%  v_t2m/MedR 9.0%  v_m2t/len 1530  v_m2t/R01 20.52%  v_m2t/R02 24.96%  v_m2t/R03 33.13%  v_m2t/R05 42.41%  v_m2t/R10 54.31%  v_m2t/MedR 9.0%
[21/04/26 06:38:23][src.callback.progress][INFO] - Epoch 88 step 16900/192: loss 2.615e-01
[21/04/26 06:38:33][src.callback.progress][INFO] - Epoch 88 step 16950/192: loss 2.495e-01
[21/04/26 06:38:44][src.callback.progress][INFO] - Epoch 88 step 17000/192: loss 2.156e-01
[21/04/26 06:38:54][src.callback.progress][INFO] - Epoch 88 step 17050/192: loss 2.452e-01
[21/04/26 06:39:04][src.callback.progress][INFO] - Epoch 88: v_recons 2.308e-01  recons 1.969e-01  v_loss 3.963e-01  loss 2.484e-01  v_latent 8.308e-01  latent 6.835e-01  v_kl 2.397e+01  kl 1.559e+01  v_contrastive 1.653e+00  contrastive 5.139e-01  v_t2m/len 1530  v_t2m/R01 17.45%  v_t2m/R02 24.12%  v_t2m/R03 31.7%  v_t2m/R05 39.79%  v_t2m/R10 55.49%  v_t2m/MedR 8.0%  v_m2t/len 1530  v_m2t/R01 20.64%  v_m2t/R02 25.48%  v_m2t/R03 32.88%  v_m2t/R05 40.45%  v_m2t/R10 53.4%  v_m2t/MedR 9.0%
[21/04/26 06:39:12][src.callback.progress][INFO] - Epoch 89 step 17100/192: loss 2.377e-01
[21/04/26 06:39:23][src.callback.progress][INFO] - Epoch 89 step 17150/192: loss 2.201e-01
[21/04/26 06:39:33][src.callback.progress][INFO] - Epoch 89 step 17200/192: loss 2.092e-01
[21/04/26 06:39:44][src.callback.progress][INFO] - Epoch 89 step 17250/192: loss 2.614e-01
[21/04/26 06:39:52][src.callback.progress][INFO] - Epoch 89: v_recons 2.307e-01  recons 1.961e-01  v_loss 3.976e-01  loss 2.468e-01  v_latent 8.364e-01  latent 6.835e-01  v_kl 2.466e+01  kl 1.565e+01  v_contrastive 1.667e+00  contrastive 5.062e-01  v_t2m/len 1530  v_t2m/R01 18.37%  v_t2m/R02 24.63%  v_t2m/R03 33.2%  v_t2m/R05 43.0%  v_t2m/R10 55.56%  v_t2m/MedR 8.0%  v_m2t/len 1530  v_m2t/R01 20.06%  v_m2t/R02 24.63%  v_m2t/R03 32.29%  v_m2t/R05 41.5%  v_m2t/R10 53.65%  v_m2t/MedR 9.0%
[21/04/26 06:40:02][src.callback.progress][INFO] - Epoch 90 step 17300/192: loss 2.174e-01
[21/04/26 06:40:12][src.callback.progress][INFO] - Epoch 90 step 17350/192: loss 2.324e-01
[21/04/26 06:40:23][src.callback.progress][INFO] - Epoch 90 step 17400/192: loss 2.462e-01
[21/04/26 06:40:33][src.callback.progress][INFO] - Epoch 90 step 17450/192: loss 2.437e-01
[21/04/26 06:40:40][src.callback.progress][INFO] - Epoch 90: v_recons 2.306e-01  recons 1.957e-01  v_loss 3.958e-01  loss 2.452e-01  v_latent 8.397e-01  latent 6.799e-01  v_kl 2.489e+01  kl 1.558e+01  v_contrastive 1.650e+00  contrastive 4.929e-01  v_t2m/len 1530  v_t2m/R01 18.62%  v_t2m/R02 25.22%  v_t2m/R03 32.15%  v_t2m/R05 41.24%  v_t2m/R10 56.2%  v_t2m/MedR 8.0%  v_m2t/len 1530  v_m2t/R01 20.38%  v_m2t/R02 24.44%  v_m2t/R03 31.95%  v_m2t/R05 40.65%  v_m2t/R10 53.79%  v_m2t/MedR 9.0%
[21/04/26 06:40:51][src.callback.progress][INFO] - Epoch 91 step 17500/192: loss 2.950e-01
[21/04/26 06:41:02][src.callback.progress][INFO] - Epoch 91 step 17550/192: loss 2.365e-01
[21/04/26 06:41:12][src.callback.progress][INFO] - Epoch 91 step 17600/192: loss 2.390e-01
[21/04/26 06:41:23][src.callback.progress][INFO] - Epoch 91 step 17650/192: loss 2.279e-01
[21/04/26 06:41:28][src.callback.progress][INFO] - Epoch 91: v_recons 2.307e-01  recons 1.954e-01  v_loss 3.990e-01  loss 2.456e-01  v_latent 8.414e-01  latent 6.818e-01  v_kl 2.533e+01  kl 1.597e+01  v_contrastive 1.681e+00  contrastive 4.997e-01  v_t2m/len 1530  v_t2m/R01 17.84%  v_t2m/R02 24.7%  v_t2m/R03 31.7%  v_t2m/R05 40.65%  v_t2m/R10 55.22%  v_t2m/MedR 8.0%  v_m2t/len 1530  v_m2t/R01 20.92%  v_m2t/R02 25.81%  v_m2t/R03 32.88%  v_m2t/R05 40.84%  v_m2t/R10 52.15%  v_m2t/MedR 9.0%
[21/04/26 06:41:41][src.callback.progress][INFO] - Epoch 92 step 17700/192: loss 2.485e-01
[21/04/26 06:41:51][src.callback.progress][INFO] - Epoch 92 step 17750/192: loss 2.471e-01
[21/04/26 06:42:02][src.callback.progress][INFO] - Epoch 92 step 17800/192: loss 2.396e-01
[21/04/26 06:42:12][src.callback.progress][INFO] - Epoch 92 step 17850/192: loss 2.317e-01
[21/04/26 06:42:15][src.callback.progress][INFO] - Epoch 92: v_recons 2.323e-01  recons 1.948e-01  v_loss 3.966e-01  loss 2.441e-01  v_latent 8.362e-01  latent 6.793e-01  v_kl 2.526e+01  kl 1.597e+01  v_contrastive 1.640e+00  contrastive 4.914e-01  v_t2m/len 1530  v_t2m/R01 17.45%  v_t2m/R02 24.96%  v_t2m/R03 33.27%  v_t2m/R05 42.22%  v_t2m/R10 55.02%  v_t2m/MedR 8.0%  v_m2t/len 1530  v_m2t/R01 20.97%  v_m2t/R02 25.1%  v_m2t/R03 32.61%  v_m2t/R05 41.31%  v_m2t/R10 54.18%  v_m2t/MedR 9.0%
[21/04/26 06:42:30][src.callback.progress][INFO] - Epoch 93 step 17900/192: loss 2.287e-01
[21/04/26 06:42:41][src.callback.progress][INFO] - Epoch 93 step 17950/192: loss 2.400e-01
[21/04/26 06:42:51][src.callback.progress][INFO] - Epoch 93 step 18000/192: loss 2.845e-01
[21/04/26 06:43:03][src.callback.progress][INFO] - Epoch 93: v_recons 2.314e-01  recons 1.944e-01  v_loss 3.989e-01  loss 2.424e-01  v_latent 8.387e-01  latent 6.758e-01  v_kl 2.539e+01  kl 1.589e+01  v_contrastive 1.672e+00  contrastive 4.783e-01  v_t2m/len 1530  v_t2m/R01 18.55%  v_t2m/R02 24.77%  v_t2m/R03 31.95%  v_t2m/R05 41.56%  v_t2m/R10 54.9%  v_t2m/MedR 8.0%  v_m2t/len 1530  v_m2t/R01 20.52%  v_m2t/R02 24.63%  v_m2t/R03 33.06%  v_m2t/R05 40.72%  v_m2t/R10 53.2%  v_m2t/MedR 9.0%
[21/04/26 06:43:08][src.callback.progress][INFO] - Epoch 94 step 18050/192: loss 2.422e-01
[21/04/26 06:43:19][src.callback.progress][INFO] - Epoch 94 step 18100/192: loss 2.557e-01
[21/04/26 06:43:30][src.callback.progress][INFO] - Epoch 94 step 18150/192: loss 2.548e-01
[21/04/26 06:43:40][src.callback.progress][INFO] - Epoch 94 step 18200/192: loss 2.270e-01
[21/04/26 06:43:50][src.callback.progress][INFO] - Epoch 94: v_recons 2.339e-01  recons 1.941e-01  v_loss 3.999e-01  loss 2.423e-01  v_latent 8.380e-01  latent 6.770e-01  v_kl 2.590e+01  kl 1.613e+01  v_contrastive 1.658e+00  contrastive 4.810e-01  v_t2m/len 1530  v_t2m/R01 17.96%  v_t2m/R02 25.55%  v_t2m/R03 33.27%  v_t2m/R05 42.34%  v_t2m/R10 56.2%  v_t2m/MedR 8.0%  v_m2t/len 1530  v_m2t/R01 21.95%  v_m2t/R02 26.13%  v_m2t/R03 33.99%  v_m2t/R05 42.34%  v_m2t/R10 54.77%  v_m2t/MedR 8.0%
[21/04/26 06:43:57][src.callback.progress][INFO] - Epoch 95 step 18250/192: loss 2.201e-01
[21/04/26 06:44:08][src.callback.progress][INFO] - Epoch 95 step 18300/192: loss 2.593e-01
[21/04/26 06:44:18][src.callback.progress][INFO] - Epoch 95 step 18350/192: loss 2.396e-01
[21/04/26 06:44:29][src.callback.progress][INFO] - Epoch 95 step 18400/192: loss 2.450e-01
[21/04/26 06:44:37][src.callback.progress][INFO] - Epoch 95: v_recons 2.316e-01  recons 1.933e-01  v_loss 4.021e-01  loss 2.403e-01  v_latent 8.449e-01  latent 6.739e-01  v_kl 2.614e+01  kl 1.617e+01  v_contrastive 1.702e+00  contrastive 4.680e-01  v_t2m/len 1530  v_t2m/R01 18.43%  v_t2m/R02 24.63%  v_t2m/R03 32.88%  v_t2m/R05 41.75%  v_t2m/R10 55.68%  v_t2m/MedR 8.0%  v_m2t/len 1530  v_m2t/R01 20.71%  v_m2t/R02 25.62%  v_m2t/R03 32.81%  v_m2t/R05 41.11%  v_m2t/R10 52.47%  v_m2t/MedR 9.0%
[21/04/26 06:44:46][src.callback.progress][INFO] - Epoch 96 step 18450/192: loss 2.162e-01
[21/04/26 06:44:57][src.callback.progress][INFO] - Epoch 96 step 18500/192: loss 2.393e-01
[21/04/26 06:45:07][src.callback.progress][INFO] - Epoch 96 step 18550/192: loss 2.077e-01
[21/04/26 06:45:18][src.callback.progress][INFO] - Epoch 96 step 18600/192: loss 2.503e-01
[21/04/26 06:45:25][src.callback.progress][INFO] - Epoch 96: v_recons 2.318e-01  recons 1.930e-01  v_loss 4.029e-01  loss 2.398e-01  v_latent 8.472e-01  latent 6.729e-01  v_kl 2.664e+01  kl 1.614e+01  v_contrastive 1.709e+00  contrastive 4.661e-01  v_t2m/len 1530  v_t2m/R01 17.96%  v_t2m/R02 25.29%  v_t2m/R03 33.72%  v_t2m/R05 41.75%  v_t2m/R10 54.5%  v_t2m/MedR 9.0%  v_m2t/len 1530  v_m2t/R01 21.44%  v_m2t/R02 26.07%  v_m2t/R03 32.81%  v_m2t/R05 40.59%  v_m2t/R10 52.75%  v_m2t/MedR 9.0%
[21/04/26 06:45:35][src.callback.progress][INFO] - Epoch 97 step 18650/192: loss 2.619e-01
[21/04/26 06:45:46][src.callback.progress][INFO] - Epoch 97 step 18700/192: loss 2.410e-01
[21/04/26 06:45:56][src.callback.progress][INFO] - Epoch 97 step 18750/192: loss 2.517e-01
[21/04/26 06:46:07][src.callback.progress][INFO] - Epoch 97 step 18800/192: loss 2.413e-01
[21/04/26 06:46:12][src.callback.progress][INFO] - Epoch 97: v_recons 2.327e-01  recons 1.924e-01  v_loss 4.032e-01  loss 2.387e-01  v_latent 8.488e-01  latent 6.720e-01  v_kl 2.676e+01  kl 1.633e+01  v_contrastive 1.702e+00  contrastive 4.608e-01  v_t2m/len 1530  v_t2m/R01 19.4%  v_t2m/R02 25.22%  v_t2m/R03 32.75%  v_t2m/R05 43.27%  v_t2m/R10 55.56%  v_t2m/MedR 8.0%  v_m2t/len 1530  v_m2t/R01 20.64%  v_m2t/R02 24.89%  v_m2t/R03 32.15%  v_m2t/R05 40.72%  v_m2t/R10 53.86%  v_m2t/MedR 9.0%
[21/04/26 06:46:24][src.callback.progress][INFO] - Epoch 98 step 18850/192: loss 2.281e-01
[21/04/26 06:46:34][src.callback.progress][INFO] - Epoch 98 step 18900/192: loss 2.403e-01
[21/04/26 06:46:45][src.callback.progress][INFO] - Epoch 98 step 18950/192: loss 2.319e-01
[21/04/26 06:46:56][src.callback.progress][INFO] - Epoch 98 step 19000/192: loss 2.612e-01
[21/04/26 06:46:59][src.callback.progress][INFO] - Epoch 98: v_recons 2.323e-01  recons 1.919e-01  v_loss 4.039e-01  loss 2.369e-01  v_latent 8.479e-01  latent 6.704e-01  v_kl 2.793e+01  kl 1.643e+01  v_contrastive 1.713e+00  contrastive 4.482e-01  v_t2m/len 1530  v_t2m/R01 20.45%  v_t2m/R02 27.7%  v_t2m/R03 35.02%  v_t2m/R05 41.95%  v_t2m/R10 55.22%  v_t2m/MedR 9.0%  v_m2t/len 1530  v_m2t/R01 21.82%  v_m2t/R02 26.2%  v_m2t/R03 34.25%  v_m2t/R05 41.18%  v_m2t/R10 52.61%  v_m2t/MedR 9.0%
[21/04/26 06:47:13][src.callback.progress][INFO] - Epoch 99 step 19050/192: loss 2.080e-01
[21/04/26 06:47:23][src.callback.progress][INFO] - Epoch 99 step 19100/192: loss 2.351e-01
[21/04/26 06:47:34][src.callback.progress][INFO] - Epoch 99 step 19150/192: loss 2.213e-01
[21/04/26 06:47:44][src.callback.progress][INFO] - Epoch 99 step 19200/192: loss 2.468e-01
[21/04/26 06:47:46][src.callback.progress][INFO] - Epoch 99: v_recons 2.323e-01  recons 1.920e-01  v_loss 4.024e-01  loss 2.373e-01  v_latent 8.481e-01  latent 6.705e-01  v_kl 2.704e+01  kl 1.669e+01  v_contrastive 1.697e+00  contrastive 4.514e-01  v_t2m/len 1530  v_t2m/R01 18.76%  v_t2m/R02 24.37%  v_t2m/R03 32.34%  v_t2m/R05 41.5%  v_t2m/R10 56.59%  v_t2m/MedR 8.0%  v_m2t/len 1530  v_m2t/R01 20.97%  v_m2t/R02 24.89%  v_m2t/R03 33.4%  v_m2t/R05 41.75%  v_m2t/R10 53.65%  v_m2t/MedR 8.0%
[21/04/26 06:48:02][src.callback.progress][INFO] - Epoch 100 step 19250/192: loss 2.276e-01
[21/04/26 06:48:12][src.callback.progress][INFO] - Epoch 100 step 19300/192: loss 2.543e-01
[21/04/26 06:48:23][src.callback.progress][INFO] - Epoch 100 step 19350/192: loss 2.211e-01
[21/04/26 06:48:33][src.callback.progress][INFO] - Epoch 100: v_recons 2.310e-01  recons 1.913e-01  v_loss 3.964e-01  loss 2.363e-01  v_latent 8.414e-01  latent 6.690e-01  v_kl 2.704e+01  kl 1.674e+01  v_contrastive 1.651e+00  contrastive 4.474e-01  v_t2m/len 1530  v_t2m/R01 17.7%  v_t2m/R02 23.59%  v_t2m/R03 32.54%  v_t2m/R05 40.52%  v_t2m/R10 55.56%  v_t2m/MedR 8.0%  v_m2t/len 1530  v_m2t/R01 21.37%  v_m2t/R02 26.13%  v_m2t/R03 34.58%  v_m2t/R05 43.13%  v_m2t/R10 54.04%  v_m2t/MedR 9.0%
[21/04/26 06:48:41][src.callback.progress][INFO] - Epoch 101 step 19400/192: loss 2.252e-01
[21/04/26 06:48:51][src.callback.progress][INFO] - Epoch 101 step 19450/192: loss 2.455e-01
[21/04/26 06:49:02][src.callback.progress][INFO] - Epoch 101 step 19500/192: loss 2.248e-01
[21/04/26 06:49:12][src.callback.progress][INFO] - Epoch 101 step 19550/192: loss 2.242e-01
[21/04/26 06:49:21][src.callback.progress][INFO] - Epoch 101: v_recons 2.316e-01  recons 1.911e-01  v_loss 4.022e-01  loss 2.350e-01  v_latent 8.447e-01  latent 6.663e-01  v_kl 2.773e+01  kl 1.668e+01  v_contrastive 1.703e+00  contrastive 4.374e-01  v_t2m/len 1530  v_t2m/R01 18.29%  v_t2m/R02 24.89%  v_t2m/R03 32.93%  v_t2m/R05 43.4%  v_t2m/R10 55.81%  v_t2m/MedR 8.0%  v_m2t/len 1530  v_m2t/R01 21.18%  v_m2t/R02 25.36%  v_m2t/R03 33.33%  v_m2t/R05 41.56%  v_m2t/R10 53.52%  v_m2t/MedR 8.0%
[21/04/26 06:49:30][src.callback.progress][INFO] - Epoch 102 step 19600/192: loss 2.278e-01
[21/04/26 06:49:40][src.callback.progress][INFO] - Epoch 102 step 19650/192: loss 1.960e-01
[21/04/26 06:49:51][src.callback.progress][INFO] - Epoch 102 step 19700/192: loss 2.179e-01
[21/04/26 06:50:01][src.callback.progress][INFO] - Epoch 102 step 19750/192: loss 2.409e-01
[21/04/26 06:50:08][src.callback.progress][INFO] - Epoch 102: v_recons 2.308e-01  recons 1.905e-01  v_loss 4.022e-01  loss 2.340e-01  v_latent 8.473e-01  latent 6.655e-01  v_kl 2.816e+01  kl 1.687e+01  v_contrastive 1.711e+00  contrastive 4.339e-01  v_t2m/len 1530  v_t2m/R01 17.12%  v_t2m/R02 23.53%  v_t2m/R03 31.11%  v_t2m/R05 39.86%  v_t2m/R10 56.4%  v_t2m/MedR 8.0%  v_m2t/len 1530  v_m2t/R01 20.78%  v_m2t/R02 25.29%  v_m2t/R03 33.27%  v_m2t/R05 41.63%  v_m2t/R10 53.2%  v_m2t/MedR 9.0%
[21/04/26 06:50:18][src.callback.progress][INFO] - Epoch 103 step 19800/192: loss 2.334e-01
[21/04/26 06:50:29][src.callback.progress][INFO] - Epoch 103 step 19850/192: loss 2.207e-01
[21/04/26 06:50:39][src.callback.progress][INFO] - Epoch 103 step 19900/192: loss 2.102e-01
[21/04/26 06:50:50][src.callback.progress][INFO] - Epoch 103 step 19950/192: loss 2.381e-01
[21/04/26 06:50:55][src.callback.progress][INFO] - Epoch 103: v_recons 2.306e-01  recons 1.901e-01  v_loss 3.988e-01  loss 2.337e-01  v_latent 8.482e-01  latent 6.643e-01  v_kl 2.787e+01  kl 1.700e+01  v_contrastive 1.679e+00  contrastive 4.345e-01  v_t2m/len 1530  v_t2m/R01 17.78%  v_t2m/R02 23.2%  v_t2m/R03 30.2%  v_t2m/R05 40.84%  v_t2m/R10 54.5%  v_t2m/MedR 8.0%  v_m2t/len 1530  v_m2t/R01 21.3%  v_m2t/R02 25.29%  v_m2t/R03 32.88%  v_m2t/R05 41.31%  v_m2t/R10 53.86%  v_m2t/MedR 9.0%
[21/04/26 06:51:07][src.callback.progress][INFO] - Epoch 104 step 20000/192: loss 2.418e-01
[21/04/26 06:51:18][src.callback.progress][INFO] - Epoch 104 step 20050/192: loss 2.281e-01
[21/04/26 06:51:28][src.callback.progress][INFO] - Epoch 104 step 20100/192: loss 2.115e-01
[21/04/26 06:51:39][src.callback.progress][INFO] - Epoch 104 step 20150/192: loss 2.703e-01
[21/04/26 06:51:43][src.callback.progress][INFO] - Epoch 104: v_recons 2.322e-01  recons 1.895e-01  v_loss 4.008e-01  loss 2.319e-01  v_latent 8.474e-01  latent 6.627e-01  v_kl 2.825e+01  kl 1.699e+01  v_contrastive 1.683e+00  contrastive 4.223e-01  v_t2m/len 1530  v_t2m/R01 17.78%  v_t2m/R02 23.27%  v_t2m/R03 31.18%  v_t2m/R05 41.7%  v_t2m/R10 55.41%  v_t2m/MedR 8.5%  v_m2t/len 1530  v_m2t/R01 22.15%  v_m2t/R02 25.75%  v_m2t/R03 33.45%  v_m2t/R05 41.75%  v_m2t/R10 53.59%  v_m2t/MedR 9.0%
[21/04/26 06:51:56][src.callback.progress][INFO] - Epoch 105 step 20200/192: loss 2.537e-01
[21/04/26 06:52:07][src.callback.progress][INFO] - Epoch 105 step 20250/192: loss 2.376e-01
[21/04/26 06:52:17][src.callback.progress][INFO] - Epoch 105 step 20300/192: loss 2.207e-01
[21/04/26 06:52:28][src.callback.progress][INFO] - Epoch 105 step 20350/192: loss 2.092e-01
[21/04/26 06:52:30][src.callback.progress][INFO] - Epoch 105: v_recons 2.318e-01  recons 1.893e-01  v_loss 4.009e-01  loss 2.316e-01  v_latent 8.452e-01  latent 6.613e-01  v_kl 2.860e+01  kl 1.713e+01  v_contrastive 1.687e+00  contrastive 4.215e-01  v_t2m/len 1530  v_t2m/R01 17.45%  v_t2m/R02 24.25%  v_t2m/R03 32.29%  v_t2m/R05 41.95%  v_t2m/R10 55.09%  v_t2m/MedR 8.0%  v_m2t/len 1530  v_m2t/R01 21.37%  v_m2t/R02 25.87%  v_m2t/R03 32.54%  v_m2t/R05 39.61%  v_m2t/R10 54.5%  v_m2t/MedR 9.0%
[21/04/26 06:52:45][src.callback.progress][INFO] - Epoch 106 step 20400/192: loss 2.400e-01
[21/04/26 06:52:55][src.callback.progress][INFO] - Epoch 106 step 20450/192: loss 2.430e-01
[21/04/26 06:53:06][src.callback.progress][INFO] - Epoch 106 step 20500/192: loss 2.237e-01
[21/04/26 06:53:17][src.callback.progress][INFO] - Epoch 106: v_recons 2.299e-01  recons 1.892e-01  v_loss 3.975e-01  loss 2.306e-01  v_latent 8.466e-01  latent 6.605e-01  v_kl 2.834e+01  kl 1.724e+01  v_contrastive 1.673e+00  contrastive 4.128e-01  v_t2m/len 1530  v_t2m/R01 16.93%  v_t2m/R02 22.54%  v_t2m/R03 30.71%  v_t2m/R05 42.41%  v_t2m/R10 57.11%  v_t2m/MedR 8.0%  v_m2t/len 1530  v_m2t/R01 19.4%  v_m2t/R02 24.3%  v_m2t/R03 32.93%  v_m2t/R05 40.45%  v_m2t/R10 53.52%  v_m2t/MedR 9.0%
[21/04/26 06:53:23][src.callback.progress][INFO] - Epoch 107 step 20550/192: loss 2.069e-01
[21/04/26 06:53:34][src.callback.progress][INFO] - Epoch 107 step 20600/192: loss 2.051e-01
[21/04/26 06:53:44][src.callback.progress][INFO] - Epoch 107 step 20650/192: loss 2.568e-01
[21/04/26 06:53:55][src.callback.progress][INFO] - Epoch 107 step 20700/192: loss 2.330e-01
[21/04/26 06:54:05][src.callback.progress][INFO] - Epoch 107: v_recons 2.306e-01  recons 1.882e-01  v_loss 3.988e-01  loss 2.296e-01  v_latent 8.497e-01  latent 6.581e-01  v_kl 2.867e+01  kl 1.725e+01  v_contrastive 1.679e+00  contrastive 4.123e-01  v_t2m/len 1530  v_t2m/R01 18.55%  v_t2m/R02 25.03%  v_t2m/R03 33.27%  v_t2m/R05 42.15%  v_t2m/R10 55.36%  v_t2m/MedR 8.0%  v_m2t/len 1530  v_m2t/R01 20.59%  v_m2t/R02 24.44%  v_m2t/R03 32.47%  v_m2t/R05 40.45%  v_m2t/R10 53.2%  v_m2t/MedR 9.0%
[21/04/26 06:54:13][src.callback.progress][INFO] - Epoch 108 step 20750/192: loss 2.104e-01
[21/04/26 06:54:23][src.callback.progress][INFO] - Epoch 108 step 20800/192: loss 2.234e-01
[21/04/26 06:54:34][src.callback.progress][INFO] - Epoch 108 step 20850/192: loss 2.450e-01
[21/04/26 06:54:44][src.callback.progress][INFO] - Epoch 108 step 20900/192: loss 2.636e-01
[21/04/26 06:54:52][src.callback.progress][INFO] - Epoch 108: v_recons 2.311e-01  recons 1.881e-01  v_loss 4.031e-01  loss 2.292e-01  v_latent 8.517e-01  latent 6.590e-01  v_kl 2.900e+01  kl 1.742e+01  v_contrastive 1.718e+00  contrastive 4.095e-01  v_t2m/len 1530  v_t2m/R01 18.37%  v_t2m/R02 24.04%  v_t2m/R03 32.81%  v_t2m/R05 41.95%  v_t2m/R10 54.9%  v_t2m/MedR 8.0%  v_m2t/len 1530  v_m2t/R01 20.52%  v_m2t/R02 24.96%  v_m2t/R03 33.0%  v_m2t/R05 41.43%  v_m2t/R10 53.2%  v_m2t/MedR 9.0%
[21/04/26 06:55:02][src.callback.progress][INFO] - Epoch 109 step 20950/192: loss 2.077e-01
[21/04/26 06:55:13][src.callback.progress][INFO] - Epoch 109 step 21000/192: loss 2.332e-01
[21/04/26 06:55:23][src.callback.progress][INFO] - Epoch 109 step 21050/192: loss 2.379e-01
[21/04/26 06:55:34][src.callback.progress][INFO] - Epoch 109 step 21100/192: loss 2.096e-01
[21/04/26 06:55:40][src.callback.progress][INFO] - Epoch 109: v_recons 2.292e-01  recons 1.879e-01  v_loss 3.992e-01  loss 2.284e-01  v_latent 8.506e-01  latent 6.568e-01  v_kl 2.927e+01  kl 1.744e+01  v_contrastive 1.697e+00  contrastive 4.031e-01  v_t2m/len 1530  v_t2m/R01 18.62%  v_t2m/R02 24.12%  v_t2m/R03 32.54%  v_t2m/R05 42.02%  v_t2m/R10 55.49%  v_t2m/MedR 8.0%  v_m2t/len 1530  v_m2t/R01 21.56%  v_m2t/R02 25.36%  v_m2t/R03 33.79%  v_m2t/R05 41.75%  v_m2t/R10 53.99%  v_m2t/MedR 9.0%
[21/04/26 06:55:51][src.callback.progress][INFO] - Epoch 110 step 21150/192: loss 2.134e-01
[21/04/26 06:56:02][src.callback.progress][INFO] - Epoch 110 step 21200/192: loss 2.386e-01
[21/04/26 06:56:12][src.callback.progress][INFO] - Epoch 110 step 21250/192: loss 2.070e-01
[21/04/26 06:56:23][src.callback.progress][INFO] - Epoch 110 step 21300/192: loss 2.286e-01
[21/04/26 06:56:27][src.callback.progress][INFO] - Epoch 110: v_recons 2.306e-01  recons 1.874e-01  v_loss 4.012e-01  loss 2.278e-01  v_latent 8.558e-01  latent 6.572e-01  v_kl 3.001e+01  kl 1.779e+01  v_contrastive 1.703e+00  contrastive 4.028e-01  v_t2m/len 1530  v_t2m/R01 17.9%  v_t2m/R02 24.25%  v_t2m/R03 31.7%  v_t2m/R05 42.02%  v_t2m/R10 55.88%  v_t2m/MedR 8.0%  v_m2t/len 1530  v_m2t/R01 21.76%  v_m2t/R02 25.03%  v_m2t/R03 32.88%  v_m2t/R05 41.9%  v_m2t/R10 53.72%  v_m2t/MedR 9.0%
[21/04/26 06:56:40][src.callback.progress][INFO] - Epoch 111 step 21350/192: loss 2.163e-01
[21/04/26 06:56:51][src.callback.progress][INFO] - Epoch 111 step 21400/192: loss 2.261e-01
[21/04/26 06:57:02][src.callback.progress][INFO] - Epoch 111 step 21450/192: loss 2.622e-01
[21/04/26 06:57:12][src.callback.progress][INFO] - Epoch 111 step 21500/192: loss 2.130e-01
[21/04/26 06:57:15][src.callback.progress][INFO] - Epoch 111: v_recons 2.318e-01  recons 1.872e-01  v_loss 4.006e-01  loss 2.271e-01  v_latent 8.501e-01  latent 6.557e-01  v_kl 3.010e+01  kl 1.778e+01  v_contrastive 1.684e+00  contrastive 3.967e-01  v_t2m/len 1530  v_t2m/R01 16.67%  v_t2m/R02 22.21%  v_t2m/R03 31.82%  v_t2m/R05 42.41%  v_t2m/R10 55.95%  v_t2m/MedR 8.0%  v_m2t/len 1530  v_m2t/R01 21.18%  v_m2t/R02 25.1%  v_m2t/R03 33.86%  v_m2t/R05 41.63%  v_m2t/R10 53.52%  v_m2t/MedR 9.0%
[21/04/26 06:57:30][src.callback.progress][INFO] - Epoch 112 step 21550/192: loss 2.329e-01
[21/04/26 06:57:41][src.callback.progress][INFO] - Epoch 112 step 21600/192: loss 2.387e-01
[21/04/26 06:57:51][src.callback.progress][INFO] - Epoch 112 step 21650/192: loss 2.217e-01
[21/04/26 06:58:03][src.callback.progress][INFO] - Epoch 112: v_recons 2.307e-01  recons 1.866e-01  v_loss 3.990e-01  loss 2.266e-01  v_latent 8.512e-01  latent 6.561e-01  v_kl 3.008e+01  kl 1.805e+01  v_contrastive 1.680e+00  contrastive 3.975e-01  v_t2m/len 1530  v_t2m/R01 18.37%  v_t2m/R02 24.84%  v_t2m/R03 33.2%  v_t2m/R05 42.81%  v_t2m/R10 56.34%  v_t2m/MedR 8.0%  v_m2t/len 1530  v_m2t/R01 22.47%  v_m2t/R02 26.2%  v_m2t/R03 34.31%  v_m2t/R05 42.15%  v_m2t/R10 53.2%  v_m2t/MedR 9.0%
[21/04/26 06:58:09][src.callback.progress][INFO] - Epoch 113 step 21700/192: loss 2.513e-01
[21/04/26 06:58:19][src.callback.progress][INFO] - Epoch 113 step 21750/192: loss 2.167e-01
[21/04/26 06:58:30][src.callback.progress][INFO] - Epoch 113 step 21800/192: loss 2.001e-01
[21/04/26 06:58:41][src.callback.progress][INFO] - Epoch 113 step 21850/192: loss 2.048e-01
[21/04/26 06:58:50][src.callback.progress][INFO] - Epoch 113: v_recons 2.295e-01  recons 1.859e-01  v_loss 3.973e-01  loss 2.251e-01  v_latent 8.545e-01  latent 6.531e-01  v_kl 3.012e+01  kl 1.819e+01  v_contrastive 1.675e+00  contrastive 3.899e-01  v_t2m/len 1530  v_t2m/R01 18.43%  v_t2m/R02 23.59%  v_t2m/R03 32.22%  v_t2m/R05 41.18%  v_t2m/R10 56.13%  v_t2m/MedR 8.0%  v_m2t/len 1530  v_m2t/R01 21.23%  v_m2t/R02 24.89%  v_m2t/R03 33.13%  v_m2t/R05 40.38%  v_m2t/R10 53.91%  v_m2t/MedR 9.0%
[21/04/26 06:58:58][src.callback.progress][INFO] - Epoch 114 step 21900/192: loss 2.327e-01
[21/04/26 06:59:09][src.callback.progress][INFO] - Epoch 114 step 21950/192: loss 2.178e-01
[21/04/26 06:59:19][src.callback.progress][INFO] - Epoch 114 step 22000/192: loss 2.054e-01
[21/04/26 06:59:30][src.callback.progress][INFO] - Epoch 114 step 22050/192: loss 2.474e-01
[21/04/26 06:59:38][src.callback.progress][INFO] - Epoch 114: v_recons 2.285e-01  recons 1.862e-01  v_loss 3.967e-01  loss 2.250e-01  v_latent 8.543e-01  latent 6.524e-01  v_kl 3.045e+01  kl 1.805e+01  v_contrastive 1.679e+00  contrastive 3.860e-01  v_t2m/len 1530  v_t2m/R01 18.43%  v_t2m/R02 24.3%  v_t2m/R03 33.79%  v_t2m/R05 42.29%  v_t2m/R10 56.2%  v_t2m/MedR 8.0%  v_m2t/len 1530  v_m2t/R01 21.62%  v_m2t/R02 25.29%  v_m2t/R03 33.06%  v_m2t/R05 40.33%  v_m2t/R10 53.72%  v_m2t/MedR 9.0%
[21/04/26 06:59:47][src.callback.progress][INFO] - Epoch 115 step 22100/192: loss 2.247e-01
[21/04/26 06:59:58][src.callback.progress][INFO] - Epoch 115 step 22150/192: loss 2.029e-01
[21/04/26 07:00:08][src.callback.progress][INFO] - Epoch 115 step 22200/192: loss 2.175e-01
[21/04/26 07:00:19][src.callback.progress][INFO] - Epoch 115 step 22250/192: loss 2.093e-01
[21/04/26 07:00:25][src.callback.progress][INFO] - Epoch 115: v_recons 2.289e-01  recons 1.856e-01  v_loss 3.972e-01  loss 2.234e-01  v_latent 8.551e-01  latent 6.515e-01  v_kl 3.055e+01  kl 1.800e+01  v_contrastive 1.680e+00  contrastive 3.767e-01  v_t2m/len 1530  v_t2m/R01 18.81%  v_t2m/R02 25.42%  v_t2m/R03 33.13%  v_t2m/R05 41.36%  v_t2m/R10 56.2%  v_t2m/MedR 8.0%  v_m2t/len 1530  v_m2t/R01 22.21%  v_m2t/R02 25.03%  v_m2t/R03 33.27%  v_m2t/R05 42.02%  v_m2t/R10 54.31%  v_m2t/MedR 8.0%
[21/04/26 07:00:36][src.callback.progress][INFO] - Epoch 116 step 22300/192: loss 2.090e-01
[21/04/26 07:00:47][src.callback.progress][INFO] - Epoch 116 step 22350/192: loss 2.403e-01
[21/04/26 07:00:57][src.callback.progress][INFO] - Epoch 116 step 22400/192: loss 2.114e-01
[21/04/26 07:01:08][src.callback.progress][INFO] - Epoch 116 step 22450/192: loss 1.801e-01
[21/04/26 07:01:13][src.callback.progress][INFO] - Epoch 116: v_recons 2.312e-01  recons 1.848e-01  v_loss 4.027e-01  loss 2.224e-01  v_latent 8.604e-01  latent 6.507e-01  v_kl 3.123e+01  kl 1.825e+01  v_contrastive 1.712e+00  contrastive 3.744e-01  v_t2m/len 1530  v_t2m/R01 18.04%  v_t2m/R02 23.72%  v_t2m/R03 31.7%  v_t2m/R05 41.75%  v_t2m/R10 54.7%  v_t2m/MedR 8.5%  v_m2t/len 1530  v_m2t/R01 20.92%  v_m2t/R02 24.84%  v_m2t/R03 32.61%  v_m2t/R05 40.84%  v_m2t/R10 53.06%  v_m2t/MedR 9.0%
[21/04/26 07:01:26][src.callback.progress][INFO] - Epoch 117 step 22500/192: loss 2.237e-01
[21/04/26 07:01:36][src.callback.progress][INFO] - Epoch 117 step 22550/192: loss 2.105e-01
[21/04/26 07:01:47][src.callback.progress][INFO] - Epoch 117 step 22600/192: loss 2.302e-01
[21/04/26 07:01:57][src.callback.progress][INFO] - Epoch 117 step 22650/192: loss 2.265e-01
[21/04/26 07:02:00][src.callback.progress][INFO] - Epoch 117: v_recons 2.305e-01  recons 1.847e-01  v_loss 4.009e-01  loss 2.224e-01  v_latent 8.559e-01  latent 6.510e-01  v_kl 3.098e+01  kl 1.844e+01  v_contrastive 1.701e+00  contrastive 3.754e-01  v_t2m/len 1530  v_t2m/R01 17.78%  v_t2m/R02 23.92%  v_t2m/R03 31.89%  v_t2m/R05 40.97%  v_t2m/R10 56.0%  v_t2m/MedR 8.0%  v_m2t/len 1530  v_m2t/R01 21.56%  v_m2t/R02 24.96%  v_m2t/R03 34.11%  v_m2t/R05 42.15%  v_m2t/R10 53.52%  v_m2t/MedR 9.0%
[21/04/26 07:02:15][src.callback.progress][INFO] - Epoch 118 step 22700/192: loss 2.237e-01
[21/04/26 07:02:26][src.callback.progress][INFO] - Epoch 118 step 22750/192: loss 2.253e-01
[21/04/26 07:02:36][src.callback.progress][INFO] - Epoch 118 step 22800/192: loss 2.228e-01
[21/04/26 07:02:48][src.callback.progress][INFO] - Epoch 118: v_recons 2.303e-01  recons 1.843e-01  v_loss 3.992e-01  loss 2.214e-01  v_latent 8.583e-01  latent 6.489e-01  v_kl 3.138e+01  kl 1.836e+01  v_contrastive 1.685e+00  contrastive 3.684e-01  v_t2m/len 1530  v_t2m/R01 19.93%  v_t2m/R02 25.55%  v_t2m/R03 31.89%  v_t2m/R05 41.56%  v_t2m/R10 55.49%  v_t2m/MedR 8.0%  v_m2t/len 1530  v_m2t/R01 22.03%  v_m2t/R02 25.1%  v_m2t/R03 32.47%  v_m2t/R05 41.11%  v_m2t/R10 53.33%  v_m2t/MedR 9.0%
[21/04/26 07:02:53][src.callback.progress][INFO] - Epoch 119 step 22850/192: loss 2.181e-01
[21/04/26 07:03:04][src.callback.progress][INFO] - Epoch 119 step 22900/192: loss 2.086e-01
[21/04/26 07:03:14][src.callback.progress][INFO] - Epoch 119 step 22950/192: loss 2.230e-01
[21/04/26 07:03:25][src.callback.progress][INFO] - Epoch 119 step 23000/192: loss 2.032e-01
[21/04/26 07:03:35][src.callback.progress][INFO] - Epoch 119: v_recons 2.312e-01  recons 1.841e-01  v_loss 4.054e-01  loss 2.211e-01  v_latent 8.584e-01  latent 6.477e-01  v_kl 3.158e+01  kl 1.851e+01  v_contrastive 1.739e+00  contrastive 3.683e-01  v_t2m/len 1530  v_t2m/R01 19.07%  v_t2m/R02 23.39%  v_t2m/R03 32.15%  v_t2m/R05 40.77%  v_t2m/R10 54.9%  v_t2m/MedR 8.0%  v_m2t/len 1530  v_m2t/R01 21.44%  v_m2t/R02 25.42%  v_m2t/R03 33.4%  v_m2t/R05 41.5%  v_m2t/R10 54.18%  v_m2t/MedR 9.0%
[21/04/26 07:03:42][src.callback.progress][INFO] - Epoch 120 step 23050/192: loss 2.074e-01
[21/04/26 07:03:53][src.callback.progress][INFO] - Epoch 120 step 23100/192: loss 1.910e-01
[21/04/26 07:04:03][src.callback.progress][INFO] - Epoch 120 step 23150/192: loss 2.393e-01
[21/04/26 07:04:14][src.callback.progress][INFO] - Epoch 120 step 23200/192: loss 2.028e-01
[21/04/26 07:04:22][src.callback.progress][INFO] - Epoch 120: v_recons 2.308e-01  recons 1.839e-01  v_loss 4.013e-01  loss 2.208e-01  v_latent 8.620e-01  latent 6.484e-01  v_kl 3.178e+01  kl 1.866e+01  v_contrastive 1.702e+00  contrastive 3.667e-01  v_t2m/len 1530  v_t2m/R01 17.9%  v_t2m/R02 23.2%  v_t2m/R03 31.23%  v_t2m/R05 40.72%  v_t2m/R10 56.0%  v_t2m/MedR 8.0%  v_m2t/len 1530  v_m2t/R01 21.5%  v_m2t/R02 25.22%  v_m2t/R03 33.59%  v_m2t/R05 41.24%  v_m2t/R10 54.43%  v_m2t/MedR 9.0%
[21/04/26 07:04:31][src.callback.progress][INFO] - Epoch 121 step 23250/192: loss 2.366e-01
[21/04/26 07:04:41][src.callback.progress][INFO] - Epoch 121 step 23300/192: loss 1.892e-01
[21/04/26 07:04:52][src.callback.progress][INFO] - Epoch 121 step 23350/192: loss 2.114e-01
[21/04/26 07:05:02][src.callback.progress][INFO] - Epoch 121 step 23400/192: loss 1.969e-01
[21/04/26 07:05:09][src.callback.progress][INFO] - Epoch 121: v_recons 2.301e-01  recons 1.832e-01  v_loss 4.040e-01  loss 2.192e-01  v_latent 8.712e-01  latent 6.460e-01  v_kl 3.251e+01  kl 1.859e+01  v_contrastive 1.735e+00  contrastive 3.574e-01  v_t2m/len 1530  v_t2m/R01 16.6%  v_t2m/R02 22.15%  v_t2m/R03 30.97%  v_t2m/R05 40.52%  v_t2m/R10 54.58%  v_t2m/MedR 9.0%  v_m2t/len 1530  v_m2t/R01 20.92%  v_m2t/R02 24.51%  v_m2t/R03 32.68%  v_m2t/R05 41.24%  v_m2t/R10 53.2%  v_m2t/MedR 9.0%
[21/04/26 07:05:20][src.callback.progress][INFO] - Epoch 122 step 23450/192: loss 2.395e-01
[21/04/26 07:05:30][src.callback.progress][INFO] - Epoch 122 step 23500/192: loss 2.181e-01
[21/04/26 07:05:41][src.callback.progress][INFO] - Epoch 122 step 23550/192: loss 2.359e-01
[21/04/26 07:05:51][src.callback.progress][INFO] - Epoch 122 step 23600/192: loss 2.680e-01
[21/04/26 07:05:56][src.callback.progress][INFO] - Epoch 122: v_recons 2.309e-01  recons 1.833e-01  v_loss 4.009e-01  loss 2.195e-01  v_latent 8.676e-01  latent 6.470e-01  v_kl 3.269e+01  kl 1.882e+01  v_contrastive 1.697e+00  contrastive 3.605e-01  v_t2m/len 1530  v_t2m/R01 18.04%  v_t2m/R02 22.68%  v_t2m/R03 30.97%  v_t2m/R05 40.0%  v_t2m/R10 55.02%  v_t2m/MedR 8.5%  v_m2t/len 1530  v_m2t/R01 20.85%  v_m2t/R02 23.79%  v_m2t/R03 31.89%  v_m2t/R05 40.06%  v_m2t/R10 53.2%  v_m2t/MedR 9.0%
[21/04/26 07:06:09][src.callback.progress][INFO] - Epoch 123 step 23650/192: loss 2.282e-01
[21/04/26 07:06:20][src.callback.progress][INFO] - Epoch 123 step 23700/192: loss 2.049e-01
[21/04/26 07:06:30][src.callback.progress][INFO] - Epoch 123 step 23750/192: loss 2.311e-01
[21/04/26 07:06:41][src.callback.progress][INFO] - Epoch 123 step 23800/192: loss 2.043e-01
[21/04/26 07:06:45][src.callback.progress][INFO] - Epoch 123: v_recons 2.302e-01  recons 1.829e-01  v_loss 4.011e-01  loss 2.184e-01  v_latent 8.629e-01  latent 6.456e-01  v_kl 3.236e+01  kl 1.886e+01  v_contrastive 1.705e+00  contrastive 3.524e-01  v_t2m/len 1530  v_t2m/R01 18.23%  v_t2m/R02 25.22%  v_t2m/R03 33.06%  v_t2m/R05 42.41%  v_t2m/R10 56.54%  v_t2m/MedR 8.0%  v_m2t/len 1530  v_m2t/R01 20.85%  v_m2t/R02 25.48%  v_m2t/R03 33.2%  v_m2t/R05 42.22%  v_m2t/R10 54.58%  v_m2t/MedR 9.0%
[21/04/26 07:06:59][src.callback.progress][INFO] - Epoch 124 step 23850/192: loss 2.005e-01
[21/04/26 07:07:09][src.callback.progress][INFO] - Epoch 124 step 23900/192: loss 1.819e-01
[21/04/26 07:07:20][src.callback.progress][INFO] - Epoch 124 step 23950/192: loss 2.373e-01
[21/04/26 07:07:30][src.callback.progress][INFO] - Epoch 124 step 24000/192: loss 2.117e-01
[21/04/26 07:07:32][src.callback.progress][INFO] - Epoch 124: v_recons 2.329e-01  recons 1.825e-01  v_loss 4.042e-01  loss 2.178e-01  v_latent 8.642e-01  latent 6.437e-01  v_kl 3.245e+01  kl 1.885e+01  v_contrastive 1.710e+00  contrastive 3.512e-01  v_t2m/len 1530  v_t2m/R01 19.07%  v_t2m/R02 24.77%  v_t2m/R03 32.54%  v_t2m/R05 42.75%  v_t2m/R10 54.58%  v_t2m/MedR 8.0%  v_m2t/len 1530  v_m2t/R01 20.78%  v_m2t/R02 24.44%  v_m2t/R03 32.29%  v_m2t/R05 39.86%  v_m2t/R10 54.7%  v_m2t/MedR 9.0%
[21/04/26 07:07:47][src.callback.progress][INFO] - Epoch 125 step 24050/192: loss 2.406e-01
[21/04/26 07:07:58][src.callback.progress][INFO] - Epoch 125 step 24100/192: loss 2.189e-01
[21/04/26 07:08:08][src.callback.progress][INFO] - Epoch 125 step 24150/192: loss 2.248e-01
[21/04/26 07:08:19][src.callback.progress][INFO] - Epoch 125: v_recons 2.305e-01  recons 1.822e-01  v_loss 3.990e-01  loss 2.170e-01  v_latent 8.614e-01  latent 6.441e-01  v_kl 3.279e+01  kl 1.902e+01  v_contrastive 1.681e+00  contrastive 3.462e-01  v_t2m/len 1530  v_t2m/R01 19.79%  v_t2m/R02 26.34%  v_t2m/R03 34.04%  v_t2m/R05 43.4%  v_t2m/R10 57.25%  v_t2m/MedR 7.0%  v_m2t/len 1530  v_m2t/R01 21.56%  v_m2t/R02 25.22%  v_m2t/R03 34.31%  v_m2t/R05 41.9%  v_m2t/R10 54.84%  v_m2t/MedR 8.0%
[21/04/26 07:08:26][src.callback.progress][INFO] - Epoch 126 step 24200/192: loss 1.998e-01
[21/04/26 07:08:36][src.callback.progress][INFO] - Epoch 126 step 24250/192: loss 2.182e-01
[21/04/26 07:08:47][src.callback.progress][INFO] - Epoch 126 step 24300/192: loss 2.160e-01
[21/04/26 07:08:57][src.callback.progress][INFO] - Epoch 126 step 24350/192: loss 2.563e-01
[21/04/26 07:09:06][src.callback.progress][INFO] - Epoch 126: v_recons 2.303e-01  recons 1.815e-01  v_loss 4.014e-01  loss 2.161e-01  v_latent 8.703e-01  latent 6.442e-01  v_kl 3.287e+01  kl 1.922e+01  v_contrastive 1.708e+00  contrastive 3.433e-01  v_t2m/len 1530  v_t2m/R01 18.04%  v_t2m/R02 23.01%  v_t2m/R03 31.7%  v_t2m/R05 41.11%  v_t2m/R10 55.22%  v_t2m/MedR 8.0%  v_m2t/len 1530  v_m2t/R01 20.26%  v_m2t/R02 24.57%  v_m2t/R03 33.06%  v_m2t/R05 40.65%  v_m2t/R10 53.86%  v_m2t/MedR 9.0%
[21/04/26 07:09:15][src.callback.progress][INFO] - Epoch 127 step 24400/192: loss 2.117e-01
[21/04/26 07:09:25][src.callback.progress][INFO] - Epoch 127 step 24450/192: loss 2.264e-01
[21/04/26 07:09:36][src.callback.progress][INFO] - Epoch 127 step 24500/192: loss 2.346e-01
[21/04/26 07:09:46][src.callback.progress][INFO] - Epoch 127 step 24550/192: loss 2.389e-01
[21/04/26 07:09:53][src.callback.progress][INFO] - Epoch 127: v_recons 2.294e-01  recons 1.818e-01  v_loss 3.993e-01  loss 2.160e-01  v_latent 8.699e-01  latent 6.438e-01  v_kl 3.367e+01  kl 1.928e+01  v_contrastive 1.696e+00  contrastive 3.401e-01  v_t2m/len 1530  v_t2m/R01 18.62%  v_t2m/R02 24.7%  v_t2m/R03 32.81%  v_t2m/R05 42.29%  v_t2m/R10 55.29%  v_t2m/MedR 8.0%  v_m2t/len 1530  v_m2t/R01 20.85%  v_m2t/R02 25.81%  v_m2t/R03 32.68%  v_m2t/R05 41.04%  v_m2t/R10 53.33%  v_m2t/MedR 9.0%
[21/04/26 07:10:04][src.callback.progress][INFO] - Epoch 128 step 24600/192: loss 2.139e-01
[21/04/26 07:10:14][src.callback.progress][INFO] - Epoch 128 step 24650/192: loss 2.415e-01
[21/04/26 07:10:25][src.callback.progress][INFO] - Epoch 128 step 24700/192: loss 2.324e-01
[21/04/26 07:10:36][src.callback.progress][INFO] - Epoch 128 step 24750/192: loss 2.014e-01
[21/04/26 07:10:41][src.callback.progress][INFO] - Epoch 128: v_recons 2.297e-01  recons 1.813e-01  v_loss 4.028e-01  loss 2.155e-01  v_latent 8.737e-01  latent 6.420e-01  v_kl 3.434e+01  kl 1.935e+01  v_contrastive 1.727e+00  contrastive 3.406e-01  v_t2m/len 1530  v_t2m/R01 18.17%  v_t2m/R02 25.22%  v_t2m/R03 33.52%  v_t2m/R05 41.83%  v_t2m/R10 56.72%  v_t2m/MedR 8.0%  v_m2t/len 1530  v_m2t/R01 21.5%  v_m2t/R02 25.75%  v_m2t/R03 34.31%  v_m2t/R05 42.15%  v_m2t/R10 53.99%  v_m2t/MedR 9.0%
[21/04/26 07:10:53][src.callback.progress][INFO] - Epoch 129 step 24800/192: loss 2.056e-01
[21/04/26 07:11:03][src.callback.progress][INFO] - Epoch 129 step 24850/192: loss 1.999e-01
[21/04/26 07:11:14][src.callback.progress][INFO] - Epoch 129 step 24900/192: loss 2.469e-01
[21/04/26 07:11:24][src.callback.progress][INFO] - Epoch 129 step 24950/192: loss 2.245e-01
[21/04/26 07:11:28][src.callback.progress][INFO] - Epoch 129: v_recons 2.313e-01  recons 1.811e-01  v_loss 4.054e-01  loss 2.141e-01  v_latent 8.726e-01  latent 6.397e-01  v_kl 3.405e+01  kl 1.930e+01  v_contrastive 1.738e+00  contrastive 3.281e-01  v_t2m/len 1530  v_t2m/R01 19.28%  v_t2m/R02 23.45%  v_t2m/R03 31.18%  v_t2m/R05 41.36%  v_t2m/R10 55.09%  v_t2m/MedR 9.0%  v_m2t/len 1530  v_m2t/R01 20.85%  v_m2t/R02 25.22%  v_m2t/R03 33.0%  v_m2t/R05 41.5%  v_m2t/R10 53.99%  v_m2t/MedR 9.0%
[21/04/26 07:11:42][src.callback.progress][INFO] - Epoch 130 step 25000/192: loss 1.949e-01
[21/04/26 07:11:53][src.callback.progress][INFO] - Epoch 130 step 25050/192: loss 2.320e-01
[21/04/26 07:12:03][src.callback.progress][INFO] - Epoch 130 step 25100/192: loss 2.033e-01
[21/04/26 07:12:14][src.callback.progress][INFO] - Epoch 130 step 25150/192: loss 2.127e-01
[21/04/26 07:12:16][src.callback.progress][INFO] - Epoch 130: v_recons 2.312e-01  recons 1.802e-01  v_loss 4.027e-01  loss 2.135e-01  v_latent 8.728e-01  latent 6.412e-01  v_kl 3.389e+01  kl 1.936e+01  v_contrastive 1.711e+00  contrastive 3.307e-01  v_t2m/len 1530  v_t2m/R01 18.37%  v_t2m/R02 24.7%  v_t2m/R03 33.4%  v_t2m/R05 41.43%  v_t2m/R10 54.11%  v_t2m/MedR 8.0%  v_m2t/len 1530  v_m2t/R01 21.37%  v_m2t/R02 24.12%  v_m2t/R03 32.41%  v_m2t/R05 41.36%  v_m2t/R10 53.86%  v_m2t/MedR 9.0%
[21/04/26 07:12:32][src.callback.progress][INFO] - Epoch 131 step 25200/192: loss 2.164e-01
[21/04/26 07:12:43][src.callback.progress][INFO] - Epoch 131 step 25250/192: loss 2.320e-01
[21/04/26 07:12:53][src.callback.progress][INFO] - Epoch 131 step 25300/192: loss 2.631e-01
[21/04/26 07:13:05][src.callback.progress][INFO] - Epoch 131: v_recons 2.310e-01  recons 1.801e-01  v_loss 4.037e-01  loss 2.132e-01  v_latent 8.722e-01  latent 6.415e-01  v_kl 3.451e+01  kl 1.964e+01  v_contrastive 1.723e+00  contrastive 3.290e-01  v_t2m/len 1530  v_t2m/R01 18.04%  v_t2m/R02 24.57%  v_t2m/R03 31.44%  v_t2m/R05 40.84%  v_t2m/R10 56.08%  v_t2m/MedR 8.0%  v_m2t/len 1530  v_m2t/R01 21.7%  v_m2t/R02 25.15%  v_m2t/R03 33.91%  v_m2t/R05 41.63%  v_m2t/R10 52.68%  v_m2t/MedR 9.0%
[21/04/26 07:13:11][src.callback.progress][INFO] - Epoch 132 step 25350/192: loss 2.298e-01
[21/04/26 07:13:21][src.callback.progress][INFO] - Epoch 132 step 25400/192: loss 2.224e-01
[21/04/26 07:13:32][src.callback.progress][INFO] - Epoch 132 step 25450/192: loss 1.927e-01
[21/04/26 07:13:42][src.callback.progress][INFO] - Epoch 132 step 25500/192: loss 2.137e-01
[21/04/26 07:13:52][src.callback.progress][INFO] - Epoch 132: v_recons 2.310e-01  recons 1.801e-01  v_loss 4.016e-01  loss 2.132e-01  v_latent 8.715e-01  latent 6.420e-01  v_kl 3.466e+01  kl 1.999e+01  v_contrastive 1.703e+00  contrastive 3.290e-01  v_t2m/len 1530  v_t2m/R01 20.12%  v_t2m/R02 25.29%  v_t2m/R03 32.41%  v_t2m/R05 42.22%  v_t2m/R10 55.29%  v_t2m/MedR 8.0%  v_m2t/len 1530  v_m2t/R01 21.18%  v_m2t/R02 24.84%  v_m2t/R03 34.11%  v_m2t/R05 41.95%  v_m2t/R10 53.65%  v_m2t/MedR 9.0%
[21/04/26 07:14:00][src.callback.progress][INFO] - Epoch 133 step 25550/192: loss 2.245e-01
[21/04/26 07:14:11][src.callback.progress][INFO] - Epoch 133 step 25600/192: loss 2.390e-01
[21/04/26 07:14:21][src.callback.progress][INFO] - Epoch 133 step 25650/192: loss 2.255e-01
[21/04/26 07:14:32][src.callback.progress][INFO] - Epoch 133 step 25700/192: loss 2.095e-01
[21/04/26 07:14:40][src.callback.progress][INFO] - Epoch 133: v_recons 2.302e-01  recons 1.797e-01  v_loss 4.005e-01  loss 2.124e-01  v_latent 8.706e-01  latent 6.398e-01  v_kl 3.430e+01  kl 1.991e+01  v_contrastive 1.700e+00  contrastive 3.257e-01  v_t2m/len 1530  v_t2m/R01 17.38%  v_t2m/R02 23.98%  v_t2m/R03 31.95%  v_t2m/R05 42.15%  v_t2m/R10 56.66%  v_t2m/MedR 8.0%  v_m2t/len 1530  v_m2t/R01 21.76%  v_m2t/R02 25.22%  v_m2t/R03 33.72%  v_m2t/R05 41.83%  v_m2t/R10 54.97%  v_m2t/MedR 8.0%
[21/04/26 07:14:50][src.callback.progress][INFO] - Epoch 134 step 25750/192: loss 2.310e-01
[21/04/26 07:15:01][src.callback.progress][INFO] - Epoch 134 step 25800/192: loss 2.143e-01
[21/04/26 07:15:11][src.callback.progress][INFO] - Epoch 134 step 25850/192: loss 2.111e-01
[21/04/26 07:15:22][src.callback.progress][INFO] - Epoch 134 step 25900/192: loss 2.220e-01
[21/04/26 07:15:28][src.callback.progress][INFO] - Epoch 134: v_recons 2.296e-01  recons 1.794e-01  v_loss 3.999e-01  loss 2.121e-01  v_latent 8.772e-01  latent 6.399e-01  v_kl 3.460e+01  kl 1.979e+01  v_contrastive 1.699e+00  contrastive 3.246e-01  v_t2m/len 1530  v_t2m/R01 19.07%  v_t2m/R02 24.37%  v_t2m/R03 31.82%  v_t2m/R05 41.5%  v_t2m/R10 55.22%  v_t2m/MedR 8.0%  v_m2t/len 1530  v_m2t/R01 21.44%  v_m2t/R02 24.77%  v_m2t/R03 32.81%  v_m2t/R05 40.65%  v_m2t/R10 53.79%  v_m2t/MedR 9.0%
[21/04/26 07:15:40][src.callback.progress][INFO] - Epoch 135 step 25950/192: loss 2.173e-01
[21/04/26 07:15:51][src.callback.progress][INFO] - Epoch 135 step 26000/192: loss 2.202e-01
[21/04/26 07:16:02][src.callback.progress][INFO] - Epoch 135 step 26050/192: loss 1.841e-01
[21/04/26 07:16:12][src.callback.progress][INFO] - Epoch 135 step 26100/192: loss 2.309e-01
[21/04/26 07:16:17][src.callback.progress][INFO] - Epoch 135: v_recons 2.313e-01  recons 1.786e-01  v_loss 4.037e-01  loss 2.110e-01  v_latent 8.762e-01  latent 6.386e-01  v_kl 3.499e+01  kl 1.997e+01  v_contrastive 1.720e+00  contrastive 3.223e-01  v_t2m/len 1530  v_t2m/R01 17.78%  v_t2m/R02 23.06%  v_t2m/R03 31.11%  v_t2m/R05 41.95%  v_t2m/R10 54.97%  v_t2m/MedR 8.0%  v_m2t/len 1530  v_m2t/R01 21.18%  v_m2t/R02 24.89%  v_m2t/R03 33.72%  v_m2t/R05 41.63%  v_m2t/R10 53.79%  v_m2t/MedR 9.0%
[21/04/26 07:16:30][src.callback.progress][INFO] - Epoch 136 step 26150/192: loss 2.115e-01
[21/04/26 07:16:41][src.callback.progress][INFO] - Epoch 136 step 26200/192: loss 2.176e-01
[21/04/26 07:16:51][src.callback.progress][INFO] - Epoch 136 step 26250/192: loss 1.991e-01
[21/04/26 07:17:02][src.callback.progress][INFO] - Epoch 136 step 26300/192: loss 2.182e-01
[21/04/26 07:17:04][src.callback.progress][INFO] - Epoch 136: v_recons 2.288e-01  recons 1.786e-01  v_loss 3.994e-01  loss 2.101e-01  v_latent 8.778e-01  latent 6.378e-01  v_kl 3.552e+01  kl 2.004e+01  v_contrastive 1.702e+00  contrastive 3.126e-01  v_t2m/len 1530  v_t2m/R01 18.1%  v_t2m/R02 23.45%  v_t2m/R03 31.89%  v_t2m/R05 40.97%  v_t2m/R10 57.06%  v_t2m/MedR 8.0%  v_m2t/len 1530  v_m2t/R01 21.76%  v_m2t/R02 25.36%  v_m2t/R03 33.91%  v_m2t/R05 41.7%  v_m2t/R10 55.09%  v_m2t/MedR 9.0%
[21/04/26 07:17:20][src.callback.progress][INFO] - Epoch 137 step 26350/192: loss 2.187e-01
[21/04/26 07:17:30][src.callback.progress][INFO] - Epoch 137 step 26400/192: loss 1.835e-01
[21/04/26 07:17:41][src.callback.progress][INFO] - Epoch 137 step 26450/192: loss 1.923e-01
[21/04/26 07:17:52][src.callback.progress][INFO] - Epoch 137: v_recons 2.315e-01  recons 1.783e-01  v_loss 4.011e-01  loss 2.098e-01  v_latent 8.800e-01  latent 6.381e-01  v_kl 3.567e+01  kl 2.016e+01  v_contrastive 1.692e+00  contrastive 3.123e-01  v_t2m/len 1530  v_t2m/R01 19.67%  v_t2m/R02 24.7%  v_t2m/R03 33.06%  v_t2m/R05 42.81%  v_t2m/R10 57.18%  v_t2m/MedR 8.0%  v_m2t/len 1530  v_m2t/R01 22.61%  v_m2t/R02 26.72%  v_m2t/R03 35.09%  v_m2t/R05 42.54%  v_m2t/R10 53.91%  v_m2t/MedR 9.0%
[21/04/26 07:17:58][src.callback.progress][INFO] - Epoch 138 step 26500/192: loss 2.055e-01
[21/04/26 07:18:09][src.callback.progress][INFO] - Epoch 138 step 26550/192: loss 2.332e-01
[21/04/26 07:18:19][src.callback.progress][INFO] - Epoch 138 step 26600/192: loss 1.898e-01
[21/04/26 07:18:30][src.callback.progress][INFO] - Epoch 138 step 26650/192: loss 2.377e-01
[21/04/26 07:18:40][src.callback.progress][INFO] - Epoch 138: v_recons 2.307e-01  recons 1.781e-01  v_loss 4.013e-01  loss 2.092e-01  v_latent 8.806e-01  latent 6.366e-01  v_kl 3.593e+01  kl 2.017e+01  v_contrastive 1.702e+00  contrastive 3.081e-01  v_t2m/len 1530  v_t2m/R01 18.81%  v_t2m/R02 23.79%  v_t2m/R03 33.0%  v_t2m/R05 42.88%  v_t2m/R10 54.97%  v_t2m/MedR 8.0%  v_m2t/len 1530  v_m2t/R01 21.95%  v_m2t/R02 25.36%  v_m2t/R03 34.25%  v_m2t/R05 41.9%  v_m2t/R10 53.33%  v_m2t/MedR 9.0%
[21/04/26 07:18:47][src.callback.progress][INFO] - Epoch 139 step 26700/192: loss 1.864e-01
[21/04/26 07:18:58][src.callback.progress][INFO] - Epoch 139 step 26750/192: loss 2.100e-01
[21/04/26 07:19:08][src.callback.progress][INFO] - Epoch 139 step 26800/192: loss 2.027e-01
[21/04/26 07:19:19][src.callback.progress][INFO] - Epoch 139 step 26850/192: loss 2.217e-01
[21/04/26 07:19:27][src.callback.progress][INFO] - Epoch 139: v_recons 2.335e-01  recons 1.778e-01  v_loss 4.063e-01  loss 2.085e-01  v_latent 8.911e-01  latent 6.372e-01  v_kl 3.677e+01  kl 2.039e+01  v_contrastive 1.724e+00  contrastive 3.047e-01  v_t2m/len 1530  v_t2m/R01 17.84%  v_t2m/R02 23.13%  v_t2m/R03 31.18%  v_t2m/R05 41.9%  v_t2m/R10 55.95%  v_t2m/MedR 8.0%  v_m2t/len 1530  v_m2t/R01 20.06%  v_m2t/R02 24.51%  v_m2t/R03 32.47%  v_m2t/R05 41.75%  v_m2t/R10 54.18%  v_m2t/MedR 9.0%
[21/04/26 07:19:36][src.callback.progress][INFO] - Epoch 140 step 26900/192: loss 1.898e-01
[21/04/26 07:19:47][src.callback.progress][INFO] - Epoch 140 step 26950/192: loss 2.125e-01
[21/04/26 07:19:57][src.callback.progress][INFO] - Epoch 140 step 27000/192: loss 2.265e-01
[21/04/26 07:20:07][src.callback.progress][INFO] - Epoch 140 step 27050/192: loss 2.125e-01
[21/04/26 07:20:14][src.callback.progress][INFO] - Epoch 140: v_recons 2.313e-01  recons 1.778e-01  v_loss 4.019e-01  loss 2.083e-01  v_latent 8.849e-01  latent 6.372e-01  v_kl 3.595e+01  kl 2.022e+01  v_contrastive 1.702e+00  contrastive 3.033e-01  v_t2m/len 1530  v_t2m/R01 17.19%  v_t2m/R02 22.21%  v_t2m/R03 31.7%  v_t2m/R05 42.88%  v_t2m/R10 57.25%  v_t2m/MedR 7.0%  v_m2t/len 1530  v_m2t/R01 20.92%  v_m2t/R02 24.18%  v_m2t/R03 33.13%  v_m2t/R05 42.54%  v_m2t/R10 55.36%  v_m2t/MedR 8.0%
[21/04/26 07:20:25][src.callback.progress][INFO] - Epoch 141 step 27100/192: loss 1.961e-01
[21/04/26 07:20:35][src.callback.progress][INFO] - Epoch 141 step 27150/192: loss 2.081e-01
[21/04/26 07:20:45][src.callback.progress][INFO] - Epoch 141 step 27200/192: loss 2.325e-01
[21/04/26 07:20:56][src.callback.progress][INFO] - Epoch 141 step 27250/192: loss 2.335e-01
[21/04/26 07:21:01][src.callback.progress][INFO] - Epoch 141: v_recons 2.318e-01  recons 1.769e-01  v_loss 4.058e-01  loss 2.073e-01  v_latent 8.946e-01  latent 6.380e-01  v_kl 3.701e+01  kl 2.034e+01  v_contrastive 1.736e+00  contrastive 3.020e-01  v_t2m/len 1530  v_t2m/R01 16.93%  v_t2m/R02 23.2%  v_t2m/R03 30.52%  v_t2m/R05 40.06%  v_t2m/R10 53.91%  v_t2m/MedR 9.0%  v_m2t/len 1530  v_m2t/R01 21.82%  v_m2t/R02 25.55%  v_m2t/R03 32.81%  v_m2t/R05 41.04%  v_m2t/R10 52.75%  v_m2t/MedR 9.0%
[21/04/26 07:21:13][src.callback.progress][INFO] - Epoch 142 step 27300/192: loss 1.848e-01
[21/04/26 07:21:24][src.callback.progress][INFO] - Epoch 142 step 27350/192: loss 2.317e-01
[21/04/26 07:21:34][src.callback.progress][INFO] - Epoch 142 step 27400/192: loss 2.109e-01
[21/04/26 07:21:45][src.callback.progress][INFO] - Epoch 142 step 27450/192: loss 1.972e-01
[21/04/26 07:21:48][src.callback.progress][INFO] - Epoch 142: v_recons 2.312e-01  recons 1.769e-01  v_loss 4.032e-01  loss 2.073e-01  v_latent 8.906e-01  latent 6.372e-01  v_kl 3.675e+01  kl 2.070e+01  v_contrastive 1.716e+00  contrastive 3.017e-01  v_t2m/len 1530  v_t2m/R01 17.52%  v_t2m/R02 23.32%  v_t2m/R03 31.18%  v_t2m/R05 40.06%  v_t2m/R10 55.41%  v_t2m/MedR 8.5%  v_m2t/len 1530  v_m2t/R01 21.23%  v_m2t/R02 24.96%  v_m2t/R03 33.91%  v_m2t/R05 41.43%  v_m2t/R10 52.81%  v_m2t/MedR 9.0%
[21/04/26 07:22:02][src.callback.progress][INFO] - Epoch 143 step 27500/192: loss 2.263e-01
[21/04/26 07:22:12][src.callback.progress][INFO] - Epoch 143 step 27550/192: loss 2.124e-01
[21/04/26 07:22:23][src.callback.progress][INFO] - Epoch 143 step 27600/192: loss 2.008e-01
[21/04/26 07:22:35][src.callback.progress][INFO] - Epoch 143: v_recons 2.315e-01  recons 1.766e-01  v_loss 4.021e-01  loss 2.066e-01  v_latent 8.889e-01  latent 6.372e-01  v_kl 3.702e+01  kl 2.076e+01  v_contrastive 1.702e+00  contrastive 2.977e-01  v_t2m/len 1530  v_t2m/R01 18.04%  v_t2m/R02 22.54%  v_t2m/R03 31.56%  v_t2m/R05 40.72%  v_t2m/R10 54.97%  v_t2m/MedR 9.0%  v_m2t/len 1530  v_m2t/R01 21.95%  v_m2t/R02 26.2%  v_m2t/R03 34.7%  v_m2t/R05 41.63%  v_m2t/R10 53.45%  v_m2t/MedR 9.0%
[21/04/26 07:22:40][src.callback.progress][INFO] - Epoch 144 step 27650/192: loss 1.987e-01
[21/04/26 07:22:51][src.callback.progress][INFO] - Epoch 144 step 27700/192: loss 2.093e-01
[21/04/26 07:23:02][src.callback.progress][INFO] - Epoch 144 step 27750/192: loss 2.062e-01
[21/04/26 07:23:12][src.callback.progress][INFO] - Epoch 144 step 27800/192: loss 1.953e-01
[21/04/26 07:23:22][src.callback.progress][INFO] - Epoch 144: v_recons 2.304e-01  recons 1.766e-01  v_loss 4.010e-01  loss 2.068e-01  v_latent 8.913e-01  latent 6.385e-01  v_kl 3.765e+01  kl 2.076e+01  v_contrastive 1.703e+00  contrastive 3.005e-01  v_t2m/len 1530  v_t2m/R01 18.37%  v_t2m/R02 23.79%  v_t2m/R03 31.89%  v_t2m/R05 41.56%  v_t2m/R10 56.0%  v_t2m/MedR 8.0%  v_m2t/len 1530  v_m2t/R01 22.29%  v_m2t/R02 25.15%  v_m2t/R03 33.4%  v_m2t/R05 42.09%  v_m2t/R10 53.52%  v_m2t/MedR 9.0%
[21/04/26 07:23:29][src.callback.progress][INFO] - Epoch 145 step 27850/192: loss 1.862e-01
[21/04/26 07:23:40][src.callback.progress][INFO] - Epoch 145 step 27900/192: loss 1.996e-01
[21/04/26 07:23:51][src.callback.progress][INFO] - Epoch 145 step 27950/192: loss 2.268e-01
[21/04/26 07:24:01][src.callback.progress][INFO] - Epoch 145 step 28000/192: loss 2.133e-01
[21/04/26 07:24:10][src.callback.progress][INFO] - Epoch 145: v_recons 2.303e-01  recons 1.762e-01  v_loss 4.017e-01  loss 2.061e-01  v_latent 8.930e-01  latent 6.368e-01  v_kl 3.712e+01  kl 2.086e+01  v_contrastive 1.711e+00  contrastive 2.961e-01  v_t2m/len 1530  v_t2m/R01 18.81%  v_t2m/R02 24.63%  v_t2m/R03 31.82%  v_t2m/R05 41.9%  v_t2m/R10 54.97%  v_t2m/MedR 8.0%  v_m2t/len 1530  v_m2t/R01 21.89%  v_m2t/R02 25.48%  v_m2t/R03 33.45%  v_m2t/R05 42.22%  v_m2t/R10 54.58%  v_m2t/MedR 8.0%
[21/04/26 07:24:18][src.callback.progress][INFO] - Epoch 146 step 28050/192: loss 2.192e-01
[21/04/26 07:24:29][src.callback.progress][INFO] - Epoch 146 step 28100/192: loss 1.976e-01
[21/04/26 07:24:39][src.callback.progress][INFO] - Epoch 146 step 28150/192: loss 1.979e-01
[21/04/26 07:24:50][src.callback.progress][INFO] - Epoch 146 step 28200/192: loss 2.221e-01
[21/04/26 07:24:57][src.callback.progress][INFO] - Epoch 146: v_recons 2.339e-01  recons 1.760e-01  v_loss 4.091e-01  loss 2.057e-01  v_latent 9.002e-01  latent 6.373e-01  v_kl 3.815e+01  kl 2.092e+01  v_contrastive 1.748e+00  contrastive 2.950e-01  v_t2m/len 1530  v_t2m/R01 16.79%  v_t2m/R02 23.79%  v_t2m/R03 31.18%  v_t2m/R05 40.33%  v_t2m/R10 55.75%  v_t2m/MedR 8.0%  v_m2t/len 1530  v_m2t/R01 20.38%  v_m2t/R02 24.84%  v_m2t/R03 34.11%  v_m2t/R05 41.24%  v_m2t/R10 53.0%  v_m2t/MedR 9.0%
[21/04/26 07:25:07][src.callback.progress][INFO] - Epoch 147 step 28250/192: loss 2.042e-01
[21/04/26 07:25:18][src.callback.progress][INFO] - Epoch 147 step 28300/192: loss 1.871e-01
[21/04/26 07:25:28][src.callback.progress][INFO] - Epoch 147 step 28350/192: loss 2.088e-01
[21/04/26 07:25:39][src.callback.progress][INFO] - Epoch 147 step 28400/192: loss 2.462e-01
[21/04/26 07:25:44][src.callback.progress][INFO] - Epoch 147: v_recons 2.295e-01  recons 1.758e-01  v_loss 4.013e-01  loss 2.051e-01  v_latent 8.942e-01  latent 6.368e-01  v_kl 3.808e+01  kl 2.103e+01  v_contrastive 1.715e+00  contrastive 2.901e-01  v_t2m/len 1530  v_t2m/R01 19.67%  v_t2m/R02 25.29%  v_t2m/R03 33.13%  v_t2m/R05 40.97%  v_t2m/R10 55.61%  v_t2m/MedR 8.0%  v_m2t/len 1530  v_m2t/R01 22.87%  v_m2t/R02 26.34%  v_m2t/R03 33.91%  v_m2t/R05 43.06%  v_m2t/R10 53.45%  v_m2t/MedR 8.0%
[21/04/26 07:25:56][src.callback.progress][INFO] - Epoch 148 step 28450/192: loss 2.154e-01
[21/04/26 07:26:06][src.callback.progress][INFO] - Epoch 148 step 28500/192: loss 2.079e-01
[21/04/26 07:26:17][src.callback.progress][INFO] - Epoch 148 step 28550/192: loss 1.893e-01
[21/04/26 07:26:27][src.callback.progress][INFO] - Epoch 148 step 28600/192: loss 2.082e-01
[21/04/26 07:26:31][src.callback.progress][INFO] - Epoch 148: v_recons 2.336e-01  recons 1.750e-01  v_loss 4.079e-01  loss 2.042e-01  v_latent 9.047e-01  latent 6.361e-01  v_kl 3.844e+01  kl 2.119e+01  v_contrastive 1.739e+00  contrastive 2.899e-01  v_t2m/len 1530  v_t2m/R01 19.21%  v_t2m/R02 23.72%  v_t2m/R03 32.93%  v_t2m/R05 41.56%  v_t2m/R10 54.38%  v_t2m/MedR 8.0%  v_m2t/len 1530  v_m2t/R01 21.5%  v_m2t/R02 25.03%  v_m2t/R03 33.33%  v_m2t/R05 41.04%  v_m2t/R10 52.61%  v_m2t/MedR 9.0%
[21/04/26 07:26:44][src.callback.progress][INFO] - Epoch 149 step 28650/192: loss 2.311e-01
[21/04/26 07:26:55][src.callback.progress][INFO] - Epoch 149 step 28700/192: loss 1.979e-01
[21/04/26 07:27:05][src.callback.progress][INFO] - Epoch 149 step 28750/192: loss 1.981e-01
[21/04/26 07:27:16][src.callback.progress][INFO] - Epoch 149 step 28800/192: loss 2.302e-01
[21/04/26 07:27:18][src.callback.progress][INFO] - Epoch 149: v_recons 2.320e-01  recons 1.750e-01  v_loss 4.062e-01  loss 2.038e-01  v_latent 9.040e-01  latent 6.366e-01  v_kl 3.835e+01  kl 2.115e+01  v_contrastive 1.739e+00  contrastive 2.861e-01  v_t2m/len 1530  v_t2m/R01 18.04%  v_t2m/R02 22.75%  v_t2m/R03 30.06%  v_t2m/R05 40.06%  v_t2m/R10 55.75%  v_t2m/MedR 8.0%  v_m2t/len 1530  v_m2t/R01 20.64%  v_m2t/R02 24.37%  v_m2t/R03 32.22%  v_m2t/R05 40.65%  v_m2t/R10 53.4%  v_m2t/MedR 9.0%
[21/04/26 07:27:33][src.callback.progress][INFO] - Epoch 150 step 28850/192: loss 2.258e-01
[21/04/26 07:27:44][src.callback.progress][INFO] - Epoch 150 step 28900/192: loss 2.138e-01
[21/04/26 07:27:54][src.callback.progress][INFO] - Epoch 150 step 28950/192: loss 2.076e-01
[21/04/26 07:28:05][src.callback.progress][INFO] - Epoch 150: v_recons 2.331e-01  recons 1.749e-01  v_loss 4.096e-01  loss 2.037e-01  v_latent 9.066e-01  latent 6.371e-01  v_kl 3.889e+01  kl 2.129e+01  v_contrastive 1.762e+00  contrastive 2.857e-01  v_t2m/len 1530  v_t2m/R01 18.17%  v_t2m/R02 23.2%  v_t2m/R03 31.3%  v_t2m/R05 41.5%  v_t2m/R10 55.29%  v_t2m/MedR 8.0%  v_m2t/len 1530  v_m2t/R01 21.44%  v_m2t/R02 24.18%  v_m2t/R03 32.02%  v_m2t/R05 41.43%  v_m2t/R10 53.0%  v_m2t/MedR 9.0%
[21/04/26 07:28:12][src.callback.progress][INFO] - Epoch 151 step 29000/192: loss 1.934e-01
[21/04/26 07:28:23][src.callback.progress][INFO] - Epoch 151 step 29050/192: loss 2.079e-01
[21/04/26 07:28:33][src.callback.progress][INFO] - Epoch 151 step 29100/192: loss 1.772e-01
[21/04/26 07:28:44][src.callback.progress][INFO] - Epoch 151 step 29150/192: loss 2.049e-01
[21/04/26 07:28:53][src.callback.progress][INFO] - Epoch 151: v_recons 2.330e-01  recons 1.746e-01  v_loss 4.070e-01  loss 2.032e-01  v_latent 9.040e-01  latent 6.365e-01  v_kl 3.928e+01  kl 2.135e+01  v_contrastive 1.735e+00  contrastive 2.835e-01  v_t2m/len 1530  v_t2m/R01 17.96%  v_t2m/R02 23.32%  v_t2m/R03 30.85%  v_t2m/R05 42.15%  v_t2m/R10 55.95%  v_t2m/MedR 8.0%  v_m2t/len 1530  v_m2t/R01 22.61%  v_m2t/R02 26.13%  v_m2t/R03 33.27%  v_m2t/R05 42.09%  v_m2t/R10 53.72%  v_m2t/MedR 9.0%
[21/04/26 07:29:01][src.callback.progress][INFO] - Epoch 152 step 29200/192: loss 2.055e-01
[21/04/26 07:29:12][src.callback.progress][INFO] - Epoch 152 step 29250/192: loss 2.099e-01
[21/04/26 07:29:22][src.callback.progress][INFO] - Epoch 152 step 29300/192: loss 2.264e-01
[21/04/26 07:29:33][src.callback.progress][INFO] - Epoch 152 step 29350/192: loss 2.015e-01
[21/04/26 07:29:40][src.callback.progress][INFO] - Epoch 152: v_recons 2.316e-01  recons 1.740e-01  v_loss 4.068e-01  loss 2.025e-01  v_latent 9.063e-01  latent 6.365e-01  v_kl 3.915e+01  kl 2.156e+01  v_contrastive 1.748e+00  contrastive 2.830e-01  v_t2m/len 1530  v_t2m/R01 17.45%  v_t2m/R02 23.39%  v_t2m/R03 31.56%  v_t2m/R05 41.56%  v_t2m/R10 55.68%  v_t2m/MedR 8.0%  v_m2t/len 1530  v_m2t/R01 21.44%  v_m2t/R02 24.89%  v_m2t/R03 33.13%  v_m2t/R05 41.43%  v_m2t/R10 52.88%  v_m2t/MedR 9.0%
[21/04/26 07:29:50][src.callback.progress][INFO] - Epoch 153 step 29400/192: loss 2.265e-01
[21/04/26 07:30:01][src.callback.progress][INFO] - Epoch 153 step 29450/192: loss 2.227e-01
[21/04/26 07:30:11][src.callback.progress][INFO] - Epoch 153 step 29500/192: loss 2.067e-01
[21/04/26 07:30:22][src.callback.progress][INFO] - Epoch 153 step 29550/192: loss 2.102e-01
[21/04/26 07:30:27][src.callback.progress][INFO] - Epoch 153: v_recons 2.329e-01  recons 1.738e-01  v_loss 4.102e-01  loss 2.013e-01  v_latent 9.155e-01  latent 6.348e-01  v_kl 3.998e+01  kl 2.153e+01  v_contrastive 1.769e+00  contrastive 2.724e-01  v_t2m/len 1530  v_t2m/R01 18.43%  v_t2m/R02 25.62%  v_t2m/R03 32.54%  v_t2m/R05 42.15%  v_t2m/R10 55.75%  v_t2m/MedR 8.0%  v_m2t/len 1530  v_m2t/R01 21.89%  v_m2t/R02 24.96%  v_m2t/R03 31.95%  v_m2t/R05 40.0%  v_m2t/R10 52.34%  v_m2t/MedR 9.0%
[21/04/26 07:30:40][src.callback.progress][INFO] - Epoch 154 step 29600/192: loss 2.150e-01
[21/04/26 07:30:50][src.callback.progress][INFO] - Epoch 154 step 29650/192: loss 2.202e-01
[21/04/26 07:31:01][src.callback.progress][INFO] - Epoch 154 step 29700/192: loss 1.852e-01
[21/04/26 07:31:11][src.callback.progress][INFO] - Epoch 154 step 29750/192: loss 2.095e-01
[21/04/26 07:31:15][src.callback.progress][INFO] - Epoch 154: v_recons 2.319e-01  recons 1.736e-01  v_loss 4.035e-01  loss 2.015e-01  v_latent 9.087e-01  latent 6.364e-01  v_kl 3.934e+01  kl 2.167e+01  v_contrastive 1.713e+00  contrastive 2.761e-01  v_t2m/len 1530  v_t2m/R01 18.04%  v_t2m/R02 23.72%  v_t2m/R03 33.0%  v_t2m/R05 43.13%  v_t2m/R10 56.47%  v_t2m/MedR 8.0%  v_m2t/len 1530  v_m2t/R01 22.29%  v_m2t/R02 25.03%  v_m2t/R03 34.04%  v_m2t/R05 42.02%  v_m2t/R10 54.18%  v_m2t/MedR 9.0%
[21/04/26 07:31:29][src.callback.progress][INFO] - Epoch 155 step 29800/192: loss 2.031e-01
[21/04/26 07:31:39][src.callback.progress][INFO] - Epoch 155 step 29850/192: loss 1.898e-01
[21/04/26 07:31:50][src.callback.progress][INFO] - Epoch 155 step 29900/192: loss 2.127e-01
[21/04/26 07:32:00][src.callback.progress][INFO] - Epoch 155 step 29950/192: loss 2.053e-01
[21/04/26 07:32:02][src.callback.progress][INFO] - Epoch 155: v_recons 2.321e-01  recons 1.733e-01  v_loss 4.078e-01  loss 2.010e-01  v_latent 9.136e-01  latent 6.376e-01  v_kl 4.028e+01  kl 2.172e+01  v_contrastive 1.753e+00  contrastive 2.748e-01  v_t2m/len 1530  v_t2m/R01 18.29%  v_t2m/R02 24.63%  v_t2m/R03 32.22%  v_t2m/R05 42.15%  v_t2m/R10 55.95%  v_t2m/MedR 8.0%  v_m2t/len 1530  v_m2t/R01 21.37%  v_m2t/R02 24.12%  v_m2t/R03 32.88%  v_m2t/R05 41.18%  v_m2t/R10 53.99%  v_m2t/MedR 9.0%
[21/04/26 07:32:17][src.callback.progress][INFO] - Epoch 156 step 30000/192: loss 2.032e-01
[21/04/26 07:32:28][src.callback.progress][INFO] - Epoch 156 step 30050/192: loss 1.796e-01
[21/04/26 07:32:38][src.callback.progress][INFO] - Epoch 156 step 30100/192: loss 1.919e-01
[21/04/26 07:32:49][src.callback.progress][INFO] - Epoch 156: v_recons 2.300e-01  recons 1.731e-01  v_loss 4.037e-01  loss 2.009e-01  v_latent 9.137e-01  latent 6.377e-01  v_kl 3.989e+01  kl 2.183e+01  v_contrastive 1.733e+00  contrastive 2.762e-01  v_t2m/len 1530  v_t2m/R01 17.84%  v_t2m/R02 23.06%  v_t2m/R03 30.64%  v_t2m/R05 39.27%  v_t2m/R10 55.02%  v_t2m/MedR 8.5%  v_m2t/len 1530  v_m2t/R01 21.56%  v_m2t/R02 25.29%  v_m2t/R03 34.25%  v_m2t/R05 42.09%  v_m2t/R10 54.11%  v_m2t/MedR 9.0%
[21/04/26 07:32:56][src.callback.progress][INFO] - Epoch 157 step 30150/192: loss 1.898e-01
[21/04/26 07:33:06][src.callback.progress][INFO] - Epoch 157 step 30200/192: loss 2.092e-01
[21/04/26 07:33:17][src.callback.progress][INFO] - Epoch 157 step 30250/192: loss 2.088e-01
[21/04/26 07:33:27][src.callback.progress][INFO] - Epoch 157 step 30300/192: loss 2.027e-01
[21/04/26 07:33:36][src.callback.progress][INFO] - Epoch 157: v_recons 2.306e-01  recons 1.727e-01  v_loss 4.056e-01  loss 2.001e-01  v_latent 9.171e-01  latent 6.352e-01  v_kl 4.026e+01  kl 2.189e+01  v_contrastive 1.746e+00  contrastive 2.716e-01  v_t2m/len 1530  v_t2m/R01 18.81%  v_t2m/R02 23.98%  v_t2m/R03 32.22%  v_t2m/R05 40.77%  v_t2m/R10 56.27%  v_t2m/MedR 9.0%  v_m2t/len 1530  v_m2t/R01 20.45%  v_m2t/R02 24.57%  v_m2t/R03 33.2%  v_m2t/R05 42.09%  v_m2t/R10 53.4%  v_m2t/MedR 9.0%
[21/04/26 07:33:44][src.callback.progress][INFO] - Epoch 158 step 30350/192: loss 1.775e-01
[21/04/26 07:33:55][src.callback.progress][INFO] - Epoch 158 step 30400/192: loss 1.405e-01
[21/04/26 07:34:05][src.callback.progress][INFO] - Epoch 158 step 30450/192: loss 1.960e-01
[21/04/26 07:34:16][src.callback.progress][INFO] - Epoch 158 step 30500/192: loss 2.138e-01
[21/04/26 07:34:23][src.callback.progress][INFO] - Epoch 158: v_recons 2.320e-01  recons 1.724e-01  v_loss 4.080e-01  loss 1.991e-01  v_latent 9.181e-01  latent 6.357e-01  v_kl 3.997e+01  kl 2.193e+01  v_contrastive 1.756e+00  contrastive 2.654e-01  v_t2m/len 1530  v_t2m/R01 17.52%  v_t2m/R02 23.45%  v_t2m/R03 32.75%  v_t2m/R05 41.31%  v_t2m/R10 53.99%  v_t2m/MedR 8.0%  v_m2t/len 1530  v_m2t/R01 21.89%  v_m2t/R02 24.57%  v_m2t/R03 33.13%  v_m2t/R05 41.5%  v_m2t/R10 54.25%  v_m2t/MedR 9.0%
[21/04/26 07:34:33][src.callback.progress][INFO] - Epoch 159 step 30550/192: loss 1.967e-01
[21/04/26 07:34:44][src.callback.progress][INFO] - Epoch 159 step 30600/192: loss 2.077e-01
[21/04/26 07:34:54][src.callback.progress][INFO] - Epoch 159 step 30650/192: loss 1.705e-01
[21/04/26 07:35:05][src.callback.progress][INFO] - Epoch 159 step 30700/192: loss 2.052e-01
[21/04/26 07:35:11][src.callback.progress][INFO] - Epoch 159: v_recons 2.327e-01  recons 1.722e-01  v_loss 4.117e-01  loss 1.988e-01  v_latent 9.253e-01  latent 6.356e-01  v_kl 4.122e+01  kl 2.192e+01  v_contrastive 1.786e+00  contrastive 2.636e-01  v_t2m/len 1530  v_t2m/R01 17.9%  v_t2m/R02 23.06%  v_t2m/R03 31.3%  v_t2m/R05 39.86%  v_t2m/R10 54.77%  v_t2m/MedR 8.0%  v_m2t/len 1530  v_m2t/R01 20.85%  v_m2t/R02 24.63%  v_m2t/R03 33.33%  v_m2t/R05 41.5%  v_m2t/R10 53.52%  v_m2t/MedR 9.0%
[21/04/26 07:35:22][src.callback.progress][INFO] - Epoch 160 step 30750/192: loss 1.785e-01
[21/04/26 07:35:33][src.callback.progress][INFO] - Epoch 160 step 30800/192: loss 1.912e-01
[21/04/26 07:35:43][src.callback.progress][INFO] - Epoch 160 step 30850/192: loss 1.986e-01
[21/04/26 07:35:54][src.callback.progress][INFO] - Epoch 160 step 30900/192: loss 1.860e-01
[21/04/26 07:35:58][src.callback.progress][INFO] - Epoch 160: v_recons 2.321e-01  recons 1.719e-01  v_loss 4.096e-01  loss 1.986e-01  v_latent 9.241e-01  latent 6.360e-01  v_kl 4.114e+01  kl 2.202e+01  v_contrastive 1.771e+00  contrastive 2.651e-01  v_t2m/len 1530  v_t2m/R01 18.55%  v_t2m/R02 25.36%  v_t2m/R03 32.41%  v_t2m/R05 40.72%  v_t2m/R10 54.38%  v_t2m/MedR 9.0%  v_m2t/len 1530  v_m2t/R01 21.3%  v_m2t/R02 25.15%  v_m2t/R03 33.59%  v_m2t/R05 40.33%  v_m2t/R10 52.61%  v_m2t/MedR 9.0%
[21/04/26 07:36:11][src.callback.progress][INFO] - Epoch 161 step 30950/192: loss 1.802e-01
[21/04/26 07:36:21][src.callback.progress][INFO] - Epoch 161 step 31000/192: loss 2.202e-01
[21/04/26 07:36:32][src.callback.progress][INFO] - Epoch 161 step 31050/192: loss 1.718e-01
[21/04/26 07:36:42][src.callback.progress][INFO] - Epoch 161 step 31100/192: loss 2.047e-01
[21/04/26 07:36:45][src.callback.progress][INFO] - Epoch 161: v_recons 2.319e-01  recons 1.720e-01  v_loss 4.063e-01  loss 1.983e-01  v_latent 9.180e-01  latent 6.372e-01  v_kl 4.048e+01  kl 2.210e+01  v_contrastive 1.740e+00  contrastive 2.607e-01  v_t2m/len 1530  v_t2m/R01 18.88%  v_t2m/R02 24.63%  v_t2m/R03 31.89%  v_t2m/R05 41.43%  v_t2m/R10 55.02%  v_t2m/MedR 8.0%  v_m2t/len 1530  v_m2t/R01 20.52%  v_m2t/R02 24.51%  v_m2t/R03 33.65%  v_m2t/R05 41.18%  v_m2t/R10 52.47%  v_m2t/MedR 9.0%
[21/04/26 07:37:00][src.callback.progress][INFO] - Epoch 162 step 31150/192: loss 1.791e-01
[21/04/26 07:37:10][src.callback.progress][INFO] - Epoch 162 step 31200/192: loss 1.889e-01
[21/04/26 07:37:21][src.callback.progress][INFO] - Epoch 162 step 31250/192: loss 1.739e-01
[21/04/26 07:37:32][src.callback.progress][INFO] - Epoch 162: v_recons 2.314e-01  recons 1.712e-01  v_loss 4.055e-01  loss 1.979e-01  v_latent 9.247e-01  latent 6.369e-01  v_kl 4.174e+01  kl 2.219e+01  v_contrastive 1.736e+00  contrastive 2.645e-01  v_t2m/len 1530  v_t2m/R01 17.9%  v_t2m/R02 23.65%  v_t2m/R03 32.22%  v_t2m/R05 42.34%  v_t2m/R10 56.08%  v_t2m/MedR 8.0%  v_m2t/len 1530  v_m2t/R01 22.54%  v_m2t/R02 25.95%  v_m2t/R03 33.65%  v_m2t/R05 41.9%  v_m2t/R10 54.04%  v_m2t/MedR 9.0%
[21/04/26 07:37:39][src.callback.progress][INFO] - Epoch 163 step 31300/192: loss 2.229e-01
[21/04/26 07:37:49][src.callback.progress][INFO] - Epoch 163 step 31350/192: loss 1.933e-01
[21/04/26 07:38:00][src.callback.progress][INFO] - Epoch 163 step 31400/192: loss 2.185e-01
[21/04/26 07:38:10][src.callback.progress][INFO] - Epoch 163 step 31450/192: loss 1.738e-01
[21/04/26 07:38:20][src.callback.progress][INFO] - Epoch 163: v_recons 2.315e-01  recons 1.715e-01  v_loss 4.100e-01  loss 1.979e-01  v_latent 9.354e-01  latent 6.364e-01  v_kl 4.274e+01  kl 2.243e+01  v_contrastive 1.780e+00  contrastive 2.616e-01  v_t2m/len 1530  v_t2m/R01 18.29%  v_t2m/R02 23.01%  v_t2m/R03 31.11%  v_t2m/R05 40.52%  v_t2m/R10 53.79%  v_t2m/MedR 9.0%  v_m2t/len 1530  v_m2t/R01 20.64%  v_m2t/R02 24.12%  v_m2t/R03 33.27%  v_m2t/R05 40.59%  v_m2t/R10 53.45%  v_m2t/MedR 9.0%
[21/04/26 07:38:28][src.callback.progress][INFO] - Epoch 164 step 31500/192: loss 1.786e-01
[21/04/26 07:38:38][src.callback.progress][INFO] - Epoch 164 step 31550/192: loss 2.022e-01
[21/04/26 07:38:49][src.callback.progress][INFO] - Epoch 164 step 31600/192: loss 2.168e-01
[21/04/26 07:38:59][src.callback.progress][INFO] - Epoch 164 step 31650/192: loss 1.852e-01
[21/04/26 07:39:07][src.callback.progress][INFO] - Epoch 164: v_recons 2.323e-01  recons 1.708e-01  v_loss 4.076e-01  loss 1.965e-01  v_latent 9.282e-01  latent 6.360e-01  v_kl 4.175e+01  kl 2.236e+01  v_contrastive 1.749e+00  contrastive 2.545e-01  v_t2m/len 1530  v_t2m/R01 17.57%  v_t2m/R02 23.39%  v_t2m/R03 30.78%  v_t2m/R05 41.36%  v_t2m/R10 56.59%  v_t2m/MedR 8.0%  v_m2t/len 1530  v_m2t/R01 21.62%  v_m2t/R02 24.96%  v_m2t/R03 33.52%  v_m2t/R05 41.04%  v_m2t/R10 53.99%  v_m2t/MedR 9.0%
[21/04/26 07:39:17][src.callback.progress][INFO] - Epoch 165 step 31700/192: loss 2.001e-01
[21/04/26 07:39:27][src.callback.progress][INFO] - Epoch 165 step 31750/192: loss 1.807e-01
[21/04/26 07:39:38][src.callback.progress][INFO] - Epoch 165 step 31800/192: loss 1.926e-01
[21/04/26 07:39:49][src.callback.progress][INFO] - Epoch 165 step 31850/192: loss 2.089e-01
[21/04/26 07:39:55][src.callback.progress][INFO] - Epoch 165: v_recons 2.295e-01  recons 1.707e-01  v_loss 4.056e-01  loss 1.967e-01  v_latent 9.311e-01  latent 6.363e-01  v_kl 4.184e+01  kl 2.242e+01  v_contrastive 1.757e+00  contrastive 2.578e-01  v_t2m/len 1530  v_t2m/R01 18.1%  v_t2m/R02 23.72%  v_t2m/R03 31.5%  v_t2m/R05 41.43%  v_t2m/R10 54.84%  v_t2m/MedR 8.0%  v_m2t/len 1530  v_m2t/R01 21.37%  v_m2t/R02 24.3%  v_m2t/R03 33.65%  v_m2t/R05 42.22%  v_m2t/R10 52.93%  v_m2t/MedR 9.0%
[21/04/26 07:40:06][src.callback.progress][INFO] - Epoch 166 step 31900/192: loss 2.033e-01
[21/04/26 07:40:16][src.callback.progress][INFO] - Epoch 166 step 31950/192: loss 2.148e-01
[21/04/26 07:40:27][src.callback.progress][INFO] - Epoch 166 step 32000/192: loss 1.925e-01
[21/04/26 07:40:38][src.callback.progress][INFO] - Epoch 166 step 32050/192: loss 1.871e-01
[21/04/26 07:40:42][src.callback.progress][INFO] - Epoch 166: v_recons 2.301e-01  recons 1.706e-01  v_loss 4.036e-01  loss 1.964e-01  v_latent 9.276e-01  latent 6.378e-01  v_kl 4.177e+01  kl 2.265e+01  v_contrastive 1.731e+00  contrastive 2.549e-01  v_t2m/len 1530  v_t2m/R01 17.38%  v_t2m/R02 22.87%  v_t2m/R03 31.3%  v_t2m/R05 41.04%  v_t2m/R10 56.0%  v_t2m/MedR 8.0%  v_m2t/len 1530  v_m2t/R01 21.95%  v_m2t/R02 25.22%  v_m2t/R03 34.31%  v_m2t/R05 42.22%  v_m2t/R10 53.45%  v_m2t/MedR 9.0%
[21/04/26 07:40:55][src.callback.progress][INFO] - Epoch 167 step 32100/192: loss 1.871e-01
[21/04/26 07:41:06][src.callback.progress][INFO] - Epoch 167 step 32150/192: loss 1.889e-01
[21/04/26 07:41:16][src.callback.progress][INFO] - Epoch 167 step 32200/192: loss 1.719e-01
[21/04/26 07:41:27][src.callback.progress][INFO] - Epoch 167 step 32250/192: loss 2.182e-01
[21/04/26 07:41:30][src.callback.progress][INFO] - Epoch 167: v_recons 2.318e-01  recons 1.700e-01  v_loss 4.091e-01  loss 1.957e-01  v_latent 9.374e-01  latent 6.368e-01  v_kl 4.242e+01  kl 2.252e+01  v_contrastive 1.768e+00  contrastive 2.540e-01  v_t2m/len 1530  v_t2m/R01 17.31%  v_t2m/R02 23.13%  v_t2m/R03 31.11%  v_t2m/R05 41.18%  v_t2m/R10 55.09%  v_t2m/MedR 8.0%  v_m2t/len 1530  v_m2t/R01 21.23%  v_m2t/R02 24.04%  v_m2t/R03 32.22%  v_m2t/R05 39.93%  v_m2t/R10 53.45%  v_m2t/MedR 9.0%
[21/04/26 07:41:44][src.callback.progress][INFO] - Epoch 168 step 32300/192: loss 2.277e-01
[21/04/26 07:41:55][src.callback.progress][INFO] - Epoch 168 step 32350/192: loss 1.715e-01
[21/04/26 07:42:05][src.callback.progress][INFO] - Epoch 168 step 32400/192: loss 2.409e-01
[21/04/26 07:42:17][src.callback.progress][INFO] - Epoch 168: v_recons 2.310e-01  recons 1.697e-01  v_loss 4.082e-01  loss 1.949e-01  v_latent 9.369e-01  latent 6.374e-01  v_kl 4.239e+01  kl 2.254e+01  v_contrastive 1.767e+00  contrastive 2.502e-01  v_t2m/len 1530  v_t2m/R01 19.54%  v_t2m/R02 24.77%  v_t2m/R03 32.54%  v_t2m/R05 40.77%  v_t2m/R10 54.11%  v_t2m/MedR 9.0%  v_m2t/len 1530  v_m2t/R01 21.23%  v_m2t/R02 24.57%  v_m2t/R03 33.86%  v_m2t/R05 40.52%  v_m2t/R10 53.4%  v_m2t/MedR 9.0%
[21/04/26 07:42:22][src.callback.progress][INFO] - Epoch 169 step 32450/192: loss 1.788e-01
[21/04/26 07:42:33][src.callback.progress][INFO] - Epoch 169 step 32500/192: loss 1.968e-01
[21/04/26 07:42:44][src.callback.progress][INFO] - Epoch 169 step 32550/192: loss 1.850e-01
[21/04/26 07:42:54][src.callback.progress][INFO] - Epoch 169 step 32600/192: loss 1.735e-01
[21/04/26 07:43:05][src.callback.progress][INFO] - Epoch 169: v_recons 2.324e-01  recons 1.702e-01  v_loss 4.099e-01  loss 1.955e-01  v_latent 9.418e-01  latent 6.377e-01  v_kl 4.336e+01  kl 2.287e+01  v_contrastive 1.770e+00  contrastive 2.512e-01  v_t2m/len 1530  v_t2m/R01 19.07%  v_t2m/R02 24.18%  v_t2m/R03 32.41%  v_t2m/R05 41.36%  v_t2m/R10 55.41%  v_t2m/MedR 9.0%  v_m2t/len 1530  v_m2t/R01 22.15%  v_m2t/R02 25.69%  v_m2t/R03 34.43%  v_m2t/R05 41.24%  v_m2t/R10 53.0%  v_m2t/MedR 9.0%
[21/04/26 07:43:12][src.callback.progress][INFO] - Epoch 170 step 32650/192: loss 1.726e-01
[21/04/26 07:43:23][src.callback.progress][INFO] - Epoch 170 step 32700/192: loss 1.638e-01
[21/04/26 07:43:33][src.callback.progress][INFO] - Epoch 170 step 32750/192: loss 1.640e-01
[21/04/26 07:43:44][src.callback.progress][INFO] - Epoch 170 step 32800/192: loss 2.211e-01
[21/04/26 07:43:52][src.callback.progress][INFO] - Epoch 170: v_recons 2.303e-01  recons 1.692e-01  v_loss 4.058e-01  loss 1.942e-01  v_latent 9.430e-01  latent 6.370e-01  v_kl 4.316e+01  kl 2.285e+01  v_contrastive 1.751e+00  contrastive 2.474e-01  v_t2m/len 1530  v_t2m/R01 19.21%  v_t2m/R02 24.57%  v_t2m/R03 32.15%  v_t2m/R05 40.84%  v_t2m/R10 54.43%  v_t2m/MedR 9.0%  v_m2t/len 1530  v_m2t/R01 20.64%  v_m2t/R02 24.37%  v_m2t/R03 33.52%  v_m2t/R05 39.86%  v_m2t/R10 53.0%  v_m2t/MedR 9.0%
[21/04/26 07:44:01][src.callback.progress][INFO] - Epoch 171 step 32850/192: loss 1.672e-01
[21/04/26 07:44:12][src.callback.progress][INFO] - Epoch 171 step 32900/192: loss 1.927e-01
[21/04/26 07:44:22][src.callback.progress][INFO] - Epoch 171 step 32950/192: loss 2.123e-01
[21/04/26 07:44:33][src.callback.progress][INFO] - Epoch 171 step 33000/192: loss 1.915e-01
[21/04/26 07:44:40][src.callback.progress][INFO] - Epoch 171: v_recons 2.312e-01  recons 1.689e-01  v_loss 4.062e-01  loss 1.934e-01  v_latent 9.422e-01  latent 6.370e-01  v_kl 4.387e+01  kl 2.289e+01  v_contrastive 1.745e+00  contrastive 2.428e-01  v_t2m/len 1530  v_t2m/R01 18.81%  v_t2m/R02 24.63%  v_t2m/R03 33.4%  v_t2m/R05 41.5%  v_t2m/R10 56.27%  v_t2m/MedR 8.0%  v_m2t/len 1530  v_m2t/R01 21.04%  v_m2t/R02 24.37%  v_m2t/R03 34.38%  v_m2t/R05 42.02%  v_m2t/R10 53.79%  v_m2t/MedR 9.0%
[21/04/26 07:44:50][src.callback.progress][INFO] - Epoch 172 step 33050/192: loss 1.804e-01
[21/04/26 07:45:01][src.callback.progress][INFO] - Epoch 172 step 33100/192: loss 1.807e-01
[21/04/26 07:45:12][src.callback.progress][INFO] - Epoch 172 step 33150/192: loss 2.061e-01
[21/04/26 07:45:22][src.callback.progress][INFO] - Epoch 172 step 33200/192: loss 1.886e-01
[21/04/26 07:45:27][src.callback.progress][INFO] - Epoch 172: v_recons 2.310e-01  recons 1.690e-01  v_loss 4.056e-01  loss 1.940e-01  v_latent 9.418e-01  latent 6.392e-01  v_kl 4.366e+01  kl 2.311e+01  v_contrastive 1.741e+00  contrastive 2.476e-01  v_t2m/len 1530  v_t2m/R01 19.47%  v_t2m/R02 24.18%  v_t2m/R03 32.22%  v_t2m/R05 40.97%  v_t2m/R10 55.68%  v_t2m/MedR 8.0%  v_m2t/len 1530  v_m2t/R01 21.62%  v_m2t/R02 24.84%  v_m2t/R03 33.06%  v_m2t/R05 40.91%  v_m2t/R10 53.27%  v_m2t/MedR 9.0%
[21/04/26 07:45:40][src.callback.progress][INFO] - Epoch 173 step 33250/192: loss 1.799e-01
[21/04/26 07:45:51][src.callback.progress][INFO] - Epoch 173 step 33300/192: loss 1.792e-01
[21/04/26 07:46:02][src.callback.progress][INFO] - Epoch 173 step 33350/192: loss 1.776e-01
[21/04/26 07:46:12][src.callback.progress][INFO] - Epoch 173 step 33400/192: loss 1.840e-01
[21/04/26 07:46:16][src.callback.progress][INFO] - Epoch 173: v_recons 2.312e-01  recons 1.686e-01  v_loss 4.056e-01  loss 1.928e-01  v_latent 9.451e-01  latent 6.376e-01  v_kl 4.385e+01  kl 2.309e+01  v_contrastive 1.740e+00  contrastive 2.401e-01  v_t2m/len 1530  v_t2m/R01 19.28%  v_t2m/R02 24.37%  v_t2m/R03 32.75%  v_t2m/R05 42.09%  v_t2m/R10 57.31%  v_t2m/MedR 8.0%  v_m2t/len 1530  v_m2t/R01 20.92%  v_m2t/R02 24.44%  v_m2t/R03 32.75%  v_m2t/R05 41.24%  v_m2t/R10 53.99%  v_m2t/MedR 9.0%
[21/04/26 07:46:29][src.callback.progress][INFO] - Epoch 174 step 33450/192: loss 1.937e-01
[21/04/26 07:46:40][src.callback.progress][INFO] - Epoch 174 step 33500/192: loss 2.124e-01
[21/04/26 07:46:51][src.callback.progress][INFO] - Epoch 174 step 33550/192: loss 2.199e-01
[21/04/26 07:47:01][src.callback.progress][INFO] - Epoch 174 step 33600/192: loss 2.201e-01
[21/04/26 07:47:03][src.callback.progress][INFO] - Epoch 174: v_recons 2.333e-01  recons 1.694e-01  v_loss 4.089e-01  loss 1.947e-01  v_latent 9.501e-01  latent 6.406e-01  v_kl 4.395e+01  kl 2.328e+01  v_contrastive 1.752e+00  contrastive 2.509e-01  v_t2m/len 1530  v_t2m/R01 18.1%  v_t2m/R02 23.59%  v_t2m/R03 32.15%  v_t2m/R05 42.47%  v_t2m/R10 55.36%  v_t2m/MedR 8.0%  v_m2t/len 1530  v_m2t/R01 21.82%  v_m2t/R02 24.12%  v_m2t/R03 32.41%  v_m2t/R05 41.24%  v_m2t/R10 52.22%  v_m2t/MedR 9.0%
[21/04/26 07:47:19][src.callback.progress][INFO] - Epoch 175 step 33650/192: loss 1.831e-01
[21/04/26 07:47:30][src.callback.progress][INFO] - Epoch 175 step 33700/192: loss 2.062e-01
[21/04/26 07:47:40][src.callback.progress][INFO] - Epoch 175 step 33750/192: loss 1.780e-01
[21/04/26 07:47:51][src.callback.progress][INFO] - Epoch 175: v_recons 2.313e-01  recons 1.689e-01  v_loss 4.077e-01  loss 1.933e-01  v_latent 9.518e-01  latent 6.409e-01  v_kl 4.450e+01  kl 2.338e+01  v_contrastive 1.760e+00  contrastive 2.420e-01  v_t2m/len 1530  v_t2m/R01 18.23%  v_t2m/R02 23.98%  v_t2m/R03 32.29%  v_t2m/R05 42.34%  v_t2m/R10 55.09%  v_t2m/MedR 8.0%  v_m2t/len 1530  v_m2t/R01 20.97%  v_m2t/R02 24.84%  v_m2t/R03 33.13%  v_m2t/R05 39.66%  v_m2t/R10 51.43%  v_m2t/MedR 10.0%
[21/04/26 07:47:58][src.callback.progress][INFO] - Epoch 176 step 33800/192: loss 1.969e-01
[21/04/26 07:48:09][src.callback.progress][INFO] - Epoch 176 step 33850/192: loss 1.912e-01
[21/04/26 07:48:19][src.callback.progress][INFO] - Epoch 176 step 33900/192: loss 1.774e-01
[21/04/26 07:48:30][src.callback.progress][INFO] - Epoch 176 step 33950/192: loss 2.309e-01
[21/04/26 07:48:39][src.callback.progress][INFO] - Epoch 176: v_recons 2.317e-01  recons 1.683e-01  v_loss 4.081e-01  loss 1.926e-01  v_latent 9.501e-01  latent 6.372e-01  v_kl 4.394e+01  kl 2.330e+01  v_contrastive 1.759e+00  contrastive 2.403e-01  v_t2m/len 1530  v_t2m/R01 19.87%  v_t2m/R02 24.37%  v_t2m/R03 31.18%  v_t2m/R05 40.72%  v_t2m/R10 55.02%  v_t2m/MedR 8.5%  v_m2t/len 1530  v_m2t/R01 20.45%  v_m2t/R02 24.25%  v_m2t/R03 32.41%  v_m2t/R05 40.25%  v_m2t/R10 53.13%  v_m2t/MedR 9.0%
[21/04/26 07:48:47][src.callback.progress][INFO] - Epoch 177 step 34000/192: loss 1.917e-01
[21/04/26 07:48:58][src.callback.progress][INFO] - Epoch 177 step 34050/192: loss 1.847e-01
[21/04/26 07:49:08][src.callback.progress][INFO] - Epoch 177 step 34100/192: loss 1.772e-01
[21/04/26 07:49:19][src.callback.progress][INFO] - Epoch 177 step 34150/192: loss 1.660e-01
[21/04/26 07:49:26][src.callback.progress][INFO] - Epoch 177: v_recons 2.303e-01  recons 1.674e-01  v_loss 4.063e-01  loss 1.912e-01  v_latent 9.529e-01  latent 6.372e-01  v_kl 4.425e+01  kl 2.334e+01  v_contrastive 1.755e+00  contrastive 2.359e-01  v_t2m/len 1530  v_t2m/R01 19.21%  v_t2m/R02 24.44%  v_t2m/R03 32.47%  v_t2m/R05 41.11%  v_t2m/R10 55.36%  v_t2m/MedR 8.0%  v_m2t/len 1530  v_m2t/R01 21.5%  v_m2t/R02 24.63%  v_m2t/R03 33.0%  v_m2t/R05 40.97%  v_m2t/R10 52.75%  v_m2t/MedR 9.0%
[21/04/26 07:49:37][src.callback.progress][INFO] - Epoch 178 step 34200/192: loss 1.845e-01
[21/04/26 07:49:47][src.callback.progress][INFO] - Epoch 178 step 34250/192: loss 1.784e-01
[21/04/26 07:49:58][src.callback.progress][INFO] - Epoch 178 step 34300/192: loss 1.901e-01
[21/04/26 07:50:08][src.callback.progress][INFO] - Epoch 178 step 34350/192: loss 1.974e-01
[21/04/26 07:50:14][src.callback.progress][INFO] - Epoch 178: v_recons 2.332e-01  recons 1.679e-01  v_loss 4.110e-01  loss 1.918e-01  v_latent 9.541e-01  latent 6.387e-01  v_kl 4.458e+01  kl 2.359e+01  v_contrastive 1.774e+00  contrastive 2.369e-01  v_t2m/len 1530  v_t2m/R01 19.35%  v_t2m/R02 24.25%  v_t2m/R03 32.02%  v_t2m/R05 42.29%  v_t2m/R10 56.72%  v_t2m/MedR 8.0%  v_m2t/len 1530  v_m2t/R01 21.76%  v_m2t/R02 24.3%  v_m2t/R03 32.68%  v_m2t/R05 41.36%  v_m2t/R10 53.79%  v_m2t/MedR 9.0%
[21/04/26 07:50:26][src.callback.progress][INFO] - Epoch 179 step 34400/192: loss 1.807e-01
[21/04/26 07:50:37][src.callback.progress][INFO] - Epoch 179 step 34450/192: loss 1.880e-01
[21/04/26 07:50:47][src.callback.progress][INFO] - Epoch 179 step 34500/192: loss 2.045e-01
[21/04/26 07:50:58][src.callback.progress][INFO] - Epoch 179 step 34550/192: loss 1.696e-01
[21/04/26 07:51:02][src.callback.progress][INFO] - Epoch 179: v_recons 2.314e-01  recons 1.674e-01  v_loss 4.075e-01  loss 1.910e-01  v_latent 9.561e-01  latent 6.377e-01  v_kl 4.516e+01  kl 2.346e+01  v_contrastive 1.756e+00  contrastive 2.331e-01  v_t2m/len 1530  v_t2m/R01 16.79%  v_t2m/R02 21.89%  v_t2m/R03 30.45%  v_t2m/R05 41.83%  v_t2m/R10 56.59%  v_t2m/MedR 8.0%  v_m2t/len 1530  v_m2t/R01 20.59%  v_m2t/R02 23.59%  v_m2t/R03 32.15%  v_m2t/R05 40.77%  v_m2t/R10 53.0%  v_m2t/MedR 9.0%
[21/04/26 07:51:15][src.callback.progress][INFO] - Epoch 180 step 34600/192: loss 2.088e-01
[21/04/26 07:51:25][src.callback.progress][INFO] - Epoch 180 step 34650/192: loss 1.854e-01
[21/04/26 07:51:36][src.callback.progress][INFO] - Epoch 180 step 34700/192: loss 1.792e-01
[21/04/26 07:51:47][src.callback.progress][INFO] - Epoch 180 step 34750/192: loss 1.834e-01
[21/04/26 07:51:49][src.callback.progress][INFO] - Epoch 180: v_recons 2.306e-01  recons 1.667e-01  v_loss 4.065e-01  loss 1.902e-01  v_latent 9.571e-01  latent 6.352e-01  v_kl 4.526e+01  kl 2.346e+01  v_contrastive 1.754e+00  contrastive 2.330e-01  v_t2m/len 1530  v_t2m/R01 18.37%  v_t2m/R02 24.04%  v_t2m/R03 32.02%  v_t2m/R05 42.02%  v_t2m/R10 56.27%  v_t2m/MedR 8.0%  v_m2t/len 1530  v_m2t/R01 21.5%  v_m2t/R02 24.51%  v_m2t/R03 32.61%  v_m2t/R05 40.77%  v_m2t/R10 52.93%  v_m2t/MedR 9.0%
[21/04/26 07:52:04][src.callback.progress][INFO] - Epoch 181 step 34800/192: loss 1.928e-01
[21/04/26 07:52:14][src.callback.progress][INFO] - Epoch 181 step 34850/192: loss 2.038e-01
[21/04/26 07:52:25][src.callback.progress][INFO] - Epoch 181 step 34900/192: loss 1.858e-01
[21/04/26 07:52:36][src.callback.progress][INFO] - Epoch 181: v_recons 2.318e-01  recons 1.670e-01  v_loss 4.074e-01  loss 1.906e-01  v_latent 9.625e-01  latent 6.389e-01  v_kl 4.525e+01  kl 2.369e+01  v_contrastive 1.751e+00  contrastive 2.327e-01  v_t2m/len 1530  v_t2m/R01 18.17%  v_t2m/R02 23.86%  v_t2m/R03 30.97%  v_t2m/R05 41.04%  v_t2m/R10 54.5%  v_t2m/MedR 9.0%  v_m2t/len 1530  v_m2t/R01 22.09%  v_m2t/R02 24.84%  v_m2t/R03 31.56%  v_m2t/R05 39.79%  v_m2t/R10 52.47%  v_m2t/MedR 9.0%
[21/04/26 07:52:43][src.callback.progress][INFO] - Epoch 182 step 34950/192: loss 1.859e-01
[21/04/26 07:52:53][src.callback.progress][INFO] - Epoch 182 step 35000/192: loss 1.738e-01
[21/04/26 07:53:04][src.callback.progress][INFO] - Epoch 182 step 35050/192: loss 1.914e-01
[21/04/26 07:53:14][src.callback.progress][INFO] - Epoch 182 step 35100/192: loss 2.212e-01
[21/04/26 07:53:24][src.callback.progress][INFO] - Epoch 182: v_recons 2.313e-01  recons 1.668e-01  v_loss 4.080e-01  loss 1.905e-01  v_latent 9.664e-01  latent 6.408e-01  v_kl 4.587e+01  kl 2.391e+01  v_contrastive 1.762e+00  contrastive 2.346e-01  v_t2m/len 1530  v_t2m/R01 18.43%  v_t2m/R02 24.18%  v_t2m/R03 33.13%  v_t2m/R05 42.09%  v_t2m/R10 55.56%  v_t2m/MedR 8.0%  v_m2t/len 1530  v_m2t/R01 20.85%  v_m2t/R02 23.98%  v_m2t/R03 33.13%  v_m2t/R05 41.75%  v_m2t/R10 54.58%  v_m2t/MedR 8.0%
[21/04/26 07:53:32][src.callback.progress][INFO] - Epoch 183 step 35150/192: loss 1.660e-01
[21/04/26 07:53:42][src.callback.progress][INFO] - Epoch 183 step 35200/192: loss 1.774e-01
[21/04/26 07:53:53][src.callback.progress][INFO] - Epoch 183 step 35250/192: loss 1.898e-01
[21/04/26 07:54:03][src.callback.progress][INFO] - Epoch 183 step 35300/192: loss 2.141e-01
[21/04/26 07:54:11][src.callback.progress][INFO] - Epoch 183: v_recons 2.321e-01  recons 1.663e-01  v_loss 4.092e-01  loss 1.896e-01  v_latent 9.658e-01  latent 6.387e-01  v_kl 4.571e+01  kl 2.376e+01  v_contrastive 1.766e+00  contrastive 2.314e-01  v_t2m/len 1530  v_t2m/R01 17.96%  v_t2m/R02 22.94%  v_t2m/R03 31.5%  v_t2m/R05 43.0%  v_t2m/R10 54.5%  v_t2m/MedR 8.0%  v_m2t/len 1530  v_m2t/R01 20.59%  v_m2t/R02 23.92%  v_m2t/R03 33.86%  v_m2t/R05 41.75%  v_m2t/R10 53.13%  v_m2t/MedR 9.0%
[21/04/26 07:54:20][src.callback.progress][INFO] - Epoch 184 step 35350/192: loss 1.758e-01
[21/04/26 07:54:31][src.callback.progress][INFO] - Epoch 184 step 35400/192: loss 1.801e-01
[21/04/26 07:54:41][src.callback.progress][INFO] - Epoch 184 step 35450/192: loss 1.720e-01
[21/04/26 07:54:52][src.callback.progress][INFO] - Epoch 184 step 35500/192: loss 1.596e-01
[21/04/26 07:54:58][src.callback.progress][INFO] - Epoch 184: v_recons 2.308e-01  recons 1.667e-01  v_loss 4.078e-01  loss 1.900e-01  v_latent 9.656e-01  latent 6.437e-01  v_kl 4.613e+01  kl 2.607e+01  v_contrastive 1.764e+00  contrastive 2.309e-01  v_t2m/len 1530  v_t2m/R01 19.21%  v_t2m/R02 23.39%  v_t2m/R03 33.33%  v_t2m/R05 43.13%  v_t2m/R10 56.4%  v_t2m/MedR 8.0%  v_m2t/len 1530  v_m2t/R01 22.09%  v_m2t/R02 24.18%  v_m2t/R03 32.81%  v_m2t/R05 41.5%  v_m2t/R10 54.18%  v_m2t/MedR 8.0%
[21/04/26 07:55:09][src.callback.progress][INFO] - Epoch 185 step 35550/192: loss 2.053e-01
[21/04/26 07:55:20][src.callback.progress][INFO] - Epoch 185 step 35600/192: loss 1.862e-01
[21/04/26 07:55:30][src.callback.progress][INFO] - Epoch 185 step 35650/192: loss 1.959e-01
[21/04/26 07:55:41][src.callback.progress][INFO] - Epoch 185 step 35700/192: loss 1.971e-01
[21/04/26 07:55:45][src.callback.progress][INFO] - Epoch 185: v_recons 2.320e-01  recons 1.662e-01  v_loss 4.105e-01  loss 1.895e-01  v_latent 9.731e-01  latent 6.421e-01  v_kl 4.698e+01  kl 2.399e+01  v_contrastive 1.780e+00  contrastive 2.305e-01  v_t2m/len 1530  v_t2m/R01 17.19%  v_t2m/R02 22.47%  v_t2m/R03 30.97%  v_t2m/R05 41.31%  v_t2m/R10 55.49%  v_t2m/MedR 9.0%  v_m2t/len 1530  v_m2t/R01 21.23%  v_m2t/R02 24.63%  v_m2t/R03 33.06%  v_m2t/R05 40.97%  v_m2t/R10 52.34%  v_m2t/MedR 9.0%
[21/04/26 07:55:58][src.callback.progress][INFO] - Epoch 186 step 35750/192: loss 1.914e-01
[21/04/26 07:56:08][src.callback.progress][INFO] - Epoch 186 step 35800/192: loss 1.806e-01
[21/04/26 07:56:19][src.callback.progress][INFO] - Epoch 186 step 35850/192: loss 1.870e-01
[21/04/26 07:56:29][src.callback.progress][INFO] - Epoch 186 step 35900/192: loss 2.003e-01
[21/04/26 07:56:32][src.callback.progress][INFO] - Epoch 186: v_recons 2.317e-01  recons 1.658e-01  v_loss 4.121e-01  loss 1.887e-01  v_latent 9.725e-01  latent 6.403e-01  v_kl 4.638e+01  kl 2.397e+01  v_contrastive 1.799e+00  contrastive 2.271e-01  v_t2m/len 1530  v_t2m/R01 18.76%  v_t2m/R02 24.18%  v_t2m/R03 33.27%  v_t2m/R05 42.54%  v_t2m/R10 54.7%  v_t2m/MedR 9.0%  v_m2t/len 1530  v_m2t/R01 21.04%  v_m2t/R02 24.63%  v_m2t/R03 33.59%  v_m2t/R05 41.36%  v_m2t/R10 53.13%  v_m2t/MedR 9.0%
[21/04/26 07:56:47][src.callback.progress][INFO] - Epoch 187 step 35950/192: loss 1.883e-01
[21/04/26 07:56:57][src.callback.progress][INFO] - Epoch 187 step 36000/192: loss 1.918e-01
[21/04/26 07:57:08][src.callback.progress][INFO] - Epoch 187 step 36050/192: loss 1.999e-01
[21/04/26 07:57:19][src.callback.progress][INFO] - Epoch 187: v_recons 2.313e-01  recons 1.658e-01  v_loss 4.113e-01  loss 1.886e-01  v_latent 9.741e-01  latent 6.398e-01  v_kl 4.678e+01  kl 2.404e+01  v_contrastive 1.795e+00  contrastive 2.262e-01  v_t2m/len 1530  v_t2m/R01 19.4%  v_t2m/R02 24.7%  v_t2m/R03 32.68%  v_t2m/R05 40.52%  v_t2m/R10 54.9%  v_t2m/MedR 9.0%  v_m2t/len 1530  v_m2t/R01 21.18%  v_m2t/R02 24.3%  v_m2t/R03 32.15%  v_m2t/R05 40.06%  v_m2t/R10 53.4%  v_m2t/MedR 9.0%
[21/04/26 07:57:25][src.callback.progress][INFO] - Epoch 188 step 36100/192: loss 1.745e-01
[21/04/26 07:57:35][src.callback.progress][INFO] - Epoch 188 step 36150/192: loss 2.272e-01
[21/04/26 07:57:46][src.callback.progress][INFO] - Epoch 188 step 36200/192: loss 2.147e-01
[21/04/26 07:57:56][src.callback.progress][INFO] - Epoch 188 step 36250/192: loss 1.888e-01
[21/04/26 07:58:06][src.callback.progress][INFO] - Epoch 188: v_recons 2.326e-01  recons 1.655e-01  v_loss 4.112e-01  loss 1.881e-01  v_latent 9.734e-01  latent 6.410e-01  v_kl 4.694e+01  kl 2.419e+01  v_contrastive 1.781e+00  contrastive 2.227e-01  v_t2m/len 1530  v_t2m/R01 19.73%  v_t2m/R02 25.87%  v_t2m/R03 33.06%  v_t2m/R05 41.9%  v_t2m/R10 55.68%  v_t2m/MedR 8.0%  v_m2t/len 1530  v_m2t/R01 21.76%  v_m2t/R02 24.96%  v_m2t/R03 32.09%  v_m2t/R05 40.91%  v_m2t/R10 53.33%  v_m2t/MedR 9.0%
[21/04/26 07:58:13][src.callback.progress][INFO] - Epoch 189 step 36300/192: loss 2.001e-01
[21/04/26 07:58:24][src.callback.progress][INFO] - Epoch 189 step 36350/192: loss 1.974e-01
[21/04/26 07:58:35][src.callback.progress][INFO] - Epoch 189 step 36400/192: loss 1.781e-01
[21/04/26 07:58:45][src.callback.progress][INFO] - Epoch 189 step 36450/192: loss 2.281e-01
[21/04/26 07:58:53][src.callback.progress][INFO] - Epoch 189: v_recons 2.313e-01  recons 1.652e-01  v_loss 4.083e-01  loss 1.871e-01  v_latent 9.728e-01  latent 6.379e-01  v_kl 4.651e+01  kl 2.403e+01  v_contrastive 1.764e+00  contrastive 2.167e-01  v_t2m/len 1530  v_t2m/R01 18.17%  v_t2m/R02 23.39%  v_t2m/R03 32.29%  v_t2m/R05 41.75%  v_t2m/R10 56.86%  v_t2m/MedR 8.0%  v_m2t/len 1530  v_m2t/R01 21.89%  v_m2t/R02 25.15%  v_m2t/R03 33.91%  v_m2t/R05 41.95%  v_m2t/R10 53.13%  v_m2t/MedR 9.0%
[21/04/26 07:59:02][src.callback.progress][INFO] - Epoch 190 step 36500/192: loss 1.771e-01
[21/04/26 07:59:12][src.callback.progress][INFO] - Epoch 190 step 36550/192: loss 1.867e-01
[21/04/26 07:59:23][src.callback.progress][INFO] - Epoch 190 step 36600/192: loss 1.771e-01
[21/04/26 07:59:34][src.callback.progress][INFO] - Epoch 190 step 36650/192: loss 1.866e-01
[21/04/26 07:59:40][src.callback.progress][INFO] - Epoch 190: v_recons 2.328e-01  recons 1.647e-01  v_loss 4.097e-01  loss 1.867e-01  v_latent 9.736e-01  latent 6.393e-01  v_kl 4.667e+01  kl 2.414e+01  v_contrastive 1.764e+00  contrastive 2.184e-01  v_t2m/len 1530  v_t2m/R01 17.9%  v_t2m/R02 22.47%  v_t2m/R03 31.37%  v_t2m/R05 41.24%  v_t2m/R10 55.15%  v_t2m/MedR 8.0%  v_m2t/len 1530  v_m2t/R01 21.76%  v_m2t/R02 24.96%  v_m2t/R03 32.15%  v_m2t/R05 40.2%  v_m2t/R10 54.31%  v_m2t/MedR 9.0%
[21/04/26 07:59:51][src.callback.progress][INFO] - Epoch 191 step 36700/192: loss 1.732e-01
[21/04/26 08:00:01][src.callback.progress][INFO] - Epoch 191 step 36750/192: loss 1.781e-01
[21/04/26 08:00:12][src.callback.progress][INFO] - Epoch 191 step 36800/192: loss 1.954e-01
[21/04/26 08:00:22][src.callback.progress][INFO] - Epoch 191 step 36850/192: loss 1.851e-01
[21/04/26 08:00:27][src.callback.progress][INFO] - Epoch 191: v_recons 2.325e-01  recons 1.649e-01  v_loss 4.118e-01  loss 1.870e-01  v_latent 9.785e-01  latent 6.419e-01  v_kl 4.722e+01  kl 2.431e+01  v_contrastive 1.789e+00  contrastive 2.192e-01  v_t2m/len 1530  v_t2m/R01 18.69%  v_t2m/R02 24.18%  v_t2m/R03 31.56%  v_t2m/R05 42.22%  v_t2m/R10 56.08%  v_t2m/MedR 8.0%  v_m2t/len 1530  v_m2t/R01 22.68%  v_m2t/R02 24.89%  v_m2t/R03 32.61%  v_m2t/R05 41.63%  v_m2t/R10 53.13%  v_m2t/MedR 9.0%
[21/04/26 08:00:40][src.callback.progress][INFO] - Epoch 192 step 36900/192: loss 1.849e-01
[21/04/26 08:00:50][src.callback.progress][INFO] - Epoch 192 step 36950/192: loss 1.908e-01
[21/04/26 08:01:01][src.callback.progress][INFO] - Epoch 192 step 37000/192: loss 2.086e-01
[21/04/26 08:01:11][src.callback.progress][INFO] - Epoch 192 step 37050/192: loss 1.926e-01
[21/04/26 08:01:14][src.callback.progress][INFO] - Epoch 192: v_recons 2.336e-01  recons 1.647e-01  v_loss 4.120e-01  loss 1.873e-01  v_latent 9.789e-01  latent 6.407e-01  v_kl 4.788e+01  kl 2.444e+01  v_contrastive 1.779e+00  contrastive 2.242e-01  v_t2m/len 1530  v_t2m/R01 18.95%  v_t2m/R02 24.63%  v_t2m/R03 32.02%  v_t2m/R05 41.18%  v_t2m/R10 55.88%  v_t2m/MedR 8.0%  v_m2t/len 1530  v_m2t/R01 21.44%  v_m2t/R02 25.75%  v_m2t/R03 34.43%  v_m2t/R05 41.83%  v_m2t/R10 53.65%  v_m2t/MedR 9.0%
[21/04/26 08:01:29][src.callback.progress][INFO] - Epoch 193 step 37100/192: loss 1.959e-01
[21/04/26 08:01:39][src.callback.progress][INFO] - Epoch 193 step 37150/192: loss 1.695e-01
[21/04/26 08:01:50][src.callback.progress][INFO] - Epoch 193 step 37200/192: loss 1.896e-01
[21/04/26 08:02:02][src.callback.progress][INFO] - Epoch 193: v_recons 2.317e-01  recons 1.644e-01  v_loss 4.073e-01  loss 1.862e-01  v_latent 9.741e-01  latent 6.406e-01  v_kl 4.716e+01  kl 2.443e+01  v_contrastive 1.751e+00  contrastive 2.157e-01  v_t2m/len 1530  v_t2m/R01 19.28%  v_t2m/R02 23.32%  v_t2m/R03 32.29%  v_t2m/R05 41.9%  v_t2m/R10 56.0%  v_t2m/MedR 8.0%  v_m2t/len 1530  v_m2t/R01 21.76%  v_m2t/R02 24.84%  v_m2t/R03 34.25%  v_m2t/R05 41.56%  v_m2t/R10 54.04%  v_m2t/MedR 9.0%
[21/04/26 08:02:08][src.callback.progress][INFO] - Epoch 194 step 37250/192: loss 2.178e-01
[21/04/26 08:02:18][src.callback.progress][INFO] - Epoch 194 step 37300/192: loss 1.874e-01
[21/04/26 08:02:29][src.callback.progress][INFO] - Epoch 194 step 37350/192: loss 1.681e-01
[21/04/26 08:02:40][src.callback.progress][INFO] - Epoch 194 step 37400/192: loss 1.871e-01
[21/04/26 08:02:50][src.callback.progress][INFO] - Epoch 194: v_recons 2.310e-01  recons 1.641e-01  v_loss 4.095e-01  loss 1.858e-01  v_latent 9.814e-01  latent 6.400e-01  v_kl 4.782e+01  kl 2.440e+01  v_contrastive 1.780e+00  contrastive 2.146e-01  v_t2m/len 1530  v_t2m/R01 18.23%  v_t2m/R02 24.18%  v_t2m/R03 31.62%  v_t2m/R05 41.04%  v_t2m/R10 55.61%  v_t2m/MedR 8.0%  v_m2t/len 1530  v_m2t/R01 22.87%  v_m2t/R02 25.48%  v_m2t/R03 33.72%  v_m2t/R05 42.34%  v_m2t/R10 53.59%  v_m2t/MedR 9.0%
[21/04/26 08:02:57][src.callback.progress][INFO] - Epoch 195 step 37450/192: loss 1.579e-01
[21/04/26 08:03:07][src.callback.progress][INFO] - Epoch 195 step 37500/192: loss 2.022e-01
[21/04/26 08:03:18][src.callback.progress][INFO] - Epoch 195 step 37550/192: loss 1.548e-01
[21/04/26 08:03:29][src.callback.progress][INFO] - Epoch 195 step 37600/192: loss 1.753e-01
[21/04/26 08:03:37][src.callback.progress][INFO] - Epoch 195: v_recons 2.309e-01  recons 1.642e-01  v_loss 4.071e-01  loss 1.864e-01  v_latent 9.804e-01  latent 6.432e-01  v_kl 4.787e+01  kl 2.471e+01  v_contrastive 1.757e+00  contrastive 2.196e-01  v_t2m/len 1530  v_t2m/R01 18.69%  v_t2m/R02 23.86%  v_t2m/R03 31.89%  v_t2m/R05 41.83%  v_t2m/R10 57.11%  v_t2m/MedR 8.0%  v_m2t/len 1530  v_m2t/R01 22.29%  v_m2t/R02 25.69%  v_m2t/R03 33.72%  v_m2t/R05 40.97%  v_m2t/R10 53.45%  v_m2t/MedR 9.0%
[21/04/26 08:03:46][src.callback.progress][INFO] - Epoch 196 step 37650/192: loss 1.830e-01
[21/04/26 08:03:57][src.callback.progress][INFO] - Epoch 196 step 37700/192: loss 1.799e-01
[21/04/26 08:04:07][src.callback.progress][INFO] - Epoch 196 step 37750/192: loss 2.065e-01
[21/04/26 08:04:18][src.callback.progress][INFO] - Epoch 196 step 37800/192: loss 1.846e-01
[21/04/26 08:04:24][src.callback.progress][INFO] - Epoch 196: v_recons 2.310e-01  recons 1.637e-01  v_loss 4.080e-01  loss 1.854e-01  v_latent 9.828e-01  latent 6.415e-01  v_kl 4.801e+01  kl 2.482e+01  v_contrastive 1.765e+00  contrastive 2.143e-01  v_t2m/len 1530  v_t2m/R01 20.45%  v_t2m/R02 25.22%  v_t2m/R03 32.15%  v_t2m/R05 41.56%  v_t2m/R10 56.54%  v_t2m/MedR 8.0%  v_m2t/len 1530  v_m2t/R01 21.3%  v_m2t/R02 24.7%  v_m2t/R03 32.68%  v_m2t/R05 40.72%  v_m2t/R10 53.99%  v_m2t/MedR 9.0%
[21/04/26 08:04:35][src.callback.progress][INFO] - Epoch 197 step 37850/192: loss 1.842e-01
[21/04/26 08:04:45][src.callback.progress][INFO] - Epoch 197 step 37900/192: loss 1.961e-01
[21/04/26 08:04:56][src.callback.progress][INFO] - Epoch 197 step 37950/192: loss 1.936e-01
[21/04/26 08:05:06][src.callback.progress][INFO] - Epoch 197 step 38000/192: loss 1.799e-01
[21/04/26 08:05:11][src.callback.progress][INFO] - Epoch 197: v_recons 2.311e-01  recons 1.632e-01  v_loss 4.078e-01  loss 1.845e-01  v_latent 9.856e-01  latent 6.410e-01  v_kl 4.803e+01  kl 2.466e+01  v_contrastive 1.762e+00  contrastive 2.096e-01  v_t2m/len 1530  v_t2m/R01 19.02%  v_t2m/R02 24.04%  v_t2m/R03 31.44%  v_t2m/R05 41.43%  v_t2m/R10 55.41%  v_t2m/MedR 8.0%  v_m2t/len 1530  v_m2t/R01 22.68%  v_m2t/R02 25.29%  v_m2t/R03 33.72%  v_m2t/R05 42.15%  v_m2t/R10 54.18%  v_m2t/MedR 8.0%
[21/04/26 08:05:23][src.callback.progress][INFO] - Epoch 198 step 38050/192: loss 1.957e-01
[21/04/26 08:05:34][src.callback.progress][INFO] - Epoch 198 step 38100/192: loss 1.641e-01
[21/04/26 08:05:44][src.callback.progress][INFO] - Epoch 198 step 38150/192: loss 1.920e-01
[21/04/26 08:05:55][src.callback.progress][INFO] - Epoch 198 step 38200/192: loss 1.659e-01
[21/04/26 08:05:58][src.callback.progress][INFO] - Epoch 198: v_recons 2.320e-01  recons 1.631e-01  v_loss 4.093e-01  loss 1.843e-01  v_latent 9.902e-01  latent 6.396e-01  v_kl 4.894e+01  kl 2.459e+01  v_contrastive 1.768e+00  contrastive 2.092e-01  v_t2m/len 1530  v_t2m/R01 18.29%  v_t2m/R02 24.3%  v_t2m/R03 32.61%  v_t2m/R05 42.22%  v_t2m/R10 55.49%  v_t2m/MedR 8.0%  v_m2t/len 1530  v_m2t/R01 20.92%  v_m2t/R02 24.25%  v_m2t/R03 32.34%  v_m2t/R05 41.24%  v_m2t/R10 54.04%  v_m2t/MedR 9.0%
[21/04/26 08:06:12][src.callback.progress][INFO] - Epoch 199 step 38250/192: loss 1.957e-01
[21/04/26 08:06:22][src.callback.progress][INFO] - Epoch 199 step 38300/192: loss 1.818e-01
[21/04/26 08:06:33][src.callback.progress][INFO] - Epoch 199 step 38350/192: loss 1.978e-01
[21/04/26 08:06:44][src.callback.progress][INFO] - Epoch 199 step 38400/192: loss 2.019e-01
[21/04/26 08:06:45][src.callback.progress][INFO] - Epoch 199: v_recons 2.321e-01  recons 1.634e-01  v_loss 4.108e-01  loss 1.846e-01  v_latent 9.881e-01  latent 6.419e-01  v_kl 4.826e+01  kl 2.479e+01  v_contrastive 1.782e+00  contrastive 2.103e-01  v_t2m/len 1530  v_t2m/R01 18.88%  v_t2m/R02 24.51%  v_t2m/R03 32.47%  v_t2m/R05 42.02%  v_t2m/R10 56.08%  v_t2m/MedR 8.0%  v_m2t/len 1530  v_m2t/R01 23.72%  v_m2t/R02 26.6%  v_m2t/R03 32.93%  v_m2t/R05 40.77%  v_m2t/R10 52.81%  v_m2t/MedR 9.0%
[21/04/26 08:07:01][src.callback.progress][INFO] - Epoch 200 step 38450/192: loss 1.861e-01
[21/04/26 08:07:12][src.callback.progress][INFO] - Epoch 200 step 38500/192: loss 1.920e-01
[21/04/26 08:07:22][src.callback.progress][INFO] - Epoch 200 step 38550/192: loss 1.835e-01
[21/04/26 08:07:33][src.callback.progress][INFO] - Epoch 200: v_recons 2.322e-01  recons 1.627e-01  v_loss 4.083e-01  loss 1.840e-01  v_latent 9.935e-01  latent 6.435e-01  v_kl 4.877e+01  kl 2.499e+01  v_contrastive 1.756e+00  contrastive 2.102e-01  v_t2m/len 1530  v_t2m/R01 19.21%  v_t2m/R02 23.53%  v_t2m/R03 30.85%  v_t2m/R05 40.91%  v_t2m/R10 55.41%  v_t2m/MedR 8.0%  v_m2t/len 1530  v_m2t/R01 22.03%  v_m2t/R02 25.75%  v_m2t/R03 33.65%  v_m2t/R05 42.47%  v_m2t/R10 52.93%  v_m2t/MedR 9.0%
[21/04/26 08:07:39][src.callback.progress][INFO] - Epoch 201 step 38600/192: loss 1.822e-01
[21/04/26 08:07:50][src.callback.progress][INFO] - Epoch 201 step 38650/192: loss 1.883e-01
[21/04/26 08:08:00][src.callback.progress][INFO] - Epoch 201 step 38700/192: loss 1.664e-01
[21/04/26 08:08:11][src.callback.progress][INFO] - Epoch 201 step 38750/192: loss 1.951e-01
[21/04/26 08:08:20][src.callback.progress][INFO] - Epoch 201: v_recons 2.320e-01  recons 1.629e-01  v_loss 4.103e-01  loss 1.839e-01  v_latent 9.933e-01  latent 6.436e-01  v_kl 4.893e+01  kl 2.507e+01  v_contrastive 1.778e+00  contrastive 2.082e-01  v_t2m/len 1530  v_t2m/R01 19.61%  v_t2m/R02 25.29%  v_t2m/R03 32.15%  v_t2m/R05 42.22%  v_t2m/R10 55.09%  v_t2m/MedR 8.0%  v_m2t/len 1530  v_m2t/R01 22.54%  v_m2t/R02 25.48%  v_m2t/R03 33.99%  v_m2t/R05 41.7%  v_m2t/R10 54.31%  v_m2t/MedR 9.0%
[21/04/26 08:08:28][src.callback.progress][INFO] - Epoch 202 step 38800/192: loss 1.917e-01
[21/04/26 08:08:39][src.callback.progress][INFO] - Epoch 202 step 38850/192: loss 2.042e-01
[21/04/26 08:08:49][src.callback.progress][INFO] - Epoch 202 step 38900/192: loss 2.129e-01
[21/04/26 08:09:00][src.callback.progress][INFO] - Epoch 202 step 38950/192: loss 1.808e-01
[21/04/26 08:09:07][src.callback.progress][INFO] - Epoch 202: v_recons 2.327e-01  recons 1.624e-01  v_loss 4.081e-01  loss 1.837e-01  v_latent 9.899e-01  latent 6.446e-01  v_kl 4.874e+01  kl 2.508e+01  v_contrastive 1.749e+00  contrastive 2.110e-01  v_t2m/len 1530  v_t2m/R01 19.67%  v_t2m/R02 25.95%  v_t2m/R03 34.43%  v_t2m/R05 44.25%  v_t2m/R10 57.18%  v_t2m/MedR 8.0%  v_m2t/len 1530  v_m2t/R01 22.61%  v_m2t/R02 25.69%  v_m2t/R03 33.2%  v_m2t/R05 40.59%  v_m2t/R10 52.88%  v_m2t/MedR 9.0%
[21/04/26 08:09:17][src.callback.progress][INFO] - Epoch 203 step 39000/192: loss 2.186e-01
[21/04/26 08:09:28][src.callback.progress][INFO] - Epoch 203 step 39050/192: loss 1.718e-01
[21/04/26 08:09:38][src.callback.progress][INFO] - Epoch 203 step 39100/192: loss 1.921e-01
[21/04/26 08:09:48][src.callback.progress][INFO] - Epoch 203 step 39150/192: loss 1.883e-01
[21/04/26 08:09:54][src.callback.progress][INFO] - Epoch 203: v_recons 2.314e-01  recons 1.621e-01  v_loss 4.077e-01  loss 1.827e-01  v_latent 9.977e-01  latent 6.421e-01  v_kl 4.974e+01  kl 2.509e+01  v_contrastive 1.758e+00  contrastive 2.031e-01  v_t2m/len 1530  v_t2m/R01 18.62%  v_t2m/R02 23.86%  v_t2m/R03 32.22%  v_t2m/R05 41.36%  v_t2m/R10 56.79%  v_t2m/MedR 8.0%  v_m2t/len 1530  v_m2t/R01 22.54%  v_m2t/R02 25.87%  v_m2t/R03 33.33%  v_m2t/R05 41.63%  v_m2t/R10 53.86%  v_m2t/MedR 9.0%
[21/04/26 08:10:06][src.callback.progress][INFO] - Epoch 204 step 39200/192: loss 1.571e-01
[21/04/26 08:10:16][src.callback.progress][INFO] - Epoch 204 step 39250/192: loss 1.700e-01
[21/04/26 08:10:27][src.callback.progress][INFO] - Epoch 204 step 39300/192: loss 2.054e-01
[21/04/26 08:10:37][src.callback.progress][INFO] - Epoch 204 step 39350/192: loss 2.004e-01
[21/04/26 08:10:41][src.callback.progress][INFO] - Epoch 204: v_recons 2.312e-01  recons 1.621e-01  v_loss 4.078e-01  loss 1.831e-01  v_latent 9.988e-01  latent 6.451e-01  v_kl 5.004e+01  kl 2.529e+01  v_contrastive 1.762e+00  contrastive 2.073e-01  v_t2m/len 1530  v_t2m/R01 19.47%  v_t2m/R02 23.72%  v_t2m/R03 31.89%  v_t2m/R05 43.45%  v_t2m/R10 58.09%  v_t2m/MedR 7.0%  v_m2t/len 1530  v_m2t/R01 21.89%  v_m2t/R02 25.87%  v_m2t/R03 34.84%  v_m2t/R05 43.33%  v_m2t/R10 55.09%  v_m2t/MedR 8.0%
[21/04/26 08:10:55][src.callback.progress][INFO] - Epoch 205 step 39400/192: loss 1.743e-01
[21/04/26 08:11:06][src.callback.progress][INFO] - Epoch 205 step 39450/192: loss 1.877e-01
[21/04/26 08:11:16][src.callback.progress][INFO] - Epoch 205 step 39500/192: loss 1.888e-01
[21/04/26 08:11:27][src.callback.progress][INFO] - Epoch 205 step 39550/192: loss 1.670e-01
[21/04/26 08:11:29][src.callback.progress][INFO] - Epoch 205: v_recons 2.320e-01  recons 1.617e-01  v_loss 4.084e-01  loss 1.826e-01  v_latent 9.949e-01  latent 6.447e-01  v_kl 4.922e+01  kl 2.530e+01  v_contrastive 1.759e+00  contrastive 2.066e-01  v_t2m/len 1530  v_t2m/R01 19.21%  v_t2m/R02 23.59%  v_t2m/R03 32.68%  v_t2m/R05 44.31%  v_t2m/R10 57.45%  v_t2m/MedR 8.0%  v_m2t/len 1530  v_m2t/R01 21.95%  v_m2t/R02 25.42%  v_m2t/R03 34.5%  v_m2t/R05 43.0%  v_m2t/R10 53.86%  v_m2t/MedR 9.0%
[21/04/26 08:11:44][src.callback.progress][INFO] - Epoch 206 step 39600/192: loss 1.776e-01
[21/04/26 08:11:55][src.callback.progress][INFO] - Epoch 206 step 39650/192: loss 2.012e-01
[21/04/26 08:12:05][src.callback.progress][INFO] - Epoch 206 step 39700/192: loss 2.362e-01
[21/04/26 08:12:16][src.callback.progress][INFO] - Epoch 206: v_recons 2.313e-01  recons 1.613e-01  v_loss 4.109e-01  loss 1.817e-01  v_latent 1.002e+00  latent 6.427e-01  v_kl 4.977e+01  kl 2.509e+01  v_contrastive 1.791e+00  contrastive 2.017e-01  v_t2m/len 1530  v_t2m/R01 19.54%  v_t2m/R02 25.1%  v_t2m/R03 32.34%  v_t2m/R05 42.22%  v_t2m/R10 55.41%  v_t2m/MedR 8.0%  v_m2t/len 1530  v_m2t/R01 21.89%  v_m2t/R02 25.55%  v_m2t/R03 34.11%  v_m2t/R05 42.22%  v_m2t/R10 52.47%  v_m2t/MedR 9.0%
[21/04/26 08:12:22][src.callback.progress][INFO] - Epoch 207 step 39750/192: loss 1.784e-01
[21/04/26 08:12:33][src.callback.progress][INFO] - Epoch 207 step 39800/192: loss 1.922e-01
[21/04/26 08:12:43][src.callback.progress][INFO] - Epoch 207 step 39850/192: loss 1.683e-01
[21/04/26 08:12:54][src.callback.progress][INFO] - Epoch 207 step 39900/192: loss 1.859e-01
[21/04/26 08:13:03][src.callback.progress][INFO] - Epoch 207: v_recons 2.331e-01  recons 1.613e-01  v_loss 4.107e-01  loss 1.815e-01  v_latent 9.948e-01  latent 6.437e-01  v_kl 4.961e+01  kl 2.528e+01  v_contrastive 1.772e+00  contrastive 1.991e-01  v_t2m/len 1530  v_t2m/R01 21.76%  v_t2m/R02 25.81%  v_t2m/R03 33.86%  v_t2m/R05 43.33%  v_t2m/R10 56.66%  v_t2m/MedR 7.0%  v_m2t/len 1530  v_m2t/R01 22.35%  v_m2t/R02 25.22%  v_m2t/R03 33.4%  v_m2t/R05 42.61%  v_m2t/R10 53.99%  v_m2t/MedR 8.5%
[21/04/26 08:13:11][src.callback.progress][INFO] - Epoch 208 step 39950/192: loss 1.960e-01
[21/04/26 08:13:22][src.callback.progress][INFO] - Epoch 208 step 40000/192: loss 1.736e-01
[21/04/26 08:13:32][src.callback.progress][INFO] - Epoch 208 step 40050/192: loss 1.920e-01
[21/04/26 08:13:43][src.callback.progress][INFO] - Epoch 208 step 40100/192: loss 1.931e-01
[21/04/26 08:13:50][src.callback.progress][INFO] - Epoch 208: v_recons 2.324e-01  recons 1.614e-01  v_loss 4.104e-01  loss 1.821e-01  v_latent 1.005e+00  latent 6.478e-01  v_kl 5.016e+01  kl 2.564e+01  v_contrastive 1.776e+00  contrastive 2.042e-01  v_t2m/len 1530  v_t2m/R01 19.93%  v_t2m/R02 24.84%  v_t2m/R03 33.65%  v_t2m/R05 43.0%  v_t2m/R10 56.2%  v_t2m/MedR 8.0%  v_m2t/len 1530  v_m2t/R01 22.21%  v_m2t/R02 26.01%  v_m2t/R03 33.65%  v_m2t/R05 41.36%  v_m2t/R10 53.72%  v_m2t/MedR 9.0%
[21/04/26 08:14:00][src.callback.progress][INFO] - Epoch 209 step 40150/192: loss 1.740e-01
[21/04/26 08:14:11][src.callback.progress][INFO] - Epoch 209 step 40200/192: loss 1.868e-01
[21/04/26 08:14:21][src.callback.progress][INFO] - Epoch 209 step 40250/192: loss 1.906e-01
[21/04/26 08:14:32][src.callback.progress][INFO] - Epoch 209 step 40300/192: loss 1.854e-01
[21/04/26 08:14:38][src.callback.progress][INFO] - Epoch 209: v_recons 2.315e-01  recons 1.607e-01  v_loss 4.123e-01  loss 1.808e-01  v_latent 1.013e+00  latent 6.446e-01  v_kl 5.070e+01  kl 2.547e+01  v_contrastive 1.802e+00  contrastive 1.984e-01  v_t2m/len 1530  v_t2m/R01 18.88%  v_t2m/R02 23.98%  v_t2m/R03 32.02%  v_t2m/R05 41.11%  v_t2m/R10 54.5%  v_t2m/MedR 9.0%  v_m2t/len 1530  v_m2t/R01 22.29%  v_m2t/R02 25.62%  v_m2t/R03 33.91%  v_m2t/R05 41.43%  v_m2t/R10 53.2%  v_m2t/MedR 9.0%
[21/04/26 08:14:49][src.callback.progress][INFO] - Epoch 210 step 40350/192: loss 1.813e-01
[21/04/26 08:15:00][src.callback.progress][INFO] - Epoch 210 step 40400/192: loss 1.857e-01
[21/04/26 08:15:10][src.callback.progress][INFO] - Epoch 210 step 40450/192: loss 2.047e-01
[21/04/26 08:15:21][src.callback.progress][INFO] - Epoch 210 step 40500/192: loss 1.613e-01
[21/04/26 08:15:25][src.callback.progress][INFO] - Epoch 210: v_recons 2.318e-01  recons 1.607e-01  v_loss 4.092e-01  loss 1.811e-01  v_latent 1.007e+00  latent 6.453e-01  v_kl 5.034e+01  kl 2.546e+01  v_contrastive 1.769e+00  contrastive 2.020e-01  v_t2m/len 1530  v_t2m/R01 18.37%  v_t2m/R02 23.53%  v_t2m/R03 32.22%  v_t2m/R05 42.47%  v_t2m/R10 54.31%  v_t2m/MedR 9.0%  v_m2t/len 1530  v_m2t/R01 21.7%  v_m2t/R02 24.44%  v_m2t/R03 33.65%  v_m2t/R05 40.45%  v_m2t/R10 52.54%  v_m2t/MedR 9.0%
[21/04/26 08:15:38][src.callback.progress][INFO] - Epoch 211 step 40550/192: loss 1.857e-01
[21/04/26 08:15:49][src.callback.progress][INFO] - Epoch 211 step 40600/192: loss 1.795e-01
[21/04/26 08:16:00][src.callback.progress][INFO] - Epoch 211 step 40650/192: loss 2.150e-01
[21/04/26 08:16:10][src.callback.progress][INFO] - Epoch 211 step 40700/192: loss 1.831e-01
[21/04/26 08:16:13][src.callback.progress][INFO] - Epoch 211: v_recons 2.349e-01  recons 1.609e-01  v_loss 4.140e-01  loss 1.811e-01  v_latent 1.013e+00  latent 6.465e-01  v_kl 5.129e+01  kl 2.566e+01  v_contrastive 1.786e+00  contrastive 1.996e-01  v_t2m/len 1530  v_t2m/R01 18.81%  v_t2m/R02 23.53%  v_t2m/R03 32.02%  v_t2m/R05 40.0%  v_t2m/R10 55.41%  v_t2m/MedR 8.0%  v_m2t/len 1530  v_m2t/R01 22.75%  v_m2t/R02 25.29%  v_m2t/R03 34.18%  v_m2t/R05 41.24%  v_m2t/R10 53.72%  v_m2t/MedR 9.0%
[21/04/26 08:16:27][src.callback.progress][INFO] - Epoch 212 step 40750/192: loss 1.858e-01
[21/04/26 08:16:38][src.callback.progress][INFO] - Epoch 212 step 40800/192: loss 1.689e-01
[21/04/26 08:16:48][src.callback.progress][INFO] - Epoch 212 step 40850/192: loss 1.808e-01
[21/04/26 08:17:00][src.callback.progress][INFO] - Epoch 212: v_recons 2.317e-01  recons 1.604e-01  v_loss 4.100e-01  loss 1.806e-01  v_latent 1.012e+00  latent 6.468e-01  v_kl 5.170e+01  kl 2.581e+01  v_contrastive 1.777e+00  contrastive 1.990e-01  v_t2m/len 1530  v_t2m/R01 18.81%  v_t2m/R02 24.84%  v_t2m/R03 32.61%  v_t2m/R05 40.72%  v_t2m/R10 54.97%  v_t2m/MedR 8.5%  v_m2t/len 1530  v_m2t/R01 21.62%  v_m2t/R02 24.57%  v_m2t/R03 32.68%  v_m2t/R05 42.02%  v_m2t/R10 54.25%  v_m2t/MedR 8.0%
[21/04/26 08:17:06][src.callback.progress][INFO] - Epoch 213 step 40900/192: loss 1.721e-01
[21/04/26 08:17:16][src.callback.progress][INFO] - Epoch 213 step 40950/192: loss 2.052e-01
[21/04/26 08:17:27][src.callback.progress][INFO] - Epoch 213 step 41000/192: loss 1.592e-01
[21/04/26 08:17:37][src.callback.progress][INFO] - Epoch 213 step 41050/192: loss 1.725e-01
[21/04/26 08:17:47][src.callback.progress][INFO] - Epoch 213: v_recons 2.324e-01  recons 1.602e-01  v_loss 4.118e-01  loss 1.801e-01  v_latent 1.013e+00  latent 6.473e-01  v_kl 5.151e+01  kl 2.589e+01  v_contrastive 1.788e+00  contrastive 1.963e-01  v_t2m/len 1530  v_t2m/R01 18.55%  v_t2m/R02 24.18%  v_t2m/R03 33.33%  v_t2m/R05 42.34%  v_t2m/R10 55.61%  v_t2m/MedR 8.0%  v_m2t/len 1530  v_m2t/R01 22.61%  v_m2t/R02 25.69%  v_m2t/R03 34.18%  v_m2t/R05 41.75%  v_m2t/R10 53.59%  v_m2t/MedR 9.0%
[21/04/26 08:17:55][src.callback.progress][INFO] - Epoch 214 step 41100/192: loss 1.687e-01
[21/04/26 08:18:05][src.callback.progress][INFO] - Epoch 214 step 41150/192: loss 1.984e-01
[21/04/26 08:18:16][src.callback.progress][INFO] - Epoch 214 step 41200/192: loss 1.989e-01
[21/04/26 08:18:26][src.callback.progress][INFO] - Epoch 214 step 41250/192: loss 1.608e-01
[21/04/26 08:18:34][src.callback.progress][INFO] - Epoch 214: v_recons 2.331e-01  recons 1.600e-01  v_loss 4.128e-01  loss 1.799e-01  v_latent 1.020e+00  latent 6.459e-01  v_kl 5.172e+01  kl 2.583e+01  v_contrastive 1.791e+00  contrastive 1.967e-01  v_t2m/len 1530  v_t2m/R01 18.76%  v_t2m/R02 24.18%  v_t2m/R03 33.59%  v_t2m/R05 42.54%  v_t2m/R10 55.41%  v_t2m/MedR 8.0%  v_m2t/len 1530  v_m2t/R01 21.76%  v_m2t/R02 24.51%  v_m2t/R03 33.2%  v_m2t/R05 42.02%  v_m2t/R10 53.0%  v_m2t/MedR 9.0%
[21/04/26 08:18:44][src.callback.progress][INFO] - Epoch 215 step 41300/192: loss 2.169e-01
[21/04/26 08:18:54][src.callback.progress][INFO] - Epoch 215 step 41350/192: loss 1.724e-01
[21/04/26 08:19:05][src.callback.progress][INFO] - Epoch 215 step 41400/192: loss 1.659e-01
[21/04/26 08:19:15][src.callback.progress][INFO] - Epoch 215 step 41450/192: loss 1.905e-01
[21/04/26 08:19:22][src.callback.progress][INFO] - Epoch 215: v_recons 2.334e-01  recons 1.598e-01  v_loss 4.096e-01  loss 1.794e-01  v_latent 1.015e+00  latent 6.464e-01  v_kl 5.115e+01  kl 2.585e+01  v_contrastive 1.757e+00  contrastive 1.930e-01  v_t2m/len 1530  v_t2m/R01 18.69%  v_t2m/R02 25.03%  v_t2m/R03 33.65%  v_t2m/R05 42.75%  v_t2m/R10 57.38%  v_t2m/MedR 8.0%  v_m2t/len 1530  v_m2t/R01 22.94%  v_m2t/R02 25.81%  v_m2t/R03 33.91%  v_m2t/R05 42.15%  v_m2t/R10 54.18%  v_m2t/MedR 9.0%
[21/04/26 08:19:33][src.callback.progress][INFO] - Epoch 216 step 41500/192: loss 1.786e-01
[21/04/26 08:19:43][src.callback.progress][INFO] - Epoch 216 step 41550/192: loss 1.745e-01
[21/04/26 08:19:54][src.callback.progress][INFO] - Epoch 216 step 41600/192: loss 2.049e-01
[21/04/26 08:20:04][src.callback.progress][INFO] - Epoch 216 step 41650/192: loss 2.015e-01
[21/04/26 08:20:09][src.callback.progress][INFO] - Epoch 216: v_recons 2.327e-01  recons 1.600e-01  v_loss 4.094e-01  loss 1.795e-01  v_latent 1.016e+00  latent 6.477e-01  v_kl 5.130e+01  kl 2.595e+01  v_contrastive 1.761e+00  contrastive 1.927e-01  v_t2m/len 1530  v_t2m/R01 19.87%  v_t2m/R02 24.44%  v_t2m/R03 33.59%  v_t2m/R05 44.11%  v_t2m/R10 55.29%  v_t2m/MedR 8.0%  v_m2t/len 1530  v_m2t/R01 22.75%  v_m2t/R02 26.2%  v_m2t/R03 33.45%  v_m2t/R05 42.02%  v_m2t/R10 54.84%  v_m2t/MedR 9.0%
[21/04/26 08:20:21][src.callback.progress][INFO] - Epoch 217 step 41700/192: loss 1.750e-01
[21/04/26 08:20:32][src.callback.progress][INFO] - Epoch 217 step 41750/192: loss 1.665e-01
[21/04/26 08:20:42][src.callback.progress][INFO] - Epoch 217 step 41800/192: loss 1.660e-01
[21/04/26 08:20:53][src.callback.progress][INFO] - Epoch 217 step 41850/192: loss 1.659e-01
[21/04/26 08:20:56][src.callback.progress][INFO] - Epoch 217: v_recons 2.318e-01  recons 1.591e-01  v_loss 4.108e-01  loss 1.786e-01  v_latent 1.022e+00  latent 6.465e-01  v_kl 5.218e+01  kl 2.598e+01  v_contrastive 1.785e+00  contrastive 1.928e-01  v_t2m/len 1530  v_t2m/R01 19.28%  v_t2m/R02 24.18%  v_t2m/R03 32.75%  v_t2m/R05 41.24%  v_t2m/R10 54.9%  v_t2m/MedR 8.0%  v_m2t/len 1530  v_m2t/R01 20.85%  v_m2t/R02 24.3%  v_m2t/R03 32.29%  v_m2t/R05 41.56%  v_m2t/R10 52.93%  v_m2t/MedR 9.0%
[21/04/26 08:21:10][src.callback.progress][INFO] - Epoch 218 step 41900/192: loss 1.733e-01
[21/04/26 08:21:21][src.callback.progress][INFO] - Epoch 218 step 41950/192: loss 1.797e-01
[21/04/26 08:21:31][src.callback.progress][INFO] - Epoch 218 step 42000/192: loss 1.762e-01
[21/04/26 08:21:43][src.callback.progress][INFO] - Epoch 218: v_recons 2.311e-01  recons 1.595e-01  v_loss 4.094e-01  loss 1.788e-01  v_latent 1.020e+00  latent 6.483e-01  v_kl 5.205e+01  kl 2.612e+01  v_contrastive 1.777e+00  contrastive 1.897e-01  v_t2m/len 1530  v_t2m/R01 17.78%  v_t2m/R02 23.72%  v_t2m/R03 31.62%  v_t2m/R05 40.45%  v_t2m/R10 55.02%  v_t2m/MedR 9.0%  v_m2t/len 1530  v_m2t/R01 23.59%  v_m2t/R02 26.4%  v_m2t/R03 34.11%  v_m2t/R05 41.18%  v_m2t/R10 52.54%  v_m2t/MedR 9.0%
[21/04/26 08:21:49][src.callback.progress][INFO] - Epoch 219 step 42050/192: loss 1.947e-01
[21/04/26 08:21:59][src.callback.progress][INFO] - Epoch 219 step 42100/192: loss 2.128e-01
[21/04/26 08:22:10][src.callback.progress][INFO] - Epoch 219 step 42150/192: loss 2.043e-01
[21/04/26 08:22:20][src.callback.progress][INFO] - Epoch 219 step 42200/192: loss 1.966e-01
[21/04/26 08:22:31][src.callback.progress][INFO] - Epoch 219: v_recons 2.336e-01  recons 1.592e-01  v_loss 4.153e-01  loss 1.788e-01  v_latent 1.029e+00  latent 6.488e-01  v_kl 5.294e+01  kl 2.627e+01  v_contrastive 1.812e+00  contrastive 1.933e-01  v_t2m/len 1530  v_t2m/R01 18.17%  v_t2m/R02 23.59%  v_t2m/R03 31.04%  v_t2m/R05 42.88%  v_t2m/R10 54.84%  v_t2m/MedR 8.0%  v_m2t/len 1530  v_m2t/R01 22.8%  v_m2t/R02 26.34%  v_m2t/R03 34.9%  v_m2t/R05 42.22%  v_m2t/R10 53.4%  v_m2t/MedR 9.0%
[21/04/26 08:22:38][src.callback.progress][INFO] - Epoch 220 step 42250/192: loss 1.752e-01
[21/04/26 08:22:49][src.callback.progress][INFO] - Epoch 220 step 42300/192: loss 1.898e-01
[21/04/26 08:22:59][src.callback.progress][INFO] - Epoch 220 step 42350/192: loss 1.481e-01
[21/04/26 08:23:09][src.callback.progress][INFO] - Epoch 220 step 42400/192: loss 1.728e-01
[21/04/26 08:23:18][src.callback.progress][INFO] - Epoch 220: v_recons 2.322e-01  recons 1.591e-01  v_loss 4.114e-01  loss 1.785e-01  v_latent 1.026e+00  latent 6.508e-01  v_kl 5.301e+01  kl 2.634e+01  v_contrastive 1.787e+00  contrastive 1.915e-01  v_t2m/len 1530  v_t2m/R01 18.95%  v_t2m/R02 23.98%  v_t2m/R03 32.88%  v_t2m/R05 41.63%  v_t2m/R10 55.49%  v_t2m/MedR 8.0%  v_m2t/len 1530  v_m2t/R01 23.92%  v_m2t/R02 27.38%  v_m2t/R03 34.9%  v_m2t/R05 42.61%  v_m2t/R10 52.75%  v_m2t/MedR 9.0%
[21/04/26 08:23:27][src.callback.progress][INFO] - Epoch 221 step 42450/192: loss 1.647e-01
[21/04/26 08:23:38][src.callback.progress][INFO] - Epoch 221 step 42500/192: loss 2.144e-01
[21/04/26 08:23:48][src.callback.progress][INFO] - Epoch 221 step 42550/192: loss 1.867e-01
[21/04/26 08:23:59][src.callback.progress][INFO] - Epoch 221 step 42600/192: loss 1.972e-01
[21/04/26 08:24:06][src.callback.progress][INFO] - Epoch 221: v_recons 2.323e-01  recons 1.583e-01  v_loss 4.110e-01  loss 1.775e-01  v_latent 1.019e+00  latent 6.479e-01  v_kl 5.217e+01  kl 2.627e+01  v_contrastive 1.781e+00  contrastive 1.892e-01  v_t2m/len 1530  v_t2m/R01 19.21%  v_t2m/R02 24.84%  v_t2m/R03 32.75%  v_t2m/R05 43.27%  v_t2m/R10 56.47%  v_t2m/MedR 8.0%  v_m2t/len 1530  v_m2t/R01 22.75%  v_m2t/R02 26.46%  v_m2t/R03 35.68%  v_m2t/R05 42.09%  v_m2t/R10 53.2%  v_m2t/MedR 9.0%
[21/04/26 08:24:16][src.callback.progress][INFO] - Epoch 222 step 42650/192: loss 1.647e-01
[21/04/26 08:24:27][src.callback.progress][INFO] - Epoch 222 step 42700/192: loss 1.693e-01
[21/04/26 08:24:37][src.callback.progress][INFO] - Epoch 222 step 42750/192: loss 1.754e-01
[21/04/26 08:24:48][src.callback.progress][INFO] - Epoch 222 step 42800/192: loss 1.746e-01
[21/04/26 08:24:53][src.callback.progress][INFO] - Epoch 222: v_recons 2.341e-01  recons 1.582e-01  v_loss 4.135e-01  loss 1.769e-01  v_latent 1.031e+00  latent 6.457e-01  v_kl 5.316e+01  kl 2.620e+01  v_contrastive 1.789e+00  contrastive 1.846e-01  v_t2m/len 1530  v_t2m/R01 17.57%  v_t2m/R02 23.92%  v_t2m/R03 32.81%  v_t2m/R05 42.02%  v_t2m/R10 54.97%  v_t2m/MedR 9.0%  v_m2t/len 1530  v_m2t/R01 23.01%  v_m2t/R02 25.81%  v_m2t/R03 34.18%  v_m2t/R05 41.63%  v_m2t/R10 51.95%  v_m2t/MedR 9.0%
[21/04/26 08:25:06][src.callback.progress][INFO] - Epoch 223 step 42850/192: loss 1.702e-01
[21/04/26 08:25:16][src.callback.progress][INFO] - Epoch 223 step 42900/192: loss 1.830e-01
[21/04/26 08:25:27][src.callback.progress][INFO] - Epoch 223 step 42950/192: loss 1.761e-01
[21/04/26 08:25:37][src.callback.progress][INFO] - Epoch 223 step 43000/192: loss 2.164e-01
[21/04/26 08:25:41][src.callback.progress][INFO] - Epoch 223: v_recons 2.342e-01  recons 1.578e-01  v_loss 4.131e-01  loss 1.770e-01  v_latent 1.033e+00  latent 6.483e-01  v_kl 5.307e+01  kl 2.637e+01  v_contrastive 1.783e+00  contrastive 1.885e-01  v_t2m/len 1530  v_t2m/R01 18.29%  v_t2m/R02 23.86%  v_t2m/R03 33.27%  v_t2m/R05 42.41%  v_t2m/R10 54.97%  v_t2m/MedR 8.0%  v_m2t/len 1530  v_m2t/R01 22.29%  v_m2t/R02 25.29%  v_m2t/R03 32.88%  v_m2t/R05 42.15%  v_m2t/R10 54.04%  v_m2t/MedR 9.0%
[21/04/26 08:25:55][src.callback.progress][INFO] - Epoch 224 step 43050/192: loss 1.606e-01
[21/04/26 08:26:06][src.callback.progress][INFO] - Epoch 224 step 43100/192: loss 1.812e-01
[21/04/26 08:26:17][src.callback.progress][INFO] - Epoch 224 step 43150/192: loss 1.771e-01
[21/04/26 08:26:27][src.callback.progress][INFO] - Epoch 224 step 43200/192: loss 1.568e-01
[21/04/26 08:26:29][src.callback.progress][INFO] - Epoch 224: v_recons 2.327e-01  recons 1.582e-01  v_loss 4.103e-01  loss 1.772e-01  v_latent 1.034e+00  latent 6.489e-01  v_kl 5.350e+01  kl 2.652e+01  v_contrastive 1.770e+00  contrastive 1.873e-01  v_t2m/len 1530  v_t2m/R01 18.43%  v_t2m/R02 23.65%  v_t2m/R03 32.15%  v_t2m/R05 41.56%  v_t2m/R10 54.9%  v_t2m/MedR 8.0%  v_m2t/len 1530  v_m2t/R01 21.89%  v_m2t/R02 25.03%  v_m2t/R03 34.25%  v_m2t/R05 41.83%  v_m2t/R10 52.88%  v_m2t/MedR 9.0%
[21/04/26 08:26:44][src.callback.progress][INFO] - Epoch 225 step 43250/192: loss 1.749e-01
[21/04/26 08:26:55][src.callback.progress][INFO] - Epoch 225 step 43300/192: loss 1.737e-01
[21/04/26 08:27:06][src.callback.progress][INFO] - Epoch 225 step 43350/192: loss 1.733e-01
[21/04/26 08:27:16][src.callback.progress][INFO] - Epoch 225: v_recons 2.354e-01  recons 1.589e-01  v_loss 4.124e-01  loss 1.785e-01  v_latent 1.032e+00  latent 6.548e-01  v_kl 5.332e+01  kl 2.684e+01  v_contrastive 1.765e+00  contrastive 1.935e-01  v_t2m/len 1530  v_t2m/R01 18.1%  v_t2m/R02 23.59%  v_t2m/R03 31.56%  v_t2m/R05 41.63%  v_t2m/R10 55.29%  v_t2m/MedR 8.0%  v_m2t/len 1530  v_m2t/R01 22.68%  v_m2t/R02 25.69%  v_m2t/R03 33.79%  v_m2t/R05 41.63%  v_m2t/R10 53.79%  v_m2t/MedR 9.0%
[21/04/26 08:27:23][src.callback.progress][INFO] - Epoch 226 step 43400/192: loss 1.707e-01
[21/04/26 08:27:34][src.callback.progress][INFO] - Epoch 226 step 43450/192: loss 1.783e-01
[21/04/26 08:27:44][src.callback.progress][INFO] - Epoch 226 step 43500/192: loss 1.613e-01
[21/04/26 08:27:55][src.callback.progress][INFO] - Epoch 226 step 43550/192: loss 1.893e-01
[21/04/26 08:28:03][src.callback.progress][INFO] - Epoch 226: v_recons 2.329e-01  recons 1.590e-01  v_loss 4.108e-01  loss 1.783e-01  v_latent 1.039e+00  latent 6.557e-01  v_kl 5.394e+01  kl 2.677e+01  v_contrastive 1.773e+00  contrastive 1.910e-01  v_t2m/len 1530  v_t2m/R01 17.12%  v_t2m/R02 22.94%  v_t2m/R03 31.89%  v_t2m/R05 41.24%  v_t2m/R10 55.09%  v_t2m/MedR 8.0%  v_m2t/len 1530  v_m2t/R01 22.35%  v_m2t/R02 25.95%  v_m2t/R03 34.04%  v_m2t/R05 41.63%  v_m2t/R10 52.41%  v_m2t/MedR 9.0%
[21/04/26 08:28:12][src.callback.progress][INFO] - Epoch 227 step 43600/192: loss 1.643e-01
[21/04/26 08:28:23][src.callback.progress][INFO] - Epoch 227 step 43650/192: loss 2.068e-01
[21/04/26 08:28:33][src.callback.progress][INFO] - Epoch 227 step 43700/192: loss 1.729e-01
[21/04/26 08:28:44][src.callback.progress][INFO] - Epoch 227 step 43750/192: loss 2.046e-01
[21/04/26 08:28:51][src.callback.progress][INFO] - Epoch 227: v_recons 2.338e-01  recons 1.578e-01  v_loss 4.114e-01  loss 1.769e-01  v_latent 1.038e+00  latent 6.519e-01  v_kl 5.377e+01  kl 2.676e+01  v_contrastive 1.771e+00  contrastive 1.880e-01  v_t2m/len 1530  v_t2m/R01 19.21%  v_t2m/R02 24.12%  v_t2m/R03 33.06%  v_t2m/R05 41.75%  v_t2m/R10 55.41%  v_t2m/MedR 8.0%  v_m2t/len 1530  v_m2t/R01 22.68%  v_m2t/R02 26.07%  v_m2t/R03 34.25%  v_m2t/R05 41.95%  v_m2t/R10 54.38%  v_m2t/MedR 9.0%
[21/04/26 08:29:01][src.callback.progress][INFO] - Epoch 228 step 43800/192: loss 1.912e-01
[21/04/26 08:29:12][src.callback.progress][INFO] - Epoch 228 step 43850/192: loss 1.873e-01
[21/04/26 08:29:22][src.callback.progress][INFO] - Epoch 228 step 43900/192: loss 1.658e-01
[21/04/26 08:29:33][src.callback.progress][INFO] - Epoch 228 step 43950/192: loss 1.609e-01
[21/04/26 08:29:38][src.callback.progress][INFO] - Epoch 228: v_recons 2.336e-01  recons 1.568e-01  v_loss 4.110e-01  loss 1.756e-01  v_latent 1.036e+00  latent 6.488e-01  v_kl 5.375e+01  kl 2.667e+01  v_contrastive 1.769e+00  contrastive 1.847e-01  v_t2m/len 1530  v_t2m/R01 19.79%  v_t2m/R02 23.92%  v_t2m/R03 32.54%  v_t2m/R05 42.09%  v_t2m/R10 55.36%  v_t2m/MedR 8.0%  v_m2t/len 1530  v_m2t/R01 22.35%  v_m2t/R02 25.75%  v_m2t/R03 33.06%  v_m2t/R05 41.24%  v_m2t/R10 52.34%  v_m2t/MedR 9.0%
[21/04/26 08:29:50][src.callback.progress][INFO] - Epoch 229 step 44000/192: loss 1.764e-01
[21/04/26 08:30:01][src.callback.progress][INFO] - Epoch 229 step 44050/192: loss 1.666e-01
[21/04/26 08:30:11][src.callback.progress][INFO] - Epoch 229 step 44100/192: loss 1.841e-01
[21/04/26 08:30:22][src.callback.progress][INFO] - Epoch 229 step 44150/192: loss 1.726e-01
[21/04/26 08:30:26][src.callback.progress][INFO] - Epoch 229: v_recons 2.324e-01  recons 1.567e-01  v_loss 4.093e-01  loss 1.750e-01  v_latent 1.039e+00  latent 6.489e-01  v_kl 5.390e+01  kl 2.673e+01  v_contrastive 1.764e+00  contrastive 1.800e-01  v_t2m/len 1530  v_t2m/R01 18.76%  v_t2m/R02 24.44%  v_t2m/R03 32.93%  v_t2m/R05 41.83%  v_t2m/R10 55.22%  v_t2m/MedR 8.0%  v_m2t/len 1530  v_m2t/R01 21.95%  v_m2t/R02 25.75%  v_m2t/R03 34.43%  v_m2t/R05 42.15%  v_m2t/R10 52.22%  v_m2t/MedR 9.0%
[21/04/26 08:30:39][src.callback.progress][INFO] - Epoch 230 step 44200/192: loss 1.682e-01
[21/04/26 08:30:50][src.callback.progress][INFO] - Epoch 230 step 44250/192: loss 1.716e-01
[21/04/26 08:31:00][src.callback.progress][INFO] - Epoch 230 step 44300/192: loss 1.563e-01
[21/04/26 08:31:11][src.callback.progress][INFO] - Epoch 230 step 44350/192: loss 1.775e-01
[21/04/26 08:31:13][src.callback.progress][INFO] - Epoch 230: v_recons 2.339e-01  recons 1.568e-01  v_loss 4.117e-01  loss 1.754e-01  v_latent 1.038e+00  latent 6.513e-01  v_kl 5.405e+01  kl 2.687e+01  v_contrastive 1.772e+00  contrastive 1.836e-01  v_t2m/len 1530  v_t2m/R01 17.96%  v_t2m/R02 22.87%  v_t2m/R03 31.62%  v_t2m/R05 41.36%  v_t2m/R10 55.75%  v_t2m/MedR 8.0%  v_m2t/len 1530  v_m2t/R01 21.7%  v_m2t/R02 25.42%  v_m2t/R03 33.65%  v_m2t/R05 41.43%  v_m2t/R10 52.29%  v_m2t/MedR 9.0%
[21/04/26 08:31:28][src.callback.progress][INFO] - Epoch 231 step 44400/192: loss 1.901e-01
[21/04/26 08:31:39][src.callback.progress][INFO] - Epoch 231 step 44450/192: loss 1.812e-01
[21/04/26 08:31:49][src.callback.progress][INFO] - Epoch 231 step 44500/192: loss 1.804e-01
[21/04/26 08:32:01][src.callback.progress][INFO] - Epoch 231: v_recons 2.311e-01  recons 1.570e-01  v_loss 4.100e-01  loss 1.756e-01  v_latent 1.040e+00  latent 6.501e-01  v_kl 5.409e+01  kl 2.691e+01  v_contrastive 1.784e+00  contrastive 1.836e-01  v_t2m/len 1530  v_t2m/R01 18.76%  v_t2m/R02 24.37%  v_t2m/R03 32.75%  v_t2m/R05 40.91%  v_t2m/R10 54.43%  v_t2m/MedR 9.0%  v_m2t/len 1530  v_m2t/R01 22.35%  v_m2t/R02 25.42%  v_m2t/R03 33.72%  v_m2t/R05 42.54%  v_m2t/R10 53.86%  v_m2t/MedR 9.0%
[21/04/26 08:32:07][src.callback.progress][INFO] - Epoch 232 step 44550/192: loss 1.499e-01
[21/04/26 08:32:18][src.callback.progress][INFO] - Epoch 232 step 44600/192: loss 1.704e-01
[21/04/26 08:32:28][src.callback.progress][INFO] - Epoch 232 step 44650/192: loss 1.769e-01
[21/04/26 08:32:39][src.callback.progress][INFO] - Epoch 232 step 44700/192: loss 1.626e-01
[21/04/26 08:32:48][src.callback.progress][INFO] - Epoch 232: v_recons 2.333e-01  recons 1.566e-01  v_loss 4.139e-01  loss 1.751e-01  v_latent 1.051e+00  latent 6.500e-01  v_kl 5.502e+01  kl 2.685e+01  v_contrastive 1.801e+00  contrastive 1.823e-01  v_t2m/len 1530  v_t2m/R01 19.14%  v_t2m/R02 23.79%  v_t2m/R03 31.82%  v_t2m/R05 39.79%  v_t2m/R10 54.43%  v_t2m/MedR 9.0%  v_m2t/len 1530  v_m2t/R01 22.61%  v_m2t/R02 25.15%  v_m2t/R03 33.91%  v_m2t/R05 41.24%  v_m2t/R10 53.2%  v_m2t/MedR 9.0%
[21/04/26 08:32:57][src.callback.progress][INFO] - Epoch 233 step 44750/192: loss 1.692e-01
[21/04/26 08:33:07][src.callback.progress][INFO] - Epoch 233 step 44800/192: loss 1.798e-01
[21/04/26 08:33:18][src.callback.progress][INFO] - Epoch 233 step 44850/192: loss 1.749e-01
[21/04/26 08:33:28][src.callback.progress][INFO] - Epoch 233 step 44900/192: loss 1.639e-01
[21/04/26 08:33:36][src.callback.progress][INFO] - Epoch 233: v_recons 2.328e-01  recons 1.564e-01  v_loss 4.122e-01  loss 1.749e-01  v_latent 1.045e+00  latent 6.522e-01  v_kl 5.415e+01  kl 2.701e+01  v_contrastive 1.789e+00  contrastive 1.824e-01  v_t2m/len 1530  v_t2m/R01 20.0%  v_t2m/R02 24.57%  v_t2m/R03 32.54%  v_t2m/R05 42.02%  v_t2m/R10 56.4%  v_t2m/MedR 8.0%  v_m2t/len 1530  v_m2t/R01 21.56%  v_m2t/R02 25.1%  v_m2t/R03 32.54%  v_m2t/R05 41.36%  v_m2t/R10 53.91%  v_m2t/MedR 9.0%
[21/04/26 08:33:46][src.callback.progress][INFO] - Epoch 234 step 44950/192: loss 1.761e-01
[21/04/26 08:33:57][src.callback.progress][INFO] - Epoch 234 step 45000/192: loss 1.658e-01
[21/04/26 08:34:07][src.callback.progress][INFO] - Epoch 234 step 45050/192: loss 1.986e-01
[21/04/26 08:34:18][src.callback.progress][INFO] - Epoch 234 step 45100/192: loss 1.668e-01
[21/04/26 08:34:24][src.callback.progress][INFO] - Epoch 234: v_recons 2.339e-01  recons 1.563e-01  v_loss 4.135e-01  loss 1.744e-01  v_latent 1.048e+00  latent 6.508e-01  v_kl 5.479e+01  kl 2.696e+01  v_contrastive 1.790e+00  contrastive 1.783e-01  v_t2m/len 1530  v_t2m/R01 19.54%  v_t2m/R02 25.29%  v_t2m/R03 32.88%  v_t2m/R05 41.5%  v_t2m/R10 55.68%  v_t2m/MedR 8.0%  v_m2t/len 1530  v_m2t/R01 21.62%  v_m2t/R02 24.84%  v_m2t/R03 32.54%  v_m2t/R05 40.77%  v_m2t/R10 53.65%  v_m2t/MedR 9.0%
[21/04/26 08:34:35][src.callback.progress][INFO] - Epoch 235 step 45150/192: loss 1.727e-01
[21/04/26 08:34:46][src.callback.progress][INFO] - Epoch 235 step 45200/192: loss 1.632e-01
[21/04/26 08:34:57][src.callback.progress][INFO] - Epoch 235 step 45250/192: loss 1.698e-01
[21/04/26 08:35:07][src.callback.progress][INFO] - Epoch 235 step 45300/192: loss 1.802e-01
[21/04/26 08:35:11][src.callback.progress][INFO] - Epoch 235: v_recons 2.341e-01  recons 1.559e-01  v_loss 4.120e-01  loss 1.739e-01  v_latent 1.051e+00  latent 6.491e-01  v_kl 5.479e+01  kl 2.691e+01  v_contrastive 1.774e+00  contrastive 1.769e-01  v_t2m/len 1530  v_t2m/R01 17.96%  v_t2m/R02 23.98%  v_t2m/R03 33.4%  v_t2m/R05 43.2%  v_t2m/R10 55.22%  v_t2m/MedR 8.0%  v_m2t/len 1530  v_m2t/R01 21.95%  v_m2t/R02 25.29%  v_m2t/R03 33.86%  v_m2t/R05 43.13%  v_m2t/R10 54.18%  v_m2t/MedR 9.0%
[21/04/26 08:35:25][src.callback.progress][INFO] - Epoch 236 step 45350/192: loss 1.771e-01
[21/04/26 08:35:35][src.callback.progress][INFO] - Epoch 236 step 45400/192: loss 1.671e-01
[21/04/26 08:35:46][src.callback.progress][INFO] - Epoch 236 step 45450/192: loss 1.548e-01
[21/04/26 08:35:56][src.callback.progress][INFO] - Epoch 236 step 45500/192: loss 1.893e-01
[21/04/26 08:35:59][src.callback.progress][INFO] - Epoch 236: v_recons 2.316e-01  recons 1.557e-01  v_loss 4.077e-01  loss 1.738e-01  v_latent 1.044e+00  latent 6.516e-01  v_kl 5.472e+01  kl 2.714e+01  v_contrastive 1.756e+00  contrastive 1.785e-01  v_t2m/len 1530  v_t2m/R01 19.28%  v_t2m/R02 24.63%  v_t2m/R03 32.75%  v_t2m/R05 41.75%  v_t2m/R10 55.56%  v_t2m/MedR 8.0%  v_m2t/len 1530  v_m2t/R01 22.42%  v_m2t/R02 25.55%  v_m2t/R03 33.99%  v_m2t/R05 43.33%  v_m2t/R10 53.79%  v_m2t/MedR 9.0%
[21/04/26 08:36:14][src.callback.progress][INFO] - Epoch 237 step 45550/192: loss 1.818e-01
[21/04/26 08:36:25][src.callback.progress][INFO] - Epoch 237 step 45600/192: loss 1.334e-01
[21/04/26 08:36:35][src.callback.progress][INFO] - Epoch 237 step 45650/192: loss 1.873e-01
[21/04/26 08:36:47][src.callback.progress][INFO] - Epoch 237: v_recons 2.320e-01  recons 1.557e-01  v_loss 4.108e-01  loss 1.737e-01  v_latent 1.057e+00  latent 6.528e-01  v_kl 5.598e+01  kl 2.738e+01  v_contrastive 1.782e+00  contrastive 1.771e-01  v_t2m/len 1530  v_t2m/R01 18.17%  v_t2m/R02 24.04%  v_t2m/R03 31.62%  v_t2m/R05 41.43%  v_t2m/R10 55.41%  v_t2m/MedR 9.0%  v_m2t/len 1530  v_m2t/R01 21.04%  v_m2t/R02 25.1%  v_m2t/R03 32.29%  v_m2t/R05 40.45%  v_m2t/R10 52.34%  v_m2t/MedR 9.0%
[21/04/26 08:36:53][src.callback.progress][INFO] - Epoch 238 step 45700/192: loss 1.356e-01
[21/04/26 08:37:04][src.callback.progress][INFO] - Epoch 238 step 45750/192: loss 1.684e-01
[21/04/26 08:37:14][src.callback.progress][INFO] - Epoch 238 step 45800/192: loss 2.095e-01
[21/04/26 08:37:25][src.callback.progress][INFO] - Epoch 238 step 45850/192: loss 1.644e-01
[21/04/26 08:37:34][src.callback.progress][INFO] - Epoch 238: v_recons 2.318e-01  recons 1.550e-01  v_loss 4.108e-01  loss 1.728e-01  v_latent 1.051e+00  latent 6.504e-01  v_kl 5.505e+01  kl 2.709e+01  v_contrastive 1.784e+00  contrastive 1.751e-01  v_t2m/len 1530  v_t2m/R01 18.76%  v_t2m/R02 23.79%  v_t2m/R03 32.29%  v_t2m/R05 41.9%  v_t2m/R10 55.88%  v_t2m/MedR 8.0%  v_m2t/len 1530  v_m2t/R01 21.89%  v_m2t/R02 25.69%  v_m2t/R03 33.59%  v_m2t/R05 41.5%  v_m2t/R10 52.88%  v_m2t/MedR 9.0%
[21/04/26 08:37:42][src.callback.progress][INFO] - Epoch 239 step 45900/192: loss 1.844e-01
[21/04/26 08:37:53][src.callback.progress][INFO] - Epoch 239 step 45950/192: loss 1.738e-01
[21/04/26 08:38:03][src.callback.progress][INFO] - Epoch 239 step 46000/192: loss 2.056e-01
[21/04/26 08:38:13][src.callback.progress][INFO] - Epoch 239 step 46050/192: loss 1.982e-01
[21/04/26 08:38:21][src.callback.progress][INFO] - Epoch 239: v_recons 2.329e-01  recons 1.555e-01  v_loss 4.125e-01  loss 1.738e-01  v_latent 1.055e+00  latent 6.581e-01  v_kl 5.563e+01  kl 2.769e+01  v_contrastive 1.791e+00  contrastive 1.800e-01  v_t2m/len 1530  v_t2m/R01 18.1%  v_t2m/R02 23.92%  v_t2m/R03 32.68%  v_t2m/R05 42.93%  v_t2m/R10 55.81%  v_t2m/MedR 8.0%  v_m2t/len 1530  v_m2t/R01 21.56%  v_m2t/R02 24.96%  v_m2t/R03 34.18%  v_m2t/R05 41.63%  v_m2t/R10 53.06%  v_m2t/MedR 9.0%
[21/04/26 08:38:31][src.callback.progress][INFO] - Epoch 240 step 46100/192: loss 1.503e-01
[21/04/26 08:38:41][src.callback.progress][INFO] - Epoch 240 step 46150/192: loss 1.737e-01
[21/04/26 08:38:52][src.callback.progress][INFO] - Epoch 240 step 46200/192: loss 1.831e-01
[21/04/26 08:39:02][src.callback.progress][INFO] - Epoch 240 step 46250/192: loss 1.777e-01
[21/04/26 08:39:09][src.callback.progress][INFO] - Epoch 240: v_recons 2.322e-01  recons 1.554e-01  v_loss 4.102e-01  loss 1.732e-01  v_latent 1.057e+00  latent 6.532e-01  v_kl 5.575e+01  kl 2.732e+01  v_contrastive 1.774e+00  contrastive 1.755e-01  v_t2m/len 1530  v_t2m/R01 18.1%  v_t2m/R02 23.65%  v_t2m/R03 32.29%  v_t2m/R05 42.54%  v_t2m/R10 55.49%  v_t2m/MedR 8.0%  v_m2t/len 1530  v_m2t/R01 22.75%  v_m2t/R02 26.2%  v_m2t/R03 32.81%  v_m2t/R05 41.31%  v_m2t/R10 53.91%  v_m2t/MedR 9.0%
[21/04/26 08:39:20][src.callback.progress][INFO] - Epoch 241 step 46300/192: loss 1.526e-01
[21/04/26 08:39:30][src.callback.progress][INFO] - Epoch 241 step 46350/192: loss 1.843e-01
[21/04/26 08:39:41][src.callback.progress][INFO] - Epoch 241 step 46400/192: loss 1.840e-01
[21/04/26 08:39:51][src.callback.progress][INFO] - Epoch 241 step 46450/192: loss 1.966e-01
[21/04/26 08:39:56][src.callback.progress][INFO] - Epoch 241: v_recons 2.329e-01  recons 1.548e-01  v_loss 4.101e-01  loss 1.726e-01  v_latent 1.054e+00  latent 6.518e-01  v_kl 5.554e+01  kl 2.730e+01  v_contrastive 1.766e+00  contrastive 1.751e-01  v_t2m/len 1530  v_t2m/R01 20.26%  v_t2m/R02 24.25%  v_t2m/R03 31.82%  v_t2m/R05 41.5%  v_t2m/R10 56.93%  v_t2m/MedR 8.0%  v_m2t/len 1530  v_m2t/R01 22.54%  v_m2t/R02 26.2%  v_m2t/R03 34.84%  v_m2t/R05 42.34%  v_m2t/R10 52.93%  v_m2t/MedR 9.0%
[21/04/26 08:40:09][src.callback.progress][INFO] - Epoch 242 step 46500/192: loss 1.642e-01
[21/04/26 08:40:19][src.callback.progress][INFO] - Epoch 242 step 46550/192: loss 1.687e-01
[21/04/26 08:40:29][src.callback.progress][INFO] - Epoch 242 step 46600/192: loss 1.555e-01
[21/04/26 08:40:40][src.callback.progress][INFO] - Epoch 242 step 46650/192: loss 1.570e-01
[21/04/26 08:40:43][src.callback.progress][INFO] - Epoch 242: v_recons 2.329e-01  recons 1.543e-01  v_loss 4.119e-01  loss 1.718e-01  v_latent 1.068e+00  latent 6.536e-01  v_kl 5.710e+01  kl 2.744e+01  v_contrastive 1.784e+00  contrastive 1.719e-01  v_t2m/len 1530  v_t2m/R01 17.96%  v_t2m/R02 23.72%  v_t2m/R03 33.72%  v_t2m/R05 41.63%  v_t2m/R10 55.49%  v_t2m/MedR 9.0%  v_m2t/len 1530  v_m2t/R01 21.56%  v_m2t/R02 25.62%  v_m2t/R03 33.65%  v_m2t/R05 41.63%  v_m2t/R10 54.11%  v_m2t/MedR 9.0%
[21/04/26 08:40:57][src.callback.progress][INFO] - Epoch 243 step 46700/192: loss 1.846e-01
[21/04/26 08:41:08][src.callback.progress][INFO] - Epoch 243 step 46750/192: loss 1.566e-01
[21/04/26 08:41:18][src.callback.progress][INFO] - Epoch 243 step 46800/192: loss 1.889e-01
[21/04/26 08:41:31][src.callback.progress][INFO] - Epoch 243: v_recons 2.330e-01  recons 1.540e-01  v_loss 4.124e-01  loss 1.715e-01  v_latent 1.064e+00  latent 6.535e-01  v_kl 5.695e+01  kl 2.756e+01  v_contrastive 1.788e+00  contrastive 1.722e-01  v_t2m/len 1530  v_t2m/R01 18.37%  v_t2m/R02 23.86%  v_t2m/R03 31.3%  v_t2m/R05 40.52%  v_t2m/R10 54.9%  v_t2m/MedR 8.0%  v_m2t/len 1530  v_m2t/R01 22.42%  v_m2t/R02 25.42%  v_m2t/R03 33.45%  v_m2t/R05 40.33%  v_m2t/R10 52.75%  v_m2t/MedR 9.0%
[21/04/26 08:41:37][src.callback.progress][INFO] - Epoch 244 step 46850/192: loss 1.656e-01
[21/04/26 08:41:47][src.callback.progress][INFO] - Epoch 244 step 46900/192: loss 1.531e-01
[21/04/26 08:41:58][src.callback.progress][INFO] - Epoch 244 step 46950/192: loss 1.723e-01
[21/04/26 08:42:08][src.callback.progress][INFO] - Epoch 244 step 47000/192: loss 1.886e-01
[21/04/26 08:42:19][src.callback.progress][INFO] - Epoch 244: v_recons 2.317e-01  recons 1.544e-01  v_loss 4.094e-01  loss 1.722e-01  v_latent 1.062e+00  latent 6.543e-01  v_kl 5.673e+01  kl 2.755e+01  v_contrastive 1.771e+00  contrastive 1.753e-01  v_t2m/len 1530  v_t2m/R01 18.55%  v_t2m/R02 23.13%  v_t2m/R03 32.29%  v_t2m/R05 42.41%  v_t2m/R10 55.68%  v_t2m/MedR 8.0%  v_m2t/len 1530  v_m2t/R01 22.61%  v_m2t/R02 26.54%  v_m2t/R03 32.61%  v_m2t/R05 40.84%  v_m2t/R10 53.27%  v_m2t/MedR 9.0%
[21/04/26 08:42:26][src.callback.progress][INFO] - Epoch 245 step 47050/192: loss 1.622e-01
[21/04/26 08:42:37][src.callback.progress][INFO] - Epoch 245 step 47100/192: loss 1.562e-01
[21/04/26 08:42:47][src.callback.progress][INFO] - Epoch 245 step 47150/192: loss 1.767e-01
[21/04/26 08:42:58][src.callback.progress][INFO] - Epoch 245 step 47200/192: loss 1.942e-01
[21/04/26 08:43:06][src.callback.progress][INFO] - Epoch 245: v_recons 2.328e-01  recons 1.541e-01  v_loss 4.097e-01  loss 1.719e-01  v_latent 1.062e+00  latent 6.562e-01  v_kl 5.701e+01  kl 2.774e+01  v_contrastive 1.763e+00  contrastive 1.749e-01  v_t2m/len 1530  v_t2m/R01 19.73%  v_t2m/R02 24.37%  v_t2m/R03 31.76%  v_t2m/R05 41.43%  v_t2m/R10 54.31%  v_t2m/MedR 9.0%  v_m2t/len 1530  v_m2t/R01 21.3%  v_m2t/R02 26.4%  v_m2t/R03 33.45%  v_m2t/R05 42.29%  v_m2t/R10 52.54%  v_m2t/MedR 9.0%
[21/04/26 08:43:15][src.callback.progress][INFO] - Epoch 246 step 47250/192: loss 1.556e-01
[21/04/26 08:43:26][src.callback.progress][INFO] - Epoch 246 step 47300/192: loss 1.537e-01
[21/04/26 08:43:36][src.callback.progress][INFO] - Epoch 246 step 47350/192: loss 1.589e-01
[21/04/26 08:43:47][src.callback.progress][INFO] - Epoch 246 step 47400/192: loss 1.425e-01
[21/04/26 08:43:54][src.callback.progress][INFO] - Epoch 246: v_recons 2.343e-01  recons 1.539e-01  v_loss 4.120e-01  loss 1.712e-01  v_latent 1.068e+00  latent 6.540e-01  v_kl 5.741e+01  kl 2.777e+01  v_contrastive 1.771e+00  contrastive 1.701e-01  v_t2m/len 1530  v_t2m/R01 18.88%  v_t2m/R02 23.65%  v_t2m/R03 32.88%  v_t2m/R05 41.56%  v_t2m/R10 55.49%  v_t2m/MedR 8.0%  v_m2t/len 1530  v_m2t/R01 22.29%  v_m2t/R02 26.2%  v_m2t/R03 34.11%  v_m2t/R05 41.5%  v_m2t/R10 54.31%  v_m2t/MedR 9.0%
[21/04/26 08:44:04][src.callback.progress][INFO] - Epoch 247 step 47450/192: loss 1.535e-01
[21/04/26 08:44:15][src.callback.progress][INFO] - Epoch 247 step 47500/192: loss 1.776e-01
[21/04/26 08:44:26][src.callback.progress][INFO] - Epoch 247 step 47550/192: loss 1.410e-01
[21/04/26 08:44:36][src.callback.progress][INFO] - Epoch 247 step 47600/192: loss 1.578e-01
[21/04/26 08:44:41][src.callback.progress][INFO] - Epoch 247: v_recons 2.344e-01  recons 1.543e-01  v_loss 4.153e-01  loss 1.717e-01  v_latent 1.073e+00  latent 6.573e-01  v_kl 5.752e+01  kl 2.788e+01  v_contrastive 1.803e+00  contrastive 1.715e-01  v_t2m/len 1530  v_t2m/R01 19.14%  v_t2m/R02 23.53%  v_t2m/R03 31.7%  v_t2m/R05 41.7%  v_t2m/R10 55.81%  v_t2m/MedR 8.0%  v_m2t/len 1530  v_m2t/R01 21.95%  v_m2t/R02 25.36%  v_m2t/R03 33.79%  v_m2t/R05 42.02%  v_m2t/R10 54.11%  v_m2t/MedR 9.0%
[21/04/26 08:44:53][src.callback.progress][INFO] - Epoch 248 step 47650/192: loss 1.712e-01
[21/04/26 08:45:04][src.callback.progress][INFO] - Epoch 248 step 47700/192: loss 1.763e-01
[21/04/26 08:45:14][src.callback.progress][INFO] - Epoch 248 step 47750/192: loss 1.689e-01
[21/04/26 08:45:25][src.callback.progress][INFO] - Epoch 248 step 47800/192: loss 1.589e-01
[21/04/26 08:45:28][src.callback.progress][INFO] - Epoch 248: v_recons 2.331e-01  recons 1.538e-01  v_loss 4.137e-01  loss 1.714e-01  v_latent 1.073e+00  latent 6.569e-01  v_kl 5.770e+01  kl 2.783e+01  v_contrastive 1.799e+00  contrastive 1.727e-01  v_t2m/len 1530  v_t2m/R01 18.5%  v_t2m/R02 24.3%  v_t2m/R03 33.4%  v_t2m/R05 41.56%  v_t2m/R10 55.02%  v_t2m/MedR 8.0%  v_m2t/len 1530  v_m2t/R01 23.13%  v_m2t/R02 26.01%  v_m2t/R03 35.02%  v_m2t/R05 42.22%  v_m2t/R10 54.31%  v_m2t/MedR 9.0%
[21/04/26 08:45:43][src.callback.progress][INFO] - Epoch 249 step 47850/192: loss 1.684e-01
[21/04/26 08:45:53][src.callback.progress][INFO] - Epoch 249 step 47900/192: loss 1.791e-01
[21/04/26 08:46:04][src.callback.progress][INFO] - Epoch 249 step 47950/192: loss 1.618e-01
[21/04/26 08:46:14][src.callback.progress][INFO] - Epoch 249 step 48000/192: loss 1.692e-01
[21/04/26 08:46:16][src.callback.progress][INFO] - Epoch 249: v_recons 2.341e-01  recons 1.541e-01  v_loss 4.146e-01  loss 1.719e-01  v_latent 1.074e+00  latent 6.571e-01  v_kl 5.782e+01  kl 2.797e+01  v_contrastive 1.800e+00  contrastive 1.747e-01  v_t2m/len 1530  v_t2m/R01 19.07%  v_t2m/R02 23.92%  v_t2m/R03 31.89%  v_t2m/R05 41.63%  v_t2m/R10 55.81%  v_t2m/MedR 8.0%  v_m2t/len 1530  v_m2t/R01 23.2%  v_m2t/R02 26.2%  v_m2t/R03 32.75%  v_m2t/R05 41.18%  v_m2t/R10 52.81%  v_m2t/MedR 9.0%
[21/04/26 08:46:32][src.callback.progress][INFO] - Epoch 250 step 48050/192: loss 1.676e-01
[21/04/26 08:46:42][src.callback.progress][INFO] - Epoch 250 step 48100/192: loss 1.614e-01
[21/04/26 08:46:53][src.callback.progress][INFO] - Epoch 250 step 48150/192: loss 1.658e-01
[21/04/26 08:47:03][src.callback.progress][INFO] - Epoch 250: v_recons 2.344e-01  recons 1.529e-01  v_loss 4.126e-01  loss 1.697e-01  v_latent 1.072e+00  latent 6.536e-01  v_kl 5.764e+01  kl 2.787e+01  v_contrastive 1.776e+00  contrastive 1.642e-01  v_t2m/len 1530  v_t2m/R01 19.35%  v_t2m/R02 25.29%  v_t2m/R03 32.54%  v_t2m/R05 43.13%  v_t2m/R10 54.84%  v_t2m/MedR 8.0%  v_m2t/len 1530  v_m2t/R01 22.35%  v_m2t/R02 26.13%  v_m2t/R03 33.2%  v_m2t/R05 41.56%  v_m2t/R10 52.68%  v_m2t/MedR 9.0%
[21/04/26 08:47:10][src.callback.progress][INFO] - Epoch 251 step 48200/192: loss 1.634e-01
[21/04/26 08:47:21][src.callback.progress][INFO] - Epoch 251 step 48250/192: loss 1.591e-01
[21/04/26 08:47:31][src.callback.progress][INFO] - Epoch 251 step 48300/192: loss 1.762e-01
[21/04/26 08:47:42][src.callback.progress][INFO] - Epoch 251 step 48350/192: loss 1.859e-01
[21/04/26 08:47:51][src.callback.progress][INFO] - Epoch 251: v_recons 2.345e-01  recons 1.534e-01  v_loss 4.121e-01  loss 1.705e-01  v_latent 1.073e+00  latent 6.548e-01  v_kl 5.749e+01  kl 2.792e+01  v_contrastive 1.770e+00  contrastive 1.681e-01  v_t2m/len 1530  v_t2m/R01 18.29%  v_t2m/R02 23.92%  v_t2m/R03 32.75%  v_t2m/R05 42.81%  v_t2m/R10 54.77%  v_t2m/MedR 8.0%  v_m2t/len 1530  v_m2t/R01 22.87%  v_m2t/R02 25.87%  v_m2t/R03 34.18%  v_m2t/R05 41.36%  v_m2t/R10 52.54%  v_m2t/MedR 9.0%
[21/04/26 08:48:00][src.callback.progress][INFO] - Epoch 252 step 48400/192: loss 1.506e-01
[21/04/26 08:48:10][src.callback.progress][INFO] - Epoch 252 step 48450/192: loss 1.689e-01
[21/04/26 08:48:21][src.callback.progress][INFO] - Epoch 252 step 48500/192: loss 1.799e-01
[21/04/26 08:48:31][src.callback.progress][INFO] - Epoch 252 step 48550/192: loss 1.711e-01
[21/04/26 08:48:39][src.callback.progress][INFO] - Epoch 252: v_recons 2.328e-01  recons 1.531e-01  v_loss 4.131e-01  loss 1.701e-01  v_latent 1.075e+00  latent 6.566e-01  v_kl 5.876e+01  kl 2.801e+01  v_contrastive 1.798e+00  contrastive 1.667e-01  v_t2m/len 1530  v_t2m/R01 18.23%  v_t2m/R02 23.72%  v_t2m/R03 32.93%  v_t2m/R05 42.47%  v_t2m/R10 55.36%  v_t2m/MedR 8.0%  v_m2t/len 1530  v_m2t/R01 21.56%  v_m2t/R02 24.96%  v_m2t/R03 33.2%  v_m2t/R05 42.41%  v_m2t/R10 53.65%  v_m2t/MedR 9.0%
[21/04/26 08:48:49][src.callback.progress][INFO] - Epoch 253 step 48600/192: loss 1.843e-01
[21/04/26 08:48:59][src.callback.progress][INFO] - Epoch 253 step 48650/192: loss 1.796e-01
[21/04/26 08:49:10][src.callback.progress][INFO] - Epoch 253 step 48700/192: loss 1.547e-01
[21/04/26 08:49:20][src.callback.progress][INFO] - Epoch 253 step 48750/192: loss 1.784e-01
[21/04/26 08:49:26][src.callback.progress][INFO] - Epoch 253: v_recons 2.345e-01  recons 1.527e-01  v_loss 4.130e-01  loss 1.695e-01  v_latent 1.074e+00  latent 6.529e-01  v_kl 5.795e+01  kl 2.784e+01  v_contrastive 1.779e+00  contrastive 1.654e-01  v_t2m/len 1530  v_t2m/R01 19.87%  v_t2m/R02 23.98%  v_t2m/R03 32.61%  v_t2m/R05 43.27%  v_t2m/R10 56.0%  v_t2m/MedR 8.0%  v_m2t/len 1530  v_m2t/R01 22.29%  v_m2t/R02 25.81%  v_m2t/R03 34.38%  v_m2t/R05 41.95%  v_m2t/R10 54.7%  v_m2t/MedR 8.0%
[21/04/26 08:49:38][src.callback.progress][INFO] - Epoch 254 step 48800/192: loss 1.609e-01
[21/04/26 08:49:48][src.callback.progress][INFO] - Epoch 254 step 48850/192: loss 1.665e-01
[21/04/26 08:49:59][src.callback.progress][INFO] - Epoch 254 step 48900/192: loss 1.597e-01
[21/04/26 08:50:09][src.callback.progress][INFO] - Epoch 254 step 48950/192: loss 1.877e-01
[21/04/26 08:50:13][src.callback.progress][INFO] - Epoch 254: v_recons 2.325e-01  recons 1.527e-01  v_loss 4.114e-01  loss 1.697e-01  v_latent 1.078e+00  latent 6.566e-01  v_kl 5.845e+01  kl 2.809e+01  v_contrastive 1.783e+00  contrastive 1.677e-01  v_t2m/len 1530  v_t2m/R01 18.55%  v_t2m/R02 23.98%  v_t2m/R03 32.68%  v_t2m/R05 42.54%  v_t2m/R10 54.9%  v_t2m/MedR 8.0%  v_m2t/len 1530  v_m2t/R01 22.09%  v_m2t/R02 25.42%  v_m2t/R03 33.4%  v_m2t/R05 41.7%  v_m2t/R10 53.33%  v_m2t/MedR 9.0%
[21/04/26 08:50:27][src.callback.progress][INFO] - Epoch 255 step 49000/192: loss 1.774e-01
[21/04/26 08:50:38][src.callback.progress][INFO] - Epoch 255 step 49050/192: loss 1.611e-01
[21/04/26 08:50:48][src.callback.progress][INFO] - Epoch 255 step 49100/192: loss 1.663e-01
[21/04/26 08:50:59][src.callback.progress][INFO] - Epoch 255 step 49150/192: loss 1.759e-01
[21/04/26 08:51:01][src.callback.progress][INFO] - Epoch 255: v_recons 2.339e-01  recons 1.528e-01  v_loss 4.147e-01  loss 1.696e-01  v_latent 1.081e+00  latent 6.582e-01  v_kl 5.854e+01  kl 2.828e+01  v_contrastive 1.802e+00  contrastive 1.643e-01  v_t2m/len 1530  v_t2m/R01 19.61%  v_t2m/R02 23.27%  v_t2m/R03 31.44%  v_t2m/R05 41.56%  v_t2m/R10 55.36%  v_t2m/MedR 8.0%  v_m2t/len 1530  v_m2t/R01 22.75%  v_m2t/R02 25.81%  v_m2t/R03 33.86%  v_m2t/R05 41.7%  v_m2t/R10 52.93%  v_m2t/MedR 9.0%
[21/04/26 08:51:17][src.callback.progress][INFO] - Epoch 256 step 49200/192: loss 1.835e-01
[21/04/26 08:51:27][src.callback.progress][INFO] - Epoch 256 step 49250/192: loss 1.515e-01
[21/04/26 08:51:38][src.callback.progress][INFO] - Epoch 256 step 49300/192: loss 1.665e-01
[21/04/26 08:51:49][src.callback.progress][INFO] - Epoch 256: v_recons 2.344e-01  recons 1.523e-01  v_loss 4.137e-01  loss 1.688e-01  v_latent 1.077e+00  latent 6.557e-01  v_kl 5.844e+01  kl 2.819e+01  v_contrastive 1.788e+00  contrastive 1.613e-01  v_t2m/len 1530  v_t2m/R01 18.04%  v_t2m/R02 23.72%  v_t2m/R03 33.13%  v_t2m/R05 42.15%  v_t2m/R10 55.75%  v_t2m/MedR 8.0%  v_m2t/len 1530  v_m2t/R01 23.2%  v_m2t/R02 26.4%  v_m2t/R03 34.38%  v_m2t/R05 42.75%  v_m2t/R10 54.7%  v_m2t/MedR 8.0%
[21/04/26 08:51:55][src.callback.progress][INFO] - Epoch 257 step 49350/192: loss 1.582e-01
[21/04/26 08:52:06][src.callback.progress][INFO] - Epoch 257 step 49400/192: loss 1.889e-01
[21/04/26 08:52:16][src.callback.progress][INFO] - Epoch 257 step 49450/192: loss 2.037e-01
[21/04/26 08:52:27][src.callback.progress][INFO] - Epoch 257 step 49500/192: loss 1.884e-01
[21/04/26 08:52:36][src.callback.progress][INFO] - Epoch 257: v_recons 2.333e-01  recons 1.518e-01  v_loss 4.139e-01  loss 1.684e-01  v_latent 1.083e+00  latent 6.568e-01  v_kl 5.851e+01  kl 2.829e+01  v_contrastive 1.800e+00  contrastive 1.632e-01  v_t2m/len 1530  v_t2m/R01 18.55%  v_t2m/R02 23.65%  v_t2m/R03 32.22%  v_t2m/R05 41.5%  v_t2m/R10 53.33%  v_t2m/MedR 9.0%  v_m2t/len 1530  v_m2t/R01 23.32%  v_m2t/R02 27.12%  v_m2t/R03 33.65%  v_m2t/R05 41.9%  v_m2t/R10 53.4%  v_m2t/MedR 9.0%
[21/04/26 08:52:45][src.callback.progress][INFO] - Epoch 258 step 49550/192: loss 1.540e-01
[21/04/26 08:52:55][src.callback.progress][INFO] - Epoch 258 step 49600/192: loss 1.946e-01
[21/04/26 08:53:06][src.callback.progress][INFO] - Epoch 258 step 49650/192: loss 1.605e-01
[21/04/26 08:53:16][src.callback.progress][INFO] - Epoch 258 step 49700/192: loss 1.638e-01
[21/04/26 08:53:24][src.callback.progress][INFO] - Epoch 258: v_recons 2.363e-01  recons 1.516e-01  v_loss 4.167e-01  loss 1.682e-01  v_latent 1.083e+00  latent 6.561e-01  v_kl 5.901e+01  kl 2.837e+01  v_contrastive 1.797e+00  contrastive 1.633e-01  v_t2m/len 1530  v_t2m/R01 19.87%  v_t2m/R02 24.89%  v_t2m/R03 32.88%  v_t2m/R05 42.29%  v_t2m/R10 56.08%  v_t2m/MedR 8.0%  v_m2t/len 1530  v_m2t/R01 23.01%  v_m2t/R02 26.07%  v_m2t/R03 33.86%  v_m2t/R05 42.29%  v_m2t/R10 54.11%  v_m2t/MedR 9.0%
[21/04/26 08:53:34][src.callback.progress][INFO] - Epoch 259 step 49750/192: loss 1.642e-01
[21/04/26 08:53:44][src.callback.progress][INFO] - Epoch 259 step 49800/192: loss 1.662e-01
[21/04/26 08:53:55][src.callback.progress][INFO] - Epoch 259 step 49850/192: loss 1.639e-01
[21/04/26 08:54:06][src.callback.progress][INFO] - Epoch 259 step 49900/192: loss 1.606e-01
[21/04/26 08:54:12][src.callback.progress][INFO] - Epoch 259: v_recons 2.346e-01  recons 1.516e-01  v_loss 4.135e-01  loss 1.681e-01  v_latent 1.080e+00  latent 6.565e-01  v_kl 5.847e+01  kl 2.840e+01  v_contrastive 1.783e+00  contrastive 1.623e-01  v_t2m/len 1530  v_t2m/R01 19.87%  v_t2m/R02 24.77%  v_t2m/R03 33.06%  v_t2m/R05 43.2%  v_t2m/R10 56.08%  v_t2m/MedR 8.0%  v_m2t/len 1530  v_m2t/R01 22.09%  v_m2t/R02 25.62%  v_m2t/R03 34.9%  v_m2t/R05 42.15%  v_m2t/R10 54.9%  v_m2t/MedR 9.0%
[21/04/26 08:54:23][src.callback.progress][INFO] - Epoch 260 step 49950/192: loss 1.481e-01
[21/04/26 08:54:34][src.callback.progress][INFO] - Epoch 260 step 50000/192: loss 1.875e-01
[21/04/26 08:54:44][src.callback.progress][INFO] - Epoch 260 step 50050/192: loss 1.747e-01
[21/04/26 08:54:55][src.callback.progress][INFO] - Epoch 260 step 50100/192: loss 1.702e-01
[21/04/26 08:54:59][src.callback.progress][INFO] - Epoch 260: v_recons 2.342e-01  recons 1.518e-01  v_loss 4.184e-01  loss 1.687e-01  v_latent 1.087e+00  latent 6.567e-01  v_kl 5.931e+01  kl 2.833e+01  v_contrastive 1.836e+00  contrastive 1.667e-01  v_t2m/len 1530  v_t2m/R01 19.14%  v_t2m/R02 24.18%  v_t2m/R03 32.54%  v_t2m/R05 42.29%  v_t2m/R10 55.49%  v_t2m/MedR 8.0%  v_m2t/len 1530  v_m2t/R01 21.95%  v_m2t/R02 25.1%  v_m2t/R03 33.4%  v_m2t/R05 41.18%  v_m2t/R10 53.59%  v_m2t/MedR 9.0%
[21/04/26 08:55:12][src.callback.progress][INFO] - Epoch 261 step 50150/192: loss 1.460e-01
[21/04/26 08:55:23][src.callback.progress][INFO] - Epoch 261 step 50200/192: loss 1.912e-01
[21/04/26 08:55:33][src.callback.progress][INFO] - Epoch 261 step 50250/192: loss 1.659e-01
[21/04/26 08:55:44][src.callback.progress][INFO] - Epoch 261 step 50300/192: loss 1.911e-01
[21/04/26 08:55:47][src.callback.progress][INFO] - Epoch 261: v_recons 2.338e-01  recons 1.519e-01  v_loss 4.163e-01  loss 1.686e-01  v_latent 1.089e+00  latent 6.581e-01  v_kl 6.008e+01  kl 2.851e+01  v_contrastive 1.819e+00  contrastive 1.636e-01  v_t2m/len 1530  v_t2m/R01 18.76%  v_t2m/R02 23.65%  v_t2m/R03 31.5%  v_t2m/R05 42.22%  v_t2m/R10 55.41%  v_t2m/MedR 8.0%  v_m2t/len 1530  v_m2t/R01 22.75%  v_m2t/R02 25.42%  v_m2t/R03 33.72%  v_m2t/R05 42.09%  v_m2t/R10 53.33%  v_m2t/MedR 9.0%
[21/04/26 08:56:01][src.callback.progress][INFO] - Epoch 262 step 50350/192: loss 1.685e-01
[21/04/26 08:56:12][src.callback.progress][INFO] - Epoch 262 step 50400/192: loss 1.457e-01
[21/04/26 08:56:22][src.callback.progress][INFO] - Epoch 262 step 50450/192: loss 1.800e-01
[21/04/26 08:56:34][src.callback.progress][INFO] - Epoch 262: v_recons 2.309e-01  recons 1.513e-01  v_loss 4.126e-01  loss 1.674e-01  v_latent 1.088e+00  latent 6.557e-01  v_kl 5.970e+01  kl 2.838e+01  v_contrastive 1.811e+00  contrastive 1.581e-01  v_t2m/len 1530  v_t2m/R01 19.07%  v_t2m/R02 24.57%  v_t2m/R03 33.33%  v_t2m/R05 41.56%  v_t2m/R10 55.09%  v_t2m/MedR 8.0%  v_m2t/len 1530  v_m2t/R01 21.76%  v_m2t/R02 25.15%  v_m2t/R03 34.31%  v_m2t/R05 42.02%  v_m2t/R10 54.58%  v_m2t/MedR 9.0%
[21/04/26 08:56:40][src.callback.progress][INFO] - Epoch 263 step 50500/192: loss 1.584e-01
[21/04/26 08:56:51][src.callback.progress][INFO] - Epoch 263 step 50550/192: loss 1.746e-01
[21/04/26 08:57:01][src.callback.progress][INFO] - Epoch 263 step 50600/192: loss 1.509e-01
[21/04/26 08:57:12][src.callback.progress][INFO] - Epoch 263 step 50650/192: loss 1.665e-01
[21/04/26 08:57:21][src.callback.progress][INFO] - Epoch 263: v_recons 2.349e-01  recons 1.514e-01  v_loss 4.185e-01  loss 1.679e-01  v_latent 1.091e+00  latent 6.587e-01  v_kl 6.014e+01  kl 2.858e+01  v_contrastive 1.830e+00  contrastive 1.625e-01  v_t2m/len 1530  v_t2m/R01 18.23%  v_t2m/R02 22.35%  v_t2m/R03 32.68%  v_t2m/R05 42.22%  v_t2m/R10 55.81%  v_t2m/MedR 8.0%  v_m2t/len 1530  v_m2t/R01 22.61%  v_m2t/R02 25.95%  v_m2t/R03 34.31%  v_m2t/R05 43.06%  v_m2t/R10 54.11%  v_m2t/MedR 8.0%
[21/04/26 08:57:30][src.callback.progress][INFO] - Epoch 264 step 50700/192: loss 1.729e-01
[21/04/26 08:57:40][src.callback.progress][INFO] - Epoch 264 step 50750/192: loss 1.813e-01
[21/04/26 08:57:50][src.callback.progress][INFO] - Epoch 264 step 50800/192: loss 1.411e-01
[21/04/26 08:58:01][src.callback.progress][INFO] - Epoch 264 step 50850/192: loss 1.829e-01
[21/04/26 08:58:09][src.callback.progress][INFO] - Epoch 264: v_recons 2.330e-01  recons 1.510e-01  v_loss 4.143e-01  loss 1.673e-01  v_latent 1.092e+00  latent 6.577e-01  v_kl 5.972e+01  kl 2.863e+01  v_contrastive 1.807e+00  contrastive 1.609e-01  v_t2m/len 1530  v_t2m/R01 20.12%  v_t2m/R02 24.84%  v_t2m/R03 34.5%  v_t2m/R05 43.27%  v_t2m/R10 55.49%  v_t2m/MedR 8.0%  v_m2t/len 1530  v_m2t/R01 22.61%  v_m2t/R02 26.46%  v_m2t/R03 35.22%  v_m2t/R05 43.79%  v_m2t/R10 53.65%  v_m2t/MedR 9.0%
[21/04/26 08:58:19][src.callback.progress][INFO] - Epoch 265 step 50900/192: loss 1.727e-01
[21/04/26 08:58:29][src.callback.progress][INFO] - Epoch 265 step 50950/192: loss 1.569e-01
[21/04/26 08:58:39][src.callback.progress][INFO] - Epoch 265 step 51000/192: loss 1.871e-01
[21/04/26 08:58:50][src.callback.progress][INFO] - Epoch 265 step 51050/192: loss 1.617e-01
[21/04/26 08:58:56][src.callback.progress][INFO] - Epoch 265: v_recons 2.340e-01  recons 1.510e-01  v_loss 4.142e-01  loss 1.674e-01  v_latent 1.092e+00  latent 6.593e-01  v_kl 6.023e+01  kl 2.881e+01  v_contrastive 1.797e+00  contrastive 1.615e-01  v_t2m/len 1530  v_t2m/R01 20.0%  v_t2m/R02 24.3%  v_t2m/R03 33.4%  v_t2m/R05 42.02%  v_t2m/R10 54.77%  v_t2m/MedR 8.0%  v_m2t/len 1530  v_m2t/R01 21.76%  v_m2t/R02 25.03%  v_m2t/R03 34.31%  v_m2t/R05 42.75%  v_m2t/R10 53.59%  v_m2t/MedR 9.0%
[21/04/26 08:59:08][src.callback.progress][INFO] - Epoch 266 step 51100/192: loss 1.783e-01
[21/04/26 08:59:18][src.callback.progress][INFO] - Epoch 266 step 51150/192: loss 1.634e-01
[21/04/26 08:59:29][src.callback.progress][INFO] - Epoch 266 step 51200/192: loss 1.539e-01
[21/04/26 08:59:39][src.callback.progress][INFO] - Epoch 266 step 51250/192: loss 1.828e-01
[21/04/26 08:59:44][src.callback.progress][INFO] - Epoch 266: v_recons 2.360e-01  recons 1.505e-01  v_loss 4.168e-01  loss 1.666e-01  v_latent 1.097e+00  latent 6.576e-01  v_kl 6.031e+01  kl 2.864e+01  v_contrastive 1.802e+00  contrastive 1.580e-01  v_t2m/len 1530  v_t2m/R01 20.38%  v_t2m/R02 25.29%  v_t2m/R03 32.22%  v_t2m/R05 41.75%  v_t2m/R10 54.25%  v_t2m/MedR 9.0%  v_m2t/len 1530  v_m2t/R01 22.03%  v_m2t/R02 25.62%  v_m2t/R03 33.79%  v_m2t/R05 41.24%  v_m2t/R10 54.04%  v_m2t/MedR 9.0%
[21/04/26 08:59:56][src.callback.progress][INFO] - Epoch 267 step 51300/192: loss 1.665e-01
[21/04/26 09:00:07][src.callback.progress][INFO] - Epoch 267 step 51350/192: loss 1.800e-01
[21/04/26 09:00:17][src.callback.progress][INFO] - Epoch 267 step 51400/192: loss 1.963e-01
[21/04/26 09:00:28][src.callback.progress][INFO] - Epoch 267 step 51450/192: loss 1.707e-01
[21/04/26 09:00:31][src.callback.progress][INFO] - Epoch 267: v_recons 2.358e-01  recons 1.511e-01  v_loss 4.144e-01  loss 1.673e-01  v_latent 1.089e+00  latent 6.598e-01  v_kl 6.028e+01  kl 2.886e+01  v_contrastive 1.780e+00  contrastive 1.590e-01  v_t2m/len 1530  v_t2m/R01 19.14%  v_t2m/R02 25.81%  v_t2m/R03 33.59%  v_t2m/R05 42.61%  v_t2m/R10 56.2%  v_t2m/MedR 8.0%  v_m2t/len 1530  v_m2t/R01 23.01%  v_m2t/R02 26.93%  v_m2t/R03 35.36%  v_m2t/R05 44.11%  v_m2t/R10 55.41%  v_m2t/MedR 8.0%
[21/04/26 09:00:46][src.callback.progress][INFO] - Epoch 268 step 51500/192: loss 1.485e-01
[21/04/26 09:00:56][src.callback.progress][INFO] - Epoch 268 step 51550/192: loss 1.882e-01
[21/04/26 09:01:07][src.callback.progress][INFO] - Epoch 268 step 51600/192: loss 1.573e-01
[21/04/26 09:01:19][src.callback.progress][INFO] - Epoch 268: v_recons 2.367e-01  recons 1.508e-01  v_loss 4.184e-01  loss 1.670e-01  v_latent 1.101e+00  latent 6.616e-01  v_kl 6.131e+01  kl 2.904e+01  v_contrastive 1.811e+00  contrastive 1.594e-01  v_t2m/len 1530  v_t2m/R01 20.2%  v_t2m/R02 24.89%  v_t2m/R03 32.54%  v_t2m/R05 41.24%  v_t2m/R10 53.59%  v_t2m/MedR 9.0%  v_m2t/len 1530  v_m2t/R01 22.21%  v_m2t/R02 25.1%  v_m2t/R03 33.27%  v_m2t/R05 42.02%  v_m2t/R10 53.59%  v_m2t/MedR 9.0%
[21/04/26 09:01:24][src.callback.progress][INFO] - Epoch 269 step 51650/192: loss 1.791e-01
[21/04/26 09:01:35][src.callback.progress][INFO] - Epoch 269 step 51700/192: loss 1.871e-01
[21/04/26 09:01:45][src.callback.progress][INFO] - Epoch 269 step 51750/192: loss 1.723e-01
[21/04/26 09:01:56][src.callback.progress][INFO] - Epoch 269 step 51800/192: loss 1.918e-01
[21/04/26 09:02:06][src.callback.progress][INFO] - Epoch 269: v_recons 2.347e-01  recons 1.503e-01  v_loss 4.155e-01  loss 1.664e-01  v_latent 1.094e+00  latent 6.604e-01  v_kl 6.119e+01  kl 2.905e+01  v_contrastive 1.801e+00  contrastive 1.583e-01  v_t2m/len 1530  v_t2m/R01 20.12%  v_t2m/R02 25.22%  v_t2m/R03 33.2%  v_t2m/R05 43.27%  v_t2m/R10 56.08%  v_t2m/MedR 8.0%  v_m2t/len 1530  v_m2t/R01 23.06%  v_m2t/R02 26.07%  v_m2t/R03 35.29%  v_m2t/R05 42.81%  v_m2t/R10 53.65%  v_m2t/MedR 9.0%
[21/04/26 09:02:13][src.callback.progress][INFO] - Epoch 270 step 51850/192: loss 1.520e-01
[21/04/26 09:02:24][src.callback.progress][INFO] - Epoch 270 step 51900/192: loss 1.871e-01
[21/04/26 09:02:34][src.callback.progress][INFO] - Epoch 270 step 51950/192: loss 1.892e-01
[21/04/26 09:02:45][src.callback.progress][INFO] - Epoch 270 step 52000/192: loss 1.749e-01
[21/04/26 09:02:53][src.callback.progress][INFO] - Epoch 270: v_recons 2.353e-01  recons 1.499e-01  v_loss 4.192e-01  loss 1.657e-01  v_latent 1.103e+00  latent 6.568e-01  v_kl 6.146e+01  kl 2.881e+01  v_contrastive 1.833e+00  contrastive 1.549e-01  v_t2m/len 1530  v_t2m/R01 20.12%  v_t2m/R02 24.37%  v_t2m/R03 32.29%  v_t2m/R05 40.91%  v_t2m/R10 54.04%  v_t2m/MedR 9.0%  v_m2t/len 1530  v_m2t/R01 22.8%  v_m2t/R02 26.79%  v_m2t/R03 33.99%  v_m2t/R05 40.97%  v_m2t/R10 53.79%  v_m2t/MedR 9.0%
[21/04/26 09:03:02][src.callback.progress][INFO] - Epoch 271 step 52050/192: loss 1.508e-01
[21/04/26 09:03:13][src.callback.progress][INFO] - Epoch 271 step 52100/192: loss 1.840e-01
[21/04/26 09:03:23][src.callback.progress][INFO] - Epoch 271 step 52150/192: loss 1.879e-01
[21/04/26 09:03:34][src.callback.progress][INFO] - Epoch 271 step 52200/192: loss 1.847e-01
[21/04/26 09:03:41][src.callback.progress][INFO] - Epoch 271: v_recons 2.332e-01  recons 1.498e-01  v_loss 4.115e-01  loss 1.654e-01  v_latent 1.099e+00  latent 6.591e-01  v_kl 6.018e+01  kl 2.886e+01  v_contrastive 1.777e+00  contrastive 1.534e-01  v_t2m/len 1530  v_t2m/R01 18.55%  v_t2m/R02 24.25%  v_t2m/R03 31.44%  v_t2m/R05 41.56%  v_t2m/R10 56.0%  v_t2m/MedR 8.0%  v_m2t/len 1530  v_m2t/R01 23.98%  v_m2t/R02 26.79%  v_m2t/R03 34.9%  v_m2t/R05 42.81%  v_m2t/R10 53.52%  v_m2t/MedR 9.0%
[21/04/26 09:03:51][src.callback.progress][INFO] - Epoch 272 step 52250/192: loss 1.495e-01
[21/04/26 09:04:02][src.callback.progress][INFO] - Epoch 272 step 52300/192: loss 1.552e-01
[21/04/26 09:04:12][src.callback.progress][INFO] - Epoch 272 step 52350/192: loss 1.687e-01
[21/04/26 09:04:23][src.callback.progress][INFO] - Epoch 272 step 52400/192: loss 1.515e-01
[21/04/26 09:04:28][src.callback.progress][INFO] - Epoch 272: v_recons 2.342e-01  recons 1.491e-01  v_loss 4.147e-01  loss 1.648e-01  v_latent 1.102e+00  latent 6.565e-01  v_kl 6.101e+01  kl 2.867e+01  v_contrastive 1.799e+00  contrastive 1.534e-01  v_t2m/len 1530  v_t2m/R01 18.69%  v_t2m/R02 24.25%  v_t2m/R03 32.47%  v_t2m/R05 41.18%  v_t2m/R10 55.61%  v_t2m/MedR 8.0%  v_m2t/len 1530  v_m2t/R01 22.8%  v_m2t/R02 25.69%  v_m2t/R03 34.31%  v_m2t/R05 41.36%  v_m2t/R10 54.5%  v_m2t/MedR 8.5%
[21/04/26 09:04:40][src.callback.progress][INFO] - Epoch 273 step 52450/192: loss 1.557e-01
[21/04/26 09:04:51][src.callback.progress][INFO] - Epoch 273 step 52500/192: loss 1.618e-01
[21/04/26 09:05:01][src.callback.progress][INFO] - Epoch 273 step 52550/192: loss 1.691e-01
[21/04/26 09:05:12][src.callback.progress][INFO] - Epoch 273 step 52600/192: loss 1.713e-01
[21/04/26 09:05:15][src.callback.progress][INFO] - Epoch 273: v_recons 2.343e-01  recons 1.499e-01  v_loss 4.152e-01  loss 1.660e-01  v_latent 1.108e+00  latent 6.599e-01  v_kl 6.231e+01  kl 2.915e+01  v_contrastive 1.802e+00  contrastive 1.585e-01  v_t2m/len 1530  v_t2m/R01 18.81%  v_t2m/R02 23.65%  v_t2m/R03 31.7%  v_t2m/R05 41.75%  v_t2m/R10 55.36%  v_t2m/MedR 8.0%  v_m2t/len 1530  v_m2t/R01 21.95%  v_m2t/R02 25.75%  v_m2t/R03 34.58%  v_m2t/R05 42.29%  v_m2t/R10 54.58%  v_m2t/MedR 8.0%
[21/04/26 09:05:29][src.callback.progress][INFO] - Epoch 274 step 52650/192: loss 1.614e-01
[21/04/26 09:05:40][src.callback.progress][INFO] - Epoch 274 step 52700/192: loss 1.581e-01
[21/04/26 09:05:50][src.callback.progress][INFO] - Epoch 274 step 52750/192: loss 1.536e-01
[21/04/26 09:06:01][src.callback.progress][INFO] - Epoch 274 step 52800/192: loss 1.447e-01
[21/04/26 09:06:03][src.callback.progress][INFO] - Epoch 274: v_recons 2.350e-01  recons 1.492e-01  v_loss 4.152e-01  loss 1.649e-01  v_latent 1.107e+00  latent 6.607e-01  v_kl 6.174e+01  kl 2.927e+01  v_contrastive 1.796e+00  contrastive 1.541e-01  v_t2m/len 1530  v_t2m/R01 18.88%  v_t2m/R02 23.65%  v_t2m/R03 32.75%  v_t2m/R05 43.06%  v_t2m/R10 56.54%  v_t2m/MedR 8.0%  v_m2t/len 1530  v_m2t/R01 22.75%  v_m2t/R02 26.54%  v_m2t/R03 34.63%  v_m2t/R05 42.93%  v_m2t/R10 54.63%  v_m2t/MedR 9.0%
[21/04/26 09:06:18][src.callback.progress][INFO] - Epoch 275 step 52850/192: loss 1.775e-01
[21/04/26 09:06:29][src.callback.progress][INFO] - Epoch 275 step 52900/192: loss 1.569e-01
[21/04/26 09:06:39][src.callback.progress][INFO] - Epoch 275 step 52950/192: loss 1.886e-01
[21/04/26 09:06:50][src.callback.progress][INFO] - Epoch 275: v_recons 2.343e-01  recons 1.493e-01  v_loss 4.137e-01  loss 1.651e-01  v_latent 1.106e+00  latent 6.597e-01  v_kl 6.149e+01  kl 2.918e+01  v_contrastive 1.787e+00  contrastive 1.551e-01  v_t2m/len 1530  v_t2m/R01 18.1%  v_t2m/R02 23.01%  v_t2m/R03 32.34%  v_t2m/R05 43.0%  v_t2m/R10 55.75%  v_t2m/MedR 8.0%  v_m2t/len 1530  v_m2t/R01 21.18%  v_m2t/R02 24.63%  v_m2t/R03 34.18%  v_m2t/R05 42.54%  v_m2t/R10 53.91%  v_m2t/MedR 8.0%
[21/04/26 09:06:57][src.callback.progress][INFO] - Epoch 276 step 53000/192: loss 1.776e-01
[21/04/26 09:07:07][src.callback.progress][INFO] - Epoch 276 step 53050/192: loss 1.796e-01
[21/04/26 09:07:18][src.callback.progress][INFO] - Epoch 276 step 53100/192: loss 1.611e-01
[21/04/26 09:07:28][src.callback.progress][INFO] - Epoch 276 step 53150/192: loss 1.617e-01
[21/04/26 09:07:37][src.callback.progress][INFO] - Epoch 276: v_recons 2.352e-01  recons 1.496e-01  v_loss 4.153e-01  loss 1.655e-01  v_latent 1.103e+00  latent 6.614e-01  v_kl 6.239e+01  kl 2.930e+01  v_contrastive 1.795e+00  contrastive 1.561e-01  v_t2m/len 1530  v_t2m/R01 19.67%  v_t2m/R02 25.29%  v_t2m/R03 34.11%  v_t2m/R05 42.61%  v_t2m/R10 55.68%  v_t2m/MedR 8.0%  v_m2t/len 1530  v_m2t/R01 22.15%  v_m2t/R02 25.55%  v_m2t/R03 34.04%  v_m2t/R05 43.06%  v_m2t/R10 55.02%  v_m2t/MedR 8.0%
[21/04/26 09:07:46][src.callback.progress][INFO] - Epoch 277 step 53200/192: loss 1.797e-01
[21/04/26 09:07:57][src.callback.progress][INFO] - Epoch 277 step 53250/192: loss 1.685e-01
[21/04/26 09:08:07][src.callback.progress][INFO] - Epoch 277 step 53300/192: loss 1.760e-01
[21/04/26 09:08:18][src.callback.progress][INFO] - Epoch 277 step 53350/192: loss 1.562e-01
[21/04/26 09:08:25][src.callback.progress][INFO] - Epoch 277: v_recons 2.342e-01  recons 1.491e-01  v_loss 4.124e-01  loss 1.645e-01  v_latent 1.104e+00  latent 6.595e-01  v_kl 6.179e+01  kl 2.932e+01  v_contrastive 1.775e+00  contrastive 1.518e-01  v_t2m/len 1530  v_t2m/R01 19.4%  v_t2m/R02 25.15%  v_t2m/R03 32.81%  v_t2m/R05 42.22%  v_t2m/R10 55.81%  v_t2m/MedR 8.0%  v_m2t/len 1530  v_m2t/R01 22.75%  v_m2t/R02 26.46%  v_m2t/R03 35.15%  v_m2t/R05 42.75%  v_m2t/R10 54.38%  v_m2t/MedR 9.0%
[21/04/26 09:08:35][src.callback.progress][INFO] - Epoch 278 step 53400/192: loss 1.884e-01
[21/04/26 09:08:45][src.callback.progress][INFO] - Epoch 278 step 53450/192: loss 1.544e-01
[21/04/26 09:08:56][src.callback.progress][INFO] - Epoch 278 step 53500/192: loss 1.681e-01
[21/04/26 09:09:07][src.callback.progress][INFO] - Epoch 278 step 53550/192: loss 1.532e-01
[21/04/26 09:09:12][src.callback.progress][INFO] - Epoch 278: v_recons 2.360e-01  recons 1.491e-01  v_loss 4.179e-01  loss 1.646e-01  v_latent 1.113e+00  latent 6.616e-01  v_kl 6.228e+01  kl 2.935e+01  v_contrastive 1.812e+00  contrastive 1.520e-01  v_t2m/len 1530  v_t2m/R01 18.95%  v_t2m/R02 23.2%  v_t2m/R03 32.02%  v_t2m/R05 42.54%  v_t2m/R10 55.95%  v_t2m/MedR 8.0%  v_m2t/len 1530  v_m2t/R01 21.62%  v_m2t/R02 24.57%  v_m2t/R03 32.61%  v_m2t/R05 41.5%  v_m2t/R10 54.7%  v_m2t/MedR 9.0%
[21/04/26 09:09:24][src.callback.progress][INFO] - Epoch 279 step 53600/192: loss 1.568e-01
[21/04/26 09:09:34][src.callback.progress][INFO] - Epoch 279 step 53650/192: loss 1.363e-01
[21/04/26 09:09:45][src.callback.progress][INFO] - Epoch 279 step 53700/192: loss 1.678e-01
[21/04/26 09:09:55][src.callback.progress][INFO] - Epoch 279 step 53750/192: loss 1.647e-01
[21/04/26 09:09:59][src.callback.progress][INFO] - Epoch 279: v_recons 2.333e-01  recons 1.490e-01  v_loss 4.129e-01  loss 1.647e-01  v_latent 1.111e+00  latent 6.634e-01  v_kl 6.235e+01  kl 2.948e+01  v_contrastive 1.790e+00  contrastive 1.542e-01  v_t2m/len 1530  v_t2m/R01 18.95%  v_t2m/R02 25.22%  v_t2m/R03 33.13%  v_t2m/R05 42.09%  v_t2m/R10 56.2%  v_t2m/MedR 8.0%  v_m2t/len 1530  v_m2t/R01 21.95%  v_m2t/R02 24.77%  v_m2t/R03 33.45%  v_m2t/R05 42.22%  v_m2t/R10 52.81%  v_m2t/MedR 9.0%
[21/04/26 09:10:13][src.callback.progress][INFO] - Epoch 280 step 53800/192: loss 1.711e-01
[21/04/26 09:10:23][src.callback.progress][INFO] - Epoch 280 step 53850/192: loss 1.436e-01
[21/04/26 09:10:34][src.callback.progress][INFO] - Epoch 280 step 53900/192: loss 1.500e-01
[21/04/26 09:10:45][src.callback.progress][INFO] - Epoch 280 step 53950/192: loss 1.678e-01
[21/04/26 09:10:47][src.callback.progress][INFO] - Epoch 280: v_recons 2.349e-01  recons 1.488e-01  v_loss 4.144e-01  loss 1.642e-01  v_latent 1.111e+00  latent 6.622e-01  v_kl 6.225e+01  kl 2.940e+01  v_contrastive 1.789e+00  contrastive 1.513e-01  v_t2m/len 1530  v_t2m/R01 18.62%  v_t2m/R02 24.44%  v_t2m/R03 32.34%  v_t2m/R05 42.15%  v_t2m/R10 55.95%  v_t2m/MedR 8.0%  v_m2t/len 1530  v_m2t/R01 21.7%  v_m2t/R02 25.87%  v_m2t/R03 33.65%  v_m2t/R05 43.27%  v_m2t/R10 54.43%  v_m2t/MedR 8.0%
[21/04/26 09:11:02][src.callback.progress][INFO] - Epoch 281 step 54000/192: loss 1.748e-01
[21/04/26 09:11:13][src.callback.progress][INFO] - Epoch 281 step 54050/192: loss 1.569e-01
[21/04/26 09:11:23][src.callback.progress][INFO] - Epoch 281 step 54100/192: loss 1.450e-01
[21/04/26 09:11:34][src.callback.progress][INFO] - Epoch 281: v_recons 2.351e-01  recons 1.481e-01  v_loss 4.167e-01  loss 1.634e-01  v_latent 1.120e+00  latent 6.601e-01  v_kl 6.336e+01  kl 2.941e+01  v_contrastive 1.809e+00  contrastive 1.495e-01  v_t2m/len 1530  v_t2m/R01 19.14%  v_t2m/R02 23.92%  v_t2m/R03 31.18%  v_t2m/R05 41.7%  v_t2m/R10 55.29%  v_t2m/MedR 8.0%  v_m2t/len 1530  v_m2t/R01 21.04%  v_m2t/R02 23.92%  v_m2t/R03 31.5%  v_m2t/R05 40.77%  v_m2t/R10 55.09%  v_m2t/MedR 9.0%
[21/04/26 09:11:41][src.callback.progress][INFO] - Epoch 282 step 54150/192: loss 1.457e-01
[21/04/26 09:11:51][src.callback.progress][INFO] - Epoch 282 step 54200/192: loss 1.536e-01
[21/04/26 09:12:02][src.callback.progress][INFO] - Epoch 282 step 54250/192: loss 1.523e-01
[21/04/26 09:12:12][src.callback.progress][INFO] - Epoch 282 step 54300/192: loss 1.551e-01
[21/04/26 09:12:22][src.callback.progress][INFO] - Epoch 282: v_recons 2.346e-01  recons 1.483e-01  v_loss 4.157e-01  loss 1.637e-01  v_latent 1.115e+00  latent 6.609e-01  v_kl 6.260e+01  kl 2.953e+01  v_contrastive 1.804e+00  contrastive 1.508e-01  v_t2m/len 1530  v_t2m/R01 20.0%  v_t2m/R02 24.89%  v_t2m/R03 33.52%  v_t2m/R05 43.33%  v_t2m/R10 56.27%  v_t2m/MedR 7.0%  v_m2t/len 1530  v_m2t/R01 22.35%  v_m2t/R02 25.22%  v_m2t/R03 33.99%  v_m2t/R05 42.02%  v_m2t/R10 54.58%  v_m2t/MedR 8.0%
[21/04/26 09:12:30][src.callback.progress][INFO] - Epoch 283 step 54350/192: loss 1.476e-01
[21/04/26 09:12:40][src.callback.progress][INFO] - Epoch 283 step 54400/192: loss 1.612e-01
[21/04/26 09:12:51][src.callback.progress][INFO] - Epoch 283 step 54450/192: loss 1.795e-01
[21/04/26 09:13:01][src.callback.progress][INFO] - Epoch 283 step 54500/192: loss 1.708e-01
[21/04/26 09:13:09][src.callback.progress][INFO] - Epoch 283: v_recons 2.338e-01  recons 1.481e-01  v_loss 4.160e-01  loss 1.634e-01  v_latent 1.113e+00  latent 6.602e-01  v_kl 6.262e+01  kl 2.950e+01  v_contrastive 1.815e+00  contrastive 1.494e-01  v_t2m/len 1530  v_t2m/R01 20.52%  v_t2m/R02 25.03%  v_t2m/R03 33.0%  v_t2m/R05 43.65%  v_t2m/R10 57.25%  v_t2m/MedR 7.0%  v_m2t/len 1530  v_m2t/R01 21.7%  v_m2t/R02 25.48%  v_m2t/R03 34.18%  v_m2t/R05 41.9%  v_m2t/R10 55.41%  v_m2t/MedR 8.0%
[21/04/26 09:13:19][src.callback.progress][INFO] - Epoch 284 step 54550/192: loss 1.658e-01
[21/04/26 09:13:29][src.callback.progress][INFO] - Epoch 284 step 54600/192: loss 1.619e-01
[21/04/26 09:13:40][src.callback.progress][INFO] - Epoch 284 step 54650/192: loss 1.820e-01
[21/04/26 09:13:50][src.callback.progress][INFO] - Epoch 284 step 54700/192: loss 1.672e-01
[21/04/26 09:13:56][src.callback.progress][INFO] - Epoch 284: v_recons 2.340e-01  recons 1.478e-01  v_loss 4.172e-01  loss 1.632e-01  v_latent 1.126e+00  latent 6.614e-01  v_kl 6.375e+01  kl 2.970e+01  v_contrastive 1.825e+00  contrastive 1.512e-01  v_t2m/len 1530  v_t2m/R01 18.37%  v_t2m/R02 24.12%  v_t2m/R03 33.27%  v_t2m/R05 43.72%  v_t2m/R10 55.22%  v_t2m/MedR 8.0%  v_m2t/len 1530  v_m2t/R01 22.29%  v_m2t/R02 24.77%  v_m2t/R03 33.52%  v_m2t/R05 42.41%  v_m2t/R10 53.79%  v_m2t/MedR 8.0%
[21/04/26 09:14:08][src.callback.progress][INFO] - Epoch 285 step 54750/192: loss 1.610e-01
[21/04/26 09:14:18][src.callback.progress][INFO] - Epoch 285 step 54800/192: loss 1.809e-01
[21/04/26 09:14:29][src.callback.progress][INFO] - Epoch 285 step 54850/192: loss 1.625e-01
[21/04/26 09:14:40][src.callback.progress][INFO] - Epoch 285 step 54900/192: loss 1.804e-01
[21/04/26 09:14:44][src.callback.progress][INFO] - Epoch 285: v_recons 2.355e-01  recons 1.477e-01  v_loss 4.178e-01  loss 1.628e-01  v_latent 1.124e+00  latent 6.605e-01  v_kl 6.378e+01  kl 2.946e+01  v_contrastive 1.816e+00  contrastive 1.471e-01  v_t2m/len 1530  v_t2m/R01 19.73%  v_t2m/R02 24.44%  v_t2m/R03 32.41%  v_t2m/R05 42.22%  v_t2m/R10 55.61%  v_t2m/MedR 8.0%  v_m2t/len 1530  v_m2t/R01 21.89%  v_m2t/R02 25.22%  v_m2t/R03 32.88%  v_m2t/R05 41.63%  v_m2t/R10 53.45%  v_m2t/MedR 9.0%
[21/04/26 09:14:57][src.callback.progress][INFO] - Epoch 286 step 54950/192: loss 1.850e-01
[21/04/26 09:15:07][src.callback.progress][INFO] - Epoch 286 step 55000/192: loss 1.815e-01
[21/04/26 09:15:18][src.callback.progress][INFO] - Epoch 286 step 55050/192: loss 1.623e-01
[21/04/26 09:15:28][src.callback.progress][INFO] - Epoch 286 step 55100/192: loss 1.780e-01
[21/04/26 09:15:31][src.callback.progress][INFO] - Epoch 286: v_recons 2.359e-01  recons 1.478e-01  v_loss 4.200e-01  loss 1.630e-01  v_latent 1.127e+00  latent 6.606e-01  v_kl 6.415e+01  kl 2.968e+01  v_contrastive 1.835e+00  contrastive 1.493e-01  v_t2m/len 1530  v_t2m/R01 19.73%  v_t2m/R02 24.3%  v_t2m/R03 31.5%  v_t2m/R05 42.34%  v_t2m/R10 55.49%  v_t2m/MedR 8.0%  v_m2t/len 1530  v_m2t/R01 22.21%  v_m2t/R02 26.54%  v_m2t/R03 35.09%  v_m2t/R05 42.09%  v_m2t/R10 53.4%  v_m2t/MedR 9.0%
[21/04/26 09:15:46][src.callback.progress][INFO] - Epoch 287 step 55150/192: loss 1.425e-01
[21/04/26 09:15:57][src.callback.progress][INFO] - Epoch 287 step 55200/192: loss 1.484e-01
[21/04/26 09:16:07][src.callback.progress][INFO] - Epoch 287 step 55250/192: loss 1.481e-01
[21/04/26 09:16:19][src.callback.progress][INFO] - Epoch 287: v_recons 2.355e-01  recons 1.478e-01  v_loss 4.178e-01  loss 1.630e-01  v_latent 1.127e+00  latent 6.629e-01  v_kl 6.358e+01  kl 2.969e+01  v_contrastive 1.817e+00  contrastive 1.493e-01  v_t2m/len 1530  v_t2m/R01 18.69%  v_t2m/R02 23.72%  v_t2m/R03 32.75%  v_t2m/R05 43.0%  v_t2m/R10 55.49%  v_t2m/MedR 8.0%  v_m2t/len 1530  v_m2t/R01 21.7%  v_m2t/R02 25.22%  v_m2t/R03 32.93%  v_m2t/R05 41.56%  v_m2t/R10 54.11%  v_m2t/MedR 9.0%
[21/04/26 09:16:25][src.callback.progress][INFO] - Epoch 288 step 55300/192: loss 1.663e-01
[21/04/26 09:16:35][src.callback.progress][INFO] - Epoch 288 step 55350/192: loss 1.742e-01
[21/04/26 09:16:46][src.callback.progress][INFO] - Epoch 288 step 55400/192: loss 1.525e-01
[21/04/26 09:16:56][src.callback.progress][INFO] - Epoch 288 step 55450/192: loss 1.688e-01
[21/04/26 09:17:06][src.callback.progress][INFO] - Epoch 288: v_recons 2.355e-01  recons 1.473e-01  v_loss 4.182e-01  loss 1.622e-01  v_latent 1.125e+00  latent 6.609e-01  v_kl 6.412e+01  kl 2.963e+01  v_contrastive 1.821e+00  contrastive 1.454e-01  v_t2m/len 1530  v_t2m/R01 18.62%  v_t2m/R02 23.65%  v_t2m/R03 32.34%  v_t2m/R05 41.75%  v_t2m/R10 55.68%  v_t2m/MedR 8.0%  v_m2t/len 1530  v_m2t/R01 21.5%  v_m2t/R02 25.29%  v_m2t/R03 32.88%  v_m2t/R05 41.75%  v_m2t/R10 54.25%  v_m2t/MedR 9.0%
[21/04/26 09:17:14][src.callback.progress][INFO] - Epoch 289 step 55500/192: loss 1.543e-01
[21/04/26 09:17:24][src.callback.progress][INFO] - Epoch 289 step 55550/192: loss 1.871e-01
[21/04/26 09:17:35][src.callback.progress][INFO] - Epoch 289 step 55600/192: loss 1.508e-01
[21/04/26 09:17:46][src.callback.progress][INFO] - Epoch 289 step 55650/192: loss 1.739e-01
[21/04/26 09:17:54][src.callback.progress][INFO] - Epoch 289: v_recons 2.353e-01  recons 1.469e-01  v_loss 4.194e-01  loss 1.618e-01  v_latent 1.131e+00  latent 6.608e-01  v_kl 6.480e+01  kl 2.968e+01  v_contrastive 1.834e+00  contrastive 1.469e-01  v_t2m/len 1530  v_t2m/R01 19.54%  v_t2m/R02 23.92%  v_t2m/R03 31.44%  v_t2m/R05 41.56%  v_t2m/R10 55.22%  v_t2m/MedR 9.0%  v_m2t/len 1530  v_m2t/R01 22.42%  v_m2t/R02 25.03%  v_m2t/R03 32.93%  v_m2t/R05 41.11%  v_m2t/R10 53.0%  v_m2t/MedR 9.0%
[21/04/26 09:18:03][src.callback.progress][INFO] - Epoch 290 step 55700/192: loss 1.438e-01
[21/04/26 09:18:14][src.callback.progress][INFO] - Epoch 290 step 55750/192: loss 1.761e-01
[21/04/26 09:18:24][src.callback.progress][INFO] - Epoch 290 step 55800/192: loss 1.936e-01
[21/04/26 09:18:35][src.callback.progress][INFO] - Epoch 290 step 55850/192: loss 1.637e-01
[21/04/26 09:18:41][src.callback.progress][INFO] - Epoch 290: v_recons 2.375e-01  recons 1.469e-01  v_loss 4.226e-01  loss 1.618e-01  v_latent 1.134e+00  latent 6.608e-01  v_kl 6.500e+01  kl 2.976e+01  v_contrastive 1.845e+00  contrastive 1.461e-01  v_t2m/len 1530  v_t2m/R01 18.43%  v_t2m/R02 24.04%  v_t2m/R03 33.4%  v_t2m/R05 41.63%  v_t2m/R10 54.58%  v_t2m/MedR 8.0%  v_m2t/len 1530  v_m2t/R01 20.64%  v_m2t/R02 24.12%  v_m2t/R03 33.86%  v_m2t/R05 42.02%  v_m2t/R10 53.13%  v_m2t/MedR 9.0%
[21/04/26 09:18:53][src.callback.progress][INFO] - Epoch 291 step 55900/192: loss 1.492e-01
[21/04/26 09:19:03][src.callback.progress][INFO] - Epoch 291 step 55950/192: loss 1.822e-01
[21/04/26 09:19:14][src.callback.progress][INFO] - Epoch 291 step 56000/192: loss 1.701e-01
[21/04/26 09:19:24][src.callback.progress][INFO] - Epoch 291 step 56050/192: loss 1.663e-01
[21/04/26 09:19:29][src.callback.progress][INFO] - Epoch 291: v_recons 2.355e-01  recons 1.468e-01  v_loss 4.182e-01  loss 1.617e-01  v_latent 1.130e+00  latent 6.618e-01  v_kl 6.411e+01  kl 2.983e+01  v_contrastive 1.821e+00  contrastive 1.460e-01  v_t2m/len 1530  v_t2m/R01 19.4%  v_t2m/R02 24.12%  v_t2m/R03 33.27%  v_t2m/R05 42.81%  v_t2m/R10 56.2%  v_t2m/MedR 8.0%  v_m2t/len 1530  v_m2t/R01 21.89%  v_m2t/R02 24.77%  v_m2t/R03 33.2%  v_m2t/R05 41.9%  v_m2t/R10 54.5%  v_m2t/MedR 9.0%
[21/04/26 09:19:42][src.callback.progress][INFO] - Epoch 292 step 56100/192: loss 1.492e-01
[21/04/26 09:19:52][src.callback.progress][INFO] - Epoch 292 step 56150/192: loss 1.845e-01
[21/04/26 09:20:03][src.callback.progress][INFO] - Epoch 292 step 56200/192: loss 1.662e-01
[21/04/26 09:20:13][src.callback.progress][INFO] - Epoch 292 step 56250/192: loss 1.513e-01
[21/04/26 09:20:16][src.callback.progress][INFO] - Epoch 292: v_recons 2.352e-01  recons 1.466e-01  v_loss 4.167e-01  loss 1.612e-01  v_latent 1.131e+00  latent 6.605e-01  v_kl 6.437e+01  kl 2.971e+01  v_contrastive 1.809e+00  contrastive 1.425e-01  v_t2m/len 1530  v_t2m/R01 18.88%  v_t2m/R02 23.92%  v_t2m/R03 32.61%  v_t2m/R05 42.93%  v_t2m/R10 55.29%  v_t2m/MedR 8.0%  v_m2t/len 1530  v_m2t/R01 22.61%  v_m2t/R02 25.75%  v_m2t/R03 34.58%  v_m2t/R05 42.93%  v_m2t/R10 54.84%  v_m2t/MedR 8.0%
[21/04/26 09:20:31][src.callback.progress][INFO] - Epoch 293 step 56300/192: loss 1.572e-01
[21/04/26 09:20:41][src.callback.progress][INFO] - Epoch 293 step 56350/192: loss 1.752e-01
[21/04/26 09:20:52][src.callback.progress][INFO] - Epoch 293 step 56400/192: loss 1.579e-01
[21/04/26 09:21:03][src.callback.progress][INFO] - Epoch 293: v_recons 2.356e-01  recons 1.464e-01  v_loss 4.181e-01  loss 1.610e-01  v_latent 1.138e+00  latent 6.588e-01  v_kl 6.440e+01  kl 2.976e+01  v_contrastive 1.818e+00  contrastive 1.426e-01  v_t2m/len 1530  v_t2m/R01 19.4%  v_t2m/R02 24.25%  v_t2m/R03 32.93%  v_t2m/R05 42.93%  v_t2m/R10 55.36%  v_t2m/MedR 8.0%  v_m2t/len 1530  v_m2t/R01 22.54%  v_m2t/R02 25.75%  v_m2t/R03 34.11%  v_m2t/R05 42.41%  v_m2t/R10 53.72%  v_m2t/MedR 9.0%
[21/04/26 09:21:09][src.callback.progress][INFO] - Epoch 294 step 56450/192: loss 1.645e-01
[21/04/26 09:21:20][src.callback.progress][INFO] - Epoch 294 step 56500/192: loss 1.448e-01
[21/04/26 09:21:30][src.callback.progress][INFO] - Epoch 294 step 56550/192: loss 1.651e-01
[21/04/26 09:21:41][src.callback.progress][INFO] - Epoch 294 step 56600/192: loss 1.758e-01
[21/04/26 09:21:51][src.callback.progress][INFO] - Epoch 294: v_recons 2.366e-01  recons 1.469e-01  v_loss 4.200e-01  loss 1.617e-01  v_latent 1.136e+00  latent 6.645e-01  v_kl 6.453e+01  kl 3.008e+01  v_contrastive 1.828e+00  contrastive 1.452e-01  v_t2m/len 1530  v_t2m/R01 19.67%  v_t2m/R02 24.04%  v_t2m/R03 32.54%  v_t2m/R05 42.68%  v_t2m/R10 56.27%  v_t2m/MedR 8.0%  v_m2t/len 1530  v_m2t/R01 21.62%  v_m2t/R02 25.62%  v_m2t/R03 33.91%  v_m2t/R05 41.31%  v_m2t/R10 54.18%  v_m2t/MedR 9.0%
[21/04/26 09:21:59][src.callback.progress][INFO] - Epoch 295 step 56650/192: loss 1.656e-01
[21/04/26 09:22:09][src.callback.progress][INFO] - Epoch 295 step 56700/192: loss 1.801e-01
[21/04/26 09:22:19][src.callback.progress][INFO] - Epoch 295 step 56750/192: loss 1.610e-01
[21/04/26 09:22:30][src.callback.progress][INFO] - Epoch 295 step 56800/192: loss 1.706e-01
[21/04/26 09:22:38][src.callback.progress][INFO] - Epoch 295: v_recons 2.340e-01  recons 1.462e-01  v_loss 4.164e-01  loss 1.609e-01  v_latent 1.134e+00  latent 6.637e-01  v_kl 6.526e+01  kl 3.001e+01  v_contrastive 1.818e+00  contrastive 1.440e-01  v_t2m/len 1530  v_t2m/R01 19.61%  v_t2m/R02 24.96%  v_t2m/R03 33.52%  v_t2m/R05 42.34%  v_t2m/R10 55.15%  v_t2m/MedR 8.0%  v_m2t/len 1530  v_m2t/R01 23.27%  v_m2t/R02 26.4%  v_m2t/R03 34.43%  v_m2t/R05 42.54%  v_m2t/R10 53.91%  v_m2t/MedR 9.0%
[21/04/26 09:22:47][src.callback.progress][INFO] - Epoch 296 step 56850/192: loss 1.367e-01
[21/04/26 09:22:58][src.callback.progress][INFO] - Epoch 296 step 56900/192: loss 1.701e-01
[21/04/26 09:23:09][src.callback.progress][INFO] - Epoch 296 step 56950/192: loss 1.695e-01
[21/04/26 09:23:19][src.callback.progress][INFO] - Epoch 296 step 57000/192: loss 1.474e-01
[21/04/26 09:23:26][src.callback.progress][INFO] - Epoch 296: v_recons 2.369e-01  recons 1.464e-01  v_loss 4.203e-01  loss 1.612e-01  v_latent 1.140e+00  latent 6.629e-01  v_kl 6.540e+01  kl 3.013e+01  v_contrastive 1.828e+00  contrastive 1.446e-01  v_t2m/len 1530  v_t2m/R01 18.43%  v_t2m/R02 24.12%  v_t2m/R03 33.33%  v_t2m/R05 41.83%  v_t2m/R10 55.02%  v_t2m/MedR 8.0%  v_m2t/len 1530  v_m2t/R01 22.87%  v_m2t/R02 26.4%  v_m2t/R03 34.84%  v_m2t/R05 41.56%  v_m2t/R10 53.27%  v_m2t/MedR 9.0%
[21/04/26 09:23:37][src.callback.progress][INFO] - Epoch 297 step 57050/192: loss 1.809e-01
[21/04/26 09:23:47][src.callback.progress][INFO] - Epoch 297 step 57100/192: loss 1.773e-01
[21/04/26 09:23:58][src.callback.progress][INFO] - Epoch 297 step 57150/192: loss 1.453e-01
[21/04/26 09:24:08][src.callback.progress][INFO] - Epoch 297 step 57200/192: loss 1.701e-01
[21/04/26 09:24:13][src.callback.progress][INFO] - Epoch 297: v_recons 2.349e-01  recons 1.461e-01  v_loss 4.165e-01  loss 1.605e-01  v_latent 1.138e+00  latent 6.617e-01  v_kl 6.530e+01  kl 3.000e+01  v_contrastive 1.809e+00  contrastive 1.417e-01  v_t2m/len 1530  v_t2m/R01 17.57%  v_t2m/R02 23.98%  v_t2m/R03 32.47%  v_t2m/R05 42.68%  v_t2m/R10 55.56%  v_t2m/MedR 8.0%  v_m2t/len 1530  v_m2t/R01 22.21%  v_m2t/R02 25.1%  v_m2t/R03 32.61%  v_m2t/R05 40.52%  v_m2t/R10 53.79%  v_m2t/MedR 9.0%
[21/04/26 09:24:25][src.callback.progress][INFO] - Epoch 298 step 57250/192: loss 1.548e-01
[21/04/26 09:24:36][src.callback.progress][INFO] - Epoch 298 step 57300/192: loss 1.626e-01
[21/04/26 09:24:47][src.callback.progress][INFO] - Epoch 298 step 57350/192: loss 1.723e-01
[21/04/26 09:24:57][src.callback.progress][INFO] - Epoch 298 step 57400/192: loss 1.619e-01
[21/04/26 09:25:00][src.callback.progress][INFO] - Epoch 298: v_recons 2.345e-01  recons 1.459e-01  v_loss 4.181e-01  loss 1.602e-01  v_latent 1.147e+00  latent 6.630e-01  v_kl 6.598e+01  kl 3.012e+01  v_contrastive 1.829e+00  contrastive 1.399e-01  v_t2m/len 1530  v_t2m/R01 18.95%  v_t2m/R02 24.12%  v_t2m/R03 34.11%  v_t2m/R05 42.41%  v_t2m/R10 56.54%  v_t2m/MedR 8.0%  v_m2t/len 1530  v_m2t/R01 21.76%  v_m2t/R02 25.15%  v_m2t/R03 34.38%  v_m2t/R05 42.29%  v_m2t/R10 54.25%  v_m2t/MedR 8.0%
[21/04/26 09:25:14][src.callback.progress][INFO] - Epoch 299 step 57450/192: loss 1.384e-01
[21/04/26 09:25:25][src.callback.progress][INFO] - Epoch 299 step 57500/192: loss 1.778e-01
[21/04/26 09:25:35][src.callback.progress][INFO] - Epoch 299 step 57550/192: loss 1.697e-01
[21/04/26 09:25:46][src.callback.progress][INFO] - Epoch 299 step 57600/192: loss 1.515e-01
[21/04/26 09:25:47][src.callback.progress][INFO] - Epoch 299: v_recons 2.358e-01  recons 1.458e-01  v_loss 4.211e-01  loss 1.602e-01  v_latent 1.148e+00  latent 6.628e-01  v_kl 6.591e+01  kl 3.015e+01  v_contrastive 1.846e+00  contrastive 1.418e-01  v_t2m/len 1530  v_t2m/R01 18.76%  v_t2m/R02 23.13%  v_t2m/R03 32.09%  v_t2m/R05 41.43%  v_t2m/R10 54.84%  v_t2m/MedR 9.0%  v_m2t/len 1530  v_m2t/R01 21.23%  v_m2t/R02 25.1%  v_m2t/R03 33.52%  v_m2t/R05 42.22%  v_m2t/R10 53.4%  v_m2t/MedR 9.0%
[21/04/26 09:26:04][src.callback.progress][INFO] - Epoch 300 step 57650/192: loss 1.709e-01
[21/04/26 09:26:15][src.callback.progress][INFO] - Epoch 300 step 57700/192: loss 1.581e-01
[21/04/26 09:26:25][src.callback.progress][INFO] - Epoch 300 step 57750/192: loss 1.924e-01
[21/04/26 09:26:36][src.callback.progress][INFO] - Epoch 300: v_recons 2.362e-01  recons 1.455e-01  v_loss 4.210e-01  loss 1.600e-01  v_latent 1.146e+00  latent 6.636e-01  v_kl 6.604e+01  kl 3.007e+01  v_contrastive 1.841e+00  contrastive 1.421e-01  v_t2m/len 1530  v_t2m/R01 18.88%  v_t2m/R02 23.92%  v_t2m/R03 32.61%  v_t2m/R05 42.61%  v_t2m/R10 55.41%  v_t2m/MedR 8.0%  v_m2t/len 1530  v_m2t/R01 21.82%  v_m2t/R02 25.81%  v_m2t/R03 34.11%  v_m2t/R05 41.43%  v_m2t/R10 53.91%  v_m2t/MedR 9.0%
[21/04/26 09:26:42][src.callback.progress][INFO] - Epoch 301 step 57800/192: loss 1.629e-01
[21/04/26 09:26:53][src.callback.progress][INFO] - Epoch 301 step 57850/192: loss 1.628e-01
[21/04/26 09:27:03][src.callback.progress][INFO] - Epoch 301 step 57900/192: loss 1.633e-01
[21/04/26 09:27:14][src.callback.progress][INFO] - Epoch 301 step 57950/192: loss 1.788e-01
[21/04/26 09:27:23][src.callback.progress][INFO] - Epoch 301: v_recons 2.368e-01  recons 1.464e-01  v_loss 4.205e-01  loss 1.613e-01  v_latent 1.146e+00  latent 6.688e-01  v_kl 6.633e+01  kl 3.056e+01  v_contrastive 1.831e+00  contrastive 1.463e-01  v_t2m/len 1530  v_t2m/R01 19.02%  v_t2m/R02 23.65%  v_t2m/R03 31.7%  v_t2m/R05 41.63%  v_t2m/R10 55.22%  v_t2m/MedR 9.0%  v_m2t/len 1530  v_m2t/R01 22.03%  v_m2t/R02 25.1%  v_m2t/R03 32.15%  v_m2t/R05 40.97%  v_m2t/R10 54.11%  v_m2t/MedR 9.0%
[21/04/26 09:27:32][src.callback.progress][INFO] - Epoch 302 step 58000/192: loss 1.677e-01
[21/04/26 09:27:42][src.callback.progress][INFO] - Epoch 302 step 58050/192: loss 1.590e-01
[21/04/26 09:27:53][src.callback.progress][INFO] - Epoch 302 step 58100/192: loss 1.602e-01
[21/04/26 09:28:03][src.callback.progress][INFO] - Epoch 302 step 58150/192: loss 1.664e-01
[21/04/26 09:28:11][src.callback.progress][INFO] - Epoch 302: v_recons 2.363e-01  recons 1.463e-01  v_loss 4.202e-01  loss 1.610e-01  v_latent 1.142e+00  latent 6.683e-01  v_kl 6.638e+01  kl 3.051e+01  v_contrastive 1.832e+00  contrastive 1.443e-01  v_t2m/len 1530  v_t2m/R01 19.07%  v_t2m/R02 23.65%  v_t2m/R03 31.62%  v_t2m/R05 42.81%  v_t2m/R10 55.29%  v_t2m/MedR 8.0%  v_m2t/len 1530  v_m2t/R01 23.27%  v_m2t/R02 25.62%  v_m2t/R03 35.29%  v_m2t/R05 43.06%  v_m2t/R10 54.5%  v_m2t/MedR 8.0%
[21/04/26 09:28:22][src.callback.progress][INFO] - Epoch 303 step 58200/192: loss 1.703e-01
[21/04/26 09:28:32][src.callback.progress][INFO] - Epoch 303 step 58250/192: loss 1.530e-01
[21/04/26 09:28:43][src.callback.progress][INFO] - Epoch 303 step 58300/192: loss 1.621e-01
[21/04/26 09:28:53][src.callback.progress][INFO] - Epoch 303 step 58350/192: loss 1.519e-01
[21/04/26 09:28:59][src.callback.progress][INFO] - Epoch 303: v_recons 2.360e-01  recons 1.453e-01  v_loss 4.195e-01  loss 1.596e-01  v_latent 1.145e+00  latent 6.635e-01  v_kl 6.591e+01  kl 3.040e+01  v_contrastive 1.828e+00  contrastive 1.404e-01  v_t2m/len 1530  v_t2m/R01 20.45%  v_t2m/R02 24.3%  v_t2m/R03 32.15%  v_t2m/R05 41.43%  v_t2m/R10 55.68%  v_t2m/MedR 8.0%  v_m2t/len 1530  v_m2t/R01 22.8%  v_m2t/R02 25.69%  v_m2t/R03 34.04%  v_m2t/R05 41.83%  v_m2t/R10 54.38%  v_m2t/MedR 9.0%
[21/04/26 09:29:11][src.callback.progress][INFO] - Epoch 304 step 58400/192: loss 1.699e-01
[21/04/26 09:29:22][src.callback.progress][INFO] - Epoch 304 step 58450/192: loss 1.717e-01
[21/04/26 09:29:32][src.callback.progress][INFO] - Epoch 304 step 58500/192: loss 1.634e-01
[21/04/26 09:29:43][src.callback.progress][INFO] - Epoch 304 step 58550/192: loss 1.690e-01
[21/04/26 09:29:46][src.callback.progress][INFO] - Epoch 304: v_recons 2.361e-01  recons 1.456e-01  v_loss 4.158e-01  loss 1.602e-01  v_latent 1.138e+00  latent 6.659e-01  v_kl 6.545e+01  kl 3.032e+01  v_contrastive 1.791e+00  contrastive 1.437e-01  v_t2m/len 1530  v_t2m/R01 18.95%  v_t2m/R02 24.57%  v_t2m/R03 32.22%  v_t2m/R05 42.09%  v_t2m/R10 56.72%  v_t2m/MedR 8.0%  v_m2t/len 1530  v_m2t/R01 22.15%  v_m2t/R02 25.36%  v_m2t/R03 34.11%  v_m2t/R05 42.75%  v_m2t/R10 54.97%  v_m2t/MedR 8.0%
[21/04/26 09:30:00][src.callback.progress][INFO] - Epoch 305 step 58600/192: loss 1.605e-01
[21/04/26 09:30:11][src.callback.progress][INFO] - Epoch 305 step 58650/192: loss 1.790e-01
[21/04/26 09:30:21][src.callback.progress][INFO] - Epoch 305 step 58700/192: loss 1.654e-01
[21/04/26 09:30:32][src.callback.progress][INFO] - Epoch 305 step 58750/192: loss 1.532e-01
[21/04/26 09:30:34][src.callback.progress][INFO] - Epoch 305: v_recons 2.349e-01  recons 1.454e-01  v_loss 4.197e-01  loss 1.600e-01  v_latent 1.145e+00  latent 6.656e-01  v_kl 6.632e+01  kl 3.053e+01  v_contrastive 1.841e+00  contrastive 1.421e-01  v_t2m/len 1530  v_t2m/R01 18.81%  v_t2m/R02 22.29%  v_t2m/R03 32.29%  v_t2m/R05 42.02%  v_t2m/R10 55.49%  v_t2m/MedR 8.0%  v_m2t/len 1530  v_m2t/R01 22.87%  v_m2t/R02 25.75%  v_m2t/R03 33.06%  v_m2t/R05 43.0%  v_m2t/R10 54.7%  v_m2t/MedR 8.0%
[21/04/26 09:30:49][src.callback.progress][INFO] - Epoch 306 step 58800/192: loss 1.475e-01
[21/04/26 09:31:00][src.callback.progress][INFO] - Epoch 306 step 58850/192: loss 1.665e-01
[21/04/26 09:31:10][src.callback.progress][INFO] - Epoch 306 step 58900/192: loss 1.518e-01
[21/04/26 09:31:21][src.callback.progress][INFO] - Epoch 306: v_recons 2.357e-01  recons 1.455e-01  v_loss 4.179e-01  loss 1.599e-01  v_latent 1.147e+00  latent 6.635e-01  v_kl 6.675e+01  kl 3.055e+01  v_contrastive 1.815e+00  contrastive 1.403e-01  v_t2m/len 1530  v_t2m/R01 19.35%  v_t2m/R02 23.98%  v_t2m/R03 31.5%  v_t2m/R05 41.95%  v_t2m/R10 56.13%  v_t2m/MedR 8.0%  v_m2t/len 1530  v_m2t/R01 22.35%  v_m2t/R02 25.87%  v_m2t/R03 32.81%  v_m2t/R05 41.95%  v_m2t/R10 54.25%  v_m2t/MedR 8.0%
[21/04/26 09:31:28][src.callback.progress][INFO] - Epoch 307 step 58950/192: loss 1.750e-01
[21/04/26 09:31:38][src.callback.progress][INFO] - Epoch 307 step 59000/192: loss 1.602e-01
[21/04/26 09:31:49][src.callback.progress][INFO] - Epoch 307 step 59050/192: loss 1.309e-01
[21/04/26 09:32:00][src.callback.progress][INFO] - Epoch 307 step 59100/192: loss 1.686e-01
[21/04/26 09:32:09][src.callback.progress][INFO] - Epoch 307: v_recons 2.358e-01  recons 1.446e-01  v_loss 4.187e-01  loss 1.586e-01  v_latent 1.152e+00  latent 6.612e-01  v_kl 6.664e+01  kl 3.026e+01  v_contrastive 1.822e+00  contrastive 1.364e-01  v_t2m/len 1530  v_t2m/R01 20.06%  v_t2m/R02 23.86%  v_t2m/R03 33.33%  v_t2m/R05 41.04%  v_t2m/R10 56.4%  v_t2m/MedR 8.0%  v_m2t/len 1530  v_m2t/R01 22.09%  v_m2t/R02 25.15%  v_m2t/R03 33.33%  v_m2t/R05 42.81%  v_m2t/R10 53.33%  v_m2t/MedR 9.0%
[21/04/26 09:32:17][src.callback.progress][INFO] - Epoch 308 step 59150/192: loss 1.653e-01
[21/04/26 09:32:27][src.callback.progress][INFO] - Epoch 308 step 59200/192: loss 1.855e-01
[21/04/26 09:32:38][src.callback.progress][INFO] - Epoch 308 step 59250/192: loss 1.438e-01
[21/04/26 09:32:49][src.callback.progress][INFO] - Epoch 308 step 59300/192: loss 1.693e-01
[21/04/26 09:32:56][src.callback.progress][INFO] - Epoch 308: v_recons 2.371e-01  recons 1.440e-01  v_loss 4.209e-01  loss 1.581e-01  v_latent 1.154e+00  latent 6.613e-01  v_kl 6.756e+01  kl 3.039e+01  v_contrastive 1.831e+00  contrastive 1.379e-01  v_t2m/len 1530  v_t2m/R01 20.64%  v_t2m/R02 25.42%  v_t2m/R03 33.33%  v_t2m/R05 41.36%  v_t2m/R10 55.15%  v_t2m/MedR 8.0%  v_m2t/len 1530  v_m2t/R01 22.15%  v_m2t/R02 25.36%  v_m2t/R03 32.68%  v_m2t/R05 41.9%  v_m2t/R10 52.81%  v_m2t/MedR 9.0%
[21/04/26 09:33:06][src.callback.progress][INFO] - Epoch 309 step 59350/192: loss 1.635e-01
[21/04/26 09:33:17][src.callback.progress][INFO] - Epoch 309 step 59400/192: loss 1.615e-01
[21/04/26 09:33:27][src.callback.progress][INFO] - Epoch 309 step 59450/192: loss 1.449e-01
[21/04/26 09:33:38][src.callback.progress][INFO] - Epoch 309 step 59500/192: loss 1.269e-01
[21/04/26 09:33:43][src.callback.progress][INFO] - Epoch 309: v_recons 2.397e-01  recons 1.439e-01  v_loss 4.222e-01  loss 1.579e-01  v_latent 1.154e+00  latent 6.611e-01  v_kl 6.710e+01  kl 3.033e+01  v_contrastive 1.818e+00  contrastive 1.369e-01  v_t2m/len 1530  v_t2m/R01 19.79%  v_t2m/R02 23.98%  v_t2m/R03 33.45%  v_t2m/R05 43.4%  v_t2m/R10 55.68%  v_t2m/MedR 8.0%  v_m2t/len 1530  v_m2t/R01 22.09%  v_m2t/R02 25.36%  v_m2t/R03 33.79%  v_m2t/R05 41.63%  v_m2t/R10 53.72%  v_m2t/MedR 8.5%
[21/04/26 09:33:55][src.callback.progress][INFO] - Epoch 310 step 59550/192: loss 1.558e-01
[21/04/26 09:34:05][src.callback.progress][INFO] - Epoch 310 step 59600/192: loss 1.439e-01
[21/04/26 09:34:16][src.callback.progress][INFO] - Epoch 310 step 59650/192: loss 1.720e-01
[21/04/26 09:34:26][src.callback.progress][INFO] - Epoch 310 step 59700/192: loss 1.812e-01
[21/04/26 09:34:31][src.callback.progress][INFO] - Epoch 310: v_recons 2.367e-01  recons 1.442e-01  v_loss 4.221e-01  loss 1.581e-01  v_latent 1.158e+00  latent 6.617e-01  v_kl 6.793e+01  kl 3.053e+01  v_contrastive 1.847e+00  contrastive 1.354e-01  v_t2m/len 1530  v_t2m/R01 20.0%  v_t2m/R02 23.98%  v_t2m/R03 32.41%  v_t2m/R05 41.63%  v_t2m/R10 55.02%  v_t2m/MedR 9.0%  v_m2t/len 1530  v_m2t/R01 21.89%  v_m2t/R02 25.03%  v_m2t/R03 32.81%  v_m2t/R05 41.9%  v_m2t/R10 53.45%  v_m2t/MedR 9.0%
[21/04/26 09:34:44][src.callback.progress][INFO] - Epoch 311 step 59750/192: loss 1.630e-01
[21/04/26 09:34:55][src.callback.progress][INFO] - Epoch 311 step 59800/192: loss 1.659e-01
[21/04/26 09:35:05][src.callback.progress][INFO] - Epoch 311 step 59850/192: loss 1.531e-01
[21/04/26 09:35:16][src.callback.progress][INFO] - Epoch 311 step 59900/192: loss 1.631e-01
[21/04/26 09:35:18][src.callback.progress][INFO] - Epoch 311: v_recons 2.365e-01  recons 1.442e-01  v_loss 4.217e-01  loss 1.581e-01  v_latent 1.162e+00  latent 6.651e-01  v_kl 6.773e+01  kl 3.066e+01  v_contrastive 1.845e+00  contrastive 1.361e-01  v_t2m/len 1530  v_t2m/R01 19.54%  v_t2m/R02 23.53%  v_t2m/R03 31.04%  v_t2m/R05 41.04%  v_t2m/R10 55.02%  v_t2m/MedR 8.0%  v_m2t/len 1530  v_m2t/R01 21.7%  v_m2t/R02 25.22%  v_m2t/R03 33.79%  v_m2t/R05 41.5%  v_m2t/R10 53.91%  v_m2t/MedR 9.0%
[21/04/26 09:35:33][src.callback.progress][INFO] - Epoch 312 step 59950/192: loss 1.498e-01
[21/04/26 09:35:44][src.callback.progress][INFO] - Epoch 312 step 60000/192: loss 1.794e-01
[21/04/26 09:35:54][src.callback.progress][INFO] - Epoch 312 step 60050/192: loss 1.629e-01
[21/04/26 09:36:05][src.callback.progress][INFO] - Epoch 312: v_recons 2.343e-01  recons 1.447e-01  v_loss 4.170e-01  loss 1.588e-01  v_latent 1.162e+00  latent 6.674e-01  v_kl 6.742e+01  kl 3.081e+01  v_contrastive 1.821e+00  contrastive 1.379e-01  v_t2m/len 1530  v_t2m/R01 20.38%  v_t2m/R02 24.84%  v_t2m/R03 32.34%  v_t2m/R05 42.88%  v_t2m/R10 55.49%  v_t2m/MedR 8.0%  v_m2t/len 1530  v_m2t/R01 23.06%  v_m2t/R02 26.34%  v_m2t/R03 35.09%  v_m2t/R05 42.54%  v_m2t/R10 54.58%  v_m2t/MedR 8.0%
[21/04/26 09:36:12][src.callback.progress][INFO] - Epoch 313 step 60100/192: loss 1.576e-01
[21/04/26 09:36:22][src.callback.progress][INFO] - Epoch 313 step 60150/192: loss 1.585e-01
[21/04/26 09:36:32][src.callback.progress][INFO] - Epoch 313 step 60200/192: loss 1.572e-01
[21/04/26 09:36:43][src.callback.progress][INFO] - Epoch 313 step 60250/192: loss 1.463e-01
[21/04/26 09:36:53][src.callback.progress][INFO] - Epoch 313: v_recons 2.348e-01  recons 1.441e-01  v_loss 4.191e-01  loss 1.579e-01  v_latent 1.157e+00  latent 6.649e-01  v_kl 6.768e+01  kl 3.078e+01  v_contrastive 1.836e+00  contrastive 1.350e-01  v_t2m/len 1530  v_t2m/R01 19.21%  v_t2m/R02 23.92%  v_t2m/R03 32.81%  v_t2m/R05 42.02%  v_t2m/R10 55.22%  v_t2m/MedR 8.0%  v_m2t/len 1530  v_m2t/R01 21.95%  v_m2t/R02 25.1%  v_m2t/R03 33.27%  v_m2t/R05 41.31%  v_m2t/R10 52.34%  v_m2t/MedR 9.0%
[21/04/26 09:37:01][src.callback.progress][INFO] - Epoch 314 step 60300/192: loss 1.621e-01
[21/04/26 09:37:11][src.callback.progress][INFO] - Epoch 314 step 60350/192: loss 1.375e-01
[21/04/26 09:37:22][src.callback.progress][INFO] - Epoch 314 step 60400/192: loss 1.878e-01
[21/04/26 09:37:32][src.callback.progress][INFO] - Epoch 314 step 60450/192: loss 1.481e-01
[21/04/26 09:37:40][src.callback.progress][INFO] - Epoch 314: v_recons 2.373e-01  recons 1.442e-01  v_loss 4.216e-01  loss 1.582e-01  v_latent 1.161e+00  latent 6.648e-01  v_kl 6.851e+01  kl 3.088e+01  v_contrastive 1.836e+00  contrastive 1.367e-01  v_t2m/len 1530  v_t2m/R01 19.61%  v_t2m/R02 24.63%  v_t2m/R03 31.89%  v_t2m/R05 42.88%  v_t2m/R10 56.93%  v_t2m/MedR 7.0%  v_m2t/len 1530  v_m2t/R01 21.89%  v_m2t/R02 24.7%  v_m2t/R03 33.79%  v_m2t/R05 41.5%  v_m2t/R10 53.13%  v_m2t/MedR 9.0%
[21/04/26 09:37:50][src.callback.progress][INFO] - Epoch 315 step 60500/192: loss 1.690e-01
[21/04/26 09:38:00][src.callback.progress][INFO] - Epoch 315 step 60550/192: loss 1.524e-01
[21/04/26 09:38:11][src.callback.progress][INFO] - Epoch 315 step 60600/192: loss 1.720e-01
[21/04/26 09:38:21][src.callback.progress][INFO] - Epoch 315 step 60650/192: loss 1.835e-01
[21/04/26 09:38:28][src.callback.progress][INFO] - Epoch 315: v_recons 2.369e-01  recons 1.438e-01  v_loss 4.211e-01  loss 1.575e-01  v_latent 1.163e+00  latent 6.649e-01  v_kl 6.857e+01  kl 3.091e+01  v_contrastive 1.835e+00  contrastive 1.344e-01  v_t2m/len 1530  v_t2m/R01 19.21%  v_t2m/R02 23.39%  v_t2m/R03 31.89%  v_t2m/R05 42.15%  v_t2m/R10 54.97%  v_t2m/MedR 8.0%  v_m2t/len 1530  v_m2t/R01 23.06%  v_m2t/R02 26.13%  v_m2t/R03 33.27%  v_m2t/R05 41.36%  v_m2t/R10 53.52%  v_m2t/MedR 9.0%
[21/04/26 09:38:39][src.callback.progress][INFO] - Epoch 316 step 60700/192: loss 1.411e-01
[21/04/26 09:38:49][src.callback.progress][INFO] - Epoch 316 step 60750/192: loss 1.530e-01
[21/04/26 09:39:00][src.callback.progress][INFO] - Epoch 316 step 60800/192: loss 1.672e-01
[21/04/26 09:39:10][src.callback.progress][INFO] - Epoch 316 step 60850/192: loss 1.649e-01
[21/04/26 09:39:15][src.callback.progress][INFO] - Epoch 316: v_recons 2.379e-01  recons 1.434e-01  v_loss 4.194e-01  loss 1.572e-01  v_latent 1.158e+00  latent 6.615e-01  v_kl 6.761e+01  kl 3.075e+01  v_contrastive 1.808e+00  contrastive 1.345e-01  v_t2m/len 1530  v_t2m/R01 19.21%  v_t2m/R02 24.63%  v_t2m/R03 32.47%  v_t2m/R05 43.27%  v_t2m/R10 54.77%  v_t2m/MedR 8.0%  v_m2t/len 1530  v_m2t/R01 22.29%  v_m2t/R02 25.1%  v_m2t/R03 33.65%  v_m2t/R05 42.41%  v_m2t/R10 54.63%  v_m2t/MedR 9.0%
[21/04/26 09:39:28][src.callback.progress][INFO] - Epoch 317 step 60900/192: loss 1.599e-01
[21/04/26 09:39:38][src.callback.progress][INFO] - Epoch 317 step 60950/192: loss 1.755e-01
[21/04/26 09:39:49][src.callback.progress][INFO] - Epoch 317 step 61000/192: loss 1.469e-01
[21/04/26 09:39:59][src.callback.progress][INFO] - Epoch 317 step 61050/192: loss 1.605e-01
[21/04/26 09:40:02][src.callback.progress][INFO] - Epoch 317: v_recons 2.379e-01  recons 1.428e-01  v_loss 4.185e-01  loss 1.565e-01  v_latent 1.163e+00  latent 6.609e-01  v_kl 6.876e+01  kl 3.082e+01  v_contrastive 1.798e+00  contrastive 1.346e-01  v_t2m/len 1530  v_t2m/R01 20.78%  v_t2m/R02 26.2%  v_t2m/R03 32.88%  v_t2m/R05 42.47%  v_t2m/R10 55.56%  v_t2m/MedR 8.0%  v_m2t/len 1530  v_m2t/R01 22.09%  v_m2t/R02 25.03%  v_m2t/R03 33.27%  v_m2t/R05 41.7%  v_m2t/R10 54.97%  v_m2t/MedR 9.0%
[21/04/26 09:40:17][src.callback.progress][INFO] - Epoch 318 step 61100/192: loss 1.730e-01
[21/04/26 09:40:27][src.callback.progress][INFO] - Epoch 318 step 61150/192: loss 1.610e-01
[21/04/26 09:40:38][src.callback.progress][INFO] - Epoch 318 step 61200/192: loss 1.620e-01
[21/04/26 09:40:50][src.callback.progress][INFO] - Epoch 318: v_recons 2.370e-01  recons 1.440e-01  v_loss 4.218e-01  loss 1.581e-01  v_latent 1.167e+00  latent 6.708e-01  v_kl 6.861e+01  kl 3.140e+01  v_contrastive 1.841e+00  contrastive 1.380e-01  v_t2m/len 1530  v_t2m/R01 19.07%  v_t2m/R02 24.25%  v_t2m/R03 32.81%  v_t2m/R05 42.61%  v_t2m/R10 54.58%  v_t2m/MedR 8.0%  v_m2t/len 1530  v_m2t/R01 22.21%  v_m2t/R02 24.84%  v_m2t/R03 33.45%  v_m2t/R05 41.11%  v_m2t/R10 52.75%  v_m2t/MedR 9.0%
[21/04/26 09:40:55][src.callback.progress][INFO] - Epoch 319 step 61250/192: loss 1.620e-01
[21/04/26 09:41:05][src.callback.progress][INFO] - Epoch 319 step 61300/192: loss 1.481e-01
[21/04/26 09:41:16][src.callback.progress][INFO] - Epoch 319 step 61350/192: loss 1.501e-01
[21/04/26 09:41:27][src.callback.progress][INFO] - Epoch 319 step 61400/192: loss 1.564e-01
[21/04/26 09:41:37][src.callback.progress][INFO] - Epoch 319: v_recons 2.371e-01  recons 1.432e-01  v_loss 4.225e-01  loss 1.568e-01  v_latent 1.170e+00  latent 6.638e-01  v_kl 6.993e+01  kl 3.088e+01  v_contrastive 1.846e+00  contrastive 1.325e-01  v_t2m/len 1530  v_t2m/R01 18.55%  v_t2m/R02 23.53%  v_t2m/R03 32.68%  v_t2m/R05 42.15%  v_t2m/R10 55.02%  v_t2m/MedR 8.0%  v_m2t/len 1530  v_m2t/R01 22.21%  v_m2t/R02 25.81%  v_m2t/R03 33.52%  v_m2t/R05 42.61%  v_m2t/R10 53.72%  v_m2t/MedR 9.0%
[21/04/26 09:41:44][src.callback.progress][INFO] - Epoch 320 step 61450/192: loss 1.688e-01
[21/04/26 09:41:54][src.callback.progress][INFO] - Epoch 320 step 61500/192: loss 1.435e-01
[21/04/26 09:42:05][src.callback.progress][INFO] - Epoch 320 step 61550/192: loss 1.505e-01
[21/04/26 09:42:15][src.callback.progress][INFO] - Epoch 320 step 61600/192: loss 1.734e-01
[21/04/26 09:42:24][src.callback.progress][INFO] - Epoch 320: v_recons 2.356e-01  recons 1.437e-01  v_loss 4.209e-01  loss 1.577e-01  v_latent 1.170e+00  latent 6.698e-01  v_kl 6.855e+01  kl 3.129e+01  v_contrastive 1.846e+00  contrastive 1.373e-01  v_t2m/len 1530  v_t2m/R01 19.4%  v_t2m/R02 24.89%  v_t2m/R03 33.52%  v_t2m/R05 42.75%  v_t2m/R10 54.25%  v_t2m/MedR 8.0%  v_m2t/len 1530  v_m2t/R01 22.75%  v_m2t/R02 25.69%  v_m2t/R03 33.45%  v_m2t/R05 41.24%  v_m2t/R10 53.27%  v_m2t/MedR 9.0%
[21/04/26 09:42:32][src.callback.progress][INFO] - Epoch 321 step 61650/192: loss 1.543e-01
[21/04/26 09:42:43][src.callback.progress][INFO] - Epoch 321 step 61700/192: loss 1.595e-01
[21/04/26 09:42:53][src.callback.progress][INFO] - Epoch 321 step 61750/192: loss 1.429e-01
[21/04/26 09:43:04][src.callback.progress][INFO] - Epoch 321 step 61800/192: loss 1.666e-01
[21/04/26 09:43:11][src.callback.progress][INFO] - Epoch 321: v_recons 2.378e-01  recons 1.435e-01  v_loss 4.177e-01  loss 1.571e-01  v_latent 1.159e+00  latent 6.668e-01  v_kl 6.817e+01  kl 3.114e+01  v_contrastive 1.793e+00  contrastive 1.334e-01  v_t2m/len 1530  v_t2m/R01 19.61%  v_t2m/R02 23.32%  v_t2m/R03 31.89%  v_t2m/R05 41.43%  v_t2m/R10 54.9%  v_t2m/MedR 9.0%  v_m2t/len 1530  v_m2t/R01 23.01%  v_m2t/R02 25.95%  v_m2t/R03 33.4%  v_m2t/R05 41.75%  v_m2t/R10 53.33%  v_m2t/MedR 9.0%
[21/04/26 09:43:21][src.callback.progress][INFO] - Epoch 322 step 61850/192: loss 1.692e-01
[21/04/26 09:43:32][src.callback.progress][INFO] - Epoch 322 step 61900/192: loss 1.719e-01
[21/04/26 09:43:42][src.callback.progress][INFO] - Epoch 322 step 61950/192: loss 1.606e-01
[21/04/26 09:43:53][src.callback.progress][INFO] - Epoch 322 step 62000/192: loss 1.624e-01
[21/04/26 09:43:58][src.callback.progress][INFO] - Epoch 322: v_recons 2.387e-01  recons 1.426e-01  v_loss 4.203e-01  loss 1.560e-01  v_latent 1.166e+00  latent 6.631e-01  v_kl 6.937e+01  kl 3.096e+01  v_contrastive 1.808e+00  contrastive 1.301e-01  v_t2m/len 1530  v_t2m/R01 19.87%  v_t2m/R02 23.72%  v_t2m/R03 31.82%  v_t2m/R05 42.68%  v_t2m/R10 56.34%  v_t2m/MedR 8.0%  v_m2t/len 1530  v_m2t/R01 23.39%  v_m2t/R02 26.72%  v_m2t/R03 33.99%  v_m2t/R05 42.93%  v_m2t/R10 54.5%  v_m2t/MedR 9.0%
[21/04/26 09:44:10][src.callback.progress][INFO] - Epoch 323 step 62050/192: loss 1.527e-01
[21/04/26 09:44:21][src.callback.progress][INFO] - Epoch 323 step 62100/192: loss 1.706e-01
[21/04/26 09:44:31][src.callback.progress][INFO] - Epoch 323 step 62150/192: loss 1.739e-01
[21/04/26 09:44:42][src.callback.progress][INFO] - Epoch 323 step 62200/192: loss 1.675e-01
[21/04/26 09:44:45][src.callback.progress][INFO] - Epoch 323: v_recons 2.369e-01  recons 1.423e-01  v_loss 4.199e-01  loss 1.556e-01  v_latent 1.169e+00  latent 6.616e-01  v_kl 6.893e+01  kl 3.090e+01  v_contrastive 1.823e+00  contrastive 1.292e-01  v_t2m/len 1530  v_t2m/R01 19.47%  v_t2m/R02 24.57%  v_t2m/R03 32.54%  v_t2m/R05 42.47%  v_t2m/R10 56.13%  v_t2m/MedR 8.0%  v_m2t/len 1530  v_m2t/R01 21.7%  v_m2t/R02 25.48%  v_m2t/R03 33.27%  v_m2t/R05 40.72%  v_m2t/R10 54.18%  v_m2t/MedR 9.0%
[21/04/26 09:44:59][src.callback.progress][INFO] - Epoch 324 step 62250/192: loss 1.500e-01
[21/04/26 09:45:09][src.callback.progress][INFO] - Epoch 324 step 62300/192: loss 1.674e-01
[21/04/26 09:45:20][src.callback.progress][INFO] - Epoch 324 step 62350/192: loss 1.732e-01
[21/04/26 09:45:30][src.callback.progress][INFO] - Epoch 324 step 62400/192: loss 1.558e-01
[21/04/26 09:45:32][src.callback.progress][INFO] - Epoch 324: v_recons 2.360e-01  recons 1.425e-01  v_loss 4.187e-01  loss 1.558e-01  v_latent 1.165e+00  latent 6.631e-01  v_kl 6.893e+01  kl 3.101e+01  v_contrastive 1.820e+00  contrastive 1.303e-01  v_t2m/len 1530  v_t2m/R01 18.69%  v_t2m/R02 23.79%  v_t2m/R03 33.2%  v_t2m/R05 43.52%  v_t2m/R10 55.56%  v_t2m/MedR 8.0%  v_m2t/len 1530  v_m2t/R01 23.13%  v_m2t/R02 25.87%  v_m2t/R03 34.31%  v_m2t/R05 42.02%  v_m2t/R10 54.25%  v_m2t/MedR 9.0%
[21/04/26 09:45:48][src.callback.progress][INFO] - Epoch 325 step 62450/192: loss 1.716e-01
[21/04/26 09:45:58][src.callback.progress][INFO] - Epoch 325 step 62500/192: loss 1.936e-01
[21/04/26 09:46:09][src.callback.progress][INFO] - Epoch 325 step 62550/192: loss 1.508e-01
[21/04/26 09:46:19][src.callback.progress][INFO] - Epoch 325: v_recons 2.343e-01  recons 1.424e-01  v_loss 4.172e-01  loss 1.557e-01  v_latent 1.164e+00  latent 6.643e-01  v_kl 6.898e+01  kl 3.112e+01  v_contrastive 1.822e+00  contrastive 1.301e-01  v_t2m/len 1530  v_t2m/R01 20.78%  v_t2m/R02 24.7%  v_t2m/R03 32.47%  v_t2m/R05 42.09%  v_t2m/R10 55.29%  v_t2m/MedR 8.0%  v_m2t/len 1530  v_m2t/R01 22.09%  v_m2t/R02 25.69%  v_m2t/R03 34.11%  v_m2t/R05 43.13%  v_m2t/R10 54.38%  v_m2t/MedR 8.0%
[21/04/26 09:46:26][src.callback.progress][INFO] - Epoch 326 step 62600/192: loss 1.615e-01
[21/04/26 09:46:37][src.callback.progress][INFO] - Epoch 326 step 62650/192: loss 1.917e-01
[21/04/26 09:46:47][src.callback.progress][INFO] - Epoch 326 step 62700/192: loss 1.651e-01
[21/04/26 09:46:58][src.callback.progress][INFO] - Epoch 326 step 62750/192: loss 1.471e-01
[21/04/26 09:47:07][src.callback.progress][INFO] - Epoch 326: v_recons 2.386e-01  recons 1.426e-01  v_loss 4.204e-01  loss 1.562e-01  v_latent 1.170e+00  latent 6.688e-01  v_kl 6.857e+01  kl 3.130e+01  v_contrastive 1.811e+00  contrastive 1.329e-01  v_t2m/len 1530  v_t2m/R01 19.61%  v_t2m/R02 24.7%  v_t2m/R03 32.61%  v_t2m/R05 42.47%  v_t2m/R10 56.99%  v_t2m/MedR 8.0%  v_m2t/len 1530  v_m2t/R01 21.89%  v_m2t/R02 25.22%  v_m2t/R03 33.4%  v_m2t/R05 41.36%  v_m2t/R10 55.61%  v_m2t/MedR 8.0%
[21/04/26 09:47:15][src.callback.progress][INFO] - Epoch 327 step 62800/192: loss 1.755e-01
[21/04/26 09:47:26][src.callback.progress][INFO] - Epoch 327 step 62850/192: loss 1.571e-01
[21/04/26 09:47:36][src.callback.progress][INFO] - Epoch 327 step 62900/192: loss 1.344e-01
[21/04/26 09:47:47][src.callback.progress][INFO] - Epoch 327 step 62950/192: loss 1.464e-01
[21/04/26 09:47:54][src.callback.progress][INFO] - Epoch 327: v_recons 2.389e-01  recons 1.421e-01  v_loss 4.202e-01  loss 1.555e-01  v_latent 1.174e+00  latent 6.642e-01  v_kl 6.947e+01  kl 3.110e+01  v_contrastive 1.806e+00  contrastive 1.303e-01  v_t2m/len 1530  v_t2m/R01 19.28%  v_t2m/R02 23.39%  v_t2m/R03 32.68%  v_t2m/R05 41.9%  v_t2m/R10 55.95%  v_t2m/MedR 8.0%  v_m2t/len 1530  v_m2t/R01 22.47%  v_m2t/R02 25.55%  v_m2t/R03 33.06%  v_m2t/R05 41.31%  v_m2t/R10 54.43%  v_m2t/MedR 8.0%
[21/04/26 09:48:04][src.callback.progress][INFO] - Epoch 328 step 63000/192: loss 1.288e-01
[21/04/26 09:48:14][src.callback.progress][INFO] - Epoch 328 step 63050/192: loss 1.621e-01
[21/04/26 09:48:25][src.callback.progress][INFO] - Epoch 328 step 63100/192: loss 1.448e-01
[21/04/26 09:48:35][src.callback.progress][INFO] - Epoch 328 step 63150/192: loss 1.460e-01
[21/04/26 09:48:41][src.callback.progress][INFO] - Epoch 328: v_recons 2.369e-01  recons 1.429e-01  v_loss 4.215e-01  loss 1.564e-01  v_latent 1.176e+00  latent 6.702e-01  v_kl 7.037e+01  kl 3.157e+01  v_contrastive 1.839e+00  contrastive 1.325e-01  v_t2m/len 1530  v_t2m/R01 19.54%  v_t2m/R02 24.37%  v_t2m/R03 32.54%  v_t2m/R05 42.93%  v_t2m/R10 56.79%  v_t2m/MedR 8.0%  v_m2t/len 1530  v_m2t/R01 22.21%  v_m2t/R02 25.29%  v_m2t/R03 33.86%  v_m2t/R05 42.22%  v_m2t/R10 53.4%  v_m2t/MedR 9.0%
[21/04/26 09:48:52][src.callback.progress][INFO] - Epoch 329 step 63200/192: loss 1.394e-01
[21/04/26 09:49:03][src.callback.progress][INFO] - Epoch 329 step 63250/192: loss 1.858e-01
[21/04/26 09:49:13][src.callback.progress][INFO] - Epoch 329 step 63300/192: loss 1.596e-01
[21/04/26 09:49:24][src.callback.progress][INFO] - Epoch 329 step 63350/192: loss 1.489e-01
[21/04/26 09:49:28][src.callback.progress][INFO] - Epoch 329: v_recons 2.356e-01  recons 1.423e-01  v_loss 4.149e-01  loss 1.560e-01  v_latent 1.167e+00  latent 6.704e-01  v_kl 6.994e+01  kl 3.167e+01  v_contrastive 1.787e+00  contrastive 1.340e-01  v_t2m/len 1530  v_t2m/R01 20.0%  v_t2m/R02 24.25%  v_t2m/R03 33.45%  v_t2m/R05 43.79%  v_t2m/R10 56.27%  v_t2m/MedR 8.0%  v_m2t/len 1530  v_m2t/R01 21.95%  v_m2t/R02 25.48%  v_m2t/R03 34.63%  v_m2t/R05 41.95%  v_m2t/R10 54.7%  v_m2t/MedR 9.0%
[21/04/26 09:49:41][src.callback.progress][INFO] - Epoch 330 step 63400/192: loss 1.514e-01
[21/04/26 09:49:52][src.callback.progress][INFO] - Epoch 330 step 63450/192: loss 1.659e-01
[21/04/26 09:50:02][src.callback.progress][INFO] - Epoch 330 step 63500/192: loss 1.725e-01
[21/04/26 09:50:13][src.callback.progress][INFO] - Epoch 330 step 63550/192: loss 1.600e-01
[21/04/26 09:50:15][src.callback.progress][INFO] - Epoch 330: v_recons 2.368e-01  recons 1.421e-01  v_loss 4.215e-01  loss 1.554e-01  v_latent 1.181e+00  latent 6.658e-01  v_kl 7.050e+01  kl 3.132e+01  v_contrastive 1.840e+00  contrastive 1.300e-01  v_t2m/len 1530  v_t2m/R01 19.35%  v_t2m/R02 23.92%  v_t2m/R03 33.52%  v_t2m/R05 42.15%  v_t2m/R10 54.58%  v_t2m/MedR 8.0%  v_m2t/len 1530  v_m2t/R01 21.76%  v_m2t/R02 25.55%  v_m2t/R03 33.27%  v_m2t/R05 41.75%  v_m2t/R10 54.04%  v_m2t/MedR 9.0%
[21/04/26 09:50:30][src.callback.progress][INFO] - Epoch 331 step 63600/192: loss 1.255e-01
[21/04/26 09:50:41][src.callback.progress][INFO] - Epoch 331 step 63650/192: loss 1.458e-01
[21/04/26 09:50:51][src.callback.progress][INFO] - Epoch 331 step 63700/192: loss 1.721e-01
[21/04/26 09:51:02][src.callback.progress][INFO] - Epoch 331: v_recons 2.375e-01  recons 1.421e-01  v_loss 4.197e-01  loss 1.555e-01  v_latent 1.176e+00  latent 6.696e-01  v_kl 6.961e+01  kl 3.175e+01  v_contrastive 1.815e+00  contrastive 1.307e-01  v_t2m/len 1530  v_t2m/R01 19.61%  v_t2m/R02 24.96%  v_t2m/R03 32.34%  v_t2m/R05 42.09%  v_t2m/R10 54.63%  v_t2m/MedR 8.0%  v_m2t/len 1530  v_m2t/R01 22.29%  v_m2t/R02 25.22%  v_m2t/R03 33.72%  v_m2t/R05 42.88%  v_m2t/R10 54.11%  v_m2t/MedR 9.0%
[21/04/26 09:51:09][src.callback.progress][INFO] - Epoch 332 step 63750/192: loss 1.598e-01
[21/04/26 09:51:19][src.callback.progress][INFO] - Epoch 332 step 63800/192: loss 1.437e-01
[21/04/26 09:51:30][src.callback.progress][INFO] - Epoch 332 step 63850/192: loss 1.688e-01
[21/04/26 09:51:40][src.callback.progress][INFO] - Epoch 332 step 63900/192: loss 1.505e-01
[21/04/26 09:51:49][src.callback.progress][INFO] - Epoch 332: v_recons 2.374e-01  recons 1.419e-01  v_loss 4.208e-01  loss 1.553e-01  v_latent 1.183e+00  latent 6.670e-01  v_kl 7.030e+01  kl 3.140e+01  v_contrastive 1.826e+00  contrastive 1.312e-01  v_t2m/len 1530  v_t2m/R01 19.21%  v_t2m/R02 24.7%  v_t2m/R03 33.13%  v_t2m/R05 43.27%  v_t2m/R10 55.68%  v_t2m/MedR 8.0%  v_m2t/len 1530  v_m2t/R01 22.15%  v_m2t/R02 25.03%  v_m2t/R03 32.88%  v_m2t/R05 41.95%  v_m2t/R10 53.91%  v_m2t/MedR 9.0%
[21/04/26 09:51:57][src.callback.progress][INFO] - Epoch 333 step 63950/192: loss 1.648e-01
[21/04/26 09:52:08][src.callback.progress][INFO] - Epoch 333 step 64000/192: loss 1.479e-01
[21/04/26 09:52:18][src.callback.progress][INFO] - Epoch 333 step 64050/192: loss 1.495e-01
[21/04/26 09:52:29][src.callback.progress][INFO] - Epoch 333 step 64100/192: loss 1.625e-01
[21/04/26 09:52:37][src.callback.progress][INFO] - Epoch 333: v_recons 2.380e-01  recons 1.412e-01  v_loss 4.201e-01  loss 1.544e-01  v_latent 1.181e+00  latent 6.636e-01  v_kl 7.101e+01  kl 3.124e+01  v_contrastive 1.814e+00  contrastive 1.282e-01  v_t2m/len 1530  v_t2m/R01 18.88%  v_t2m/R02 24.04%  v_t2m/R03 32.22%  v_t2m/R05 42.47%  v_t2m/R10 55.49%  v_t2m/MedR 8.0%  v_m2t/len 1530  v_m2t/R01 22.47%  v_m2t/R02 25.95%  v_m2t/R03 33.52%  v_m2t/R05 42.09%  v_m2t/R10 53.59%  v_m2t/MedR 9.0%
[21/04/26 09:52:46][src.callback.progress][INFO] - Epoch 334 step 64150/192: loss 1.435e-01
[21/04/26 09:52:57][src.callback.progress][INFO] - Epoch 334 step 64200/192: loss 1.843e-01
[21/04/26 09:53:07][src.callback.progress][INFO] - Epoch 334 step 64250/192: loss 1.599e-01
[21/04/26 09:53:18][src.callback.progress][INFO] - Epoch 334 step 64300/192: loss 1.636e-01
[21/04/26 09:53:24][src.callback.progress][INFO] - Epoch 334: v_recons 2.372e-01  recons 1.417e-01  v_loss 4.177e-01  loss 1.548e-01  v_latent 1.177e+00  latent 6.680e-01  v_kl 7.077e+01  kl 3.157e+01  v_contrastive 1.798e+00  contrastive 1.282e-01  v_t2m/len 1530  v_t2m/R01 18.69%  v_t2m/R02 23.59%  v_t2m/R03 33.91%  v_t2m/R05 42.93%  v_t2m/R10 56.66%  v_t2m/MedR 8.0%  v_m2t/len 1530  v_m2t/R01 22.09%  v_m2t/R02 25.81%  v_m2t/R03 33.4%  v_m2t/R05 42.47%  v_m2t/R10 54.58%  v_m2t/MedR 8.0%
[21/04/26 09:53:36][src.callback.progress][INFO] - Epoch 335 step 64350/192: loss 1.422e-01
[21/04/26 09:53:47][src.callback.progress][INFO] - Epoch 335 step 64400/192: loss 1.352e-01
[21/04/26 09:53:57][src.callback.progress][INFO] - Epoch 335 step 64450/192: loss 1.417e-01
[21/04/26 09:54:08][src.callback.progress][INFO] - Epoch 335 step 64500/192: loss 1.420e-01
[21/04/26 09:54:12][src.callback.progress][INFO] - Epoch 335: v_recons 2.378e-01  recons 1.411e-01  v_loss 4.184e-01  loss 1.542e-01  v_latent 1.178e+00  latent 6.630e-01  v_kl 6.998e+01  kl 3.137e+01  v_contrastive 1.799e+00  contrastive 1.271e-01  v_t2m/len 1530  v_t2m/R01 19.54%  v_t2m/R02 24.18%  v_t2m/R03 32.47%  v_t2m/R05 42.41%  v_t2m/R10 57.18%  v_t2m/MedR 8.0%  v_m2t/len 1530  v_m2t/R01 21.76%  v_m2t/R02 25.81%  v_m2t/R03 33.52%  v_m2t/R05 42.41%  v_m2t/R10 55.15%  v_m2t/MedR 8.0%
[21/04/26 09:54:25][src.callback.progress][INFO] - Epoch 336 step 64550/192: loss 1.618e-01
[21/04/26 09:54:36][src.callback.progress][INFO] - Epoch 336 step 64600/192: loss 1.566e-01
[21/04/26 09:54:46][src.callback.progress][INFO] - Epoch 336 step 64650/192: loss 1.573e-01
[21/04/26 09:54:57][src.callback.progress][INFO] - Epoch 336 step 64700/192: loss 1.489e-01
[21/04/26 09:54:59][src.callback.progress][INFO] - Epoch 336: v_recons 2.380e-01  recons 1.408e-01  v_loss 4.198e-01  loss 1.536e-01  v_latent 1.187e+00  latent 6.612e-01  v_kl 7.162e+01  kl 3.143e+01  v_contrastive 1.811e+00  contrastive 1.255e-01  v_t2m/len 1530  v_t2m/R01 19.73%  v_t2m/R02 25.29%  v_t2m/R03 34.11%  v_t2m/R05 43.99%  v_t2m/R10 56.08%  v_t2m/MedR 8.0%  v_m2t/len 1530  v_m2t/R01 22.03%  v_m2t/R02 24.84%  v_m2t/R03 34.5%  v_m2t/R05 42.22%  v_m2t/R10 54.43%  v_m2t/MedR 8.0%
[21/04/26 09:55:14][src.callback.progress][INFO] - Epoch 337 step 64750/192: loss 1.781e-01
[21/04/26 09:55:24][src.callback.progress][INFO] - Epoch 337 step 64800/192: loss 1.621e-01
[21/04/26 09:55:35][src.callback.progress][INFO] - Epoch 337 step 64850/192: loss 1.463e-01
[21/04/26 09:55:46][src.callback.progress][INFO] - Epoch 337: v_recons 2.392e-01  recons 1.406e-01  v_loss 4.218e-01  loss 1.536e-01  v_latent 1.181e+00  latent 6.640e-01  v_kl 7.100e+01  kl 3.144e+01  v_contrastive 1.818e+00  contrastive 1.268e-01  v_t2m/len 1530  v_t2m/R01 20.26%  v_t2m/R02 25.15%  v_t2m/R03 33.91%  v_t2m/R05 43.0%  v_t2m/R10 57.18%  v_t2m/MedR 8.0%  v_m2t/len 1530  v_m2t/R01 22.8%  v_m2t/R02 25.75%  v_m2t/R03 34.63%  v_m2t/R05 42.61%  v_m2t/R10 54.63%  v_m2t/MedR 9.0%
[21/04/26 09:55:52][src.callback.progress][INFO] - Epoch 338 step 64900/192: loss 1.553e-01
[21/04/26 09:56:03][src.callback.progress][INFO] - Epoch 338 step 64950/192: loss 1.534e-01
[21/04/26 09:56:13][src.callback.progress][INFO] - Epoch 338 step 65000/192: loss 1.387e-01
[21/04/26 09:56:24][src.callback.progress][INFO] - Epoch 338 step 65050/192: loss 1.814e-01
[21/04/26 09:56:33][src.callback.progress][INFO] - Epoch 338: v_recons 2.385e-01  recons 1.408e-01  v_loss 4.208e-01  loss 1.539e-01  v_latent 1.187e+00  latent 6.666e-01  v_kl 7.184e+01  kl 3.167e+01  v_contrastive 1.816e+00  contrastive 1.277e-01  v_t2m/len 1530  v_t2m/R01 18.95%  v_t2m/R02 23.86%  v_t2m/R03 33.0%  v_t2m/R05 42.68%  v_t2m/R10 56.66%  v_t2m/MedR 8.0%  v_m2t/len 1530  v_m2t/R01 23.2%  v_m2t/R02 26.67%  v_m2t/R03 34.5%  v_m2t/R05 42.22%  v_m2t/R10 54.7%  v_m2t/MedR 9.0%
[21/04/26 09:56:41][src.callback.progress][INFO] - Epoch 339 step 65100/192: loss 1.445e-01
[21/04/26 09:56:52][src.callback.progress][INFO] - Epoch 339 step 65150/192: loss 1.420e-01
[21/04/26 09:57:02][src.callback.progress][INFO] - Epoch 339 step 65200/192: loss 1.793e-01
[21/04/26 09:57:13][src.callback.progress][INFO] - Epoch 339 step 65250/192: loss 1.501e-01
[21/04/26 09:57:21][src.callback.progress][INFO] - Epoch 339: v_recons 2.386e-01  recons 1.411e-01  v_loss 4.218e-01  loss 1.539e-01  v_latent 1.190e+00  latent 6.650e-01  v_kl 7.152e+01  kl 3.162e+01  v_contrastive 1.825e+00  contrastive 1.250e-01  v_t2m/len 1530  v_t2m/R01 18.55%  v_t2m/R02 22.87%  v_t2m/R03 32.15%  v_t2m/R05 42.54%  v_t2m/R10 56.27%  v_t2m/MedR 8.0%  v_m2t/len 1530  v_m2t/R01 21.3%  v_m2t/R02 24.89%  v_m2t/R03 33.0%  v_m2t/R05 40.65%  v_m2t/R10 54.04%  v_m2t/MedR 9.0%
[21/04/26 09:57:30][src.callback.progress][INFO] - Epoch 340 step 65300/192: loss 1.288e-01
[21/04/26 09:57:40][src.callback.progress][INFO] - Epoch 340 step 65350/192: loss 1.526e-01
[21/04/26 09:57:51][src.callback.progress][INFO] - Epoch 340 step 65400/192: loss 1.643e-01
[21/04/26 09:58:01][src.callback.progress][INFO] - Epoch 340 step 65450/192: loss 1.553e-01
[21/04/26 09:58:08][src.callback.progress][INFO] - Epoch 340: v_recons 2.394e-01  recons 1.405e-01  v_loss 4.225e-01  loss 1.533e-01  v_latent 1.187e+00  latent 6.644e-01  v_kl 7.119e+01  kl 3.157e+01  v_contrastive 1.824e+00  contrastive 1.246e-01  v_t2m/len 1530  v_t2m/R01 19.61%  v_t2m/R02 24.37%  v_t2m/R03 33.0%  v_t2m/R05 42.54%  v_t2m/R10 54.97%  v_t2m/MedR 8.0%  v_m2t/len 1530  v_m2t/R01 22.68%  v_m2t/R02 25.69%  v_m2t/R03 34.58%  v_m2t/R05 42.22%  v_m2t/R10 54.9%  v_m2t/MedR 9.0%
[21/04/26 09:58:18][src.callback.progress][INFO] - Epoch 341 step 65500/192: loss 1.351e-01
[21/04/26 09:58:29][src.callback.progress][INFO] - Epoch 341 step 65550/192: loss 1.529e-01
[21/04/26 09:58:40][src.callback.progress][INFO] - Epoch 341 step 65600/192: loss 1.614e-01
[21/04/26 09:58:50][src.callback.progress][INFO] - Epoch 341 step 65650/192: loss 1.765e-01
[21/04/26 09:58:55][src.callback.progress][INFO] - Epoch 341: v_recons 2.380e-01  recons 1.406e-01  v_loss 4.202e-01  loss 1.530e-01  v_latent 1.182e+00  latent 6.623e-01  v_kl 7.124e+01  kl 3.152e+01  v_contrastive 1.815e+00  contrastive 1.216e-01  v_t2m/len 1530  v_t2m/R01 19.47%  v_t2m/R02 23.98%  v_t2m/R03 32.29%  v_t2m/R05 43.33%  v_t2m/R10 55.49%  v_t2m/MedR 8.0%  v_m2t/len 1530  v_m2t/R01 22.61%  v_m2t/R02 25.36%  v_m2t/R03 33.2%  v_m2t/R05 42.09%  v_m2t/R10 55.61%  v_m2t/MedR 8.0%
[21/04/26 09:59:08][src.callback.progress][INFO] - Epoch 342 step 65700/192: loss 1.369e-01
[21/04/26 09:59:18][src.callback.progress][INFO] - Epoch 342 step 65750/192: loss 1.400e-01
[21/04/26 09:59:29][src.callback.progress][INFO] - Epoch 342 step 65800/192: loss 1.580e-01
[21/04/26 09:59:39][src.callback.progress][INFO] - Epoch 342 step 65850/192: loss 1.409e-01
[21/04/26 09:59:42][src.callback.progress][INFO] - Epoch 342: v_recons 2.371e-01  recons 1.404e-01  v_loss 4.213e-01  loss 1.533e-01  v_latent 1.193e+00  latent 6.644e-01  v_kl 7.215e+01  kl 3.167e+01  v_contrastive 1.834e+00  contrastive 1.266e-01  v_t2m/len 1530  v_t2m/R01 20.06%  v_t2m/R02 24.63%  v_t2m/R03 31.18%  v_t2m/R05 41.75%  v_t2m/R10 55.68%  v_t2m/MedR 8.0%  v_m2t/len 1530  v_m2t/R01 21.3%  v_m2t/R02 24.57%  v_m2t/R03 33.13%  v_m2t/R05 41.7%  v_m2t/R10 54.25%  v_m2t/MedR 8.0%
[21/04/26 09:59:56][src.callback.progress][INFO] - Epoch 343 step 65900/192: loss 1.254e-01
[21/04/26 10:00:07][src.callback.progress][INFO] - Epoch 343 step 65950/192: loss 1.622e-01
[21/04/26 10:00:17][src.callback.progress][INFO] - Epoch 343 step 66000/192: loss 1.663e-01
[21/04/26 10:00:29][src.callback.progress][INFO] - Epoch 343: v_recons 2.376e-01  recons 1.400e-01  v_loss 4.209e-01  loss 1.530e-01  v_latent 1.191e+00  latent 6.650e-01  v_kl 7.197e+01  kl 3.170e+01  v_contrastive 1.825e+00  contrastive 1.269e-01  v_t2m/len 1530  v_t2m/R01 19.14%  v_t2m/R02 24.18%  v_t2m/R03 32.81%  v_t2m/R05 42.34%  v_t2m/R10 54.58%  v_t2m/MedR 8.0%  v_m2t/len 1530  v_m2t/R01 22.03%  v_m2t/R02 25.62%  v_m2t/R03 33.72%  v_m2t/R05 42.29%  v_m2t/R10 53.72%  v_m2t/MedR 9.0%
[21/04/26 10:00:34][src.callback.progress][INFO] - Epoch 344 step 66050/192: loss 1.265e-01
[21/04/26 10:00:45][src.callback.progress][INFO] - Epoch 344 step 66100/192: loss 1.202e-01
[21/04/26 10:00:55][src.callback.progress][INFO] - Epoch 344 step 66150/192: loss 1.747e-01
[21/04/26 10:01:06][src.callback.progress][INFO] - Epoch 344 step 66200/192: loss 1.391e-01
[21/04/26 10:01:16][src.callback.progress][INFO] - Epoch 344: v_recons 2.391e-01  recons 1.406e-01  v_loss 4.218e-01  loss 1.533e-01  v_latent 1.192e+00  latent 6.657e-01  v_kl 7.152e+01  kl 3.189e+01  v_contrastive 1.820e+00  contrastive 1.240e-01  v_t2m/len 1530  v_t2m/R01 19.67%  v_t2m/R02 24.63%  v_t2m/R03 33.52%  v_t2m/R05 43.13%  v_t2m/R10 55.49%  v_t2m/MedR 8.0%  v_m2t/len 1530  v_m2t/R01 23.13%  v_m2t/R02 25.62%  v_m2t/R03 33.91%  v_m2t/R05 43.33%  v_m2t/R10 54.58%  v_m2t/MedR 8.0%
[21/04/26 10:01:23][src.callback.progress][INFO] - Epoch 345 step 66250/192: loss 1.473e-01
[21/04/26 10:01:34][src.callback.progress][INFO] - Epoch 345 step 66300/192: loss 1.639e-01
[21/04/26 10:01:44][src.callback.progress][INFO] - Epoch 345 step 66350/192: loss 1.655e-01
[21/04/26 10:01:55][src.callback.progress][INFO] - Epoch 345 step 66400/192: loss 1.529e-01
[21/04/26 10:02:03][src.callback.progress][INFO] - Epoch 345: v_recons 2.397e-01  recons 1.402e-01  v_loss 4.245e-01  loss 1.530e-01  v_latent 1.197e+00  latent 6.668e-01  v_kl 7.308e+01  kl 3.201e+01  v_contrastive 1.841e+00  contrastive 1.252e-01  v_t2m/len 1530  v_t2m/R01 19.4%  v_t2m/R02 22.94%  v_t2m/R03 32.34%  v_t2m/R05 41.9%  v_t2m/R10 54.63%  v_t2m/MedR 8.0%  v_m2t/len 1530  v_m2t/R01 22.61%  v_m2t/R02 24.96%  v_m2t/R03 32.22%  v_m2t/R05 41.31%  v_m2t/R10 53.45%  v_m2t/MedR 9.0%
[21/04/26 10:02:12][src.callback.progress][INFO] - Epoch 346 step 66450/192: loss 1.586e-01
[21/04/26 10:02:22][src.callback.progress][INFO] - Epoch 346 step 66500/192: loss 1.463e-01
[21/04/26 10:02:33][src.callback.progress][INFO] - Epoch 346 step 66550/192: loss 1.637e-01
[21/04/26 10:02:44][src.callback.progress][INFO] - Epoch 346 step 66600/192: loss 1.519e-01
[21/04/26 10:02:51][src.callback.progress][INFO] - Epoch 346: v_recons 2.373e-01  recons 1.398e-01  v_loss 4.215e-01  loss 1.525e-01  v_latent 1.199e+00  latent 6.646e-01  v_kl 7.294e+01  kl 3.185e+01  v_contrastive 1.835e+00  contrastive 1.236e-01  v_t2m/len 1530  v_t2m/R01 19.21%  v_t2m/R02 23.45%  v_t2m/R03 32.34%  v_t2m/R05 41.31%  v_t2m/R10 55.22%  v_t2m/MedR 8.0%  v_m2t/len 1530  v_m2t/R01 21.18%  v_m2t/R02 24.51%  v_m2t/R03 32.88%  v_m2t/R05 41.43%  v_m2t/R10 53.45%  v_m2t/MedR 9.0%
[21/04/26 10:03:01][src.callback.progress][INFO] - Epoch 347 step 66650/192: loss 1.326e-01
[21/04/26 10:03:12][src.callback.progress][INFO] - Epoch 347 step 66700/192: loss 1.613e-01
[21/04/26 10:03:22][src.callback.progress][INFO] - Epoch 347 step 66750/192: loss 1.436e-01
[21/04/26 10:03:33][src.callback.progress][INFO] - Epoch 347 step 66800/192: loss 1.719e-01
[21/04/26 10:03:38][src.callback.progress][INFO] - Epoch 347: v_recons 2.383e-01  recons 1.398e-01  v_loss 4.204e-01  loss 1.524e-01  v_latent 1.191e+00  latent 6.634e-01  v_kl 7.201e+01  kl 3.189e+01  v_contrastive 1.813e+00  contrastive 1.234e-01  v_t2m/len 1530  v_t2m/R01 19.87%  v_t2m/R02 24.3%  v_t2m/R03 33.79%  v_t2m/R05 42.93%  v_t2m/R10 54.84%  v_t2m/MedR 8.0%  v_m2t/len 1530  v_m2t/R01 22.94%  v_m2t/R02 25.81%  v_m2t/R03 33.52%  v_m2t/R05 41.36%  v_m2t/R10 55.75%  v_m2t/MedR 9.0%
[21/04/26 10:03:50][src.callback.progress][INFO] - Epoch 348 step 66850/192: loss 1.608e-01
[21/04/26 10:04:01][src.callback.progress][INFO] - Epoch 348 step 66900/192: loss 1.378e-01
[21/04/26 10:04:11][src.callback.progress][INFO] - Epoch 348 step 66950/192: loss 1.644e-01
[21/04/26 10:04:22][src.callback.progress][INFO] - Epoch 348 step 67000/192: loss 1.474e-01
[21/04/26 10:04:25][src.callback.progress][INFO] - Epoch 348: v_recons 2.381e-01  recons 1.397e-01  v_loss 4.203e-01  loss 1.523e-01  v_latent 1.192e+00  latent 6.647e-01  v_kl 7.270e+01  kl 3.185e+01  v_contrastive 1.814e+00  contrastive 1.225e-01  v_t2m/len 1530  v_t2m/R01 20.32%  v_t2m/R02 24.44%  v_t2m/R03 33.59%  v_t2m/R05 43.06%  v_t2m/R10 55.15%  v_t2m/MedR 8.0%  v_m2t/len 1530  v_m2t/R01 23.79%  v_m2t/R02 26.79%  v_m2t/R03 34.25%  v_m2t/R05 42.34%  v_m2t/R10 53.4%  v_m2t/MedR 9.0%
[21/04/26 10:04:39][src.callback.progress][INFO] - Epoch 349 step 67050/192: loss 1.678e-01
[21/04/26 10:04:49][src.callback.progress][INFO] - Epoch 349 step 67100/192: loss 1.423e-01
[21/04/26 10:05:00][src.callback.progress][INFO] - Epoch 349 step 67150/192: loss 1.372e-01
[21/04/26 10:05:10][src.callback.progress][INFO] - Epoch 349 step 67200/192: loss 1.558e-01
[21/04/26 10:05:12][src.callback.progress][INFO] - Epoch 349: v_recons 2.397e-01  recons 1.397e-01  v_loss 4.229e-01  loss 1.525e-01  v_latent 1.202e+00  latent 6.671e-01  v_kl 7.326e+01  kl 3.200e+01  v_contrastive 1.825e+00  contrastive 1.246e-01  v_t2m/len 1530  v_t2m/R01 19.54%  v_t2m/R02 25.03%  v_t2m/R03 32.81%  v_t2m/R05 42.61%  v_t2m/R10 54.84%  v_t2m/MedR 8.0%  v_m2t/len 1530  v_m2t/R01 21.3%  v_m2t/R02 24.7%  v_m2t/R03 33.27%  v_m2t/R05 40.59%  v_m2t/R10 53.86%  v_m2t/MedR 9.0%
[21/04/26 10:05:28][src.callback.progress][INFO] - Epoch 350 step 67250/192: loss 1.683e-01
[21/04/26 10:05:38][src.callback.progress][INFO] - Epoch 350 step 67300/192: loss 1.477e-01
[21/04/26 10:05:49][src.callback.progress][INFO] - Epoch 350 step 67350/192: loss 1.491e-01
[21/04/26 10:05:59][src.callback.progress][INFO] - Epoch 350: v_recons 2.369e-01  recons 1.401e-01  v_loss 4.199e-01  loss 1.529e-01  v_latent 1.195e+00  latent 6.688e-01  v_kl 7.242e+01  kl 3.209e+01  v_contrastive 1.822e+00  contrastive 1.250e-01  v_t2m/len 1530  v_t2m/R01 20.0%  v_t2m/R02 24.57%  v_t2m/R03 33.0%  v_t2m/R05 43.13%  v_t2m/R10 56.08%  v_t2m/MedR 8.0%  v_m2t/len 1530  v_m2t/R01 23.92%  v_m2t/R02 26.6%  v_m2t/R03 34.5%  v_m2t/R05 42.61%  v_m2t/R10 54.5%  v_m2t/MedR 9.0%
[21/04/26 10:06:06][src.callback.progress][INFO] - Epoch 351 step 67400/192: loss 1.497e-01
[21/04/26 10:06:16][src.callback.progress][INFO] - Epoch 351 step 67450/192: loss 1.403e-01
[21/04/26 10:06:26][src.callback.progress][INFO] - Epoch 351 step 67500/192: loss 1.630e-01
[21/04/26 10:06:37][src.callback.progress][INFO] - Epoch 351 step 67550/192: loss 1.755e-01
[21/04/26 10:06:46][src.callback.progress][INFO] - Epoch 351: v_recons 2.366e-01  recons 1.389e-01  v_loss 4.187e-01  loss 1.512e-01  v_latent 1.195e+00  latent 6.629e-01  v_kl 7.225e+01  kl 3.181e+01  v_contrastive 1.814e+00  contrastive 1.199e-01  v_t2m/len 1530  v_t2m/R01 19.54%  v_t2m/R02 23.53%  v_t2m/R03 32.02%  v_t2m/R05 41.5%  v_t2m/R10 55.49%  v_t2m/MedR 8.0%  v_m2t/len 1530  v_m2t/R01 20.92%  v_m2t/R02 24.37%  v_m2t/R03 33.72%  v_m2t/R05 42.54%  v_m2t/R10 53.86%  v_m2t/MedR 9.0%
[21/04/26 10:06:54][src.callback.progress][INFO] - Epoch 352 step 67600/192: loss 1.415e-01
[21/04/26 10:07:05][src.callback.progress][INFO] - Epoch 352 step 67650/192: loss 1.365e-01
[21/04/26 10:07:16][src.callback.progress][INFO] - Epoch 352 step 67700/192: loss 1.659e-01
[21/04/26 10:07:27][src.callback.progress][INFO] - Epoch 352 step 67750/192: loss 1.718e-01
[21/04/26 10:07:34][src.callback.progress][INFO] - Epoch 352: v_recons 2.390e-01  recons 1.389e-01  v_loss 4.224e-01  loss 1.513e-01  v_latent 1.198e+00  latent 6.636e-01  v_kl 7.342e+01  kl 3.189e+01  v_contrastive 1.827e+00  contrastive 1.202e-01  v_t2m/len 1530  v_t2m/R01 19.07%  v_t2m/R02 24.04%  v_t2m/R03 32.34%  v_t2m/R05 41.9%  v_t2m/R10 55.29%  v_t2m/MedR 8.0%  v_m2t/len 1530  v_m2t/R01 21.37%  v_m2t/R02 25.03%  v_m2t/R03 32.75%  v_m2t/R05 41.5%  v_m2t/R10 53.72%  v_m2t/MedR 9.0%
[21/04/26 10:07:44][src.callback.progress][INFO] - Epoch 353 step 67800/192: loss 1.640e-01
[21/04/26 10:07:54][src.callback.progress][INFO] - Epoch 353 step 67850/192: loss 1.619e-01
[21/04/26 10:08:05][src.callback.progress][INFO] - Epoch 353 step 67900/192: loss 1.375e-01
[21/04/26 10:08:16][src.callback.progress][INFO] - Epoch 353 step 67950/192: loss 1.459e-01
[21/04/26 10:08:21][src.callback.progress][INFO] - Epoch 353: v_recons 2.381e-01  recons 1.390e-01  v_loss 4.207e-01  loss 1.513e-01  v_latent 1.198e+00  latent 6.641e-01  v_kl 7.280e+01  kl 3.200e+01  v_contrastive 1.819e+00  contrastive 1.198e-01  v_t2m/len 1530  v_t2m/R01 20.06%  v_t2m/R02 24.18%  v_t2m/R03 33.13%  v_t2m/R05 42.88%  v_t2m/R10 55.81%  v_t2m/MedR 8.0%  v_m2t/len 1530  v_m2t/R01 21.7%  v_m2t/R02 24.57%  v_m2t/R03 33.59%  v_m2t/R05 41.56%  v_m2t/R10 55.41%  v_m2t/MedR 8.5%
[21/04/26 10:08:33][src.callback.progress][INFO] - Epoch 354 step 68000/192: loss 1.352e-01
[21/04/26 10:08:44][src.callback.progress][INFO] - Epoch 354 step 68050/192: loss 1.611e-01
[21/04/26 10:08:54][src.callback.progress][INFO] - Epoch 354 step 68100/192: loss 1.588e-01
[21/04/26 10:09:05][src.callback.progress][INFO] - Epoch 354 step 68150/192: loss 1.569e-01
[21/04/26 10:09:08][src.callback.progress][INFO] - Epoch 354: v_recons 2.382e-01  recons 1.389e-01  v_loss 4.229e-01  loss 1.513e-01  v_latent 1.205e+00  latent 6.652e-01  v_kl 7.382e+01  kl 3.212e+01  v_contrastive 1.839e+00  contrastive 1.210e-01  v_t2m/len 1530  v_t2m/R01 19.21%  v_t2m/R02 23.2%  v_t2m/R03 31.89%  v_t2m/R05 42.22%  v_t2m/R10 55.81%  v_t2m/MedR 8.0%  v_m2t/len 1530  v_m2t/R01 22.15%  v_m2t/R02 25.42%  v_m2t/R03 33.33%  v_m2t/R05 40.0%  v_m2t/R10 53.72%  v_m2t/MedR 9.0%
[21/04/26 10:09:22][src.callback.progress][INFO] - Epoch 355 step 68200/192: loss 1.495e-01
[21/04/26 10:09:32][src.callback.progress][INFO] - Epoch 355 step 68250/192: loss 1.534e-01
[21/04/26 10:09:43][src.callback.progress][INFO] - Epoch 355 step 68300/192: loss 1.525e-01
[21/04/26 10:09:54][src.callback.progress][INFO] - Epoch 355 step 68350/192: loss 1.478e-01
[21/04/26 10:09:56][src.callback.progress][INFO] - Epoch 355: v_recons 2.381e-01  recons 1.395e-01  v_loss 4.216e-01  loss 1.517e-01  v_latent 1.208e+00  latent 6.676e-01  v_kl 7.440e+01  kl 3.242e+01  v_contrastive 1.827e+00  contrastive 1.189e-01  v_t2m/len 1530  v_t2m/R01 19.35%  v_t2m/R02 23.39%  v_t2m/R03 31.3%  v_t2m/R05 41.36%  v_t2m/R10 56.13%  v_t2m/MedR 8.0%  v_m2t/len 1530  v_m2t/R01 21.82%  v_m2t/R02 24.96%  v_m2t/R03 33.91%  v_m2t/R05 42.75%  v_m2t/R10 54.7%  v_m2t/MedR 8.0%
[21/04/26 10:10:11][src.callback.progress][INFO] - Epoch 356 step 68400/192: loss 1.577e-01
[21/04/26 10:10:21][src.callback.progress][INFO] - Epoch 356 step 68450/192: loss 1.691e-01
[21/04/26 10:10:32][src.callback.progress][INFO] - Epoch 356 step 68500/192: loss 1.538e-01
[21/04/26 10:10:43][src.callback.progress][INFO] - Epoch 356: v_recons 2.396e-01  recons 1.390e-01  v_loss 4.242e-01  loss 1.515e-01  v_latent 1.209e+00  latent 6.666e-01  v_kl 7.477e+01  kl 3.239e+01  v_contrastive 1.838e+00  contrastive 1.209e-01  v_t2m/len 1530  v_t2m/R01 18.29%  v_t2m/R02 22.94%  v_t2m/R03 31.56%  v_t2m/R05 41.83%  v_t2m/R10 53.27%  v_t2m/MedR 9.0%  v_m2t/len 1530  v_m2t/R01 22.42%  v_m2t/R02 26.07%  v_m2t/R03 33.52%  v_m2t/R05 40.77%  v_m2t/R10 53.72%  v_m2t/MedR 9.0%
[21/04/26 10:10:49][src.callback.progress][INFO] - Epoch 357 step 68550/192: loss 1.157e-01
[21/04/26 10:10:59][src.callback.progress][INFO] - Epoch 357 step 68600/192: loss 1.435e-01
[21/04/26 10:11:10][src.callback.progress][INFO] - Epoch 357 step 68650/192: loss 1.594e-01
[21/04/26 10:11:20][src.callback.progress][INFO] - Epoch 357 step 68700/192: loss 1.596e-01
[21/04/26 10:11:30][src.callback.progress][INFO] - Epoch 357: v_recons 2.370e-01  recons 1.394e-01  v_loss 4.211e-01  loss 1.521e-01  v_latent 1.210e+00  latent 6.711e-01  v_kl 7.429e+01  kl 3.263e+01  v_contrastive 1.833e+00  contrastive 1.237e-01  v_t2m/len 1530  v_t2m/R01 18.04%  v_t2m/R02 22.68%  v_t2m/R03 31.89%  v_t2m/R05 43.13%  v_t2m/R10 55.29%  v_t2m/MedR 8.0%  v_m2t/len 1530  v_m2t/R01 21.37%  v_m2t/R02 24.57%  v_m2t/R03 34.25%  v_m2t/R05 42.54%  v_m2t/R10 55.22%  v_m2t/MedR 8.0%
[21/04/26 10:11:38][src.callback.progress][INFO] - Epoch 358 step 68750/192: loss 1.595e-01
[21/04/26 10:11:48][src.callback.progress][INFO] - Epoch 358 step 68800/192: loss 1.268e-01
[21/04/26 10:11:59][src.callback.progress][INFO] - Epoch 358 step 68850/192: loss 1.586e-01
[21/04/26 10:12:09][src.callback.progress][INFO] - Epoch 358 step 68900/192: loss 1.532e-01
[21/04/26 10:12:17][src.callback.progress][INFO] - Epoch 358: v_recons 2.374e-01  recons 1.390e-01  v_loss 4.237e-01  loss 1.512e-01  v_latent 1.210e+00  latent 6.680e-01  v_kl 7.381e+01  kl 3.235e+01  v_contrastive 1.855e+00  contrastive 1.193e-01  v_t2m/len 1530  v_t2m/R01 18.81%  v_t2m/R02 23.27%  v_t2m/R03 31.95%  v_t2m/R05 41.7%  v_t2m/R10 54.38%  v_t2m/MedR 8.0%  v_m2t/len 1530  v_m2t/R01 21.76%  v_m2t/R02 24.63%  v_m2t/R03 33.27%  v_m2t/R05 41.18%  v_m2t/R10 54.04%  v_m2t/MedR 9.0%
[21/04/26 10:12:27][src.callback.progress][INFO] - Epoch 359 step 68950/192: loss 1.475e-01
[21/04/26 10:12:37][src.callback.progress][INFO] - Epoch 359 step 69000/192: loss 1.390e-01
[21/04/26 10:12:48][src.callback.progress][INFO] - Epoch 359 step 69050/192: loss 1.532e-01
[21/04/26 10:12:59][src.callback.progress][INFO] - Epoch 359 step 69100/192: loss 1.575e-01
[21/04/26 10:13:05][src.callback.progress][INFO] - Epoch 359: v_recons 2.390e-01  recons 1.389e-01  v_loss 4.226e-01  loss 1.514e-01  v_latent 1.207e+00  latent 6.681e-01  v_kl 7.521e+01  kl 3.238e+01  v_contrastive 1.829e+00  contrastive 1.217e-01  v_t2m/len 1530  v_t2m/R01 18.5%  v_t2m/R02 23.59%  v_t2m/R03 32.41%  v_t2m/R05 42.15%  v_t2m/R10 56.54%  v_t2m/MedR 8.0%  v_m2t/len 1530  v_m2t/R01 22.35%  v_m2t/R02 25.36%  v_m2t/R03 34.04%  v_m2t/R05 41.5%  v_m2t/R10 54.5%  v_m2t/MedR 9.0%
[21/04/26 10:13:17][src.callback.progress][INFO] - Epoch 360 step 69150/192: loss 1.643e-01
[21/04/26 10:13:27][src.callback.progress][INFO] - Epoch 360 step 69200/192: loss 1.563e-01
[21/04/26 10:13:37][src.callback.progress][INFO] - Epoch 360 step 69250/192: loss 1.547e-01
[21/04/26 10:13:48][src.callback.progress][INFO] - Epoch 360 step 69300/192: loss 1.401e-01
[21/04/26 10:13:52][src.callback.progress][INFO] - Epoch 360: v_recons 2.381e-01  recons 1.383e-01  v_loss 4.242e-01  loss 1.507e-01  v_latent 1.216e+00  latent 6.678e-01  v_kl 7.487e+01  kl 3.261e+01  v_contrastive 1.853e+00  contrastive 1.205e-01  v_t2m/len 1530  v_t2m/R01 19.07%  v_t2m/R02 23.13%  v_t2m/R03 30.38%  v_t2m/R05 41.04%  v_t2m/R10 55.02%  v_t2m/MedR 8.0%  v_m2t/len 1530  v_m2t/R01 22.68%  v_m2t/R02 25.29%  v_m2t/R03 33.06%  v_m2t/R05 40.72%  v_m2t/R10 53.65%  v_m2t/MedR 9.0%
[21/04/26 10:14:05][src.callback.progress][INFO] - Epoch 361 step 69350/192: loss 1.382e-01
[21/04/26 10:14:16][src.callback.progress][INFO] - Epoch 361 step 69400/192: loss 1.386e-01
[21/04/26 10:14:27][src.callback.progress][INFO] - Epoch 361 step 69450/192: loss 1.618e-01
[21/04/26 10:14:37][src.callback.progress][INFO] - Epoch 361 step 69500/192: loss 1.510e-01
[21/04/26 10:14:40][src.callback.progress][INFO] - Epoch 361: v_recons 2.391e-01  recons 1.388e-01  v_loss 4.246e-01  loss 1.510e-01  v_latent 1.216e+00  latent 6.670e-01  v_kl 7.536e+01  kl 3.247e+01  v_contrastive 1.848e+00  contrastive 1.189e-01  v_t2m/len 1530  v_t2m/R01 19.21%  v_t2m/R02 23.92%  v_t2m/R03 32.47%  v_t2m/R05 42.41%  v_t2m/R10 54.9%  v_t2m/MedR 8.0%  v_m2t/len 1530  v_m2t/R01 22.54%  v_m2t/R02 26.07%  v_m2t/R03 32.81%  v_m2t/R05 41.9%  v_m2t/R10 53.86%  v_m2t/MedR 9.0%
[21/04/26 10:14:54][src.callback.progress][INFO] - Epoch 362 step 69550/192: loss 1.479e-01
[21/04/26 10:15:05][src.callback.progress][INFO] - Epoch 362 step 69600/192: loss 1.571e-01
[21/04/26 10:15:15][src.callback.progress][INFO] - Epoch 362 step 69650/192: loss 1.414e-01
[21/04/26 10:15:27][src.callback.progress][INFO] - Epoch 362: v_recons 2.370e-01  recons 1.386e-01  v_loss 4.209e-01  loss 1.506e-01  v_latent 1.210e+00  latent 6.645e-01  v_kl 7.428e+01  kl 3.234e+01  v_contrastive 1.831e+00  contrastive 1.172e-01  v_t2m/len 1530  v_t2m/R01 19.21%  v_t2m/R02 23.59%  v_t2m/R03 33.13%  v_t2m/R05 42.29%  v_t2m/R10 54.11%  v_t2m/MedR 9.0%  v_m2t/len 1530  v_m2t/R01 22.35%  v_m2t/R02 25.1%  v_m2t/R03 33.65%  v_m2t/R05 41.7%  v_m2t/R10 54.63%  v_m2t/MedR 9.0%
[21/04/26 10:15:33][src.callback.progress][INFO] - Epoch 363 step 69700/192: loss 1.395e-01
[21/04/26 10:15:43][src.callback.progress][INFO] - Epoch 363 step 69750/192: loss 1.470e-01
[21/04/26 10:15:54][src.callback.progress][INFO] - Epoch 363 step 69800/192: loss 1.594e-01
[21/04/26 10:16:04][src.callback.progress][INFO] - Epoch 363 step 69850/192: loss 1.443e-01
[21/04/26 10:16:14][src.callback.progress][INFO] - Epoch 363: v_recons 2.391e-01  recons 1.382e-01  v_loss 4.245e-01  loss 1.505e-01  v_latent 1.218e+00  latent 6.660e-01  v_kl 7.548e+01  kl 3.240e+01  v_contrastive 1.846e+00  contrastive 1.200e-01  v_t2m/len 1530  v_t2m/R01 19.54%  v_t2m/R02 24.25%  v_t2m/R03 32.61%  v_t2m/R05 43.0%  v_t2m/R10 56.47%  v_t2m/MedR 8.0%  v_m2t/len 1530  v_m2t/R01 22.61%  v_m2t/R02 25.75%  v_m2t/R03 34.25%  v_m2t/R05 41.95%  v_m2t/R10 54.77%  v_m2t/MedR 9.0%
[21/04/26 10:16:21][src.callback.progress][INFO] - Epoch 364 step 69900/192: loss 1.302e-01
[21/04/26 10:16:32][src.callback.progress][INFO] - Epoch 364 step 69950/192: loss 1.422e-01
[21/04/26 10:16:43][src.callback.progress][INFO] - Epoch 364 step 70000/192: loss 1.426e-01
[21/04/26 10:16:53][src.callback.progress][INFO] - Epoch 364 step 70050/192: loss 1.279e-01
[21/04/26 10:17:01][src.callback.progress][INFO] - Epoch 364: v_recons 2.383e-01  recons 1.387e-01  v_loss 4.235e-01  loss 1.513e-01  v_latent 1.215e+00  latent 6.710e-01  v_kl 7.523e+01  kl 3.279e+01  v_contrastive 1.844e+00  contrastive 1.217e-01  v_t2m/len 1530  v_t2m/R01 18.95%  v_t2m/R02 23.92%  v_t2m/R03 31.7%  v_t2m/R05 43.27%  v_t2m/R10 55.56%  v_t2m/MedR 8.0%  v_m2t/len 1530  v_m2t/R01 22.21%  v_m2t/R02 25.29%  v_m2t/R03 34.04%  v_m2t/R05 42.15%  v_m2t/R10 53.86%  v_m2t/MedR 9.0%
[21/04/26 10:17:11][src.callback.progress][INFO] - Epoch 365 step 70100/192: loss 1.403e-01
[21/04/26 10:17:21][src.callback.progress][INFO] - Epoch 365 step 70150/192: loss 1.562e-01
[21/04/26 10:17:32][src.callback.progress][INFO] - Epoch 365 step 70200/192: loss 1.588e-01
[21/04/26 10:17:42][src.callback.progress][INFO] - Epoch 365 step 70250/192: loss 1.587e-01
[21/04/26 10:17:49][src.callback.progress][INFO] - Epoch 365: v_recons 2.385e-01  recons 1.384e-01  v_loss 4.213e-01  loss 1.505e-01  v_latent 1.216e+00  latent 6.671e-01  v_kl 7.555e+01  kl 3.252e+01  v_contrastive 1.821e+00  contrastive 1.172e-01  v_t2m/len 1530  v_t2m/R01 19.61%  v_t2m/R02 23.59%  v_t2m/R03 31.62%  v_t2m/R05 42.02%  v_t2m/R10 55.41%  v_t2m/MedR 8.0%  v_m2t/len 1530  v_m2t/R01 22.35%  v_m2t/R02 25.29%  v_m2t/R03 33.65%  v_m2t/R05 41.43%  v_m2t/R10 53.99%  v_m2t/MedR 9.0%
[21/04/26 10:18:00][src.callback.progress][INFO] - Epoch 366 step 70300/192: loss 1.421e-01
[21/04/26 10:18:10][src.callback.progress][INFO] - Epoch 366 step 70350/192: loss 1.530e-01
[21/04/26 10:18:21][src.callback.progress][INFO] - Epoch 366 step 70400/192: loss 1.269e-01
[21/04/26 10:18:31][src.callback.progress][INFO] - Epoch 366 step 70450/192: loss 1.515e-01
[21/04/26 10:18:36][src.callback.progress][INFO] - Epoch 366: v_recons 2.378e-01  recons 1.378e-01  v_loss 4.202e-01  loss 1.497e-01  v_latent 1.215e+00  latent 6.656e-01  v_kl 7.493e+01  kl 3.247e+01  v_contrastive 1.817e+00  contrastive 1.155e-01  v_t2m/len 1530  v_t2m/R01 20.06%  v_t2m/R02 24.25%  v_t2m/R03 32.61%  v_t2m/R05 42.75%  v_t2m/R10 56.54%  v_t2m/MedR 8.0%  v_m2t/len 1530  v_m2t/R01 22.15%  v_m2t/R02 25.03%  v_m2t/R03 33.91%  v_m2t/R05 42.93%  v_m2t/R10 56.13%  v_m2t/MedR 8.0%
[21/04/26 10:18:48][src.callback.progress][INFO] - Epoch 367 step 70500/192: loss 1.535e-01
[21/04/26 10:18:59][src.callback.progress][INFO] - Epoch 367 step 70550/192: loss 1.375e-01
[21/04/26 10:19:09][src.callback.progress][INFO] - Epoch 367 step 70600/192: loss 1.712e-01
[21/04/26 10:19:20][src.callback.progress][INFO] - Epoch 367 step 70650/192: loss 1.421e-01
[21/04/26 10:19:23][src.callback.progress][INFO] - Epoch 367: v_recons 2.395e-01  recons 1.374e-01  v_loss 4.245e-01  loss 1.492e-01  v_latent 1.218e+00  latent 6.632e-01  v_kl 7.503e+01  kl 3.228e+01  v_contrastive 1.842e+00  contrastive 1.149e-01  v_t2m/len 1530  v_t2m/R01 18.69%  v_t2m/R02 24.3%  v_t2m/R03 31.7%  v_t2m/R05 41.63%  v_t2m/R10 55.09%  v_t2m/MedR 9.0%  v_m2t/len 1530  v_m2t/R01 22.75%  v_m2t/R02 26.67%  v_m2t/R03 33.86%  v_m2t/R05 42.15%  v_m2t/R10 55.09%  v_m2t/MedR 9.0%
[21/04/26 10:19:37][src.callback.progress][INFO] - Epoch 368 step 70700/192: loss 1.382e-01
[21/04/26 10:19:48][src.callback.progress][INFO] - Epoch 368 step 70750/192: loss 1.356e-01
[21/04/26 10:19:58][src.callback.progress][INFO] - Epoch 368 step 70800/192: loss 1.490e-01
[21/04/26 10:20:10][src.callback.progress][INFO] - Epoch 368: v_recons 2.392e-01  recons 1.376e-01  v_loss 4.253e-01  loss 1.495e-01  v_latent 1.220e+00  latent 6.642e-01  v_kl 7.555e+01  kl 3.236e+01  v_contrastive 1.854e+00  contrastive 1.154e-01  v_t2m/len 1530  v_t2m/R01 19.02%  v_t2m/R02 22.94%  v_t2m/R03 31.82%  v_t2m/R05 41.36%  v_t2m/R10 54.43%  v_t2m/MedR 9.0%  v_m2t/len 1530  v_m2t/R01 21.56%  v_m2t/R02 25.1%  v_m2t/R03 32.75%  v_m2t/R05 42.15%  v_m2t/R10 53.99%  v_m2t/MedR 9.0%
[21/04/26 10:20:16][src.callback.progress][INFO] - Epoch 369 step 70850/192: loss 1.327e-01
[21/04/26 10:20:26][src.callback.progress][INFO] - Epoch 369 step 70900/192: loss 1.337e-01
[21/04/26 10:20:37][src.callback.progress][INFO] - Epoch 369 step 70950/192: loss 1.555e-01
[21/04/26 10:20:47][src.callback.progress][INFO] - Epoch 369 step 71000/192: loss 1.282e-01
[21/04/26 10:20:57][src.callback.progress][INFO] - Epoch 369: v_recons 2.396e-01  recons 1.376e-01  v_loss 4.230e-01  loss 1.499e-01  v_latent 1.215e+00  latent 6.676e-01  v_kl 7.601e+01  kl 3.295e+01  v_contrastive 1.826e+00  contrastive 1.200e-01  v_t2m/len 1530  v_t2m/R01 18.69%  v_t2m/R02 23.86%  v_t2m/R03 34.04%  v_t2m/R05 43.13%  v_t2m/R10 55.88%  v_t2m/MedR 8.0%  v_m2t/len 1530  v_m2t/R01 21.7%  v_m2t/R02 24.84%  v_m2t/R03 33.4%  v_m2t/R05 41.9%  v_m2t/R10 54.7%  v_m2t/MedR 9.0%
[21/04/26 10:21:04][src.callback.progress][INFO] - Epoch 370 step 71050/192: loss 1.432e-01
[21/04/26 10:21:15][src.callback.progress][INFO] - Epoch 370 step 71100/192: loss 1.527e-01
[21/04/26 10:21:25][src.callback.progress][INFO] - Epoch 370 step 71150/192: loss 1.431e-01
[21/04/26 10:21:36][src.callback.progress][INFO] - Epoch 370 step 71200/192: loss 1.498e-01
[21/04/26 10:21:45][src.callback.progress][INFO] - Epoch 370: v_recons 2.386e-01  recons 1.373e-01  v_loss 4.228e-01  loss 1.494e-01  v_latent 1.223e+00  latent 6.661e-01  v_kl 7.632e+01  kl 3.267e+01  v_contrastive 1.834e+00  contrastive 1.182e-01  v_t2m/len 1530  v_t2m/R01 19.14%  v_t2m/R02 23.72%  v_t2m/R03 32.68%  v_t2m/R05 42.88%  v_t2m/R10 55.49%  v_t2m/MedR 8.0%  v_m2t/len 1530  v_m2t/R01 22.68%  v_m2t/R02 25.55%  v_m2t/R03 34.11%  v_m2t/R05 41.5%  v_m2t/R10 54.97%  v_m2t/MedR 8.0%
[21/04/26 10:21:54][src.callback.progress][INFO] - Epoch 371 step 71250/192: loss 1.442e-01
[21/04/26 10:22:04][src.callback.progress][INFO] - Epoch 371 step 71300/192: loss 1.374e-01
[21/04/26 10:22:15][src.callback.progress][INFO] - Epoch 371 step 71350/192: loss 1.487e-01
[21/04/26 10:22:25][src.callback.progress][INFO] - Epoch 371 step 71400/192: loss 1.567e-01
[21/04/26 10:22:32][src.callback.progress][INFO] - Epoch 371: v_recons 2.374e-01  recons 1.374e-01  v_loss 4.200e-01  loss 1.494e-01  v_latent 1.218e+00  latent 6.642e-01  v_kl 7.482e+01  kl 3.241e+01  v_contrastive 1.819e+00  contrastive 1.162e-01  v_t2m/len 1530  v_t2m/R01 19.73%  v_t2m/R02 23.72%  v_t2m/R03 32.61%  v_t2m/R05 42.22%  v_t2m/R10 55.02%  v_t2m/MedR 8.0%  v_m2t/len 1530  v_m2t/R01 22.8%  v_m2t/R02 25.62%  v_m2t/R03 33.4%  v_m2t/R05 42.09%  v_m2t/R10 55.29%  v_m2t/MedR 8.0%
[21/04/26 10:22:43][src.callback.progress][INFO] - Epoch 372 step 71450/192: loss 1.477e-01
[21/04/26 10:22:53][src.callback.progress][INFO] - Epoch 372 step 71500/192: loss 1.308e-01
[21/04/26 10:23:04][src.callback.progress][INFO] - Epoch 372 step 71550/192: loss 1.215e-01
[21/04/26 10:23:14][src.callback.progress][INFO] - Epoch 372 step 71600/192: loss 1.499e-01
[21/04/26 10:23:20][src.callback.progress][INFO] - Epoch 372: v_recons 2.382e-01  recons 1.375e-01  v_loss 4.260e-01  loss 1.493e-01  v_latent 1.229e+00  latent 6.664e-01  v_kl 7.623e+01  kl 3.260e+01  v_contrastive 1.871e+00  contrastive 1.155e-01  v_t2m/len 1530  v_t2m/R01 19.02%  v_t2m/R02 23.01%  v_t2m/R03 31.18%  v_t2m/R05 42.02%  v_t2m/R10 53.99%  v_t2m/MedR 8.0%  v_m2t/len 1530  v_m2t/R01 21.89%  v_m2t/R02 24.84%  v_m2t/R03 33.86%  v_m2t/R05 41.56%  v_m2t/R10 53.33%  v_m2t/MedR 9.0%
[21/04/26 10:23:32][src.callback.progress][INFO] - Epoch 373 step 71650/192: loss 1.446e-01
[21/04/26 10:23:42][src.callback.progress][INFO] - Epoch 373 step 71700/192: loss 1.616e-01
[21/04/26 10:23:53][src.callback.progress][INFO] - Epoch 373 step 71750/192: loss 1.495e-01
[21/04/26 10:24:03][src.callback.progress][INFO] - Epoch 373 step 71800/192: loss 1.421e-01
[21/04/26 10:24:07][src.callback.progress][INFO] - Epoch 373: v_recons 2.403e-01  recons 1.376e-01  v_loss 4.258e-01  loss 1.500e-01  v_latent 1.225e+00  latent 6.719e-01  v_kl 7.597e+01  kl 3.310e+01  v_contrastive 1.847e+00  contrastive 1.203e-01  v_t2m/len 1530  v_t2m/R01 19.21%  v_t2m/R02 24.44%  v_t2m/R03 32.54%  v_t2m/R05 41.7%  v_t2m/R10 55.68%  v_t2m/MedR 8.0%  v_m2t/len 1530  v_m2t/R01 22.35%  v_m2t/R02 25.22%  v_m2t/R03 33.91%  v_m2t/R05 43.13%  v_m2t/R10 54.38%  v_m2t/MedR 8.0%
[21/04/26 10:24:21][src.callback.progress][INFO] - Epoch 374 step 71850/192: loss 1.428e-01
[21/04/26 10:24:32][src.callback.progress][INFO] - Epoch 374 step 71900/192: loss 1.397e-01
[21/04/26 10:24:42][src.callback.progress][INFO] - Epoch 374 step 71950/192: loss 1.437e-01
[21/04/26 10:24:53][src.callback.progress][INFO] - Epoch 374 step 72000/192: loss 1.649e-01
[21/04/26 10:24:54][src.callback.progress][INFO] - Epoch 374: v_recons 2.398e-01  recons 1.380e-01  v_loss 4.246e-01  loss 1.501e-01  v_latent 1.227e+00  latent 6.711e-01  v_kl 7.734e+01  kl 3.304e+01  v_contrastive 1.840e+00  contrastive 1.180e-01  v_t2m/len 1530  v_t2m/R01 17.9%  v_t2m/R02 23.2%  v_t2m/R03 32.34%  v_t2m/R05 41.7%  v_t2m/R10 56.79%  v_t2m/MedR 8.0%  v_m2t/len 1530  v_m2t/R01 22.03%  v_m2t/R02 24.44%  v_m2t/R03 32.47%  v_m2t/R05 42.02%  v_m2t/R10 54.31%  v_m2t/MedR 9.0%
[21/04/26 10:25:10][src.callback.progress][INFO] - Epoch 375 step 72050/192: loss 1.622e-01
[21/04/26 10:25:20][src.callback.progress][INFO] - Epoch 375 step 72100/192: loss 1.342e-01
[21/04/26 10:25:31][src.callback.progress][INFO] - Epoch 375 step 72150/192: loss 1.425e-01
[21/04/26 10:25:41][src.callback.progress][INFO] - Epoch 375: v_recons 2.393e-01  recons 1.373e-01  v_loss 4.243e-01  loss 1.492e-01  v_latent 1.224e+00  latent 6.680e-01  v_kl 7.653e+01  kl 3.294e+01  v_contrastive 1.842e+00  contrastive 1.161e-01  v_t2m/len 1530  v_t2m/R01 18.69%  v_t2m/R02 23.45%  v_t2m/R03 32.09%  v_t2m/R05 42.88%  v_t2m/R10 55.81%  v_t2m/MedR 8.0%  v_m2t/len 1530  v_m2t/R01 22.87%  v_m2t/R02 26.01%  v_m2t/R03 34.5%  v_m2t/R05 42.61%  v_m2t/R10 54.5%  v_m2t/MedR 8.0%
[21/04/26 10:25:48][src.callback.progress][INFO] - Epoch 376 step 72200/192: loss 1.364e-01
[21/04/26 10:25:59][src.callback.progress][INFO] - Epoch 376 step 72250/192: loss 1.662e-01
[21/04/26 10:26:09][src.callback.progress][INFO] - Epoch 376 step 72300/192: loss 1.565e-01
[21/04/26 10:26:19][src.callback.progress][INFO] - Epoch 376 step 72350/192: loss 1.617e-01
[21/04/26 10:26:28][src.callback.progress][INFO] - Epoch 376: v_recons 2.405e-01  recons 1.365e-01  v_loss 4.257e-01  loss 1.482e-01  v_latent 1.223e+00  latent 6.653e-01  v_kl 7.659e+01  kl 3.288e+01  v_contrastive 1.844e+00  contrastive 1.144e-01  v_t2m/len 1530  v_t2m/R01 19.07%  v_t2m/R02 24.04%  v_t2m/R03 33.99%  v_t2m/R05 43.72%  v_t2m/R10 55.81%  v_t2m/MedR 8.0%  v_m2t/len 1530  v_m2t/R01 23.01%  v_m2t/R02 26.34%  v_m2t/R03 35.15%  v_m2t/R05 42.88%  v_m2t/R10 53.91%  v_m2t/MedR 8.0%
[21/04/26 10:26:37][src.callback.progress][INFO] - Epoch 377 step 72400/192: loss 1.616e-01
[21/04/26 10:26:48][src.callback.progress][INFO] - Epoch 377 step 72450/192: loss 1.375e-01
[21/04/26 10:26:58][src.callback.progress][INFO] - Epoch 377 step 72500/192: loss 1.700e-01
[21/04/26 10:27:09][src.callback.progress][INFO] - Epoch 377 step 72550/192: loss 1.649e-01
[21/04/26 10:27:16][src.callback.progress][INFO] - Epoch 377: v_recons 2.416e-01  recons 1.372e-01  v_loss 4.261e-01  loss 1.489e-01  v_latent 1.229e+00  latent 6.661e-01  v_kl 7.676e+01  kl 3.286e+01  v_contrastive 1.837e+00  contrastive 1.138e-01  v_t2m/len 1530  v_t2m/R01 18.81%  v_t2m/R02 24.7%  v_t2m/R03 33.99%  v_t2m/R05 42.47%  v_t2m/R10 55.02%  v_t2m/MedR 8.0%  v_m2t/len 1530  v_m2t/R01 22.21%  v_m2t/R02 25.55%  v_m2t/R03 33.06%  v_m2t/R05 41.56%  v_m2t/R10 54.58%  v_m2t/MedR 8.0%
[21/04/26 10:27:26][src.callback.progress][INFO] - Epoch 378 step 72600/192: loss 1.417e-01
[21/04/26 10:27:37][src.callback.progress][INFO] - Epoch 378 step 72650/192: loss 1.499e-01
[21/04/26 10:27:47][src.callback.progress][INFO] - Epoch 378 step 72700/192: loss 1.382e-01
[21/04/26 10:27:58][src.callback.progress][INFO] - Epoch 378 step 72750/192: loss 1.369e-01
[21/04/26 10:28:03][src.callback.progress][INFO] - Epoch 378: v_recons 2.375e-01  recons 1.369e-01  v_loss 4.210e-01  loss 1.487e-01  v_latent 1.224e+00  latent 6.663e-01  v_kl 7.642e+01  kl 3.272e+01  v_contrastive 1.826e+00  contrastive 1.147e-01  v_t2m/len 1530  v_t2m/R01 19.14%  v_t2m/R02 24.04%  v_t2m/R03 32.68%  v_t2m/R05 43.72%  v_t2m/R10 55.88%  v_t2m/MedR 8.0%  v_m2t/len 1530  v_m2t/R01 22.09%  v_m2t/R02 24.77%  v_m2t/R03 32.93%  v_m2t/R05 42.47%  v_m2t/R10 55.29%  v_m2t/MedR 8.0%
[21/04/26 10:28:15][src.callback.progress][INFO] - Epoch 379 step 72800/192: loss 1.560e-01
[21/04/26 10:28:26][src.callback.progress][INFO] - Epoch 379 step 72850/192: loss 1.489e-01
[21/04/26 10:28:36][src.callback.progress][INFO] - Epoch 379 step 72900/192: loss 1.627e-01
[21/04/26 10:28:47][src.callback.progress][INFO] - Epoch 379 step 72950/192: loss 1.529e-01
[21/04/26 10:28:51][src.callback.progress][INFO] - Epoch 379: v_recons 2.387e-01  recons 1.363e-01  v_loss 4.235e-01  loss 1.481e-01  v_latent 1.229e+00  latent 6.628e-01  v_kl 7.689e+01  kl 3.258e+01  v_contrastive 1.841e+00  contrastive 1.148e-01  v_t2m/len 1530  v_t2m/R01 20.26%  v_t2m/R02 24.04%  v_t2m/R03 32.02%  v_t2m/R05 43.4%  v_t2m/R10 57.65%  v_t2m/MedR 8.0%  v_m2t/len 1530  v_m2t/R01 23.01%  v_m2t/R02 25.81%  v_m2t/R03 34.25%  v_m2t/R05 41.75%  v_m2t/R10 54.11%  v_m2t/MedR 9.0%
[21/04/26 10:29:04][src.callback.progress][INFO] - Epoch 380 step 73000/192: loss 1.600e-01
[21/04/26 10:29:15][src.callback.progress][INFO] - Epoch 380 step 73050/192: loss 1.596e-01
[21/04/26 10:29:25][src.callback.progress][INFO] - Epoch 380 step 73100/192: loss 1.392e-01
[21/04/26 10:29:36][src.callback.progress][INFO] - Epoch 380 step 73150/192: loss 1.430e-01
[21/04/26 10:29:38][src.callback.progress][INFO] - Epoch 380: v_recons 2.389e-01  recons 1.363e-01  v_loss 4.224e-01  loss 1.478e-01  v_latent 1.226e+00  latent 6.633e-01  v_kl 7.674e+01  kl 3.275e+01  v_contrastive 1.828e+00  contrastive 1.112e-01  v_t2m/len 1530  v_t2m/R01 18.76%  v_t2m/R02 23.72%  v_t2m/R03 33.59%  v_t2m/R05 43.4%  v_t2m/R10 56.4%  v_t2m/MedR 8.0%  v_m2t/len 1530  v_m2t/R01 23.79%  v_m2t/R02 26.86%  v_m2t/R03 34.97%  v_m2t/R05 42.81%  v_m2t/R10 54.5%  v_m2t/MedR 9.0%
[21/04/26 10:29:53][src.callback.progress][INFO] - Epoch 381 step 73200/192: loss 1.746e-01
[21/04/26 10:30:03][src.callback.progress][INFO] - Epoch 381 step 73250/192: loss 1.454e-01
[21/04/26 10:30:14][src.callback.progress][INFO] - Epoch 381 step 73300/192: loss 1.563e-01
[21/04/26 10:30:25][src.callback.progress][INFO] - Epoch 381: v_recons 2.387e-01  recons 1.366e-01  v_loss 4.217e-01  loss 1.485e-01  v_latent 1.226e+00  latent 6.670e-01  v_kl 7.679e+01  kl 3.301e+01  v_contrastive 1.823e+00  contrastive 1.158e-01  v_t2m/len 1530  v_t2m/R01 20.45%  v_t2m/R02 25.29%  v_t2m/R03 32.68%  v_t2m/R05 43.13%  v_t2m/R10 56.72%  v_t2m/MedR 8.0%  v_m2t/len 1530  v_m2t/R01 22.54%  v_m2t/R02 25.55%  v_m2t/R03 33.79%  v_m2t/R05 41.31%  v_m2t/R10 54.58%  v_m2t/MedR 9.0%
[21/04/26 10:30:31][src.callback.progress][INFO] - Epoch 382 step 73350/192: loss 1.539e-01
[21/04/26 10:30:42][src.callback.progress][INFO] - Epoch 382 step 73400/192: loss 1.313e-01
[21/04/26 10:30:52][src.callback.progress][INFO] - Epoch 382 step 73450/192: loss 1.393e-01
[21/04/26 10:31:03][src.callback.progress][INFO] - Epoch 382 step 73500/192: loss 1.449e-01
[21/04/26 10:31:13][src.callback.progress][INFO] - Epoch 382: v_recons 2.396e-01  recons 1.362e-01  v_loss 4.224e-01  loss 1.479e-01  v_latent 1.230e+00  latent 6.643e-01  v_kl 7.767e+01  kl 3.292e+01  v_contrastive 1.820e+00  contrastive 1.133e-01  v_t2m/len 1530  v_t2m/R01 19.47%  v_t2m/R02 24.57%  v_t2m/R03 33.13%  v_t2m/R05 43.52%  v_t2m/R10 56.13%  v_t2m/MedR 8.0%  v_m2t/len 1530  v_m2t/R01 23.27%  v_m2t/R02 26.46%  v_m2t/R03 34.04%  v_m2t/R05 42.93%  v_m2t/R10 55.15%  v_m2t/MedR 8.0%
[21/04/26 10:31:21][src.callback.progress][INFO] - Epoch 383 step 73550/192: loss 1.446e-01
[21/04/26 10:31:31][src.callback.progress][INFO] - Epoch 383 step 73600/192: loss 1.705e-01
[21/04/26 10:31:42][src.callback.progress][INFO] - Epoch 383 step 73650/192: loss 1.781e-01
[21/04/26 10:31:53][src.callback.progress][INFO] - Epoch 383 step 73700/192: loss 1.513e-01
[21/04/26 10:32:00][src.callback.progress][INFO] - Epoch 383: v_recons 2.404e-01  recons 1.364e-01  v_loss 4.236e-01  loss 1.481e-01  v_latent 1.229e+00  latent 6.645e-01  v_kl 7.699e+01  kl 3.292e+01  v_contrastive 1.825e+00  contrastive 1.134e-01  v_t2m/len 1530  v_t2m/R01 18.81%  v_t2m/R02 24.12%  v_t2m/R03 32.47%  v_t2m/R05 41.43%  v_t2m/R10 56.08%  v_t2m/MedR 8.0%  v_m2t/len 1530  v_m2t/R01 22.75%  v_m2t/R02 25.62%  v_m2t/R03 34.18%  v_m2t/R05 41.7%  v_m2t/R10 53.45%  v_m2t/MedR 9.0%
[21/04/26 10:32:10][src.callback.progress][INFO] - Epoch 384 step 73750/192: loss 1.341e-01
[21/04/26 10:32:21][src.callback.progress][INFO] - Epoch 384 step 73800/192: loss 1.284e-01
[21/04/26 10:32:31][src.callback.progress][INFO] - Epoch 384 step 73850/192: loss 1.514e-01
[21/04/26 10:32:42][src.callback.progress][INFO] - Epoch 384 step 73900/192: loss 1.462e-01
[21/04/26 10:32:48][src.callback.progress][INFO] - Epoch 384: v_recons 2.377e-01  recons 1.356e-01  v_loss 4.219e-01  loss 1.471e-01  v_latent 1.228e+00  latent 6.626e-01  v_kl 7.744e+01  kl 3.292e+01  v_contrastive 1.833e+00  contrastive 1.115e-01  v_t2m/len 1530  v_t2m/R01 19.87%  v_t2m/R02 23.53%  v_t2m/R03 33.13%  v_t2m/R05 42.54%  v_t2m/R10 56.0%  v_t2m/MedR 8.0%  v_m2t/len 1530  v_m2t/R01 21.7%  v_m2t/R02 24.84%  v_m2t/R03 33.33%  v_m2t/R05 42.02%  v_m2t/R10 54.97%  v_m2t/MedR 8.0%
[21/04/26 10:32:59][src.callback.progress][INFO] - Epoch 385 step 73950/192: loss 1.274e-01
[21/04/26 10:33:10][src.callback.progress][INFO] - Epoch 385 step 74000/192: loss 1.441e-01
[21/04/26 10:33:21][src.callback.progress][INFO] - Epoch 385 step 74050/192: loss 1.531e-01
[21/04/26 10:33:31][src.callback.progress][INFO] - Epoch 385 step 74100/192: loss 1.327e-01
[21/04/26 10:33:35][src.callback.progress][INFO] - Epoch 385: v_recons 2.378e-01  recons 1.357e-01  v_loss 4.236e-01  loss 1.473e-01  v_latent 1.233e+00  latent 6.640e-01  v_kl 7.706e+01  kl 3.287e+01  v_contrastive 1.850e+00  contrastive 1.121e-01  v_t2m/len 1530  v_t2m/R01 19.4%  v_t2m/R02 23.86%  v_t2m/R03 32.34%  v_t2m/R05 41.43%  v_t2m/R10 55.61%  v_t2m/MedR 8.0%  v_m2t/len 1530  v_m2t/R01 21.89%  v_m2t/R02 25.75%  v_m2t/R03 34.18%  v_m2t/R05 42.34%  v_m2t/R10 53.99%  v_m2t/MedR 9.0%
[21/04/26 10:33:48][src.callback.progress][INFO] - Epoch 386 step 74150/192: loss 1.357e-01
[21/04/26 10:33:59][src.callback.progress][INFO] - Epoch 386 step 74200/192: loss 1.602e-01
[21/04/26 10:34:09][src.callback.progress][INFO] - Epoch 386 step 74250/192: loss 1.371e-01
[21/04/26 10:34:20][src.callback.progress][INFO] - Epoch 386 step 74300/192: loss 1.591e-01
[21/04/26 10:34:22][src.callback.progress][INFO] - Epoch 386: v_recons 2.395e-01  recons 1.352e-01  v_loss 4.255e-01  loss 1.466e-01  v_latent 1.234e+00  latent 6.632e-01  v_kl 7.822e+01  kl 3.294e+01  v_contrastive 1.852e+00  contrastive 1.107e-01  v_t2m/len 1530  v_t2m/R01 19.73%  v_t2m/R02 23.45%  v_t2m/R03 31.62%  v_t2m/R05 41.11%  v_t2m/R10 54.58%  v_t2m/MedR 8.5%  v_m2t/len 1530  v_m2t/R01 23.59%  v_m2t/R02 26.01%  v_m2t/R03 34.43%  v_m2t/R05 42.09%  v_m2t/R10 54.38%  v_m2t/MedR 9.0%
[21/04/26 10:34:37][src.callback.progress][INFO] - Epoch 387 step 74350/192: loss 1.417e-01
[21/04/26 10:34:48][src.callback.progress][INFO] - Epoch 387 step 74400/192: loss 1.334e-01
[21/04/26 10:34:58][src.callback.progress][INFO] - Epoch 387 step 74450/192: loss 1.601e-01
[21/04/26 10:35:10][src.callback.progress][INFO] - Epoch 387: v_recons 2.391e-01  recons 1.357e-01  v_loss 4.230e-01  loss 1.473e-01  v_latent 1.237e+00  latent 6.630e-01  v_kl 7.772e+01  kl 3.303e+01  v_contrastive 1.831e+00  contrastive 1.125e-01  v_t2m/len 1530  v_t2m/R01 18.88%  v_t2m/R02 23.79%  v_t2m/R03 32.81%  v_t2m/R05 43.45%  v_t2m/R10 56.54%  v_t2m/MedR 8.0%  v_m2t/len 1530  v_m2t/R01 21.5%  v_m2t/R02 25.42%  v_m2t/R03 33.72%  v_m2t/R05 42.47%  v_m2t/R10 54.43%  v_m2t/MedR 9.0%
[21/04/26 10:35:16][src.callback.progress][INFO] - Epoch 388 step 74500/192: loss 1.344e-01
[21/04/26 10:35:26][src.callback.progress][INFO] - Epoch 388 step 74550/192: loss 1.455e-01
[21/04/26 10:35:37][src.callback.progress][INFO] - Epoch 388 step 74600/192: loss 1.499e-01
[21/04/26 10:35:48][src.callback.progress][INFO] - Epoch 388 step 74650/192: loss 1.270e-01
[21/04/26 10:35:58][src.callback.progress][INFO] - Epoch 388: v_recons 2.381e-01  recons 1.358e-01  v_loss 4.229e-01  loss 1.471e-01  v_latent 1.241e+00  latent 6.643e-01  v_kl 7.763e+01  kl 3.291e+01  v_contrastive 1.841e+00  contrastive 1.101e-01  v_t2m/len 1530  v_t2m/R01 19.4%  v_t2m/R02 23.27%  v_t2m/R03 32.09%  v_t2m/R05 41.95%  v_t2m/R10 56.08%  v_t2m/MedR 8.0%  v_m2t/len 1530  v_m2t/R01 22.35%  v_m2t/R02 25.48%  v_m2t/R03 34.63%  v_m2t/R05 42.41%  v_m2t/R10 54.97%  v_m2t/MedR 8.0%
[21/04/26 10:36:05][src.callback.progress][INFO] - Epoch 389 step 74700/192: loss 1.443e-01
[21/04/26 10:36:16][src.callback.progress][INFO] - Epoch 389 step 74750/192: loss 1.418e-01
[21/04/26 10:36:26][src.callback.progress][INFO] - Epoch 389 step 74800/192: loss 1.412e-01
[21/04/26 10:36:37][src.callback.progress][INFO] - Epoch 389 step 74850/192: loss 1.396e-01
[21/04/26 10:36:45][src.callback.progress][INFO] - Epoch 389: v_recons 2.392e-01  recons 1.356e-01  v_loss 4.227e-01  loss 1.473e-01  v_latent 1.234e+00  latent 6.665e-01  v_kl 7.855e+01  kl 3.318e+01  v_contrastive 1.827e+00  contrastive 1.129e-01  v_t2m/len 1530  v_t2m/R01 20.0%  v_t2m/R02 24.18%  v_t2m/R03 33.4%  v_t2m/R05 43.99%  v_t2m/R10 56.66%  v_t2m/MedR 7.0%  v_m2t/len 1530  v_m2t/R01 23.06%  v_m2t/R02 25.48%  v_m2t/R03 33.99%  v_m2t/R05 42.47%  v_m2t/R10 54.9%  v_m2t/MedR 8.0%
[21/04/26 10:36:54][src.callback.progress][INFO] - Epoch 390 step 74900/192: loss 1.489e-01
[21/04/26 10:37:05][src.callback.progress][INFO] - Epoch 390 step 74950/192: loss 1.441e-01
[21/04/26 10:37:15][src.callback.progress][INFO] - Epoch 390 step 75000/192: loss 1.653e-01
[21/04/26 10:37:26][src.callback.progress][INFO] - Epoch 390 step 75050/192: loss 1.336e-01
[21/04/26 10:37:32][src.callback.progress][INFO] - Epoch 390: v_recons 2.400e-01  recons 1.353e-01  v_loss 4.225e-01  loss 1.464e-01  v_latent 1.233e+00  latent 6.633e-01  v_kl 7.730e+01  kl 3.307e+01  v_contrastive 1.817e+00  contrastive 1.078e-01  v_t2m/len 1530  v_t2m/R01 18.88%  v_t2m/R02 22.68%  v_t2m/R03 32.34%  v_t2m/R05 42.81%  v_t2m/R10 56.86%  v_t2m/MedR 8.0%  v_m2t/len 1530  v_m2t/R01 22.21%  v_m2t/R02 25.81%  v_m2t/R03 33.4%  v_m2t/R05 41.5%  v_m2t/R10 54.97%  v_m2t/MedR 8.5%
[21/04/26 10:37:44][src.callback.progress][INFO] - Epoch 391 step 75100/192: loss 1.407e-01
[21/04/26 10:37:54][src.callback.progress][INFO] - Epoch 391 step 75150/192: loss 1.481e-01
[21/04/26 10:38:05][src.callback.progress][INFO] - Epoch 391 step 75200/192: loss 1.350e-01
[21/04/26 10:38:15][src.callback.progress][INFO] - Epoch 391 step 75250/192: loss 1.283e-01
[21/04/26 10:38:20][src.callback.progress][INFO] - Epoch 391: v_recons 2.411e-01  recons 1.351e-01  v_loss 4.252e-01  loss 1.464e-01  v_latent 1.238e+00  latent 6.619e-01  v_kl 7.829e+01  kl 3.301e+01  v_contrastive 1.833e+00  contrastive 1.098e-01  v_t2m/len 1530  v_t2m/R01 18.62%  v_t2m/R02 24.04%  v_t2m/R03 32.02%  v_t2m/R05 41.11%  v_t2m/R10 55.56%  v_t2m/MedR 8.0%  v_m2t/len 1530  v_m2t/R01 22.61%  v_m2t/R02 25.69%  v_m2t/R03 34.04%  v_m2t/R05 42.02%  v_m2t/R10 54.31%  v_m2t/MedR 9.0%
[21/04/26 10:38:33][src.callback.progress][INFO] - Epoch 392 step 75300/192: loss 1.403e-01
[21/04/26 10:38:43][src.callback.progress][INFO] - Epoch 392 step 75350/192: loss 1.411e-01
[21/04/26 10:38:54][src.callback.progress][INFO] - Epoch 392 step 75400/192: loss 1.436e-01
[21/04/26 10:39:04][src.callback.progress][INFO] - Epoch 392 step 75450/192: loss 1.298e-01
[21/04/26 10:39:07][src.callback.progress][INFO] - Epoch 392: v_recons 2.396e-01  recons 1.350e-01  v_loss 4.243e-01  loss 1.466e-01  v_latent 1.240e+00  latent 6.635e-01  v_kl 7.823e+01  kl 3.315e+01  v_contrastive 1.838e+00  contrastive 1.128e-01  v_t2m/len 1530  v_t2m/R01 18.37%  v_t2m/R02 22.75%  v_t2m/R03 32.54%  v_t2m/R05 42.47%  v_t2m/R10 54.84%  v_t2m/MedR 8.0%  v_m2t/len 1530  v_m2t/R01 22.03%  v_m2t/R02 25.62%  v_m2t/R03 33.91%  v_m2t/R05 42.41%  v_m2t/R10 55.41%  v_m2t/MedR 9.0%
[21/04/26 10:39:21][src.callback.progress][INFO] - Epoch 393 step 75500/192: loss 1.469e-01
[21/04/26 10:39:32][src.callback.progress][INFO] - Epoch 393 step 75550/192: loss 1.450e-01
[21/04/26 10:39:43][src.callback.progress][INFO] - Epoch 393 step 75600/192: loss 1.450e-01
[21/04/26 10:39:54][src.callback.progress][INFO] - Epoch 393: v_recons 2.387e-01  recons 1.350e-01  v_loss 4.244e-01  loss 1.461e-01  v_latent 1.245e+00  latent 6.638e-01  v_kl 7.860e+01  kl 3.318e+01  v_contrastive 1.849e+00  contrastive 1.077e-01  v_t2m/len 1530  v_t2m/R01 18.76%  v_t2m/R02 24.3%  v_t2m/R03 33.27%  v_t2m/R05 43.45%  v_t2m/R10 56.4%  v_t2m/MedR 8.0%  v_m2t/len 1530  v_m2t/R01 23.59%  v_m2t/R02 26.34%  v_m2t/R03 34.31%  v_m2t/R05 41.95%  v_m2t/R10 54.11%  v_m2t/MedR 8.0%
[21/04/26 10:40:00][src.callback.progress][INFO] - Epoch 394 step 75650/192: loss 1.299e-01
[21/04/26 10:40:10][src.callback.progress][INFO] - Epoch 394 step 75700/192: loss 1.542e-01
[21/04/26 10:40:21][src.callback.progress][INFO] - Epoch 394 step 75750/192: loss 1.509e-01
[21/04/26 10:40:31][src.callback.progress][INFO] - Epoch 394 step 75800/192: loss 1.496e-01
[21/04/26 10:40:42][src.callback.progress][INFO] - Epoch 394: v_recons 2.387e-01  recons 1.349e-01  v_loss 4.231e-01  loss 1.462e-01  v_latent 1.239e+00  latent 6.656e-01  v_kl 7.788e+01  kl 3.326e+01  v_contrastive 1.836e+00  contrastive 1.097e-01  v_t2m/len 1530  v_t2m/R01 19.14%  v_t2m/R02 24.63%  v_t2m/R03 34.11%  v_t2m/R05 41.9%  v_t2m/R10 55.09%  v_t2m/MedR 8.0%  v_m2t/len 1530  v_m2t/R01 22.8%  v_m2t/R02 26.01%  v_m2t/R03 34.58%  v_m2t/R05 42.88%  v_m2t/R10 54.31%  v_m2t/MedR 8.0%
[21/04/26 10:40:49][src.callback.progress][INFO] - Epoch 395 step 75850/192: loss 1.800e-01
[21/04/26 10:41:00][src.callback.progress][INFO] - Epoch 395 step 75900/192: loss 1.513e-01
[21/04/26 10:41:10][src.callback.progress][INFO] - Epoch 395 step 75950/192: loss 1.481e-01
[21/04/26 10:41:21][src.callback.progress][INFO] - Epoch 395 step 76000/192: loss 1.478e-01
[21/04/26 10:41:29][src.callback.progress][INFO] - Epoch 395: v_recons 2.419e-01  recons 1.354e-01  v_loss 4.266e-01  loss 1.468e-01  v_latent 1.241e+00  latent 6.665e-01  v_kl 7.824e+01  kl 3.330e+01  v_contrastive 1.839e+00  contrastive 1.107e-01  v_t2m/len 1530  v_t2m/R01 18.62%  v_t2m/R02 23.53%  v_t2m/R03 33.06%  v_t2m/R05 41.63%  v_t2m/R10 54.63%  v_t2m/MedR 9.0%  v_m2t/len 1530  v_m2t/R01 22.35%  v_m2t/R02 25.36%  v_m2t/R03 33.72%  v_m2t/R05 41.5%  v_m2t/R10 53.72%  v_m2t/MedR 9.0%
[21/04/26 10:41:39][src.callback.progress][INFO] - Epoch 396 step 76050/192: loss 1.558e-01
[21/04/26 10:41:49][src.callback.progress][INFO] - Epoch 396 step 76100/192: loss 1.596e-01
[21/04/26 10:42:00][src.callback.progress][INFO] - Epoch 396 step 76150/192: loss 1.304e-01
[21/04/26 10:42:11][src.callback.progress][INFO] - Epoch 396 step 76200/192: loss 1.532e-01
[21/04/26 10:42:17][src.callback.progress][INFO] - Epoch 396: v_recons 2.406e-01  recons 1.354e-01  v_loss 4.261e-01  loss 1.468e-01  v_latent 1.242e+00  latent 6.692e-01  v_kl 7.882e+01  kl 3.351e+01  v_contrastive 1.847e+00  contrastive 1.109e-01  v_t2m/len 1530  v_t2m/R01 18.95%  v_t2m/R02 24.18%  v_t2m/R03 34.04%  v_t2m/R05 42.29%  v_t2m/R10 55.68%  v_t2m/MedR 8.0%  v_m2t/len 1530  v_m2t/R01 22.94%  v_m2t/R02 25.55%  v_m2t/R03 34.04%  v_m2t/R05 42.09%  v_m2t/R10 54.25%  v_m2t/MedR 9.0%
[21/04/26 10:42:28][src.callback.progress][INFO] - Epoch 397 step 76250/192: loss 1.389e-01
[21/04/26 10:42:39][src.callback.progress][INFO] - Epoch 397 step 76300/192: loss 1.442e-01
[21/04/26 10:42:49][src.callback.progress][INFO] - Epoch 397 step 76350/192: loss 1.398e-01
[21/04/26 10:43:00][src.callback.progress][INFO] - Epoch 397 step 76400/192: loss 1.601e-01
[21/04/26 10:43:05][src.callback.progress][INFO] - Epoch 397: v_recons 2.392e-01  recons 1.349e-01  v_loss 4.252e-01  loss 1.464e-01  v_latent 1.246e+00  latent 6.649e-01  v_kl 7.964e+01  kl 3.329e+01  v_contrastive 1.853e+00  contrastive 1.112e-01  v_t2m/len 1530  v_t2m/R01 18.81%  v_t2m/R02 23.06%  v_t2m/R03 32.34%  v_t2m/R05 41.04%  v_t2m/R10 55.61%  v_t2m/MedR 8.0%  v_m2t/len 1530  v_m2t/R01 21.5%  v_m2t/R02 24.63%  v_m2t/R03 33.2%  v_m2t/R05 42.15%  v_m2t/R10 54.5%  v_m2t/MedR 9.0%
[21/04/26 10:43:17][src.callback.progress][INFO] - Epoch 398 step 76450/192: loss 1.506e-01
[21/04/26 10:43:28][src.callback.progress][INFO] - Epoch 398 step 76500/192: loss 1.409e-01
[21/04/26 10:43:38][src.callback.progress][INFO] - Epoch 398 step 76550/192: loss 1.813e-01
[21/04/26 10:43:49][src.callback.progress][INFO] - Epoch 398 step 76600/192: loss 1.397e-01
[21/04/26 10:43:52][src.callback.progress][INFO] - Epoch 398: v_recons 2.401e-01  recons 1.347e-01  v_loss 4.245e-01  loss 1.458e-01  v_latent 1.245e+00  latent 6.651e-01  v_kl 7.916e+01  kl 3.343e+01  v_contrastive 1.836e+00  contrastive 1.078e-01  v_t2m/len 1530  v_t2m/R01 19.67%  v_t2m/R02 23.86%  v_t2m/R03 32.15%  v_t2m/R05 42.54%  v_t2m/R10 56.66%  v_t2m/MedR 8.0%  v_m2t/len 1530  v_m2t/R01 21.18%  v_m2t/R02 24.77%  v_m2t/R03 32.41%  v_m2t/R05 40.06%  v_m2t/R10 54.43%  v_m2t/MedR 9.0%
[21/04/26 10:44:06][src.callback.progress][INFO] - Epoch 399 step 76650/192: loss 1.536e-01
[21/04/26 10:44:17][src.callback.progress][INFO] - Epoch 399 step 76700/192: loss 1.289e-01
[21/04/26 10:44:27][src.callback.progress][INFO] - Epoch 399 step 76750/192: loss 1.617e-01
[21/04/26 10:44:38][src.callback.progress][INFO] - Epoch 399 step 76800/192: loss 1.443e-01
[21/04/26 10:44:40][src.callback.progress][INFO] - Epoch 399: v_recons 2.408e-01  recons 1.348e-01  v_loss 4.282e-01  loss 1.461e-01  v_latent 1.255e+00  latent 6.659e-01  v_kl 8.040e+01  kl 3.351e+01  v_contrastive 1.865e+00  contrastive 1.093e-01  v_t2m/len 1530  v_t2m/R01 19.54%  v_t2m/R02 23.45%  v_t2m/R03 31.11%  v_t2m/R05 40.59%  v_t2m/R10 55.49%  v_t2m/MedR 8.0%  v_m2t/len 1530  v_m2t/R01 22.47%  v_m2t/R02 25.22%  v_m2t/R03 32.81%  v_m2t/R05 41.36%  v_m2t/R10 53.45%  v_m2t/MedR 9.0%
[21/04/26 10:44:56][src.callback.progress][INFO] - Epoch 400 step 76850/192: loss 1.749e-01
[21/04/26 10:45:07][src.callback.progress][INFO] - Epoch 400 step 76900/192: loss 1.295e-01
[21/04/26 10:45:17][src.callback.progress][INFO] - Epoch 400 step 76950/192: loss 1.895e-01
[21/04/26 10:45:28][src.callback.progress][INFO] - Epoch 400: v_recons 2.376e-01  recons 1.348e-01  v_loss 4.216e-01  loss 1.459e-01  v_latent 1.241e+00  latent 6.679e-01  v_kl 7.827e+01  kl 3.349e+01  v_contrastive 1.832e+00  contrastive 1.076e-01  v_t2m/len 1530  v_t2m/R01 20.52%  v_t2m/R02 25.15%  v_t2m/R03 32.22%  v_t2m/R05 41.31%  v_t2m/R10 56.79%  v_t2m/MedR 8.0%  v_m2t/len 1530  v_m2t/R01 22.09%  v_m2t/R02 25.1%  v_m2t/R03 32.54%  v_m2t/R05 40.52%  v_m2t/R10 54.25%  v_m2t/MedR 9.0%
[21/04/26 10:45:35][src.callback.progress][INFO] - Epoch 401 step 77000/192: loss 1.471e-01
[21/04/26 10:45:45][src.callback.progress][INFO] - Epoch 401 step 77050/192: loss 1.194e-01
[21/04/26 10:45:56][src.callback.progress][INFO] - Epoch 401 step 77100/192: loss 1.234e-01
[21/04/26 10:46:06][src.callback.progress][INFO] - Epoch 401 step 77150/192: loss 1.589e-01
[21/04/26 10:46:15][src.callback.progress][INFO] - Epoch 401: v_recons 2.399e-01  recons 1.347e-01  v_loss 4.242e-01  loss 1.461e-01  v_latent 1.243e+00  latent 6.707e-01  v_kl 7.940e+01  kl 3.369e+01  v_contrastive 1.835e+00  contrastive 1.106e-01  v_t2m/len 1530  v_t2m/R01 19.4%  v_t2m/R02 24.84%  v_t2m/R03 33.52%  v_t2m/R05 42.47%  v_t2m/R10 55.41%  v_t2m/MedR 8.0%  v_m2t/len 1530  v_m2t/R01 22.54%  v_m2t/R02 25.48%  v_m2t/R03 33.52%  v_m2t/R05 41.43%  v_m2t/R10 54.38%  v_m2t/MedR 9.0%
[21/04/26 10:46:23][src.callback.progress][INFO] - Epoch 402 step 77200/192: loss 1.485e-01
[21/04/26 10:46:34][src.callback.progress][INFO] - Epoch 402 step 77250/192: loss 1.298e-01
[21/04/26 10:46:45][src.callback.progress][INFO] - Epoch 402 step 77300/192: loss 1.418e-01
[21/04/26 10:46:55][src.callback.progress][INFO] - Epoch 402 step 77350/192: loss 1.505e-01
[21/04/26 10:47:03][src.callback.progress][INFO] - Epoch 402: v_recons 2.391e-01  recons 1.348e-01  v_loss 4.211e-01  loss 1.461e-01  v_latent 1.240e+00  latent 6.692e-01  v_kl 7.873e+01  kl 3.371e+01  v_contrastive 1.812e+00  contrastive 1.091e-01  v_t2m/len 1530  v_t2m/R01 19.07%  v_t2m/R02 23.98%  v_t2m/R03 32.75%  v_t2m/R05 42.68%  v_t2m/R10 56.08%  v_t2m/MedR 8.0%  v_m2t/len 1530  v_m2t/R01 23.01%  v_m2t/R02 25.95%  v_m2t/R03 33.06%  v_m2t/R05 42.09%  v_m2t/R10 53.13%  v_m2t/MedR 9.0%
[21/04/26 10:47:13][src.callback.progress][INFO] - Epoch 403 step 77400/192: loss 1.578e-01
[21/04/26 10:47:24][src.callback.progress][INFO] - Epoch 403 step 77450/192: loss 1.296e-01
[21/04/26 10:47:34][src.callback.progress][INFO] - Epoch 403 step 77500/192: loss 1.534e-01
[21/04/26 10:47:45][src.callback.progress][INFO] - Epoch 403 step 77550/192: loss 1.554e-01
[21/04/26 10:47:50][src.callback.progress][INFO] - Epoch 403: v_recons 2.377e-01  recons 1.340e-01  v_loss 4.206e-01  loss 1.448e-01  v_latent 1.243e+00  latent 6.620e-01  v_kl 7.915e+01  kl 3.333e+01  v_contrastive 1.821e+00  contrastive 1.054e-01  v_t2m/len 1530  v_t2m/R01 19.14%  v_t2m/R02 24.18%  v_t2m/R03 32.68%  v_t2m/R05 41.9%  v_t2m/R10 55.49%  v_t2m/MedR 8.0%  v_m2t/len 1530  v_m2t/R01 22.87%  v_m2t/R02 25.81%  v_m2t/R03 34.38%  v_m2t/R05 41.9%  v_m2t/R10 53.79%  v_m2t/MedR 9.0%
[21/04/26 10:48:03][src.callback.progress][INFO] - Epoch 404 step 77600/192: loss 1.500e-01
[21/04/26 10:48:13][src.callback.progress][INFO] - Epoch 404 step 77650/192: loss 1.428e-01
[21/04/26 10:48:24][src.callback.progress][INFO] - Epoch 404 step 77700/192: loss 1.467e-01
[21/04/26 10:48:34][src.callback.progress][INFO] - Epoch 404 step 77750/192: loss 1.581e-01
[21/04/26 10:48:38][src.callback.progress][INFO] - Epoch 404: v_recons 2.376e-01  recons 1.343e-01  v_loss 4.212e-01  loss 1.456e-01  v_latent 1.246e+00  latent 6.638e-01  v_kl 7.985e+01  kl 3.353e+01  v_contrastive 1.827e+00  contrastive 1.087e-01  v_t2m/len 1530  v_t2m/R01 18.69%  v_t2m/R02 24.84%  v_t2m/R03 33.13%  v_t2m/R05 42.15%  v_t2m/R10 55.68%  v_t2m/MedR 8.0%  v_m2t/len 1530  v_m2t/R01 22.29%  v_m2t/R02 25.81%  v_m2t/R03 33.59%  v_m2t/R05 41.83%  v_m2t/R10 53.79%  v_m2t/MedR 9.0%
[21/04/26 10:48:52][src.callback.progress][INFO] - Epoch 405 step 77800/192: loss 1.354e-01
[21/04/26 10:49:02][src.callback.progress][INFO] - Epoch 405 step 77850/192: loss 1.332e-01
[21/04/26 10:49:13][src.callback.progress][INFO] - Epoch 405 step 77900/192: loss 1.319e-01
[21/04/26 10:49:23][src.callback.progress][INFO] - Epoch 405 step 77950/192: loss 1.353e-01
[21/04/26 10:49:26][src.callback.progress][INFO] - Epoch 405: v_recons 2.397e-01  recons 1.338e-01  v_loss 4.239e-01  loss 1.449e-01  v_latent 1.247e+00  latent 6.612e-01  v_kl 7.984e+01  kl 3.336e+01  v_contrastive 1.834e+00  contrastive 1.070e-01  v_t2m/len 1530  v_t2m/R01 17.45%  v_t2m/R02 22.8%  v_t2m/R03 32.41%  v_t2m/R05 41.75%  v_t2m/R10 55.75%  v_t2m/MedR 8.0%  v_m2t/len 1530  v_m2t/R01 22.61%  v_m2t/R02 25.42%  v_m2t/R03 32.75%  v_m2t/R05 40.91%  v_m2t/R10 54.43%  v_m2t/MedR 9.0%
[21/04/26 10:49:41][src.callback.progress][INFO] - Epoch 406 step 78000/192: loss 1.507e-01
[21/04/26 10:49:52][src.callback.progress][INFO] - Epoch 406 step 78050/192: loss 1.580e-01
[21/04/26 10:50:02][src.callback.progress][INFO] - Epoch 406 step 78100/192: loss 1.472e-01
[21/04/26 10:50:13][src.callback.progress][INFO] - Epoch 406: v_recons 2.401e-01  recons 1.340e-01  v_loss 4.248e-01  loss 1.451e-01  v_latent 1.252e+00  latent 6.659e-01  v_kl 8.127e+01  kl 3.386e+01  v_contrastive 1.838e+00  contrastive 1.080e-01  v_t2m/len 1530  v_t2m/R01 19.14%  v_t2m/R02 23.86%  v_t2m/R03 33.0%  v_t2m/R05 41.24%  v_t2m/R10 55.49%  v_t2m/MedR 8.0%  v_m2t/len 1530  v_m2t/R01 22.47%  v_m2t/R02 26.67%  v_m2t/R03 34.25%  v_m2t/R05 41.83%  v_m2t/R10 53.52%  v_m2t/MedR 9.0%
[21/04/26 10:50:20][src.callback.progress][INFO] - Epoch 407 step 78150/192: loss 1.475e-01
[21/04/26 10:50:31][src.callback.progress][INFO] - Epoch 407 step 78200/192: loss 1.543e-01
[21/04/26 10:50:41][src.callback.progress][INFO] - Epoch 407 step 78250/192: loss 1.642e-01
[21/04/26 10:50:52][src.callback.progress][INFO] - Epoch 407 step 78300/192: loss 1.613e-01
[21/04/26 10:51:01][src.callback.progress][INFO] - Epoch 407: v_recons 2.389e-01  recons 1.341e-01  v_loss 4.222e-01  loss 1.451e-01  v_latent 1.247e+00  latent 6.670e-01  v_kl 7.955e+01  kl 3.383e+01  v_contrastive 1.825e+00  contrastive 1.070e-01  v_t2m/len 1530  v_t2m/R01 18.81%  v_t2m/R02 24.3%  v_t2m/R03 32.68%  v_t2m/R05 42.61%  v_t2m/R10 56.4%  v_t2m/MedR 8.0%  v_m2t/len 1530  v_m2t/R01 21.7%  v_m2t/R02 25.29%  v_m2t/R03 34.63%  v_m2t/R05 42.15%  v_m2t/R10 54.18%  v_m2t/MedR 8.0%
[21/04/26 10:51:10][src.callback.progress][INFO] - Epoch 408 step 78350/192: loss 1.267e-01
[21/04/26 10:51:20][src.callback.progress][INFO] - Epoch 408 step 78400/192: loss 1.627e-01
[21/04/26 10:51:31][src.callback.progress][INFO] - Epoch 408 step 78450/192: loss 1.418e-01
[21/04/26 10:51:41][src.callback.progress][INFO] - Epoch 408 step 78500/192: loss 1.505e-01
[21/04/26 10:51:49][src.callback.progress][INFO] - Epoch 408: v_recons 2.417e-01  recons 1.338e-01  v_loss 4.282e-01  loss 1.449e-01  v_latent 1.253e+00  latent 6.654e-01  v_kl 8.057e+01  kl 3.361e+01  v_contrastive 1.856e+00  contrastive 1.071e-01  v_t2m/len 1530  v_t2m/R01 18.17%  v_t2m/R02 24.25%  v_t2m/R03 33.13%  v_t2m/R05 41.18%  v_t2m/R10 54.9%  v_t2m/MedR 8.0%  v_m2t/len 1530  v_m2t/R01 21.95%  v_m2t/R02 25.03%  v_m2t/R03 33.0%  v_m2t/R05 41.75%  v_m2t/R10 54.25%  v_m2t/MedR 9.0%
[21/04/26 10:51:59][src.callback.progress][INFO] - Epoch 409 step 78550/192: loss 1.335e-01
[21/04/26 10:52:09][src.callback.progress][INFO] - Epoch 409 step 78600/192: loss 1.547e-01
[21/04/26 10:52:20][src.callback.progress][INFO] - Epoch 409 step 78650/192: loss 1.367e-01
[21/04/26 10:52:30][src.callback.progress][INFO] - Epoch 409 step 78700/192: loss 1.289e-01
[21/04/26 10:52:36][src.callback.progress][INFO] - Epoch 409: v_recons 2.405e-01  recons 1.333e-01  v_loss 4.277e-01  loss 1.443e-01  v_latent 1.260e+00  latent 6.630e-01  v_kl 8.132e+01  kl 3.387e+01  v_contrastive 1.864e+00  contrastive 1.064e-01  v_t2m/len 1530  v_t2m/R01 19.02%  v_t2m/R02 23.98%  v_t2m/R03 32.09%  v_t2m/R05 42.02%  v_t2m/R10 55.36%  v_t2m/MedR 8.0%  v_m2t/len 1530  v_m2t/R01 21.62%  v_m2t/R02 24.7%  v_m2t/R03 33.33%  v_m2t/R05 41.9%  v_m2t/R10 54.38%  v_m2t/MedR 9.0%
[21/04/26 10:52:48][src.callback.progress][INFO] - Epoch 410 step 78750/192: loss 1.321e-01
[21/04/26 10:52:58][src.callback.progress][INFO] - Epoch 410 step 78800/192: loss 1.250e-01
[21/04/26 10:53:09][src.callback.progress][INFO] - Epoch 410 step 78850/192: loss 1.471e-01
[21/04/26 10:53:19][src.callback.progress][INFO] - Epoch 410 step 78900/192: loss 1.502e-01
[21/04/26 10:53:24][src.callback.progress][INFO] - Epoch 410: v_recons 2.406e-01  recons 1.334e-01  v_loss 4.258e-01  loss 1.443e-01  v_latent 1.257e+00  latent 6.608e-01  v_kl 8.036e+01  kl 3.353e+01  v_contrastive 1.844e+00  contrastive 1.062e-01  v_t2m/len 1530  v_t2m/R01 18.43%  v_t2m/R02 23.13%  v_t2m/R03 32.41%  v_t2m/R05 42.09%  v_t2m/R10 55.15%  v_t2m/MedR 9.0%  v_m2t/len 1530  v_m2t/R01 21.7%  v_m2t/R02 25.1%  v_m2t/R03 33.45%  v_m2t/R05 41.75%  v_m2t/R10 54.5%  v_m2t/MedR 9.0%
[21/04/26 10:53:37][src.callback.progress][INFO] - Epoch 411 step 78950/192: loss 1.383e-01
[21/04/26 10:53:47][src.callback.progress][INFO] - Epoch 411 step 79000/192: loss 1.690e-01
[21/04/26 10:53:58][src.callback.progress][INFO] - Epoch 411 step 79050/192: loss 1.514e-01
[21/04/26 10:54:08][src.callback.progress][INFO] - Epoch 411 step 79100/192: loss 1.488e-01
[21/04/26 10:54:11][src.callback.progress][INFO] - Epoch 411: v_recons 2.390e-01  recons 1.330e-01  v_loss 4.231e-01  loss 1.437e-01  v_latent 1.257e+00  latent 6.590e-01  v_kl 8.024e+01  kl 3.330e+01  v_contrastive 1.833e+00  contrastive 1.037e-01  v_t2m/len 1530  v_t2m/R01 18.62%  v_t2m/R02 22.68%  v_t2m/R03 32.02%  v_t2m/R05 41.7%  v_t2m/R10 55.95%  v_t2m/MedR 8.0%  v_m2t/len 1530  v_m2t/R01 21.3%  v_m2t/R02 24.63%  v_m2t/R03 33.27%  v_m2t/R05 42.02%  v_m2t/R10 54.63%  v_m2t/MedR 8.0%
[21/04/26 10:54:26][src.callback.progress][INFO] - Epoch 412 step 79150/192: loss 1.269e-01
[21/04/26 10:54:37][src.callback.progress][INFO] - Epoch 412 step 79200/192: loss 1.580e-01
[21/04/26 10:54:47][src.callback.progress][INFO] - Epoch 412 step 79250/192: loss 1.551e-01
[21/04/26 10:54:59][src.callback.progress][INFO] - Epoch 412: v_recons 2.397e-01  recons 1.332e-01  v_loss 4.251e-01  loss 1.438e-01  v_latent 1.259e+00  latent 6.597e-01  v_kl 8.075e+01  kl 3.333e+01  v_contrastive 1.846e+00  contrastive 1.033e-01  v_t2m/len 1530  v_t2m/R01 18.29%  v_t2m/R02 22.68%  v_t2m/R03 32.09%  v_t2m/R05 41.56%  v_t2m/R10 56.34%  v_t2m/MedR 8.0%  v_m2t/len 1530  v_m2t/R01 21.89%  v_m2t/R02 25.22%  v_m2t/R03 33.27%  v_m2t/R05 42.93%  v_m2t/R10 54.63%  v_m2t/MedR 9.0%
[21/04/26 10:55:05][src.callback.progress][INFO] - Epoch 413 step 79300/192: loss 1.400e-01
[21/04/26 10:55:15][src.callback.progress][INFO] - Epoch 413 step 79350/192: loss 1.347e-01
[21/04/26 10:55:26][src.callback.progress][INFO] - Epoch 413 step 79400/192: loss 1.425e-01
[21/04/26 10:55:36][src.callback.progress][INFO] - Epoch 413 step 79450/192: loss 1.401e-01
[21/04/26 10:55:46][src.callback.progress][INFO] - Epoch 413: v_recons 2.390e-01  recons 1.331e-01  v_loss 4.198e-01  loss 1.440e-01  v_latent 1.256e+00  latent 6.597e-01  v_kl 8.029e+01  kl 3.325e+01  v_contrastive 1.800e+00  contrastive 1.059e-01  v_t2m/len 1530  v_t2m/R01 19.4%  v_t2m/R02 23.79%  v_t2m/R03 32.22%  v_t2m/R05 39.66%  v_t2m/R10 55.49%  v_t2m/MedR 8.0%  v_m2t/len 1530  v_m2t/R01 21.89%  v_m2t/R02 24.51%  v_m2t/R03 33.0%  v_m2t/R05 41.5%  v_m2t/R10 54.31%  v_m2t/MedR 8.0%
[21/04/26 10:55:53][src.callback.progress][INFO] - Epoch 414 step 79500/192: loss 1.381e-01
[21/04/26 10:56:04][src.callback.progress][INFO] - Epoch 414 step 79550/192: loss 1.514e-01
[21/04/26 10:56:14][src.callback.progress][INFO] - Epoch 414 step 79600/192: loss 1.386e-01
[21/04/26 10:56:25][src.callback.progress][INFO] - Epoch 414 step 79650/192: loss 1.535e-01
[21/04/26 10:56:33][src.callback.progress][INFO] - Epoch 414: v_recons 2.391e-01  recons 1.332e-01  v_loss 4.204e-01  loss 1.439e-01  v_latent 1.251e+00  latent 6.641e-01  v_kl 8.064e+01  kl 3.374e+01  v_contrastive 1.805e+00  contrastive 1.039e-01  v_t2m/len 1530  v_t2m/R01 20.0%  v_t2m/R02 24.77%  v_t2m/R03 33.79%  v_t2m/R05 43.13%  v_t2m/R10 55.95%  v_t2m/MedR 8.0%  v_m2t/len 1530  v_m2t/R01 23.79%  v_m2t/R02 26.79%  v_m2t/R03 34.25%  v_m2t/R05 42.09%  v_m2t/R10 54.97%  v_m2t/MedR 9.0%
[21/04/26 10:56:42][src.callback.progress][INFO] - Epoch 415 step 79700/192: loss 1.439e-01
[21/04/26 10:56:53][src.callback.progress][INFO] - Epoch 415 step 79750/192: loss 1.633e-01
[21/04/26 10:57:03][src.callback.progress][INFO] - Epoch 415 step 79800/192: loss 1.584e-01
[21/04/26 10:57:14][src.callback.progress][INFO] - Epoch 415 step 79850/192: loss 1.201e-01
[21/04/26 10:57:20][src.callback.progress][INFO] - Epoch 415: v_recons 2.387e-01  recons 1.329e-01  v_loss 4.227e-01  loss 1.435e-01  v_latent 1.251e+00  latent 6.618e-01  v_kl 8.027e+01  kl 3.356e+01  v_contrastive 1.832e+00  contrastive 1.027e-01  v_t2m/len 1530  v_t2m/R01 19.02%  v_t2m/R02 23.13%  v_t2m/R03 32.61%  v_t2m/R05 41.24%  v_t2m/R10 55.22%  v_t2m/MedR 8.0%  v_m2t/len 1530  v_m2t/R01 21.5%  v_m2t/R02 24.89%  v_m2t/R03 33.99%  v_m2t/R05 42.54%  v_m2t/R10 55.49%  v_m2t/MedR 8.0%
[21/04/26 10:57:31][src.callback.progress][INFO] - Epoch 416 step 79900/192: loss 1.197e-01
[21/04/26 10:57:42][src.callback.progress][INFO] - Epoch 416 step 79950/192: loss 1.402e-01
[21/04/26 10:57:52][src.callback.progress][INFO] - Epoch 416 step 80000/192: loss 1.589e-01
[21/04/26 10:58:03][src.callback.progress][INFO] - Epoch 416 step 80050/192: loss 1.469e-01
[21/04/26 10:58:08][src.callback.progress][INFO] - Epoch 416: v_recons 2.392e-01  recons 1.330e-01  v_loss 4.236e-01  loss 1.435e-01  v_latent 1.260e+00  latent 6.592e-01  v_kl 8.132e+01  kl 3.346e+01  v_contrastive 1.835e+00  contrastive 1.022e-01  v_t2m/len 1530  v_t2m/R01 18.69%  v_t2m/R02 23.53%  v_t2m/R03 32.15%  v_t2m/R05 42.75%  v_t2m/R10 56.34%  v_t2m/MedR 8.0%  v_m2t/len 1530  v_m2t/R01 22.61%  v_m2t/R02 25.75%  v_m2t/R03 33.65%  v_m2t/R05 42.81%  v_m2t/R10 54.11%  v_m2t/MedR 9.0%
[21/04/26 10:58:20][src.callback.progress][INFO] - Epoch 417 step 80100/192: loss 1.565e-01
[21/04/26 10:58:31][src.callback.progress][INFO] - Epoch 417 step 80150/192: loss 1.367e-01
[21/04/26 10:58:41][src.callback.progress][INFO] - Epoch 417 step 80200/192: loss 1.365e-01
[21/04/26 10:58:52][src.callback.progress][INFO] - Epoch 417 step 80250/192: loss 1.412e-01
[21/04/26 10:58:55][src.callback.progress][INFO] - Epoch 417: v_recons 2.396e-01  recons 1.325e-01  v_loss 4.287e-01  loss 1.434e-01  v_latent 1.270e+00  latent 6.617e-01  v_kl 8.219e+01  kl 3.368e+01  v_contrastive 1.883e+00  contrastive 1.049e-01  v_t2m/len 1530  v_t2m/R01 19.14%  v_t2m/R02 24.12%  v_t2m/R03 32.61%  v_t2m/R05 41.11%  v_t2m/R10 54.63%  v_t2m/MedR 9.0%  v_m2t/len 1530  v_m2t/R01 21.89%  v_m2t/R02 23.79%  v_m2t/R03 33.79%  v_m2t/R05 42.34%  v_m2t/R10 54.5%  v_m2t/MedR 9.0%
[21/04/26 10:59:09][src.callback.progress][INFO] - Epoch 418 step 80300/192: loss 1.308e-01
[21/04/26 10:59:20][src.callback.progress][INFO] - Epoch 418 step 80350/192: loss 1.382e-01
[21/04/26 10:59:30][src.callback.progress][INFO] - Epoch 418 step 80400/192: loss 1.570e-01
[21/04/26 10:59:42][src.callback.progress][INFO] - Epoch 418: v_recons 2.411e-01  recons 1.329e-01  v_loss 4.249e-01  loss 1.437e-01  v_latent 1.259e+00  latent 6.637e-01  v_kl 8.109e+01  kl 3.382e+01  v_contrastive 1.830e+00  contrastive 1.046e-01  v_t2m/len 1530  v_t2m/R01 20.45%  v_t2m/R02 25.1%  v_t2m/R03 33.27%  v_t2m/R05 42.93%  v_t2m/R10 56.13%  v_t2m/MedR 8.0%  v_m2t/len 1530  v_m2t/R01 21.62%  v_m2t/R02 25.03%  v_m2t/R03 34.58%  v_m2t/R05 42.54%  v_m2t/R10 54.25%  v_m2t/MedR 9.0%
[21/04/26 10:59:48][src.callback.progress][INFO] - Epoch 419 step 80450/192: loss 1.482e-01
[21/04/26 10:59:58][src.callback.progress][INFO] - Epoch 419 step 80500/192: loss 1.631e-01
[21/04/26 11:00:09][src.callback.progress][INFO] - Epoch 419 step 80550/192: loss 1.160e-01
[21/04/26 11:00:19][src.callback.progress][INFO] - Epoch 419 step 80600/192: loss 1.297e-01
[21/04/26 11:00:29][src.callback.progress][INFO] - Epoch 419: v_recons 2.411e-01  recons 1.328e-01  v_loss 4.259e-01  loss 1.437e-01  v_latent 1.261e+00  latent 6.634e-01  v_kl 8.227e+01  kl 3.384e+01  v_contrastive 1.839e+00  contrastive 1.052e-01  v_t2m/len 1530  v_t2m/R01 20.0%  v_t2m/R02 24.37%  v_t2m/R03 32.75%  v_t2m/R05 42.81%  v_t2m/R10 55.88%  v_t2m/MedR 8.0%  v_m2t/len 1530  v_m2t/R01 22.94%  v_m2t/R02 25.87%  v_m2t/R03 33.79%  v_m2t/R05 42.22%  v_m2t/R10 54.25%  v_m2t/MedR 9.0%
[21/04/26 11:00:36][src.callback.progress][INFO] - Epoch 420 step 80650/192: loss 1.509e-01
[21/04/26 11:00:47][src.callback.progress][INFO] - Epoch 420 step 80700/192: loss 1.466e-01
[21/04/26 11:00:57][src.callback.progress][INFO] - Epoch 420 step 80750/192: loss 1.407e-01
[21/04/26 11:01:08][src.callback.progress][INFO] - Epoch 420 step 80800/192: loss 1.580e-01
[21/04/26 11:01:16][src.callback.progress][INFO] - Epoch 420: v_recons 2.414e-01  recons 1.322e-01  v_loss 4.252e-01  loss 1.428e-01  v_latent 1.259e+00  latent 6.634e-01  v_kl 8.228e+01  kl 3.394e+01  v_contrastive 1.830e+00  contrastive 1.027e-01  v_t2m/len 1530  v_t2m/R01 19.67%  v_t2m/R02 24.3%  v_t2m/R03 34.43%  v_t2m/R05 43.13%  v_t2m/R10 55.02%  v_t2m/MedR 8.0%  v_m2t/len 1530  v_m2t/R01 22.42%  v_m2t/R02 25.48%  v_m2t/R03 34.31%  v_m2t/R05 42.93%  v_m2t/R10 55.88%  v_m2t/MedR 8.0%
[21/04/26 11:01:25][src.callback.progress][INFO] - Epoch 421 step 80850/192: loss 1.316e-01
[21/04/26 11:01:36][src.callback.progress][INFO] - Epoch 421 step 80900/192: loss 1.423e-01
[21/04/26 11:01:46][src.callback.progress][INFO] - Epoch 421 step 80950/192: loss 1.428e-01
[21/04/26 11:01:57][src.callback.progress][INFO] - Epoch 421 step 81000/192: loss 1.275e-01
[21/04/26 11:02:04][src.callback.progress][INFO] - Epoch 421: v_recons 2.417e-01  recons 1.327e-01  v_loss 4.266e-01  loss 1.433e-01  v_latent 1.260e+00  latent 6.624e-01  v_kl 8.122e+01  kl 3.385e+01  v_contrastive 1.841e+00  contrastive 1.017e-01  v_t2m/len 1530  v_t2m/R01 21.18%  v_t2m/R02 25.42%  v_t2m/R03 34.43%  v_t2m/R05 42.93%  v_t2m/R10 55.61%  v_t2m/MedR 8.0%  v_m2t/len 1530  v_m2t/R01 23.45%  v_m2t/R02 25.81%  v_m2t/R03 33.91%  v_m2t/R05 43.27%  v_m2t/R10 54.84%  v_m2t/MedR 8.0%
[21/04/26 11:02:14][src.callback.progress][INFO] - Epoch 422 step 81050/192: loss 1.637e-01
[21/04/26 11:02:25][src.callback.progress][INFO] - Epoch 422 step 81100/192: loss 1.490e-01
[21/04/26 11:02:35][src.callback.progress][INFO] - Epoch 422 step 81150/192: loss 1.413e-01
[21/04/26 11:02:46][src.callback.progress][INFO] - Epoch 422 step 81200/192: loss 1.448e-01
[21/04/26 11:02:51][src.callback.progress][INFO] - Epoch 422: v_recons 2.399e-01  recons 1.336e-01  v_loss 4.255e-01  loss 1.446e-01  v_latent 1.265e+00  latent 6.711e-01  v_kl 8.227e+01  kl 3.434e+01  v_contrastive 1.847e+00  contrastive 1.069e-01  v_t2m/len 1530  v_t2m/R01 19.47%  v_t2m/R02 24.04%  v_t2m/R03 32.88%  v_t2m/R05 41.83%  v_t2m/R10 56.54%  v_t2m/MedR 8.5%  v_m2t/len 1530  v_m2t/R01 22.75%  v_m2t/R02 26.2%  v_m2t/R03 35.09%  v_m2t/R05 42.61%  v_m2t/R10 54.97%  v_m2t/MedR 8.0%
[21/04/26 11:03:03][src.callback.progress][INFO] - Epoch 423 step 81250/192: loss 1.540e-01
[21/04/26 11:03:14][src.callback.progress][INFO] - Epoch 423 step 81300/192: loss 1.437e-01
[21/04/26 11:03:24][src.callback.progress][INFO] - Epoch 423 step 81350/192: loss 1.476e-01
[21/04/26 11:03:35][src.callback.progress][INFO] - Epoch 423 step 81400/192: loss 1.196e-01
[21/04/26 11:03:38][src.callback.progress][INFO] - Epoch 423: v_recons 2.400e-01  recons 1.328e-01  v_loss 4.245e-01  loss 1.434e-01  v_latent 1.261e+00  latent 6.668e-01  v_kl 8.159e+01  kl 3.420e+01  v_contrastive 1.837e+00  contrastive 1.023e-01  v_t2m/len 1530  v_t2m/R01 20.0%  v_t2m/R02 24.89%  v_t2m/R03 33.91%  v_t2m/R05 42.81%  v_t2m/R10 56.54%  v_t2m/MedR 8.0%  v_m2t/len 1530  v_m2t/R01 22.75%  v_m2t/R02 26.27%  v_m2t/R03 35.95%  v_m2t/R05 43.0%  v_m2t/R10 54.77%  v_m2t/MedR 8.0%
[21/04/26 11:03:52][src.callback.progress][INFO] - Epoch 424 step 81450/192: loss 1.393e-01
[21/04/26 11:04:03][src.callback.progress][INFO] - Epoch 424 step 81500/192: loss 1.463e-01
[21/04/26 11:04:13][src.callback.progress][INFO] - Epoch 424 step 81550/192: loss 1.406e-01
[21/04/26 11:04:24][src.callback.progress][INFO] - Epoch 424 step 81600/192: loss 1.242e-01
[21/04/26 11:04:26][src.callback.progress][INFO] - Epoch 424: v_recons 2.403e-01  recons 1.326e-01  v_loss 4.254e-01  loss 1.432e-01  v_latent 1.266e+00  latent 6.642e-01  v_kl 8.173e+01  kl 3.391e+01  v_contrastive 1.843e+00  contrastive 1.016e-01  v_t2m/len 1530  v_t2m/R01 18.5%  v_t2m/R02 23.79%  v_t2m/R03 32.34%  v_t2m/R05 42.68%  v_t2m/R10 54.43%  v_t2m/MedR 8.0%  v_m2t/len 1530  v_m2t/R01 22.42%  v_m2t/R02 26.27%  v_m2t/R03 34.97%  v_m2t/R05 42.15%  v_m2t/R10 54.43%  v_m2t/MedR 9.0%
[21/04/26 11:04:42][src.callback.progress][INFO] - Epoch 425 step 81650/192: loss 1.304e-01
[21/04/26 11:04:52][src.callback.progress][INFO] - Epoch 425 step 81700/192: loss 1.106e-01
[21/04/26 11:05:03][src.callback.progress][INFO] - Epoch 425 step 81750/192: loss 1.352e-01
[21/04/26 11:05:13][src.callback.progress][INFO] - Epoch 425: v_recons 2.416e-01  recons 1.329e-01  v_loss 4.271e-01  loss 1.436e-01  v_latent 1.271e+00  latent 6.672e-01  v_kl 8.284e+01  kl 3.424e+01  v_contrastive 1.846e+00  contrastive 1.028e-01  v_t2m/len 1530  v_t2m/R01 19.35%  v_t2m/R02 23.65%  v_t2m/R03 32.81%  v_t2m/R05 42.34%  v_t2m/R10 56.2%  v_t2m/MedR 8.0%  v_m2t/len 1530  v_m2t/R01 23.01%  v_m2t/R02 25.81%  v_m2t/R03 33.65%  v_m2t/R05 41.63%  v_m2t/R10 55.49%  v_m2t/MedR 8.0%
[21/04/26 11:05:20][src.callback.progress][INFO] - Epoch 426 step 81800/192: loss 1.334e-01
[21/04/26 11:05:30][src.callback.progress][INFO] - Epoch 426 step 81850/192: loss 1.402e-01
[21/04/26 11:05:41][src.callback.progress][INFO] - Epoch 426 step 81900/192: loss 1.464e-01
[21/04/26 11:05:51][src.callback.progress][INFO] - Epoch 426 step 81950/192: loss 1.432e-01
[21/04/26 11:06:00][src.callback.progress][INFO] - Epoch 426: v_recons 2.404e-01  recons 1.327e-01  v_loss 4.257e-01  loss 1.435e-01  v_latent 1.268e+00  latent 6.694e-01  v_kl 8.204e+01  kl 3.575e+01  v_contrastive 1.845e+00  contrastive 1.051e-01  v_t2m/len 1530  v_t2m/R01 19.21%  v_t2m/R02 24.04%  v_t2m/R03 32.81%  v_t2m/R05 42.93%  v_t2m/R10 56.0%  v_t2m/MedR 8.0%  v_m2t/len 1530  v_m2t/R01 21.5%  v_m2t/R02 24.57%  v_m2t/R03 33.91%  v_m2t/R05 42.54%  v_m2t/R10 54.25%  v_m2t/MedR 9.0%
[21/04/26 11:06:09][src.callback.progress][INFO] - Epoch 427 step 82000/192: loss 1.467e-01
[21/04/26 11:06:20][src.callback.progress][INFO] - Epoch 427 step 82050/192: loss 1.609e-01
[21/04/26 11:06:30][src.callback.progress][INFO] - Epoch 427 step 82100/192: loss 1.377e-01
[21/04/26 11:06:41][src.callback.progress][INFO] - Epoch 427 step 82150/192: loss 1.554e-01
[21/04/26 11:06:48][src.callback.progress][INFO] - Epoch 427: v_recons 2.401e-01  recons 1.319e-01  v_loss 4.237e-01  loss 1.424e-01  v_latent 1.267e+00  latent 6.652e-01  v_kl 8.327e+01  kl 3.414e+01  v_contrastive 1.828e+00  contrastive 1.018e-01  v_t2m/len 1530  v_t2m/R01 19.07%  v_t2m/R02 24.25%  v_t2m/R03 32.41%  v_t2m/R05 42.34%  v_t2m/R10 55.22%  v_t2m/MedR 8.0%  v_m2t/len 1530  v_m2t/R01 21.56%  v_m2t/R02 25.29%  v_m2t/R03 34.5%  v_m2t/R05 42.15%  v_m2t/R10 55.56%  v_m2t/MedR 8.0%
[21/04/26 11:06:58][src.callback.progress][INFO] - Epoch 428 step 82200/192: loss 1.571e-01
[21/04/26 11:07:09][src.callback.progress][INFO] - Epoch 428 step 82250/192: loss 1.437e-01
[21/04/26 11:07:20][src.callback.progress][INFO] - Epoch 428 step 82300/192: loss 1.637e-01
[21/04/26 11:07:30][src.callback.progress][INFO] - Epoch 428 step 82350/192: loss 1.452e-01
[21/04/26 11:07:36][src.callback.progress][INFO] - Epoch 428: v_recons 2.398e-01  recons 1.327e-01  v_loss 4.257e-01  loss 1.434e-01  v_latent 1.271e+00  latent 6.682e-01  v_kl 8.291e+01  kl 3.433e+01  v_contrastive 1.851e+00  contrastive 1.042e-01  v_t2m/len 1530  v_t2m/R01 18.5%  v_t2m/R02 23.01%  v_t2m/R03 33.52%  v_t2m/R05 41.63%  v_t2m/R10 54.58%  v_t2m/MedR 8.0%  v_m2t/len 1530  v_m2t/R01 22.15%  v_m2t/R02 25.42%  v_m2t/R03 34.25%  v_m2t/R05 42.41%  v_m2t/R10 54.77%  v_m2t/MedR 8.5%
[21/04/26 11:07:47][src.callback.progress][INFO] - Epoch 429 step 82400/192: loss 1.415e-01
[21/04/26 11:07:58][src.callback.progress][INFO] - Epoch 429 step 82450/192: loss 1.608e-01
[21/04/26 11:08:09][src.callback.progress][INFO] - Epoch 429 step 82500/192: loss 1.531e-01
[21/04/26 11:08:19][src.callback.progress][INFO] - Epoch 429 step 82550/192: loss 1.310e-01
[21/04/26 11:08:23][src.callback.progress][INFO] - Epoch 429: v_recons 2.393e-01  recons 1.331e-01  v_loss 4.236e-01  loss 1.440e-01  v_latent 1.269e+00  latent 6.716e-01  v_kl 8.310e+01  kl 3.466e+01  v_contrastive 1.835e+00  contrastive 1.059e-01  v_t2m/len 1530  v_t2m/R01 19.54%  v_t2m/R02 24.51%  v_t2m/R03 33.27%  v_t2m/R05 42.41%  v_t2m/R10 56.66%  v_t2m/MedR 8.0%  v_m2t/len 1530  v_m2t/R01 22.54%  v_m2t/R02 25.81%  v_m2t/R03 34.9%  v_m2t/R05 42.41%  v_m2t/R10 54.7%  v_m2t/MedR 9.0%
[21/04/26 11:08:36][src.callback.progress][INFO] - Epoch 430 step 82600/192: loss 1.482e-01
[21/04/26 11:08:47][src.callback.progress][INFO] - Epoch 430 step 82650/192: loss 1.656e-01
[21/04/26 11:08:57][src.callback.progress][INFO] - Epoch 430 step 82700/192: loss 1.245e-01
[21/04/26 11:09:08][src.callback.progress][INFO] - Epoch 430 step 82750/192: loss 1.467e-01
[21/04/26 11:09:10][src.callback.progress][INFO] - Epoch 430: v_recons 2.399e-01  recons 1.321e-01  v_loss 4.261e-01  loss 1.425e-01  v_latent 1.274e+00  latent 6.615e-01  v_kl 8.329e+01  kl 3.404e+01  v_contrastive 1.853e+00  contrastive 1.004e-01  v_t2m/len 1530  v_t2m/R01 18.5%  v_t2m/R02 23.45%  v_t2m/R03 32.81%  v_t2m/R05 42.41%  v_t2m/R10 54.7%  v_t2m/MedR 9.0%  v_m2t/len 1530  v_m2t/R01 22.47%  v_m2t/R02 25.29%  v_m2t/R03 33.86%  v_m2t/R05 42.15%  v_m2t/R10 54.5%  v_m2t/MedR 8.0%
[21/04/26 11:09:25][src.callback.progress][INFO] - Epoch 431 step 82800/192: loss 1.185e-01
[21/04/26 11:09:36][src.callback.progress][INFO] - Epoch 431 step 82850/192: loss 1.383e-01
[21/04/26 11:09:46][src.callback.progress][INFO] - Epoch 431 step 82900/192: loss 1.536e-01
[21/04/26 11:09:58][src.callback.progress][INFO] - Epoch 431: v_recons 2.402e-01  recons 1.322e-01  v_loss 4.260e-01  loss 1.427e-01  v_latent 1.269e+00  latent 6.658e-01  v_kl 8.252e+01  kl 3.425e+01  v_contrastive 1.849e+00  contrastive 1.014e-01  v_t2m/len 1530  v_t2m/R01 19.14%  v_t2m/R02 24.3%  v_t2m/R03 33.0%  v_t2m/R05 42.61%  v_t2m/R10 54.97%  v_t2m/MedR 8.0%  v_m2t/len 1530  v_m2t/R01 22.8%  v_m2t/R02 26.67%  v_m2t/R03 35.49%  v_m2t/R05 42.34%  v_m2t/R10 53.91%  v_m2t/MedR 9.0%
[21/04/26 11:10:04][src.callback.progress][INFO] - Epoch 432 step 82950/192: loss 1.400e-01
[21/04/26 11:10:15][src.callback.progress][INFO] - Epoch 432 step 83000/192: loss 1.297e-01
[21/04/26 11:10:25][src.callback.progress][INFO] - Epoch 432 step 83050/192: loss 1.548e-01
[21/04/26 11:10:36][src.callback.progress][INFO] - Epoch 432 step 83100/192: loss 1.625e-01
[21/04/26 11:10:45][src.callback.progress][INFO] - Epoch 432: v_recons 2.387e-01  recons 1.325e-01  v_loss 4.239e-01  loss 1.431e-01  v_latent 1.264e+00  latent 6.693e-01  v_kl 8.199e+01  kl 3.453e+01  v_contrastive 1.843e+00  contrastive 1.025e-01  v_t2m/len 1530  v_t2m/R01 19.73%  v_t2m/R02 23.86%  v_t2m/R03 34.43%  v_t2m/R05 43.52%  v_t2m/R10 57.06%  v_t2m/MedR 7.0%  v_m2t/len 1530  v_m2t/R01 22.21%  v_m2t/R02 25.87%  v_m2t/R03 36.34%  v_m2t/R05 43.0%  v_m2t/R10 55.22%  v_m2t/MedR 8.0%
[21/04/26 11:10:53][src.callback.progress][INFO] - Epoch 433 step 83150/192: loss 1.660e-01
[21/04/26 11:11:04][src.callback.progress][INFO] - Epoch 433 step 83200/192: loss 1.353e-01
[21/04/26 11:11:14][src.callback.progress][INFO] - Epoch 433 step 83250/192: loss 1.353e-01
[21/04/26 11:11:24][src.callback.progress][INFO] - Epoch 433 step 83300/192: loss 1.364e-01
[21/04/26 11:11:32][src.callback.progress][INFO] - Epoch 433: v_recons 2.390e-01  recons 1.317e-01  v_loss 4.247e-01  loss 1.420e-01  v_latent 1.272e+00  latent 6.612e-01  v_kl 8.308e+01  kl 3.393e+01  v_contrastive 1.849e+00  contrastive 9.966e-02  v_t2m/len 1530  v_t2m/R01 18.69%  v_t2m/R02 23.27%  v_t2m/R03 32.34%  v_t2m/R05 42.81%  v_t2m/R10 55.49%  v_t2m/MedR 9.0%  v_m2t/len 1530  v_m2t/R01 23.27%  v_m2t/R02 26.46%  v_m2t/R03 35.36%  v_m2t/R05 42.41%  v_m2t/R10 53.72%  v_m2t/MedR 9.0%
[21/04/26 11:11:41][src.callback.progress][INFO] - Epoch 434 step 83350/192: loss 1.302e-01
[21/04/26 11:11:52][src.callback.progress][INFO] - Epoch 434 step 83400/192: loss 1.178e-01
[21/04/26 11:12:02][src.callback.progress][INFO] - Epoch 434 step 83450/192: loss 1.332e-01
[21/04/26 11:12:12][src.callback.progress][INFO] - Epoch 434 step 83500/192: loss 1.293e-01
[21/04/26 11:12:18][src.callback.progress][INFO] - Epoch 434: v_recons 2.403e-01  recons 1.314e-01  v_loss 4.247e-01  loss 1.415e-01  v_latent 1.270e+00  latent 6.596e-01  v_kl 8.321e+01  kl 3.392e+01  v_contrastive 1.836e+00  contrastive 9.779e-02  v_t2m/len 1530  v_t2m/R01 18.5%  v_t2m/R02 23.32%  v_t2m/R03 32.88%  v_t2m/R05 42.81%  v_t2m/R10 56.47%  v_t2m/MedR 8.0%  v_m2t/len 1530  v_m2t/R01 23.06%  v_m2t/R02 26.07%  v_m2t/R03 35.56%  v_m2t/R05 43.45%  v_m2t/R10 54.84%  v_m2t/MedR 8.0%
[21/04/26 11:12:29][src.callback.progress][INFO] - Epoch 435 step 83550/192: loss 1.498e-01
[21/04/26 11:12:39][src.callback.progress][INFO] - Epoch 435 step 83600/192: loss 1.369e-01
[21/04/26 11:12:49][src.callback.progress][INFO] - Epoch 435 step 83650/192: loss 1.420e-01
[21/04/26 11:12:59][src.callback.progress][INFO] - Epoch 435 step 83700/192: loss 1.435e-01
[21/04/26 11:13:04][src.callback.progress][INFO] - Epoch 435: v_recons 2.416e-01  recons 1.308e-01  v_loss 4.264e-01  loss 1.412e-01  v_latent 1.267e+00  latent 6.582e-01  v_kl 8.288e+01  kl 3.388e+01  v_contrastive 1.840e+00  contrastive 1.007e-01  v_t2m/len 1530  v_t2m/R01 19.35%  v_t2m/R02 23.59%  v_t2m/R03 33.59%  v_t2m/R05 43.0%  v_t2m/R10 56.79%  v_t2m/MedR 8.0%  v_m2t/len 1530  v_m2t/R01 21.18%  v_m2t/R02 24.3%  v_m2t/R03 35.56%  v_m2t/R05 43.72%  v_m2t/R10 55.36%  v_m2t/MedR 8.0%
[21/04/26 11:13:16][src.callback.progress][INFO] - Epoch 436 step 83750/192: loss 1.234e-01
[21/04/26 11:13:27][src.callback.progress][INFO] - Epoch 436 step 83800/192: loss 1.310e-01
[21/04/26 11:13:37][src.callback.progress][INFO] - Epoch 436 step 83850/192: loss 1.252e-01
[21/04/26 11:13:47][src.callback.progress][INFO] - Epoch 436 step 83900/192: loss 1.533e-01
[21/04/26 11:13:50][src.callback.progress][INFO] - Epoch 436: v_recons 2.393e-01  recons 1.311e-01  v_loss 4.242e-01  loss 1.414e-01  v_latent 1.278e+00  latent 6.609e-01  v_kl 8.352e+01  kl 3.410e+01  v_contrastive 1.841e+00  contrastive 9.905e-02  v_t2m/len 1530  v_t2m/R01 19.21%  v_t2m/R02 23.72%  v_t2m/R03 33.72%  v_t2m/R05 41.9%  v_t2m/R10 55.75%  v_t2m/MedR 8.0%  v_m2t/len 1530  v_m2t/R01 23.01%  v_m2t/R02 26.54%  v_m2t/R03 34.7%  v_m2t/R05 44.04%  v_m2t/R10 54.31%  v_m2t/MedR 8.0%
[21/04/26 11:14:04][src.callback.progress][INFO] - Epoch 437 step 83950/192: loss 1.354e-01
[21/04/26 11:14:14][src.callback.progress][INFO] - Epoch 437 step 84000/192: loss 1.409e-01
[21/04/26 11:14:25][src.callback.progress][INFO] - Epoch 437 step 84050/192: loss 1.266e-01
[21/04/26 11:14:36][src.callback.progress][INFO] - Epoch 437: v_recons 2.404e-01  recons 1.309e-01  v_loss 4.250e-01  loss 1.411e-01  v_latent 1.273e+00  latent 6.575e-01  v_kl 8.321e+01  kl 3.393e+01  v_contrastive 1.837e+00  contrastive 9.796e-02  v_t2m/len 1530  v_t2m/R01 18.81%  v_t2m/R02 23.39%  v_t2m/R03 33.06%  v_t2m/R05 41.5%  v_t2m/R10 56.27%  v_t2m/MedR 8.0%  v_m2t/len 1530  v_m2t/R01 21.76%  v_m2t/R02 24.84%  v_m2t/R03 33.79%  v_m2t/R05 42.22%  v_m2t/R10 54.63%  v_m2t/MedR 9.0%
[21/04/26 11:14:42][src.callback.progress][INFO] - Epoch 438 step 84100/192: loss 1.485e-01
[21/04/26 11:14:52][src.callback.progress][INFO] - Epoch 438 step 84150/192: loss 1.548e-01
[21/04/26 11:15:03][src.callback.progress][INFO] - Epoch 438 step 84200/192: loss 1.212e-01
[21/04/26 11:15:13][src.callback.progress][INFO] - Epoch 438 step 84250/192: loss 1.161e-01
[21/04/26 11:15:23][src.callback.progress][INFO] - Epoch 438: v_recons 2.389e-01  recons 1.307e-01  v_loss 4.234e-01  loss 1.408e-01  v_latent 1.273e+00  latent 6.567e-01  v_kl 8.405e+01  kl 3.397e+01  v_contrastive 1.836e+00  contrastive 9.693e-02  v_t2m/len 1530  v_t2m/R01 18.95%  v_t2m/R02 24.04%  v_t2m/R03 33.33%  v_t2m/R05 42.75%  v_t2m/R10 55.49%  v_t2m/MedR 8.0%  v_m2t/len 1530  v_m2t/R01 22.75%  v_m2t/R02 25.81%  v_m2t/R03 34.11%  v_m2t/R05 42.68%  v_m2t/R10 56.08%  v_m2t/MedR 8.0%
[21/04/26 11:15:30][src.callback.progress][INFO] - Epoch 439 step 84300/192: loss 1.414e-01
[21/04/26 11:15:41][src.callback.progress][INFO] - Epoch 439 step 84350/192: loss 1.450e-01
[21/04/26 11:15:51][src.callback.progress][INFO] - Epoch 439 step 84400/192: loss 1.408e-01
[21/04/26 11:16:01][src.callback.progress][INFO] - Epoch 439 step 84450/192: loss 1.244e-01
[21/04/26 11:16:09][src.callback.progress][INFO] - Epoch 439: v_recons 2.415e-01  recons 1.310e-01  v_loss 4.283e-01  loss 1.410e-01  v_latent 1.278e+00  latent 6.582e-01  v_kl 8.438e+01  kl 3.402e+01  v_contrastive 1.859e+00  contrastive 9.710e-02  v_t2m/len 1530  v_t2m/R01 18.43%  v_t2m/R02 23.06%  v_t2m/R03 33.2%  v_t2m/R05 43.52%  v_t2m/R10 56.27%  v_t2m/MedR 8.0%  v_m2t/len 1530  v_m2t/R01 22.42%  v_m2t/R02 25.1%  v_m2t/R03 34.31%  v_m2t/R05 42.54%  v_m2t/R10 55.56%  v_m2t/MedR 8.0%
[21/04/26 11:16:18][src.callback.progress][INFO] - Epoch 440 step 84500/192: loss 1.348e-01
[21/04/26 11:16:28][src.callback.progress][INFO] - Epoch 440 step 84550/192: loss 1.350e-01
[21/04/26 11:16:39][src.callback.progress][INFO] - Epoch 440 step 84600/192: loss 1.385e-01
[21/04/26 11:16:49][src.callback.progress][INFO] - Epoch 440 step 84650/192: loss 1.349e-01
[21/04/26 11:16:55][src.callback.progress][INFO] - Epoch 440: v_recons 2.416e-01  recons 1.313e-01  v_loss 4.294e-01  loss 1.414e-01  v_latent 1.281e+00  latent 6.602e-01  v_kl 8.408e+01  kl 3.416e+01  v_contrastive 1.870e+00  contrastive 9.735e-02  v_t2m/len 1530  v_t2m/R01 17.9%  v_t2m/R02 23.2%  v_t2m/R03 33.0%  v_t2m/R05 43.27%  v_t2m/R10 54.5%  v_t2m/MedR 8.0%  v_m2t/len 1530  v_m2t/R01 21.82%  v_m2t/R02 24.3%  v_m2t/R03 33.91%  v_m2t/R05 41.95%  v_m2t/R10 54.43%  v_m2t/MedR 9.0%
[21/04/26 11:17:06][src.callback.progress][INFO] - Epoch 441 step 84700/192: loss 1.525e-01
[21/04/26 11:17:16][src.callback.progress][INFO] - Epoch 441 step 84750/192: loss 1.497e-01
[21/04/26 11:17:27][src.callback.progress][INFO] - Epoch 441 step 84800/192: loss 1.201e-01
[21/04/26 11:17:37][src.callback.progress][INFO] - Epoch 441 step 84850/192: loss 1.297e-01
[21/04/26 11:17:42][src.callback.progress][INFO] - Epoch 441: v_recons 2.411e-01  recons 1.305e-01  v_loss 4.283e-01  loss 1.408e-01  v_latent 1.278e+00  latent 6.592e-01  v_kl 8.384e+01  kl 3.413e+01  v_contrastive 1.863e+00  contrastive 9.988e-02  v_t2m/len 1530  v_t2m/R01 19.07%  v_t2m/R02 24.25%  v_t2m/R03 33.86%  v_t2m/R05 42.47%  v_t2m/R10 55.68%  v_t2m/MedR 8.0%  v_m2t/len 1530  v_m2t/R01 23.86%  v_m2t/R02 26.67%  v_m2t/R03 35.56%  v_m2t/R05 43.59%  v_m2t/R10 55.22%  v_m2t/MedR 8.0%
[21/04/26 11:17:54][src.callback.progress][INFO] - Epoch 442 step 84900/192: loss 1.401e-01
[21/04/26 11:18:04][src.callback.progress][INFO] - Epoch 442 step 84950/192: loss 1.463e-01
[21/04/26 11:18:14][src.callback.progress][INFO] - Epoch 442 step 85000/192: loss 1.346e-01
[21/04/26 11:18:25][src.callback.progress][INFO] - Epoch 442 step 85050/192: loss 1.446e-01
[21/04/26 11:18:28][src.callback.progress][INFO] - Epoch 442: v_recons 2.402e-01  recons 1.308e-01  v_loss 4.286e-01  loss 1.410e-01  v_latent 1.285e+00  latent 6.592e-01  v_kl 8.466e+01  kl 3.411e+01  v_contrastive 1.875e+00  contrastive 9.862e-02  v_t2m/len 1530  v_t2m/R01 20.06%  v_t2m/R02 23.72%  v_t2m/R03 33.72%  v_t2m/R05 41.95%  v_t2m/R10 55.09%  v_t2m/MedR 8.0%  v_m2t/len 1530  v_m2t/R01 23.32%  v_m2t/R02 25.87%  v_m2t/R03 34.04%  v_m2t/R05 42.41%  v_m2t/R10 54.04%  v_m2t/MedR 9.0%
[21/04/26 11:18:42][src.callback.progress][INFO] - Epoch 443 step 85100/192: loss 1.623e-01
[21/04/26 11:18:52][src.callback.progress][INFO] - Epoch 443 step 85150/192: loss 1.442e-01
[21/04/26 11:19:02][src.callback.progress][INFO] - Epoch 443 step 85200/192: loss 1.331e-01
[21/04/26 11:19:14][src.callback.progress][INFO] - Epoch 443: v_recons 2.426e-01  recons 1.313e-01  v_loss 4.309e-01  loss 1.413e-01  v_latent 1.287e+00  latent 6.609e-01  v_kl 8.490e+01  kl 3.433e+01  v_contrastive 1.874e+00  contrastive 9.693e-02  v_t2m/len 1530  v_t2m/R01 18.81%  v_t2m/R02 23.32%  v_t2m/R03 32.54%  v_t2m/R05 41.83%  v_t2m/R10 55.41%  v_t2m/MedR 8.5%  v_m2t/len 1530  v_m2t/R01 23.45%  v_m2t/R02 26.07%  v_m2t/R03 35.22%  v_m2t/R05 42.15%  v_m2t/R10 53.91%  v_m2t/MedR 8.0%
[21/04/26 11:19:19][src.callback.progress][INFO] - Epoch 444 step 85250/192: loss 1.380e-01
[21/04/26 11:19:30][src.callback.progress][INFO] - Epoch 444 step 85300/192: loss 1.479e-01
[21/04/26 11:19:40][src.callback.progress][INFO] - Epoch 444 step 85350/192: loss 1.473e-01
[21/04/26 11:19:50][src.callback.progress][INFO] - Epoch 444 step 85400/192: loss 1.313e-01
[21/04/26 11:20:00][src.callback.progress][INFO] - Epoch 444: v_recons 2.408e-01  recons 1.306e-01  v_loss 4.311e-01  loss 1.410e-01  v_latent 1.291e+00  latent 6.597e-01  v_kl 8.508e+01  kl 3.422e+01  v_contrastive 1.894e+00  contrastive 9.979e-02  v_t2m/len 1530  v_t2m/R01 19.61%  v_t2m/R02 23.53%  v_t2m/R03 31.23%  v_t2m/R05 40.72%  v_t2m/R10 55.09%  v_t2m/MedR 8.0%  v_m2t/len 1530  v_m2t/R01 22.87%  v_m2t/R02 25.95%  v_m2t/R03 34.38%  v_m2t/R05 42.93%  v_m2t/R10 54.7%  v_m2t/MedR 8.0%
[21/04/26 11:20:07][src.callback.progress][INFO] - Epoch 445 step 85450/192: loss 1.499e-01
[21/04/26 11:20:17][src.callback.progress][INFO] - Epoch 445 step 85500/192: loss 1.373e-01
[21/04/26 11:20:28][src.callback.progress][INFO] - Epoch 445 step 85550/192: loss 1.225e-01
[21/04/26 11:20:38][src.callback.progress][INFO] - Epoch 445 step 85600/192: loss 1.286e-01
[21/04/26 11:20:46][src.callback.progress][INFO] - Epoch 445: v_recons 2.420e-01  recons 1.301e-01  v_loss 4.267e-01  loss 1.402e-01  v_latent 1.280e+00  latent 6.586e-01  v_kl 8.441e+01  kl 3.428e+01  v_contrastive 1.839e+00  contrastive 9.763e-02  v_t2m/len 1530  v_t2m/R01 19.35%  v_t2m/R02 24.7%  v_t2m/R03 32.22%  v_t2m/R05 41.31%  v_t2m/R10 55.95%  v_t2m/MedR 8.0%  v_m2t/len 1530  v_m2t/R01 23.39%  v_m2t/R02 26.67%  v_m2t/R03 34.77%  v_m2t/R05 43.45%  v_m2t/R10 54.9%  v_m2t/MedR 8.0%
[21/04/26 11:20:55][src.callback.progress][INFO] - Epoch 446 step 85650/192: loss 1.475e-01
[21/04/26 11:21:06][src.callback.progress][INFO] - Epoch 446 step 85700/192: loss 1.365e-01
[21/04/26 11:21:16][src.callback.progress][INFO] - Epoch 446 step 85750/192: loss 1.488e-01
[21/04/26 11:21:26][src.callback.progress][INFO] - Epoch 446 step 85800/192: loss 1.402e-01
[21/04/26 11:21:33][src.callback.progress][INFO] - Epoch 446: v_recons 2.431e-01  recons 1.305e-01  v_loss 4.290e-01  loss 1.407e-01  v_latent 1.283e+00  latent 6.601e-01  v_kl 8.519e+01  kl 3.434e+01  v_contrastive 1.850e+00  contrastive 9.849e-02  v_t2m/len 1530  v_t2m/R01 19.07%  v_t2m/R02 23.65%  v_t2m/R03 33.4%  v_t2m/R05 41.04%  v_t2m/R10 54.97%  v_t2m/MedR 8.0%  v_m2t/len 1530  v_m2t/R01 22.35%  v_m2t/R02 25.75%  v_m2t/R03 35.15%  v_m2t/R05 41.18%  v_m2t/R10 53.91%  v_m2t/MedR 9.0%
[21/04/26 11:21:43][src.callback.progress][INFO] - Epoch 447 step 85850/192: loss 1.421e-01
[21/04/26 11:21:53][src.callback.progress][INFO] - Epoch 447 step 85900/192: loss 1.382e-01
[21/04/26 11:22:04][src.callback.progress][INFO] - Epoch 447 step 85950/192: loss 1.262e-01
[21/04/26 11:22:14][src.callback.progress][INFO] - Epoch 447 step 86000/192: loss 1.530e-01
[21/04/26 11:22:19][src.callback.progress][INFO] - Epoch 447: v_recons 2.417e-01  recons 1.301e-01  v_loss 4.284e-01  loss 1.401e-01  v_latent 1.282e+00  latent 6.582e-01  v_kl 8.553e+01  kl 3.428e+01  v_contrastive 1.858e+00  contrastive 9.671e-02  v_t2m/len 1530  v_t2m/R01 18.62%  v_t2m/R02 23.45%  v_t2m/R03 32.88%  v_t2m/R05 41.11%  v_t2m/R10 55.49%  v_t2m/MedR 8.0%  v_m2t/len 1530  v_m2t/R01 22.15%  v_m2t/R02 25.03%  v_m2t/R03 33.59%  v_m2t/R05 42.15%  v_m2t/R10 54.11%  v_m2t/MedR 9.0%
[21/04/26 11:22:31][src.callback.progress][INFO] - Epoch 448 step 86050/192: loss 1.466e-01
[21/04/26 11:22:41][src.callback.progress][INFO] - Epoch 448 step 86100/192: loss 1.241e-01
[21/04/26 11:22:51][src.callback.progress][INFO] - Epoch 448 step 86150/192: loss 1.650e-01
[21/04/26 11:23:02][src.callback.progress][INFO] - Epoch 448 step 86200/192: loss 1.388e-01
[21/04/26 11:23:05][src.callback.progress][INFO] - Epoch 448: v_recons 2.433e-01  recons 1.300e-01  v_loss 4.305e-01  loss 1.402e-01  v_latent 1.283e+00  latent 6.595e-01  v_kl 8.449e+01  kl 3.441e+01  v_contrastive 1.863e+00  contrastive 9.840e-02  v_t2m/len 1530  v_t2m/R01 19.35%  v_t2m/R02 24.18%  v_t2m/R03 32.75%  v_t2m/R05 42.29%  v_t2m/R10 55.22%  v_t2m/MedR 8.0%  v_m2t/len 1530  v_m2t/R01 22.42%  v_m2t/R02 25.22%  v_m2t/R03 34.9%  v_m2t/R05 42.09%  v_m2t/R10 54.31%  v_m2t/MedR 9.0%
[21/04/26 11:23:19][src.callback.progress][INFO] - Epoch 449 step 86250/192: loss 1.315e-01
[21/04/26 11:23:29][src.callback.progress][INFO] - Epoch 449 step 86300/192: loss 1.453e-01
[21/04/26 11:23:39][src.callback.progress][INFO] - Epoch 449 step 86350/192: loss 1.412e-01
[21/04/26 11:23:50][src.callback.progress][INFO] - Epoch 449 step 86400/192: loss 1.531e-01
[21/04/26 11:23:52][src.callback.progress][INFO] - Epoch 449: v_recons 2.417e-01  recons 1.303e-01  v_loss 4.288e-01  loss 1.403e-01  v_latent 1.283e+00  latent 6.612e-01  v_kl 8.455e+01  kl 3.440e+01  v_contrastive 1.862e+00  contrastive 9.634e-02  v_t2m/len 1530  v_t2m/R01 19.07%  v_t2m/R02 23.92%  v_t2m/R03 31.89%  v_t2m/R05 40.84%  v_t2m/R10 54.97%  v_t2m/MedR 9.0%  v_m2t/len 1530  v_m2t/R01 21.18%  v_m2t/R02 23.92%  v_m2t/R03 33.2%  v_m2t/R05 41.83%  v_m2t/R10 52.88%  v_m2t/MedR 9.0%
[21/04/26 11:24:07][src.callback.progress][INFO] - Epoch 450 step 86450/192: loss 1.156e-01
[21/04/26 11:24:17][src.callback.progress][INFO] - Epoch 450 step 86500/192: loss 1.494e-01
[21/04/26 11:24:27][src.callback.progress][INFO] - Epoch 450 step 86550/192: loss 1.349e-01
[21/04/26 11:24:38][src.callback.progress][INFO] - Epoch 450: v_recons 2.420e-01  recons 1.309e-01  v_loss 4.293e-01  loss 1.412e-01  v_latent 1.289e+00  latent 6.665e-01  v_kl 8.477e+01  kl 3.479e+01  v_contrastive 1.865e+00  contrastive 9.941e-02  v_t2m/len 1530  v_t2m/R01 19.02%  v_t2m/R02 23.65%  v_t2m/R03 32.75%  v_t2m/R05 41.31%  v_t2m/R10 54.77%  v_t2m/MedR 8.0%  v_m2t/len 1530  v_m2t/R01 22.35%  v_m2t/R02 24.84%  v_m2t/R03 34.77%  v_m2t/R05 42.68%  v_m2t/R10 52.34%  v_m2t/MedR 9.0%
[21/04/26 11:24:45][src.callback.progress][INFO] - Epoch 451 step 86600/192: loss 1.231e-01
[21/04/26 11:24:55][src.callback.progress][INFO] - Epoch 451 step 86650/192: loss 1.385e-01
[21/04/26 11:25:05][src.callback.progress][INFO] - Epoch 451 step 86700/192: loss 1.391e-01
[21/04/26 11:25:15][src.callback.progress][INFO] - Epoch 451 step 86750/192: loss 1.315e-01
[21/04/26 11:25:24][src.callback.progress][INFO] - Epoch 451: v_recons 2.410e-01  recons 1.305e-01  v_loss 4.266e-01  loss 1.408e-01  v_latent 1.286e+00  latent 6.649e-01  v_kl 8.482e+01  kl 3.464e+01  v_contrastive 1.847e+00  contrastive 9.903e-02  v_t2m/len 1530  v_t2m/R01 19.93%  v_t2m/R02 24.84%  v_t2m/R03 33.91%  v_t2m/R05 43.06%  v_t2m/R10 56.4%  v_t2m/MedR 8.0%  v_m2t/len 1530  v_m2t/R01 22.8%  v_m2t/R02 25.1%  v_m2t/R03 33.72%  v_m2t/R05 41.83%  v_m2t/R10 54.25%  v_m2t/MedR 9.0%
[21/04/26 11:25:33][src.callback.progress][INFO] - Epoch 452 step 86800/192: loss 1.513e-01
[21/04/26 11:25:43][src.callback.progress][INFO] - Epoch 452 step 86850/192: loss 1.541e-01
[21/04/26 11:25:53][src.callback.progress][INFO] - Epoch 452 step 86900/192: loss 1.533e-01
[21/04/26 11:26:03][src.callback.progress][INFO] - Epoch 452 step 86950/192: loss 1.334e-01
[21/04/26 11:26:10][src.callback.progress][INFO] - Epoch 452: v_recons 2.422e-01  recons 1.302e-01  v_loss 4.266e-01  loss 1.406e-01  v_latent 1.284e+00  latent 6.672e-01  v_kl 8.464e+01  kl 3.483e+01  v_contrastive 1.835e+00  contrastive 9.968e-02  v_t2m/len 1530  v_t2m/R01 19.79%  v_t2m/R02 23.45%  v_t2m/R03 32.68%  v_t2m/R05 41.5%  v_t2m/R10 54.5%  v_t2m/MedR 8.0%  v_m2t/len 1530  v_m2t/R01 22.8%  v_m2t/R02 26.27%  v_m2t/R03 35.22%  v_m2t/R05 42.68%  v_m2t/R10 53.91%  v_m2t/MedR 9.0%
[21/04/26 11:26:21][src.callback.progress][INFO] - Epoch 453 step 87000/192: loss 1.307e-01
[21/04/26 11:26:31][src.callback.progress][INFO] - Epoch 453 step 87050/192: loss 1.280e-01
[21/04/26 11:26:41][src.callback.progress][INFO] - Epoch 453 step 87100/192: loss 1.575e-01
[21/04/26 11:26:52][src.callback.progress][INFO] - Epoch 453 step 87150/192: loss 1.492e-01
[21/04/26 11:26:57][src.callback.progress][INFO] - Epoch 453: v_recons 2.423e-01  recons 1.303e-01  v_loss 4.287e-01  loss 1.404e-01  v_latent 1.289e+00  latent 6.665e-01  v_kl 8.552e+01  kl 3.486e+01  v_contrastive 1.855e+00  contrastive 9.742e-02  v_t2m/len 1530  v_t2m/R01 18.1%  v_t2m/R02 23.01%  v_t2m/R03 33.65%  v_t2m/R05 42.54%  v_t2m/R10 56.13%  v_t2m/MedR 8.0%  v_m2t/len 1530  v_m2t/R01 23.45%  v_m2t/R02 26.72%  v_m2t/R03 34.63%  v_m2t/R05 42.29%  v_m2t/R10 54.18%  v_m2t/MedR 9.0%
[21/04/26 11:27:09][src.callback.progress][INFO] - Epoch 454 step 87200/192: loss 1.554e-01
[21/04/26 11:27:19][src.callback.progress][INFO] - Epoch 454 step 87250/192: loss 1.477e-01
[21/04/26 11:27:30][src.callback.progress][INFO] - Epoch 454 step 87300/192: loss 1.421e-01
[21/04/26 11:27:40][src.callback.progress][INFO] - Epoch 454 step 87350/192: loss 1.463e-01
[21/04/26 11:27:44][src.callback.progress][INFO] - Epoch 454: v_recons 2.406e-01  recons 1.299e-01  v_loss 4.274e-01  loss 1.399e-01  v_latent 1.288e+00  latent 6.588e-01  v_kl 8.540e+01  kl 3.444e+01  v_contrastive 1.859e+00  contrastive 9.684e-02  v_t2m/len 1530  v_t2m/R01 18.5%  v_t2m/R02 23.01%  v_t2m/R03 31.62%  v_t2m/R05 41.63%  v_t2m/R10 55.36%  v_t2m/MedR 8.0%  v_m2t/len 1530  v_m2t/R01 20.59%  v_m2t/R02 23.13%  v_m2t/R03 32.47%  v_m2t/R05 41.75%  v_m2t/R10 55.49%  v_m2t/MedR 8.0%
[21/04/26 11:27:58][src.callback.progress][INFO] - Epoch 455 step 87400/192: loss 1.429e-01
[21/04/26 11:28:08][src.callback.progress][INFO] - Epoch 455 step 87450/192: loss 1.312e-01
[21/04/26 11:28:18][src.callback.progress][INFO] - Epoch 455 step 87500/192: loss 1.424e-01
[21/04/26 11:28:28][src.callback.progress][INFO] - Epoch 455 step 87550/192: loss 1.493e-01
[21/04/26 11:28:31][src.callback.progress][INFO] - Epoch 455: v_recons 2.428e-01  recons 1.304e-01  v_loss 4.305e-01  loss 1.404e-01  v_latent 1.294e+00  latent 6.626e-01  v_kl 8.649e+01  kl 3.469e+01  v_contrastive 1.868e+00  contrastive 9.664e-02  v_t2m/len 1530  v_t2m/R01 19.54%  v_t2m/R02 23.86%  v_t2m/R03 32.41%  v_t2m/R05 40.65%  v_t2m/R10 54.84%  v_t2m/MedR 8.0%  v_m2t/len 1530  v_m2t/R01 22.09%  v_m2t/R02 25.1%  v_m2t/R03 33.99%  v_m2t/R05 42.09%  v_m2t/R10 54.43%  v_m2t/MedR 8.0%
[21/04/26 11:28:46][src.callback.progress][INFO] - Epoch 456 step 87600/192: loss 1.463e-01
[21/04/26 11:28:57][src.callback.progress][INFO] - Epoch 456 step 87650/192: loss 1.448e-01
[21/04/26 11:29:07][src.callback.progress][INFO] - Epoch 456 step 87700/192: loss 1.311e-01
[21/04/26 11:29:18][src.callback.progress][INFO] - Epoch 456: v_recons 2.425e-01  recons 1.298e-01  v_loss 4.300e-01  loss 1.398e-01  v_latent 1.291e+00  latent 6.607e-01  v_kl 8.636e+01  kl 3.472e+01  v_contrastive 1.866e+00  contrastive 9.602e-02  v_t2m/len 1530  v_t2m/R01 18.88%  v_t2m/R02 23.39%  v_t2m/R03 32.47%  v_t2m/R05 40.91%  v_t2m/R10 55.22%  v_t2m/MedR 9.0%  v_m2t/len 1530  v_m2t/R01 22.03%  v_m2t/R02 24.7%  v_m2t/R03 34.7%  v_m2t/R05 42.88%  v_m2t/R10 54.97%  v_m2t/MedR 9.0%
[21/04/26 11:29:25][src.callback.progress][INFO] - Epoch 457 step 87750/192: loss 1.353e-01
[21/04/26 11:29:35][src.callback.progress][INFO] - Epoch 457 step 87800/192: loss 1.196e-01
[21/04/26 11:29:45][src.callback.progress][INFO] - Epoch 457 step 87850/192: loss 1.275e-01
[21/04/26 11:29:55][src.callback.progress][INFO] - Epoch 457 step 87900/192: loss 1.222e-01
[21/04/26 11:30:04][src.callback.progress][INFO] - Epoch 457: v_recons 2.414e-01  recons 1.294e-01  v_loss 4.289e-01  loss 1.393e-01  v_latent 1.294e+00  latent 6.613e-01  v_kl 8.657e+01  kl 3.460e+01  v_contrastive 1.867e+00  contrastive 9.555e-02  v_t2m/len 1530  v_t2m/R01 18.29%  v_t2m/R02 22.68%  v_t2m/R03 32.88%  v_t2m/R05 41.43%  v_t2m/R10 54.9%  v_t2m/MedR 8.0%  v_m2t/len 1530  v_m2t/R01 22.29%  v_m2t/R02 25.03%  v_m2t/R03 33.33%  v_m2t/R05 41.95%  v_m2t/R10 54.43%  v_m2t/MedR 9.0%
[21/04/26 11:30:13][src.callback.progress][INFO] - Epoch 458 step 87950/192: loss 1.195e-01
[21/04/26 11:30:23][src.callback.progress][INFO] - Epoch 458 step 88000/192: loss 1.145e-01
[21/04/26 11:30:33][src.callback.progress][INFO] - Epoch 458 step 88050/192: loss 1.445e-01
[21/04/26 11:30:43][src.callback.progress][INFO] - Epoch 458 step 88100/192: loss 1.471e-01
[21/04/26 11:30:51][src.callback.progress][INFO] - Epoch 458: v_recons 2.417e-01  recons 1.297e-01  v_loss 4.285e-01  loss 1.396e-01  v_latent 1.289e+00  latent 6.607e-01  v_kl 8.536e+01  kl 3.465e+01  v_contrastive 1.859e+00  contrastive 9.617e-02  v_t2m/len 1530  v_t2m/R01 19.47%  v_t2m/R02 23.86%  v_t2m/R03 33.33%  v_t2m/R05 40.77%  v_t2m/R10 56.4%  v_t2m/MedR 8.0%  v_m2t/len 1530  v_m2t/R01 22.94%  v_m2t/R02 25.42%  v_m2t/R03 34.5%  v_m2t/R05 41.7%  v_m2t/R10 55.68%  v_m2t/MedR 8.0%
[21/04/26 11:31:01][src.callback.progress][INFO] - Epoch 459 step 88150/192: loss 1.330e-01
[21/04/26 11:31:11][src.callback.progress][INFO] - Epoch 459 step 88200/192: loss 1.448e-01
[21/04/26 11:31:21][src.callback.progress][INFO] - Epoch 459 step 88250/192: loss 1.428e-01
[21/04/26 11:31:31][src.callback.progress][INFO] - Epoch 459 step 88300/192: loss 1.632e-01
[21/04/26 11:31:37][src.callback.progress][INFO] - Epoch 459: v_recons 2.417e-01  recons 1.295e-01  v_loss 4.295e-01  loss 1.393e-01  v_latent 1.289e+00  latent 6.607e-01  v_kl 8.576e+01  kl 3.467e+01  v_contrastive 1.870e+00  contrastive 9.432e-02  v_t2m/len 1530  v_t2m/R01 18.69%  v_t2m/R02 23.72%  v_t2m/R03 33.0%  v_t2m/R05 41.56%  v_t2m/R10 55.95%  v_t2m/MedR 8.0%  v_m2t/len 1530  v_m2t/R01 22.03%  v_m2t/R02 24.84%  v_m2t/R03 34.58%  v_m2t/R05 42.68%  v_m2t/R10 55.41%  v_m2t/MedR 8.0%
[21/04/26 11:31:49][src.callback.progress][INFO] - Epoch 460 step 88350/192: loss 1.630e-01
[21/04/26 11:31:59][src.callback.progress][INFO] - Epoch 460 step 88400/192: loss 1.363e-01
[21/04/26 11:32:10][src.callback.progress][INFO] - Epoch 460 step 88450/192: loss 1.478e-01
[21/04/26 11:32:20][src.callback.progress][INFO] - Epoch 460 step 88500/192: loss 1.381e-01
[21/04/26 11:32:24][src.callback.progress][INFO] - Epoch 460: v_recons 2.413e-01  recons 1.306e-01  v_loss 4.297e-01  loss 1.409e-01  v_latent 1.295e+00  latent 6.688e-01  v_kl 8.649e+01  kl 3.509e+01  v_contrastive 1.875e+00  contrastive 9.932e-02  v_t2m/len 1530  v_t2m/R01 18.76%  v_t2m/R02 22.68%  v_t2m/R03 31.89%  v_t2m/R05 41.18%  v_t2m/R10 54.97%  v_t2m/MedR 9.0%  v_m2t/len 1530  v_m2t/R01 22.15%  v_m2t/R02 24.77%  v_m2t/R03 34.31%  v_m2t/R05 42.29%  v_m2t/R10 55.02%  v_m2t/MedR 8.0%
[21/04/26 11:32:37][src.callback.progress][INFO] - Epoch 461 step 88550/192: loss 1.281e-01
[21/04/26 11:32:48][src.callback.progress][INFO] - Epoch 461 step 88600/192: loss 1.475e-01
[21/04/26 11:32:58][src.callback.progress][INFO] - Epoch 461 step 88650/192: loss 1.271e-01
[21/04/26 11:33:08][src.callback.progress][INFO] - Epoch 461 step 88700/192: loss 1.285e-01
[21/04/26 11:33:11][src.callback.progress][INFO] - Epoch 461: v_recons 2.414e-01  recons 1.287e-01  v_loss 4.286e-01  loss 1.386e-01  v_latent 1.294e+00  latent 6.590e-01  v_kl 8.669e+01  kl 3.456e+01  v_contrastive 1.863e+00  contrastive 9.550e-02  v_t2m/len 1530  v_t2m/R01 19.14%  v_t2m/R02 22.8%  v_t2m/R03 32.75%  v_t2m/R05 40.84%  v_t2m/R10 55.75%  v_t2m/MedR 8.0%  v_m2t/len 1530  v_m2t/R01 21.7%  v_m2t/R02 24.25%  v_m2t/R03 33.13%  v_m2t/R05 41.43%  v_m2t/R10 54.58%  v_m2t/MedR 8.0%
[21/04/26 11:33:25][src.callback.progress][INFO] - Epoch 462 step 88750/192: loss 1.297e-01
[21/04/26 11:33:35][src.callback.progress][INFO] - Epoch 462 step 88800/192: loss 1.437e-01
[21/04/26 11:33:46][src.callback.progress][INFO] - Epoch 462 step 88850/192: loss 1.499e-01
[21/04/26 11:33:57][src.callback.progress][INFO] - Epoch 462: v_recons 2.424e-01  recons 1.289e-01  v_loss 4.306e-01  loss 1.387e-01  v_latent 1.295e+00  latent 6.562e-01  v_kl 8.636e+01  kl 3.449e+01  v_contrastive 1.873e+00  contrastive 9.412e-02  v_t2m/len 1530  v_t2m/R01 19.93%  v_t2m/R02 23.79%  v_t2m/R03 33.99%  v_t2m/R05 43.06%  v_t2m/R10 55.22%  v_t2m/MedR 8.0%  v_m2t/len 1530  v_m2t/R01 23.13%  v_m2t/R02 25.36%  v_m2t/R03 33.59%  v_m2t/R05 41.95%  v_m2t/R10 54.63%  v_m2t/MedR 9.0%
[21/04/26 11:34:03][src.callback.progress][INFO] - Epoch 463 step 88900/192: loss 1.653e-01
[21/04/26 11:34:13][src.callback.progress][INFO] - Epoch 463 step 88950/192: loss 1.191e-01
[21/04/26 11:34:23][src.callback.progress][INFO] - Epoch 463 step 89000/192: loss 1.454e-01
[21/04/26 11:34:34][src.callback.progress][INFO] - Epoch 463 step 89050/192: loss 1.107e-01
[21/04/26 11:34:43][src.callback.progress][INFO] - Epoch 463: v_recons 2.423e-01  recons 1.291e-01  v_loss 4.275e-01  loss 1.388e-01  v_latent 1.290e+00  latent 6.573e-01  v_kl 8.646e+01  kl 3.450e+01  v_contrastive 1.844e+00  contrastive 9.330e-02  v_t2m/len 1530  v_t2m/R01 19.02%  v_t2m/R02 23.53%  v_t2m/R03 33.06%  v_t2m/R05 40.59%  v_t2m/R10 56.13%  v_t2m/MedR 8.0%  v_m2t/len 1530  v_m2t/R01 22.42%  v_m2t/R02 24.84%  v_m2t/R03 34.77%  v_m2t/R05 42.75%  v_m2t/R10 55.02%  v_m2t/MedR 8.0%
[21/04/26 11:34:51][src.callback.progress][INFO] - Epoch 464 step 89100/192: loss 1.480e-01
[21/04/26 11:35:01][src.callback.progress][INFO] - Epoch 464 step 89150/192: loss 1.285e-01
[21/04/26 11:35:11][src.callback.progress][INFO] - Epoch 464 step 89200/192: loss 1.139e-01
[21/04/26 11:35:22][src.callback.progress][INFO] - Epoch 464 step 89250/192: loss 1.660e-01
[21/04/26 11:35:30][src.callback.progress][INFO] - Epoch 464: v_recons 2.416e-01  recons 1.299e-01  v_loss 4.286e-01  loss 1.399e-01  v_latent 1.299e+00  latent 6.644e-01  v_kl 8.721e+01  kl 3.504e+01  v_contrastive 1.861e+00  contrastive 9.554e-02  v_t2m/len 1530  v_t2m/R01 19.28%  v_t2m/R02 23.13%  v_t2m/R03 33.0%  v_t2m/R05 42.88%  v_t2m/R10 54.84%  v_t2m/MedR 8.0%  v_m2t/len 1530  v_m2t/R01 21.3%  v_m2t/R02 24.57%  v_m2t/R03 34.25%  v_m2t/R05 42.02%  v_m2t/R10 53.86%  v_m2t/MedR 9.0%
[21/04/26 11:35:39][src.callback.progress][INFO] - Epoch 465 step 89300/192: loss 1.438e-01
[21/04/26 11:35:49][src.callback.progress][INFO] - Epoch 465 step 89350/192: loss 1.398e-01
[21/04/26 11:35:59][src.callback.progress][INFO] - Epoch 465 step 89400/192: loss 1.286e-01
[21/04/26 11:36:09][src.callback.progress][INFO] - Epoch 465 step 89450/192: loss 1.477e-01
[21/04/26 11:36:16][src.callback.progress][INFO] - Epoch 465: v_recons 2.417e-01  recons 1.291e-01  v_loss 4.277e-01  loss 1.389e-01  v_latent 1.292e+00  latent 6.620e-01  v_kl 8.567e+01  kl 3.475e+01  v_contrastive 1.851e+00  contrastive 9.447e-02  v_t2m/len 1530  v_t2m/R01 20.26%  v_t2m/R02 25.15%  v_t2m/R03 32.81%  v_t2m/R05 41.75%  v_t2m/R10 55.75%  v_t2m/MedR 8.0%  v_m2t/len 1530  v_m2t/R01 23.72%  v_m2t/R02 27.12%  v_m2t/R03 35.22%  v_m2t/R05 43.06%  v_m2t/R10 54.5%  v_m2t/MedR 8.0%
[21/04/26 11:36:27][src.callback.progress][INFO] - Epoch 466 step 89500/192: loss 1.586e-01
[21/04/26 11:36:37][src.callback.progress][INFO] - Epoch 466 step 89550/192: loss 1.253e-01
[21/04/26 11:36:47][src.callback.progress][INFO] - Epoch 466 step 89600/192: loss 1.454e-01
[21/04/26 11:36:57][src.callback.progress][INFO] - Epoch 466 step 89650/192: loss 1.325e-01
[21/04/26 11:37:02][src.callback.progress][INFO] - Epoch 466: v_recons 2.427e-01  recons 1.290e-01  v_loss 4.287e-01  loss 1.387e-01  v_latent 1.292e+00  latent 6.592e-01  v_kl 8.677e+01  kl 3.471e+01  v_contrastive 1.851e+00  contrastive 9.293e-02  v_t2m/len 1530  v_t2m/R01 20.06%  v_t2m/R02 24.96%  v_t2m/R03 32.81%  v_t2m/R05 42.02%  v_t2m/R10 55.88%  v_t2m/MedR 8.0%  v_m2t/len 1530  v_m2t/R01 23.13%  v_m2t/R02 26.54%  v_m2t/R03 35.02%  v_m2t/R05 42.47%  v_m2t/R10 53.99%  v_m2t/MedR 9.0%
[21/04/26 11:37:14][src.callback.progress][INFO] - Epoch 467 step 89700/192: loss 1.566e-01
[21/04/26 11:37:25][src.callback.progress][INFO] - Epoch 467 step 89750/192: loss 1.465e-01
[21/04/26 11:37:35][src.callback.progress][INFO] - Epoch 467 step 89800/192: loss 1.204e-01
[21/04/26 11:37:45][src.callback.progress][INFO] - Epoch 467 step 89850/192: loss 1.258e-01
[21/04/26 11:37:48][src.callback.progress][INFO] - Epoch 467: v_recons 2.446e-01  recons 1.291e-01  v_loss 4.340e-01  loss 1.388e-01  v_latent 1.302e+00  latent 6.607e-01  v_kl 8.758e+01  kl 3.484e+01  v_contrastive 1.885e+00  contrastive 9.364e-02  v_t2m/len 1530  v_t2m/R01 18.95%  v_t2m/R02 23.2%  v_t2m/R03 32.47%  v_t2m/R05 41.95%  v_t2m/R10 55.61%  v_t2m/MedR 8.5%  v_m2t/len 1530  v_m2t/R01 22.54%  v_m2t/R02 25.55%  v_m2t/R03 34.58%  v_m2t/R05 41.75%  v_m2t/R10 54.97%  v_m2t/MedR 8.0%
[21/04/26 11:38:03][src.callback.progress][INFO] - Epoch 468 step 89900/192: loss 1.345e-01
[21/04/26 11:38:13][src.callback.progress][INFO] - Epoch 468 step 89950/192: loss 1.403e-01
[21/04/26 11:38:23][src.callback.progress][INFO] - Epoch 468 step 90000/192: loss 1.298e-01
[21/04/26 11:38:35][src.callback.progress][INFO] - Epoch 468: v_recons 2.436e-01  recons 1.293e-01  v_loss 4.277e-01  loss 1.390e-01  v_latent 1.295e+00  latent 6.638e-01  v_kl 8.682e+01  kl 3.497e+01  v_contrastive 1.832e+00  contrastive 9.380e-02  v_t2m/len 1530  v_t2m/R01 19.47%  v_t2m/R02 23.59%  v_t2m/R03 33.0%  v_t2m/R05 43.72%  v_t2m/R10 56.59%  v_t2m/MedR 7.0%  v_m2t/len 1530  v_m2t/R01 22.8%  v_m2t/R02 25.55%  v_m2t/R03 34.43%  v_m2t/R05 42.93%  v_m2t/R10 55.56%  v_m2t/MedR 9.0%
[21/04/26 11:38:41][src.callback.progress][INFO] - Epoch 469 step 90050/192: loss 1.485e-01
[21/04/26 11:38:51][src.callback.progress][INFO] - Epoch 469 step 90100/192: loss 1.640e-01
[21/04/26 11:39:01][src.callback.progress][INFO] - Epoch 469 step 90150/192: loss 1.435e-01
[21/04/26 11:39:11][src.callback.progress][INFO] - Epoch 469 step 90200/192: loss 1.512e-01
[21/04/26 11:39:21][src.callback.progress][INFO] - Epoch 469: v_recons 2.422e-01  recons 1.286e-01  v_loss 4.283e-01  loss 1.382e-01  v_latent 1.294e+00  latent 6.561e-01  v_kl 8.686e+01  kl 3.460e+01  v_contrastive 1.852e+00  contrastive 9.288e-02  v_t2m/len 1530  v_t2m/R01 19.07%  v_t2m/R02 23.98%  v_t2m/R03 34.04%  v_t2m/R05 43.4%  v_t2m/R10 56.0%  v_t2m/MedR 8.0%  v_m2t/len 1530  v_m2t/R01 22.94%  v_m2t/R02 26.34%  v_m2t/R03 35.68%  v_m2t/R05 42.81%  v_m2t/R10 54.25%  v_m2t/MedR 8.0%
[21/04/26 11:39:29][src.callback.progress][INFO] - Epoch 470 step 90250/192: loss 1.516e-01
[21/04/26 11:39:39][src.callback.progress][INFO] - Epoch 470 step 90300/192: loss 1.270e-01
[21/04/26 11:39:49][src.callback.progress][INFO] - Epoch 470 step 90350/192: loss 1.445e-01
[21/04/26 11:39:59][src.callback.progress][INFO] - Epoch 470 step 90400/192: loss 1.412e-01
[21/04/26 11:40:08][src.callback.progress][INFO] - Epoch 470: v_recons 2.411e-01  recons 1.282e-01  v_loss 4.285e-01  loss 1.376e-01  v_latent 1.302e+00  latent 6.558e-01  v_kl 8.699e+01  kl 3.461e+01  v_contrastive 1.865e+00  contrastive 9.080e-02  v_t2m/len 1530  v_t2m/R01 19.28%  v_t2m/R02 23.86%  v_t2m/R03 32.88%  v_t2m/R05 42.29%  v_t2m/R10 56.13%  v_t2m/MedR 8.0%  v_m2t/len 1530  v_m2t/R01 23.53%  v_m2t/R02 26.4%  v_m2t/R03 33.79%  v_m2t/R05 41.75%  v_m2t/R10 54.11%  v_m2t/MedR 9.0%
[21/04/26 11:40:17][src.callback.progress][INFO] - Epoch 471 step 90450/192: loss 1.342e-01
[21/04/26 11:40:27][src.callback.progress][INFO] - Epoch 471 step 90500/192: loss 1.234e-01
[21/04/26 11:40:37][src.callback.progress][INFO] - Epoch 471 step 90550/192: loss 1.407e-01
[21/04/26 11:40:47][src.callback.progress][INFO] - Epoch 471 step 90600/192: loss 1.272e-01
[21/04/26 11:40:54][src.callback.progress][INFO] - Epoch 471: v_recons 2.424e-01  recons 1.281e-01  v_loss 4.282e-01  loss 1.378e-01  v_latent 1.300e+00  latent 6.547e-01  v_kl 8.766e+01  kl 3.460e+01  v_contrastive 1.849e+00  contrastive 9.309e-02  v_t2m/len 1530  v_t2m/R01 19.61%  v_t2m/R02 24.37%  v_t2m/R03 33.91%  v_t2m/R05 42.41%  v_t2m/R10 55.09%  v_t2m/MedR 8.0%  v_m2t/len 1530  v_m2t/R01 23.39%  v_m2t/R02 26.72%  v_m2t/R03 34.5%  v_m2t/R05 42.75%  v_m2t/R10 55.29%  v_m2t/MedR 9.0%
[21/04/26 11:41:05][src.callback.progress][INFO] - Epoch 472 step 90650/192: loss 1.565e-01
[21/04/26 11:41:15][src.callback.progress][INFO] - Epoch 472 step 90700/192: loss 1.448e-01
[21/04/26 11:41:25][src.callback.progress][INFO] - Epoch 472 step 90750/192: loss 1.173e-01
[21/04/26 11:41:36][src.callback.progress][INFO] - Epoch 472 step 90800/192: loss 1.431e-01
[21/04/26 11:41:41][src.callback.progress][INFO] - Epoch 472: v_recons 2.425e-01  recons 1.278e-01  v_loss 4.281e-01  loss 1.373e-01  v_latent 1.303e+00  latent 6.547e-01  v_kl 8.780e+01  kl 3.458e+01  v_contrastive 1.847e+00  contrastive 9.121e-02  v_t2m/len 1530  v_t2m/R01 20.78%  v_t2m/R02 25.36%  v_t2m/R03 32.81%  v_t2m/R05 42.68%  v_t2m/R10 55.61%  v_t2m/MedR 8.0%  v_m2t/len 1530  v_m2t/R01 22.61%  v_m2t/R02 25.81%  v_m2t/R03 34.18%  v_m2t/R05 43.4%  v_m2t/R10 54.97%  v_m2t/MedR 8.0%
[21/04/26 11:41:53][src.callback.progress][INFO] - Epoch 473 step 90850/192: loss 1.458e-01
[21/04/26 11:42:03][src.callback.progress][INFO] - Epoch 473 step 90900/192: loss 1.312e-01
[21/04/26 11:42:13][src.callback.progress][INFO] - Epoch 473 step 90950/192: loss 1.369e-01
[21/04/26 11:42:23][src.callback.progress][INFO] - Epoch 473 step 91000/192: loss 1.423e-01
[21/04/26 11:42:27][src.callback.progress][INFO] - Epoch 473: v_recons 2.435e-01  recons 1.280e-01  v_loss 4.315e-01  loss 1.377e-01  v_latent 1.301e+00  latent 6.559e-01  v_kl 8.812e+01  kl 3.460e+01  v_contrastive 1.871e+00  contrastive 9.338e-02  v_t2m/len 1530  v_t2m/R01 20.64%  v_t2m/R02 24.7%  v_t2m/R03 33.33%  v_t2m/R05 42.29%  v_t2m/R10 55.81%  v_t2m/MedR 8.0%  v_m2t/len 1530  v_m2t/R01 23.2%  v_m2t/R02 26.46%  v_m2t/R03 34.97%  v_m2t/R05 43.45%  v_m2t/R10 55.68%  v_m2t/MedR 8.0%
[21/04/26 11:42:41][src.callback.progress][INFO] - Epoch 474 step 91050/192: loss 1.211e-01
[21/04/26 11:42:51][src.callback.progress][INFO] - Epoch 474 step 91100/192: loss 1.338e-01
[21/04/26 11:43:01][src.callback.progress][INFO] - Epoch 474 step 91150/192: loss 1.341e-01
[21/04/26 11:43:12][src.callback.progress][INFO] - Epoch 474 step 91200/192: loss 1.345e-01
[21/04/26 11:43:14][src.callback.progress][INFO] - Epoch 474: v_recons 2.418e-01  recons 1.278e-01  v_loss 4.294e-01  loss 1.374e-01  v_latent 1.304e+00  latent 6.542e-01  v_kl 8.809e+01  kl 3.464e+01  v_contrastive 1.867e+00  contrastive 9.333e-02  v_t2m/len 1530  v_t2m/R01 19.35%  v_t2m/R02 23.86%  v_t2m/R03 32.68%  v_t2m/R05 41.36%  v_t2m/R10 55.49%  v_t2m/MedR 8.0%  v_m2t/len 1530  v_m2t/R01 22.21%  v_m2t/R02 24.57%  v_m2t/R03 34.43%  v_m2t/R05 43.13%  v_m2t/R10 55.61%  v_m2t/MedR 8.0%
[21/04/26 11:43:29][src.callback.progress][INFO] - Epoch 475 step 91250/192: loss 1.434e-01
[21/04/26 11:43:39][src.callback.progress][INFO] - Epoch 475 step 91300/192: loss 1.291e-01
[21/04/26 11:43:49][src.callback.progress][INFO] - Epoch 475 step 91350/192: loss 1.212e-01
[21/04/26 11:44:00][src.callback.progress][INFO] - Epoch 475: v_recons 2.409e-01  recons 1.278e-01  v_loss 4.272e-01  loss 1.373e-01  v_latent 1.303e+00  latent 6.548e-01  v_kl 8.830e+01  kl 3.476e+01  v_contrastive 1.855e+00  contrastive 9.098e-02  v_t2m/len 1530  v_t2m/R01 19.73%  v_t2m/R02 25.1%  v_t2m/R03 34.25%  v_t2m/R05 43.2%  v_t2m/R10 56.13%  v_t2m/MedR 8.0%  v_m2t/len 1530  v_m2t/R01 23.72%  v_m2t/R02 26.98%  v_m2t/R03 36.47%  v_m2t/R05 43.72%  v_m2t/R10 54.84%  v_m2t/MedR 8.0%
[21/04/26 11:44:07][src.callback.progress][INFO] - Epoch 476 step 91400/192: loss 1.460e-01
[21/04/26 11:44:17][src.callback.progress][INFO] - Epoch 476 step 91450/192: loss 1.270e-01
[21/04/26 11:44:27][src.callback.progress][INFO] - Epoch 476 step 91500/192: loss 1.401e-01
[21/04/26 11:44:37][src.callback.progress][INFO] - Epoch 476 step 91550/192: loss 1.267e-01
[21/04/26 11:44:46][src.callback.progress][INFO] - Epoch 476: v_recons 2.419e-01  recons 1.282e-01  v_loss 4.281e-01  loss 1.379e-01  v_latent 1.305e+00  latent 6.582e-01  v_kl 8.861e+01  kl 3.496e+01  v_contrastive 1.853e+00  contrastive 9.355e-02  v_t2m/len 1530  v_t2m/R01 19.87%  v_t2m/R02 23.86%  v_t2m/R03 33.79%  v_t2m/R05 41.7%  v_t2m/R10 55.22%  v_t2m/MedR 8.0%  v_m2t/len 1530  v_m2t/R01 21.89%  v_m2t/R02 26.2%  v_m2t/R03 35.41%  v_m2t/R05 43.27%  v_m2t/R10 54.31%  v_m2t/MedR 8.0%
[21/04/26 11:44:55][src.callback.progress][INFO] - Epoch 477 step 91600/192: loss 1.252e-01
[21/04/26 11:45:05][src.callback.progress][INFO] - Epoch 477 step 91650/192: loss 1.458e-01
[21/04/26 11:45:15][src.callback.progress][INFO] - Epoch 477 step 91700/192: loss 1.342e-01
[21/04/26 11:45:26][src.callback.progress][INFO] - Epoch 477 step 91750/192: loss 1.530e-01
[21/04/26 11:45:33][src.callback.progress][INFO] - Epoch 477: v_recons 2.415e-01  recons 1.285e-01  v_loss 4.283e-01  loss 1.381e-01  v_latent 1.301e+00  latent 6.610e-01  v_kl 8.765e+01  kl 3.511e+01  v_contrastive 1.860e+00  contrastive 9.221e-02  v_t2m/len 1530  v_t2m/R01 19.61%  v_t2m/R02 24.57%  v_t2m/R03 34.31%  v_t2m/R05 43.52%  v_t2m/R10 56.79%  v_t2m/MedR 7.0%  v_m2t/len 1530  v_m2t/R01 21.95%  v_m2t/R02 25.75%  v_m2t/R03 35.41%  v_m2t/R05 44.11%  v_m2t/R10 55.56%  v_m2t/MedR 8.0%
[21/04/26 11:45:43][src.callback.progress][INFO] - Epoch 478 step 91800/192: loss 1.164e-01
[21/04/26 11:45:53][src.callback.progress][INFO] - Epoch 478 step 91850/192: loss 1.421e-01
[21/04/26 11:46:04][src.callback.progress][INFO] - Epoch 478 step 91900/192: loss 1.426e-01
[21/04/26 11:46:14][src.callback.progress][INFO] - Epoch 478 step 91950/192: loss 1.275e-01
[21/04/26 11:46:19][src.callback.progress][INFO] - Epoch 478: v_recons 2.420e-01  recons 1.287e-01  v_loss 4.270e-01  loss 1.384e-01  v_latent 1.298e+00  latent 6.635e-01  v_kl 8.806e+01  kl 3.524e+01  v_contrastive 1.842e+00  contrastive 9.369e-02  v_t2m/len 1530  v_t2m/R01 19.54%  v_t2m/R02 25.87%  v_t2m/R03 33.86%  v_t2m/R05 42.47%  v_t2m/R10 56.0%  v_t2m/MedR 8.0%  v_m2t/len 1530  v_m2t/R01 22.03%  v_m2t/R02 25.95%  v_m2t/R03 35.95%  v_m2t/R05 43.52%  v_m2t/R10 55.22%  v_m2t/MedR 8.0%
[21/04/26 11:46:31][src.callback.progress][INFO] - Epoch 479 step 92000/192: loss 1.242e-01
[21/04/26 11:46:41][src.callback.progress][INFO] - Epoch 479 step 92050/192: loss 1.395e-01
[21/04/26 11:46:52][src.callback.progress][INFO] - Epoch 479 step 92100/192: loss 1.305e-01
[21/04/26 11:47:02][src.callback.progress][INFO] - Epoch 479 step 92150/192: loss 1.578e-01
[21/04/26 11:47:06][src.callback.progress][INFO] - Epoch 479: v_recons 2.416e-01  recons 1.278e-01  v_loss 4.283e-01  loss 1.372e-01  v_latent 1.302e+00  latent 6.587e-01  v_kl 8.783e+01  kl 3.500e+01  v_contrastive 1.858e+00  contrastive 9.048e-02  v_t2m/len 1530  v_t2m/R01 20.2%  v_t2m/R02 25.03%  v_t2m/R03 34.31%  v_t2m/R05 43.0%  v_t2m/R10 56.0%  v_t2m/MedR 8.0%  v_m2t/len 1530  v_m2t/R01 22.87%  v_m2t/R02 26.07%  v_m2t/R03 35.49%  v_m2t/R05 43.99%  v_m2t/R10 54.04%  v_m2t/MedR 7.0%
[21/04/26 11:47:19][src.callback.progress][INFO] - Epoch 480 step 92200/192: loss 1.427e-01
[21/04/26 11:47:30][src.callback.progress][INFO] - Epoch 480 step 92250/192: loss 1.499e-01
[21/04/26 11:47:40][src.callback.progress][INFO] - Epoch 480 step 92300/192: loss 1.181e-01
[21/04/26 11:47:50][src.callback.progress][INFO] - Epoch 480 step 92350/192: loss 1.268e-01
[21/04/26 11:47:52][src.callback.progress][INFO] - Epoch 480: v_recons 2.413e-01  recons 1.281e-01  v_loss 4.257e-01  loss 1.379e-01  v_latent 1.300e+00  latent 6.618e-01  v_kl 8.775e+01  kl 3.518e+01  v_contrastive 1.834e+00  contrastive 9.466e-02  v_t2m/len 1530  v_t2m/R01 20.71%  v_t2m/R02 24.89%  v_t2m/R03 33.72%  v_t2m/R05 41.7%  v_t2m/R10 56.27%  v_t2m/MedR 8.0%  v_m2t/len 1530  v_m2t/R01 21.89%  v_m2t/R02 25.03%  v_m2t/R03 34.04%  v_m2t/R05 44.38%  v_m2t/R10 56.08%  v_m2t/MedR 7.0%
[21/04/26 11:48:07][src.callback.progress][INFO] - Epoch 481 step 92400/192: loss 1.533e-01
[21/04/26 11:48:17][src.callback.progress][INFO] - Epoch 481 step 92450/192: loss 1.443e-01
[21/04/26 11:48:28][src.callback.progress][INFO] - Epoch 481 step 92500/192: loss 1.518e-01
[21/04/26 11:48:39][src.callback.progress][INFO] - Epoch 481: v_recons 2.449e-01  recons 1.288e-01  v_loss 4.318e-01  loss 1.388e-01  v_latent 1.305e+00  latent 6.689e-01  v_kl 8.799e+01  kl 3.555e+01  v_contrastive 1.860e+00  contrastive 9.642e-02  v_t2m/len 1530  v_t2m/R01 19.87%  v_t2m/R02 23.72%  v_t2m/R03 32.29%  v_t2m/R05 41.83%  v_t2m/R10 56.08%  v_t2m/MedR 8.0%  v_m2t/len 1530  v_m2t/R01 22.03%  v_m2t/R02 24.77%  v_m2t/R03 34.04%  v_m2t/R05 43.27%  v_m2t/R10 54.9%  v_m2t/MedR 9.0%
[21/04/26 11:48:45][src.callback.progress][INFO] - Epoch 482 step 92550/192: loss 1.198e-01
[21/04/26 11:48:56][src.callback.progress][INFO] - Epoch 482 step 92600/192: loss 1.422e-01
[21/04/26 11:49:06][src.callback.progress][INFO] - Epoch 482 step 92650/192: loss 1.460e-01
[21/04/26 11:49:16][src.callback.progress][INFO] - Epoch 482 step 92700/192: loss 1.556e-01
[21/04/26 11:49:25][src.callback.progress][INFO] - Epoch 482: v_recons 2.430e-01  recons 1.280e-01  v_loss 4.309e-01  loss 1.377e-01  v_latent 1.306e+00  latent 6.614e-01  v_kl 8.831e+01  kl 3.517e+01  v_contrastive 1.870e+00  contrastive 9.356e-02  v_t2m/len 1530  v_t2m/R01 19.67%  v_t2m/R02 24.3%  v_t2m/R03 33.0%  v_t2m/R05 41.75%  v_t2m/R10 54.38%  v_t2m/MedR 9.0%  v_m2t/len 1530  v_m2t/R01 21.23%  v_m2t/R02 24.84%  v_m2t/R03 34.58%  v_m2t/R05 43.2%  v_m2t/R10 54.5%  v_m2t/MedR 8.0%
[21/04/26 11:49:33][src.callback.progress][INFO] - Epoch 483 step 92750/192: loss 1.555e-01
[21/04/26 11:49:44][src.callback.progress][INFO] - Epoch 483 step 92800/192: loss 1.269e-01
[21/04/26 11:49:54][src.callback.progress][INFO] - Epoch 483 step 92850/192: loss 1.388e-01
[21/04/26 11:50:04][src.callback.progress][INFO] - Epoch 483 step 92900/192: loss 1.511e-01
[21/04/26 11:50:12][src.callback.progress][INFO] - Epoch 483: v_recons 2.445e-01  recons 1.271e-01  v_loss 4.323e-01  loss 1.366e-01  v_latent 1.302e+00  latent 6.570e-01  v_kl 8.820e+01  kl 3.498e+01  v_contrastive 1.870e+00  contrastive 9.142e-02  v_t2m/len 1530  v_t2m/R01 21.18%  v_t2m/R02 25.48%  v_t2m/R03 33.33%  v_t2m/R05 42.61%  v_t2m/R10 56.2%  v_t2m/MedR 8.0%  v_m2t/len 1530  v_m2t/R01 22.61%  v_m2t/R02 25.48%  v_m2t/R03 33.45%  v_m2t/R05 43.33%  v_m2t/R10 55.61%  v_m2t/MedR 8.0%
[21/04/26 11:50:21][src.callback.progress][INFO] - Epoch 484 step 92950/192: loss 1.274e-01
[21/04/26 11:50:32][src.callback.progress][INFO] - Epoch 484 step 93000/192: loss 1.388e-01
[21/04/26 11:50:42][src.callback.progress][INFO] - Epoch 484 step 93050/192: loss 1.369e-01
[21/04/26 11:50:52][src.callback.progress][INFO] - Epoch 484 step 93100/192: loss 1.461e-01
[21/04/26 11:50:58][src.callback.progress][INFO] - Epoch 484: v_recons 2.424e-01  recons 1.279e-01  v_loss 4.308e-01  loss 1.376e-01  v_latent 1.313e+00  latent 6.648e-01  v_kl 8.952e+01  kl 3.549e+01  v_contrastive 1.875e+00  contrastive 9.379e-02  v_t2m/len 1530  v_t2m/R01 17.31%  v_t2m/R02 23.27%  v_t2m/R03 32.29%  v_t2m/R05 41.31%  v_t2m/R10 54.38%  v_t2m/MedR 8.0%  v_m2t/len 1530  v_m2t/R01 22.09%  v_m2t/R02 24.96%  v_m2t/R03 34.63%  v_m2t/R05 42.15%  v_m2t/R10 54.31%  v_m2t/MedR 9.0%
[21/04/26 11:51:09][src.callback.progress][INFO] - Epoch 485 step 93150/192: loss 1.323e-01
[21/04/26 11:51:19][src.callback.progress][INFO] - Epoch 485 step 93200/192: loss 1.316e-01
[21/04/26 11:51:30][src.callback.progress][INFO] - Epoch 485 step 93250/192: loss 1.478e-01
[21/04/26 11:51:40][src.callback.progress][INFO] - Epoch 485 step 93300/192: loss 1.159e-01
[21/04/26 11:51:44][src.callback.progress][INFO] - Epoch 485: v_recons 2.421e-01  recons 1.282e-01  v_loss 4.313e-01  loss 1.382e-01  v_latent 1.308e+00  latent 6.697e-01  v_kl 8.998e+01  kl 3.574e+01  v_contrastive 1.883e+00  contrastive 9.601e-02  v_t2m/len 1530  v_t2m/R01 20.64%  v_t2m/R02 25.22%  v_t2m/R03 33.59%  v_t2m/R05 41.63%  v_t2m/R10 55.88%  v_t2m/MedR 8.0%  v_m2t/len 1530  v_m2t/R01 22.15%  v_m2t/R02 24.77%  v_m2t/R03 33.65%  v_m2t/R05 41.75%  v_m2t/R10 54.9%  v_m2t/MedR 8.0%
[21/04/26 11:51:57][src.callback.progress][INFO] - Epoch 486 step 93350/192: loss 1.394e-01
[21/04/26 11:52:08][src.callback.progress][INFO] - Epoch 486 step 93400/192: loss 1.392e-01
[21/04/26 11:52:18][src.callback.progress][INFO] - Epoch 486 step 93450/192: loss 1.702e-01
[21/04/26 11:52:28][src.callback.progress][INFO] - Epoch 486 step 93500/192: loss 1.224e-01
[21/04/26 11:52:31][src.callback.progress][INFO] - Epoch 486: v_recons 2.428e-01  recons 1.281e-01  v_loss 4.293e-01  loss 1.377e-01  v_latent 1.303e+00  latent 6.612e-01  v_kl 8.791e+01  kl 3.530e+01  v_contrastive 1.856e+00  contrastive 9.163e-02  v_t2m/len 1530  v_t2m/R01 19.54%  v_t2m/R02 25.03%  v_t2m/R03 33.65%  v_t2m/R05 41.63%  v_t2m/R10 56.0%  v_t2m/MedR 8.0%  v_m2t/len 1530  v_m2t/R01 23.72%  v_m2t/R02 26.46%  v_m2t/R03 35.15%  v_m2t/R05 42.47%  v_m2t/R10 54.38%  v_m2t/MedR 9.0%
[21/04/26 11:52:45][src.callback.progress][INFO] - Epoch 487 step 93550/192: loss 1.319e-01
[21/04/26 11:52:55][src.callback.progress][INFO] - Epoch 487 step 93600/192: loss 1.247e-01
[21/04/26 11:53:06][src.callback.progress][INFO] - Epoch 487 step 93650/192: loss 1.272e-01
[21/04/26 11:53:17][src.callback.progress][INFO] - Epoch 487: v_recons 2.423e-01  recons 1.276e-01  v_loss 4.312e-01  loss 1.371e-01  v_latent 1.311e+00  latent 6.577e-01  v_kl 8.959e+01  kl 3.508e+01  v_contrastive 1.880e+00  contrastive 9.101e-02  v_t2m/len 1530  v_t2m/R01 20.78%  v_t2m/R02 24.7%  v_t2m/R03 32.68%  v_t2m/R05 41.95%  v_t2m/R10 53.65%  v_t2m/MedR 9.0%  v_m2t/len 1530  v_m2t/R01 22.61%  v_m2t/R02 25.36%  v_m2t/R03 34.18%  v_m2t/R05 41.36%  v_m2t/R10 54.43%  v_m2t/MedR 9.0%
[21/04/26 11:53:23][src.callback.progress][INFO] - Epoch 488 step 93700/192: loss 1.423e-01
[21/04/26 11:53:33][src.callback.progress][INFO] - Epoch 488 step 93750/192: loss 1.602e-01
[21/04/26 11:53:44][src.callback.progress][INFO] - Epoch 488 step 93800/192: loss 1.320e-01
[21/04/26 11:53:54][src.callback.progress][INFO] - Epoch 488 step 93850/192: loss 1.460e-01
[21/04/26 11:54:04][src.callback.progress][INFO] - Epoch 488: v_recons 2.420e-01  recons 1.270e-01  v_loss 4.285e-01  loss 1.363e-01  v_latent 1.304e+00  latent 6.575e-01  v_kl 8.833e+01  kl 3.506e+01  v_contrastive 1.857e+00  contrastive 8.952e-02  v_t2m/len 1530  v_t2m/R01 20.12%  v_t2m/R02 25.29%  v_t2m/R03 33.72%  v_t2m/R05 40.77%  v_t2m/R10 54.04%  v_t2m/MedR 9.0%  v_m2t/len 1530  v_m2t/R01 21.82%  v_m2t/R02 25.03%  v_m2t/R03 33.72%  v_m2t/R05 42.22%  v_m2t/R10 54.58%  v_m2t/MedR 8.5%
[21/04/26 11:54:12][src.callback.progress][INFO] - Epoch 489 step 93900/192: loss 1.457e-01
[21/04/26 11:54:22][src.callback.progress][INFO] - Epoch 489 step 93950/192: loss 1.484e-01
[21/04/26 11:54:32][src.callback.progress][INFO] - Epoch 489 step 94000/192: loss 1.255e-01
[21/04/26 11:54:43][src.callback.progress][INFO] - Epoch 489 step 94050/192: loss 1.330e-01
[21/04/26 11:54:50][src.callback.progress][INFO] - Epoch 489: v_recons 2.433e-01  recons 1.269e-01  v_loss 4.319e-01  loss 1.362e-01  v_latent 1.319e+00  latent 6.546e-01  v_kl 8.995e+01  kl 3.489e+01  v_contrastive 1.877e+00  contrastive 8.977e-02  v_t2m/len 1530  v_t2m/R01 19.47%  v_t2m/R02 23.45%  v_t2m/R03 31.82%  v_t2m/R05 40.2%  v_t2m/R10 54.38%  v_t2m/MedR 9.0%  v_m2t/len 1530  v_m2t/R01 22.15%  v_m2t/R02 25.69%  v_m2t/R03 34.18%  v_m2t/R05 42.34%  v_m2t/R10 54.5%  v_m2t/MedR 9.0%
[21/04/26 11:55:00][src.callback.progress][INFO] - Epoch 490 step 94100/192: loss 1.311e-01
[21/04/26 11:55:10][src.callback.progress][INFO] - Epoch 490 step 94150/192: loss 1.194e-01
[21/04/26 11:55:20][src.callback.progress][INFO] - Epoch 490 step 94200/192: loss 1.298e-01
[21/04/26 11:55:30][src.callback.progress][INFO] - Epoch 490 step 94250/192: loss 1.553e-01
[21/04/26 11:55:37][src.callback.progress][INFO] - Epoch 490: v_recons 2.439e-01  recons 1.275e-01  v_loss 4.335e-01  loss 1.370e-01  v_latent 1.318e+00  latent 6.613e-01  v_kl 9.016e+01  kl 3.543e+01  v_contrastive 1.887e+00  contrastive 9.188e-02  v_t2m/len 1530  v_t2m/R01 19.61%  v_t2m/R02 23.2%  v_t2m/R03 32.15%  v_t2m/R05 41.36%  v_t2m/R10 54.77%  v_t2m/MedR 8.0%  v_m2t/len 1530  v_m2t/R01 23.39%  v_m2t/R02 26.01%  v_m2t/R03 33.2%  v_m2t/R05 41.95%  v_m2t/R10 54.25%  v_m2t/MedR 9.0%
[21/04/26 11:55:47][src.callback.progress][INFO] - Epoch 491 step 94300/192: loss 1.329e-01
[21/04/26 11:55:58][src.callback.progress][INFO] - Epoch 491 step 94350/192: loss 1.288e-01
[21/04/26 11:56:08][src.callback.progress][INFO] - Epoch 491 step 94400/192: loss 1.545e-01
[21/04/26 11:56:18][src.callback.progress][INFO] - Epoch 491 step 94450/192: loss 1.232e-01
[21/04/26 11:56:23][src.callback.progress][INFO] - Epoch 491: v_recons 2.441e-01  recons 1.285e-01  v_loss 4.327e-01  loss 1.381e-01  v_latent 1.315e+00  latent 6.705e-01  v_kl 8.930e+01  kl 3.595e+01  v_contrastive 1.877e+00  contrastive 9.226e-02  v_t2m/len 1530  v_t2m/R01 19.93%  v_t2m/R02 23.72%  v_t2m/R03 32.81%  v_t2m/R05 40.77%  v_t2m/R10 53.99%  v_t2m/MedR 9.0%  v_m2t/len 1530  v_m2t/R01 22.15%  v_m2t/R02 24.63%  v_m2t/R03 32.22%  v_m2t/R05 40.91%  v_m2t/R10 54.63%  v_m2t/MedR 9.0%
[21/04/26 11:56:35][src.callback.progress][INFO] - Epoch 492 step 94500/192: loss 1.395e-01
[21/04/26 11:56:45][src.callback.progress][INFO] - Epoch 492 step 94550/192: loss 1.372e-01
[21/04/26 11:56:56][src.callback.progress][INFO] - Epoch 492 step 94600/192: loss 1.170e-01
[21/04/26 11:57:06][src.callback.progress][INFO] - Epoch 492 step 94650/192: loss 1.241e-01
[21/04/26 11:57:09][src.callback.progress][INFO] - Epoch 492: v_recons 2.443e-01  recons 1.274e-01  v_loss 4.328e-01  loss 1.369e-01  v_latent 1.311e+00  latent 6.602e-01  v_kl 8.934e+01  kl 3.536e+01  v_contrastive 1.876e+00  contrastive 9.064e-02  v_t2m/len 1530  v_t2m/R01 20.0%  v_t2m/R02 24.57%  v_t2m/R03 34.25%  v_t2m/R05 41.36%  v_t2m/R10 55.36%  v_t2m/MedR 9.0%  v_m2t/len 1530  v_m2t/R01 22.8%  v_m2t/R02 25.36%  v_m2t/R03 34.04%  v_m2t/R05 42.75%  v_m2t/R10 55.22%  v_m2t/MedR 8.0%
[21/04/26 11:57:23][src.callback.progress][INFO] - Epoch 493 step 94700/192: loss 1.546e-01
[21/04/26 11:57:33][src.callback.progress][INFO] - Epoch 493 step 94750/192: loss 1.505e-01
[21/04/26 11:57:43][src.callback.progress][INFO] - Epoch 493 step 94800/192: loss 1.477e-01
[21/04/26 11:57:55][src.callback.progress][INFO] - Epoch 493: v_recons 2.453e-01  recons 1.272e-01  v_loss 4.350e-01  loss 1.366e-01  v_latent 1.321e+00  latent 6.603e-01  v_kl 9.031e+01  kl 3.539e+01  v_contrastive 1.888e+00  contrastive 9.057e-02  v_t2m/len 1530  v_t2m/R01 19.47%  v_t2m/R02 23.79%  v_t2m/R03 32.68%  v_t2m/R05 42.61%  v_t2m/R10 55.02%  v_t2m/MedR 8.0%  v_m2t/len 1530  v_m2t/R01 23.2%  v_m2t/R02 26.07%  v_m2t/R03 34.38%  v_m2t/R05 42.54%  v_m2t/R10 54.04%  v_m2t/MedR 9.0%
[21/04/26 11:58:01][src.callback.progress][INFO] - Epoch 494 step 94850/192: loss 1.487e-01
[21/04/26 11:58:11][src.callback.progress][INFO] - Epoch 494 step 94900/192: loss 1.398e-01
[21/04/26 11:58:21][src.callback.progress][INFO] - Epoch 494 step 94950/192: loss 1.486e-01
[21/04/26 11:58:31][src.callback.progress][INFO] - Epoch 494 step 95000/192: loss 1.236e-01
[21/04/26 11:58:41][src.callback.progress][INFO] - Epoch 494: v_recons 2.418e-01  recons 1.270e-01  v_loss 4.305e-01  loss 1.364e-01  v_latent 1.319e+00  latent 6.566e-01  v_kl 8.984e+01  kl 3.507e+01  v_contrastive 1.879e+00  contrastive 9.056e-02  v_t2m/len 1530  v_t2m/R01 18.69%  v_t2m/R02 23.45%  v_t2m/R03 33.06%  v_t2m/R05 41.36%  v_t2m/R10 55.29%  v_t2m/MedR 8.5%  v_m2t/len 1530  v_m2t/R01 22.09%  v_m2t/R02 25.15%  v_m2t/R03 33.2%  v_m2t/R05 41.75%  v_m2t/R10 53.86%  v_m2t/MedR 9.0%
[21/04/26 11:58:48][src.callback.progress][INFO] - Epoch 495 step 95050/192: loss 1.465e-01
[21/04/26 11:58:59][src.callback.progress][INFO] - Epoch 495 step 95100/192: loss 1.574e-01
[21/04/26 11:59:09][src.callback.progress][INFO] - Epoch 495 step 95150/192: loss 1.287e-01
[21/04/26 11:59:20][src.callback.progress][INFO] - Epoch 495 step 95200/192: loss 1.335e-01
[21/04/26 11:59:28][src.callback.progress][INFO] - Epoch 495: v_recons 2.435e-01  recons 1.268e-01  v_loss 4.321e-01  loss 1.361e-01  v_latent 1.315e+00  latent 6.560e-01  v_kl 9.049e+01  kl 3.519e+01  v_contrastive 1.878e+00  contrastive 8.905e-02  v_t2m/len 1530  v_t2m/R01 20.26%  v_t2m/R02 24.7%  v_t2m/R03 34.38%  v_t2m/R05 40.65%  v_t2m/R10 54.43%  v_t2m/MedR 9.0%  v_m2t/len 1530  v_m2t/R01 21.95%  v_m2t/R02 26.01%  v_m2t/R03 34.58%  v_m2t/R05 42.54%  v_m2t/R10 55.61%  v_m2t/MedR 8.0%
[21/04/26 11:59:37][src.callback.progress][INFO] - Epoch 496 step 95250/192: loss 1.276e-01
[21/04/26 11:59:47][src.callback.progress][INFO] - Epoch 496 step 95300/192: loss 1.301e-01
[21/04/26 11:59:57][src.callback.progress][INFO] - Epoch 496 step 95350/192: loss 1.573e-01
[21/04/26 12:00:08][src.callback.progress][INFO] - Epoch 496 step 95400/192: loss 1.261e-01
[21/04/26 12:00:14][src.callback.progress][INFO] - Epoch 496: v_recons 2.429e-01  recons 1.266e-01  v_loss 4.284e-01  loss 1.359e-01  v_latent 1.309e+00  latent 6.573e-01  v_kl 8.915e+01  kl 3.526e+01  v_contrastive 1.846e+00  contrastive 8.968e-02  v_t2m/len 1530  v_t2m/R01 18.62%  v_t2m/R02 23.65%  v_t2m/R03 32.68%  v_t2m/R05 41.5%  v_t2m/R10 55.56%  v_t2m/MedR 8.0%  v_m2t/len 1530  v_m2t/R01 22.94%  v_m2t/R02 25.36%  v_m2t/R03 33.59%  v_m2t/R05 42.15%  v_m2t/R10 55.09%  v_m2t/MedR 8.0%
[21/04/26 12:00:25][src.callback.progress][INFO] - Epoch 497 step 95450/192: loss 1.406e-01
[21/04/26 12:00:35][src.callback.progress][INFO] - Epoch 497 step 95500/192: loss 1.087e-01
[21/04/26 12:00:45][src.callback.progress][INFO] - Epoch 497 step 95550/192: loss 1.619e-01
[21/04/26 12:00:56][src.callback.progress][INFO] - Epoch 497 step 95600/192: loss 1.656e-01
[21/04/26 12:01:01][src.callback.progress][INFO] - Epoch 497: v_recons 2.429e-01  recons 1.274e-01  v_loss 4.335e-01  loss 1.369e-01  v_latent 1.320e+00  latent 6.631e-01  v_kl 9.091e+01  kl 3.570e+01  v_contrastive 1.896e+00  contrastive 9.164e-02  v_t2m/len 1530  v_t2m/R01 21.3%  v_t2m/R02 25.22%  v_t2m/R03 33.91%  v_t2m/R05 42.88%  v_t2m/R10 55.68%  v_t2m/MedR 8.0%  v_m2t/len 1530  v_m2t/R01 22.35%  v_m2t/R02 24.89%  v_m2t/R03 34.63%  v_m2t/R05 42.34%  v_m2t/R10 53.2%  v_m2t/MedR 9.0%
[21/04/26 12:01:13][src.callback.progress][INFO] - Epoch 498 step 95650/192: loss 1.621e-01
[21/04/26 12:01:23][src.callback.progress][INFO] - Epoch 498 step 95700/192: loss 1.447e-01
[21/04/26 12:01:33][src.callback.progress][INFO] - Epoch 498 step 95750/192: loss 1.098e-01
[21/04/26 12:01:44][src.callback.progress][INFO] - Epoch 498 step 95800/192: loss 1.614e-01
[21/04/26 12:01:47][src.callback.progress][INFO] - Epoch 498: v_recons 2.428e-01  recons 1.282e-01  v_loss 4.304e-01  loss 1.381e-01  v_latent 1.321e+00  latent 6.738e-01  v_kl 9.047e+01  kl 3.621e+01  v_contrastive 1.866e+00  contrastive 9.488e-02  v_t2m/len 1530  v_t2m/R01 18.81%  v_t2m/R02 23.39%  v_t2m/R03 32.54%  v_t2m/R05 41.5%  v_t2m/R10 53.45%  v_t2m/MedR 9.0%  v_m2t/len 1530  v_m2t/R01 21.7%  v_m2t/R02 24.37%  v_m2t/R03 33.45%  v_m2t/R05 42.09%  v_m2t/R10 55.02%  v_m2t/MedR 8.0%
[21/04/26 12:02:01][src.callback.progress][INFO] - Epoch 499 step 95850/192: loss 1.420e-01
[21/04/26 12:02:11][src.callback.progress][INFO] - Epoch 499 step 95900/192: loss 1.598e-01
[21/04/26 12:02:21][src.callback.progress][INFO] - Epoch 499 step 95950/192: loss 1.380e-01
[21/04/26 12:02:31][src.callback.progress][INFO] - Epoch 499 step 96000/192: loss 1.238e-01
[21/04/26 12:02:33][src.callback.progress][INFO] - Epoch 499: v_recons 2.423e-01  recons 1.268e-01  v_loss 4.296e-01  loss 1.362e-01  v_latent 1.326e+00  latent 6.594e-01  v_kl 9.080e+01  kl 3.543e+01  v_contrastive 1.864e+00  contrastive 8.979e-02  v_t2m/len 1530  v_t2m/R01 18.88%  v_t2m/R02 22.68%  v_t2m/R03 32.02%  v_t2m/R05 40.84%  v_t2m/R10 53.65%  v_t2m/MedR 9.0%  v_m2t/len 1530  v_m2t/R01 21.95%  v_m2t/R02 24.84%  v_m2t/R03 33.0%  v_m2t/R05 40.91%  v_m2t/R10 53.86%  v_m2t/MedR 9.0%
[21/04/26 12:02:38][pytorch_lightning.utilities.rank_zero][INFO] - `Trainer.fit` stopped: `max_epochs=500` reached.
[21/04/26 12:02:38][src.callback.progress][INFO] - Training done
