[21/04/26 05:40:21][__main__][INFO] - Training script
[21/04/26 05:40:21][__main__][INFO] - The config can be found here: 
outputs/humanml3d_e_mp_motion_repr_server/tmr/hml272/config.json
[21/04/26 05:40:23][lightning_fabric.utilities.seed][INFO] - Seed set to 1234
[21/04/26 05:40:23][__main__][INFO] - Loading the dataloaders
[21/04/26 05:40:35][__main__][INFO] - Loading the model
[21/04/26 05:40:35][__main__][INFO] - Training
[21/04/26 05:40:35][pytorch_lightning.utilities.rank_zero][INFO] - GPU available: True (cuda), used: True
[21/04/26 05:40:35][pytorch_lightning.utilities.rank_zero][INFO] - TPU available: False, using: 0 TPU cores
[21/04/26 05:40:35][pytorch_lightning.utilities.rank_zero][INFO] - HPU available: False, using: 0 HPUs
[21/04/26 05:40:35][pytorch_lightning.accelerators.cuda][INFO] - LOCAL_RANK: 0 - CUDA_VISIBLE_DEVICES: [1]
[21/04/26 05:40:35][pytorch_lightning.callbacks.model_summary][INFO] - 
  | Name                   | Type              | Params | Mode 
---------------------------------------------------------------------
0 | motion_encoder         | ACTORStyleEncoder | 4.8 M  | train
1 | text_encoder           | ACTORStyleEncoder | 4.9 M  | train
2 | motion_decoder         | ACTORStyleDecoder | 6.4 M  | train
3 | reconstruction_loss_fn | SmoothL1Loss      | 0      | train
4 | latent_loss_fn         | SmoothL1Loss      | 0      | train
---------------------------------------------------------------------
16.1 M    Trainable params
0         Non-trainable params
16.1 M    Total params
64.542    Total estimated model params size (MB)
224       Modules in train mode
0         Modules in eval mode
[21/04/26 05:40:36][src.callback.progress][INFO] - Training started
[21/04/26 05:40:47][src.callback.progress][INFO] - Epoch 0 step 50/192: loss 9.556e-01
[21/04/26 05:40:58][src.callback.progress][INFO] - Epoch 0 step 100/192: loss 8.725e-01
[21/04/26 05:41:08][src.callback.progress][INFO] - Epoch 0 step 150/192: loss 8.621e-01
[21/04/26 05:41:19][src.callback.progress][INFO] - Epoch 0: v_recons 4.341e-01  recons 4.676e-01  v_loss 8.425e-01  loss 9.232e-01  v_latent 1.162e+00  latent 1.226e+00  v_kl 6.824e+00  kl 6.913e+00  v_contrastive 4.084e+00  contrastive 4.556e+00  v_t2m/len 1530  v_t2m/R01 0.72%  v_t2m/R02 1.5%  v_t2m/R03 1.96%  v_t2m/R05 3.14%  v_t2m/R10 6.73%  v_t2m/MedR 150.0%  v_m2t/len 1530  v_m2t/R01 1.11%  v_m2t/R02 1.89%  v_m2t/R03 2.54%  v_m2t/R05 4.05%  v_m2t/R10 6.53%  v_m2t/MedR 149.0%
[21/04/26 05:41:25][src.callback.progress][INFO] - Epoch 1 step 200/192: loss 8.326e-01
[21/04/26 05:41:35][src.callback.progress][INFO] - Epoch 1 step 250/192: loss 8.255e-01
[21/04/26 05:41:46][src.callback.progress][INFO] - Epoch 1 step 300/192: loss 8.199e-01
[21/04/26 05:41:57][src.callback.progress][INFO] - Epoch 1 step 350/192: loss 7.578e-01
[21/04/26 05:42:06][src.callback.progress][INFO] - Epoch 1: v_recons 4.242e-01  recons 4.209e-01  v_loss 7.857e-01  loss 8.036e-01  v_latent 1.098e+00  latent 1.143e+00  v_kl 9.432e+00  kl 7.911e+00  v_contrastive 3.614e+00  contrastive 3.825e+00  v_t2m/len 1530  v_t2m/R01 1.5%  v_t2m/R02 3.0%  v_t2m/R03 4.11%  v_t2m/R05 7.05%  v_t2m/R10 11.82%  v_t2m/MedR 77.0%  v_m2t/len 1530  v_m2t/R01 1.62%  v_m2t/R02 2.94%  v_m2t/R03 4.76%  v_m2t/R05 7.96%  v_m2t/R10 13.59%  v_m2t/MedR 82.0%
[21/04/26 05:42:15][src.callback.progress][INFO] - Epoch 2 step 400/192: loss 7.510e-01
[21/04/26 05:42:26][src.callback.progress][INFO] - Epoch 2 step 450/192: loss 8.026e-01
[21/04/26 05:42:36][src.callback.progress][INFO] - Epoch 2 step 500/192: loss 7.317e-01
[21/04/26 05:42:46][src.callback.progress][INFO] - Epoch 2 step 550/192: loss 7.441e-01
[21/04/26 05:42:54][src.callback.progress][INFO] - Epoch 2: v_recons 4.144e-01  recons 4.111e-01  v_loss 7.542e-01  loss 7.605e-01  v_latent 1.030e+00  latent 1.071e+00  v_kl 3.194e+01  kl 2.221e+01  v_contrastive 3.395e+00  contrastive 3.491e+00  v_t2m/len 1530  v_t2m/R01 2.34%  v_t2m/R02 4.51%  v_t2m/R03 6.73%  v_t2m/R05 10.32%  v_t2m/R10 18.62%  v_t2m/MedR 52.5%  v_m2t/len 1530  v_m2t/R01 2.75%  v_m2t/R02 5.28%  v_m2t/R03 6.86%  v_m2t/R05 10.46%  v_m2t/R10 16.93%  v_m2t/MedR 61.0%
[21/04/26 05:43:05][src.callback.progress][INFO] - Epoch 3 step 600/192: loss 7.722e-01
[21/04/26 05:43:15][src.callback.progress][INFO] - Epoch 3 step 650/192: loss 7.739e-01
[21/04/26 05:43:25][src.callback.progress][INFO] - Epoch 3 step 700/192: loss 7.262e-01
[21/04/26 05:43:35][src.callback.progress][INFO] - Epoch 3 step 750/192: loss 7.170e-01
[21/04/26 05:43:41][src.callback.progress][INFO] - Epoch 3: v_recons 4.065e-01  recons 4.016e-01  v_loss 7.332e-01  loss 7.321e-01  v_latent 1.001e+00  latent 1.023e+00  v_kl 3.911e+01  kl 4.873e+01  v_contrastive 3.263e+00  contrastive 3.300e+00  v_t2m/len 1530  v_t2m/R01 2.54%  v_t2m/R02 5.55%  v_t2m/R03 6.46%  v_t2m/R05 10.97%  v_t2m/R10 18.5%  v_t2m/MedR 49.0%  v_m2t/len 1530  v_m2t/R01 3.2%  v_m2t/R02 5.94%  v_m2t/R03 7.96%  v_m2t/R05 12.35%  v_m2t/R10 19.61%  v_m2t/MedR 50.5%
[21/04/26 05:43:54][src.callback.progress][INFO] - Epoch 4 step 800/192: loss 7.238e-01
[21/04/26 05:44:04][src.callback.progress][INFO] - Epoch 4 step 850/192: loss 7.239e-01
[21/04/26 05:44:14][src.callback.progress][INFO] - Epoch 4 step 900/192: loss 7.365e-01
[21/04/26 05:44:24][src.callback.progress][INFO] - Epoch 4 step 950/192: loss 6.450e-01
[21/04/26 05:44:28][src.callback.progress][INFO] - Epoch 4: v_recons 4.014e-01  recons 3.954e-01  v_loss 7.178e-01  loss 7.105e-01  v_latent 9.918e-01  latent 1.001e+00  v_kl 4.041e+01  kl 5.562e+01  v_contrastive 3.160e+00  contrastive 3.145e+00  v_t2m/len 1530  v_t2m/R01 3.78%  v_t2m/R02 6.21%  v_t2m/R03 9.8%  v_t2m/R05 15.28%  v_t2m/R10 23.72%  v_t2m/MedR 44.0%  v_m2t/len 1530  v_m2t/R01 4.17%  v_m2t/R02 6.8%  v_m2t/R03 9.67%  v_m2t/R05 13.52%  v_m2t/R10 22.61%  v_m2t/MedR 45.0%
[21/04/26 05:44:43][src.callback.progress][INFO] - Epoch 5 step 1000/192: loss 7.036e-01
[21/04/26 05:44:53][src.callback.progress][INFO] - Epoch 5 step 1050/192: loss 6.639e-01
[21/04/26 05:45:03][src.callback.progress][INFO] - Epoch 5 step 1100/192: loss 6.802e-01
[21/04/26 05:45:14][src.callback.progress][INFO] - Epoch 5 step 1150/192: loss 6.867e-01
[21/04/26 05:45:16][src.callback.progress][INFO] - Epoch 5: v_recons 3.953e-01  recons 3.893e-01  v_loss 7.013e-01  loss 6.923e-01  v_latent 9.854e-01  latent 9.896e-01  v_kl 4.212e+01  kl 5.386e+01  v_contrastive 3.056e+00  contrastive 3.025e+00  v_t2m/len 1530  v_t2m/R01 3.0%  v_t2m/R02 5.28%  v_t2m/R03 9.02%  v_t2m/R05 13.19%  v_t2m/R10 22.87%  v_t2m/MedR 37.5%  v_m2t/len 1530  v_m2t/R01 4.38%  v_m2t/R02 7.38%  v_m2t/R03 10.64%  v_m2t/R05 14.71%  v_m2t/R10 24.37%  v_m2t/MedR 39.0%
[21/04/26 05:45:32][src.callback.progress][INFO] - Epoch 6 step 1200/192: loss 6.907e-01
[21/04/26 05:45:43][src.callback.progress][INFO] - Epoch 6 step 1250/192: loss 6.440e-01
[21/04/26 05:45:53][src.callback.progress][INFO] - Epoch 6 step 1300/192: loss 6.553e-01
[21/04/26 05:46:04][src.callback.progress][INFO] - Epoch 6: v_recons 3.881e-01  recons 3.815e-01  v_loss 6.835e-01  loss 6.755e-01  v_latent 9.782e-01  latent 9.849e-01  v_kl 3.931e+01  kl 5.325e+01  v_contrastive 2.951e+00  contrastive 2.934e+00  v_t2m/len 1530  v_t2m/R01 4.57%  v_t2m/R02 8.43%  v_t2m/R03 11.43%  v_t2m/R05 17.57%  v_t2m/R10 29.28%  v_t2m/MedR 30.0%  v_m2t/len 1530  v_m2t/R01 4.44%  v_m2t/R02 8.1%  v_m2t/R03 11.56%  v_m2t/R05 17.78%  v_m2t/R10 26.93%  v_m2t/MedR 35.0%
[21/04/26 05:46:11][src.callback.progress][INFO] - Epoch 7 step 1350/192: loss 6.723e-01
[21/04/26 05:46:21][src.callback.progress][INFO] - Epoch 7 step 1400/192: loss 6.659e-01
[21/04/26 05:46:32][src.callback.progress][INFO] - Epoch 7 step 1450/192: loss 6.608e-01
[21/04/26 05:46:42][src.callback.progress][INFO] - Epoch 7 step 1500/192: loss 6.643e-01
[21/04/26 05:46:51][src.callback.progress][INFO] - Epoch 7: v_recons 3.795e-01  recons 3.751e-01  v_loss 6.632e-01  loss 6.593e-01  v_latent 9.649e-01  latent 9.776e-01  v_kl 4.163e+01  kl 5.091e+01  v_contrastive 2.833e+00  contrastive 2.837e+00  v_t2m/len 1530  v_t2m/R01 3.66%  v_t2m/R02 7.44%  v_t2m/R03 12.15%  v_t2m/R05 19.14%  v_t2m/R10 28.69%  v_t2m/MedR 29.0%  v_m2t/len 1530  v_m2t/R01 5.55%  v_m2t/R02 9.22%  v_m2t/R03 13.27%  v_m2t/R05 17.19%  v_m2t/R10 27.7%  v_m2t/MedR 30.0%
[21/04/26 05:47:01][src.callback.progress][INFO] - Epoch 8 step 1550/192: loss 6.795e-01
[21/04/26 05:47:11][src.callback.progress][INFO] - Epoch 8 step 1600/192: loss 6.653e-01
[21/04/26 05:47:21][src.callback.progress][INFO] - Epoch 8 step 1650/192: loss 6.402e-01
[21/04/26 05:47:32][src.callback.progress][INFO] - Epoch 8 step 1700/192: loss 6.408e-01
[21/04/26 05:47:39][src.callback.progress][INFO] - Epoch 8: v_recons 3.752e-01  recons 3.694e-01  v_loss 6.539e-01  loss 6.440e-01  v_latent 9.637e-01  latent 9.711e-01  v_kl 3.714e+01  kl 4.997e+01  v_contrastive 2.784e+00  contrastive 2.741e+00  v_t2m/len 1530  v_t2m/R01 6.01%  v_t2m/R02 10.0%  v_t2m/R03 13.92%  v_t2m/R05 18.69%  v_t2m/R10 29.21%  v_t2m/MedR 27.0%  v_m2t/len 1530  v_m2t/R01 4.84%  v_m2t/R02 8.68%  v_m2t/R03 12.35%  v_m2t/R05 18.76%  v_m2t/R10 29.87%  v_m2t/MedR 29.0%
[21/04/26 05:47:50][src.callback.progress][INFO] - Epoch 9 step 1750/192: loss 6.668e-01
[21/04/26 05:48:00][src.callback.progress][INFO] - Epoch 9 step 1800/192: loss 5.950e-01
[21/04/26 05:48:10][src.callback.progress][INFO] - Epoch 9 step 1850/192: loss 6.325e-01
[21/04/26 05:48:21][src.callback.progress][INFO] - Epoch 9 step 1900/192: loss 6.364e-01
[21/04/26 05:48:27][src.callback.progress][INFO] - Epoch 9: v_recons 3.701e-01  recons 3.646e-01  v_loss 6.438e-01  loss 6.326e-01  v_latent 9.631e-01  latent 9.681e-01  v_kl 3.622e+01  kl 4.741e+01  v_contrastive 2.733e+00  contrastive 2.675e+00  v_t2m/len 1530  v_t2m/R01 5.28%  v_t2m/R02 9.4%  v_t2m/R03 13.85%  v_t2m/R05 20.12%  v_t2m/R10 32.41%  v_t2m/MedR 24.0%  v_m2t/len 1530  v_m2t/R01 5.23%  v_m2t/R02 9.6%  v_m2t/R03 13.32%  v_m2t/R05 20.2%  v_m2t/R10 31.62%  v_m2t/MedR 27.5%
[21/04/26 05:48:39][src.callback.progress][INFO] - Epoch 10 step 1950/192: loss 6.830e-01
[21/04/26 05:48:49][src.callback.progress][INFO] - Epoch 10 step 2000/192: loss 6.186e-01
[21/04/26 05:48:59][src.callback.progress][INFO] - Epoch 10 step 2050/192: loss 6.373e-01
[21/04/26 05:49:10][src.callback.progress][INFO] - Epoch 10 step 2100/192: loss 5.806e-01
[21/04/26 05:49:14][src.callback.progress][INFO] - Epoch 10: v_recons 3.661e-01  recons 3.607e-01  v_loss 6.304e-01  loss 6.206e-01  v_latent 9.553e-01  latent 9.627e-01  v_kl 3.536e+01  kl 4.371e+01  v_contrastive 2.639e+00  contrastive 2.594e+00  v_t2m/len 1530  v_t2m/R01 5.94%  v_t2m/R02 10.92%  v_t2m/R03 14.64%  v_t2m/R05 20.92%  v_t2m/R10 32.68%  v_t2m/MedR 23.0%  v_m2t/len 1530  v_m2t/R01 5.94%  v_m2t/R02 11.1%  v_m2t/R03 13.59%  v_m2t/R05 20.32%  v_m2t/R10 32.15%  v_m2t/MedR 25.0%
[21/04/26 05:49:28][src.callback.progress][INFO] - Epoch 11 step 2150/192: loss 6.486e-01
[21/04/26 05:49:38][src.callback.progress][INFO] - Epoch 11 step 2200/192: loss 5.675e-01
[21/04/26 05:49:48][src.callback.progress][INFO] - Epoch 11 step 2250/192: loss 6.152e-01
[21/04/26 05:49:59][src.callback.progress][INFO] - Epoch 11 step 2300/192: loss 6.076e-01
[21/04/26 05:50:01][src.callback.progress][INFO] - Epoch 11: v_recons 3.632e-01  recons 3.573e-01  v_loss 6.210e-01  loss 6.099e-01  v_latent 9.452e-01  latent 9.589e-01  v_kl 3.173e+01  kl 4.257e+01  v_contrastive 2.575e+00  contrastive 2.522e+00  v_t2m/len 1530  v_t2m/R01 8.3%  v_t2m/R02 13.27%  v_t2m/R03 18.1%  v_t2m/R05 25.48%  v_t2m/R10 35.68%  v_t2m/MedR 22.0%  v_m2t/len 1530  v_m2t/R01 6.67%  v_m2t/R02 11.31%  v_m2t/R03 15.75%  v_m2t/R05 22.47%  v_m2t/R10 34.97%  v_m2t/MedR 22.0%
[21/04/26 05:50:17][src.callback.progress][INFO] - Epoch 12 step 2350/192: loss 5.654e-01
[21/04/26 05:50:27][src.callback.progress][INFO] - Epoch 12 step 2400/192: loss 6.471e-01
[21/04/26 05:50:38][src.callback.progress][INFO] - Epoch 12 step 2450/192: loss 5.659e-01
[21/04/26 05:50:49][src.callback.progress][INFO] - Epoch 12: v_recons 3.597e-01  recons 3.541e-01  v_loss 6.108e-01  loss 5.998e-01  v_latent 9.408e-01  latent 9.534e-01  v_kl 3.165e+01  kl 4.108e+01  v_contrastive 2.507e+00  contrastive 2.452e+00  v_t2m/len 1530  v_t2m/R01 7.51%  v_t2m/R02 12.47%  v_t2m/R03 17.84%  v_t2m/R05 24.77%  v_t2m/R10 37.11%  v_t2m/MedR 19.0%  v_m2t/len 1530  v_m2t/R01 7.44%  v_m2t/R02 13.32%  v_m2t/R03 17.12%  v_m2t/R05 23.98%  v_m2t/R10 36.93%  v_m2t/MedR 20.0%
[21/04/26 05:50:56][src.callback.progress][INFO] - Epoch 13 step 2500/192: loss 5.609e-01
[21/04/26 05:51:06][src.callback.progress][INFO] - Epoch 13 step 2550/192: loss 5.770e-01
[21/04/26 05:51:16][src.callback.progress][INFO] - Epoch 13 step 2600/192: loss 6.412e-01
[21/04/26 05:51:26][src.callback.progress][INFO] - Epoch 13 step 2650/192: loss 5.432e-01
[21/04/26 05:51:36][src.callback.progress][INFO] - Epoch 13: v_recons 3.570e-01  recons 3.512e-01  v_loss 6.062e-01  loss 5.892e-01  v_latent 9.433e-01  latent 9.486e-01  v_kl 3.073e+01  kl 3.919e+01  v_contrastive 2.489e+00  contrastive 2.375e+00  v_t2m/len 1530  v_t2m/R01 6.73%  v_t2m/R02 12.47%  v_t2m/R03 16.54%  v_t2m/R05 23.13%  v_t2m/R10 35.68%  v_t2m/MedR 19.0%  v_m2t/len 1530  v_m2t/R01 7.11%  v_m2t/R02 12.28%  v_m2t/R03 16.6%  v_m2t/R05 22.8%  v_m2t/R10 34.63%  v_m2t/MedR 23.0%
[21/04/26 05:51:45][src.callback.progress][INFO] - Epoch 14 step 2700/192: loss 5.409e-01
[21/04/26 05:51:55][src.callback.progress][INFO] - Epoch 14 step 2750/192: loss 6.368e-01
[21/04/26 05:52:05][src.callback.progress][INFO] - Epoch 14 step 2800/192: loss 5.513e-01
[21/04/26 05:52:16][src.callback.progress][INFO] - Epoch 14 step 2850/192: loss 5.653e-01
[21/04/26 05:52:24][src.callback.progress][INFO] - Epoch 14: v_recons 3.541e-01  recons 3.483e-01  v_loss 5.967e-01  loss 5.810e-01  v_latent 9.359e-01  latent 9.422e-01  v_kl 2.961e+01  kl 3.646e+01  v_contrastive 2.423e+00  contrastive 2.323e+00  v_t2m/len 1530  v_t2m/R01 7.11%  v_t2m/R02 13.52%  v_t2m/R03 17.78%  v_t2m/R05 24.7%  v_t2m/R10 37.52%  v_t2m/MedR 18.0%  v_m2t/len 1530  v_m2t/R01 6.8%  v_m2t/R02 12.6%  v_m2t/R03 17.52%  v_m2t/R05 24.84%  v_m2t/R10 37.11%  v_m2t/MedR 19.0%
[21/04/26 05:52:35][src.callback.progress][INFO] - Epoch 15 step 2900/192: loss 5.805e-01
[21/04/26 05:52:45][src.callback.progress][INFO] - Epoch 15 step 2950/192: loss 6.077e-01
[21/04/26 05:52:55][src.callback.progress][INFO] - Epoch 15 step 3000/192: loss 5.945e-01
[21/04/26 05:53:05][src.callback.progress][INFO] - Epoch 15 step 3050/192: loss 5.667e-01
[21/04/26 05:53:12][src.callback.progress][INFO] - Epoch 15: v_recons 3.539e-01  recons 3.456e-01  v_loss 5.912e-01  loss 5.710e-01  v_latent 9.309e-01  latent 9.364e-01  v_kl 2.774e+01  kl 3.434e+01  v_contrastive 2.371e+00  contrastive 2.250e+00  v_t2m/len 1530  v_t2m/R01 7.9%  v_t2m/R02 13.78%  v_t2m/R03 18.95%  v_t2m/R05 26.98%  v_t2m/R10 39.47%  v_t2m/MedR 17.0%  v_m2t/len 1530  v_m2t/R01 7.71%  v_m2t/R02 13.72%  v_m2t/R03 17.7%  v_m2t/R05 25.75%  v_m2t/R10 37.65%  v_m2t/MedR 19.0%
[21/04/26 05:53:24][src.callback.progress][INFO] - Epoch 16 step 3100/192: loss 5.418e-01
[21/04/26 05:53:34][src.callback.progress][INFO] - Epoch 16 step 3150/192: loss 5.777e-01
[21/04/26 05:53:45][src.callback.progress][INFO] - Epoch 16 step 3200/192: loss 5.637e-01
[21/04/26 05:53:55][src.callback.progress][INFO] - Epoch 16 step 3250/192: loss 5.835e-01
[21/04/26 05:54:00][src.callback.progress][INFO] - Epoch 16: v_recons 3.522e-01  recons 3.435e-01  v_loss 5.885e-01  loss 5.632e-01  v_latent 9.298e-01  latent 9.314e-01  v_kl 2.784e+01  kl 3.252e+01  v_contrastive 2.360e+00  contrastive 2.193e+00  v_t2m/len 1530  v_t2m/R01 8.68%  v_t2m/R02 15.02%  v_t2m/R03 20.45%  v_t2m/R05 28.23%  v_t2m/R10 39.54%  v_t2m/MedR 16.0%  v_m2t/len 1530  v_m2t/R01 9.22%  v_m2t/R02 14.97%  v_m2t/R03 18.95%  v_m2t/R05 26.54%  v_m2t/R10 38.56%  v_m2t/MedR 18.0%
[21/04/26 05:54:13][src.callback.progress][INFO] - Epoch 17 step 3300/192: loss 5.458e-01
[21/04/26 05:54:24][src.callback.progress][INFO] - Epoch 17 step 3350/192: loss 5.732e-01
[21/04/26 05:54:34][src.callback.progress][INFO] - Epoch 17 step 3400/192: loss 5.191e-01
[21/04/26 05:54:44][src.callback.progress][INFO] - Epoch 17 step 3450/192: loss 5.676e-01
[21/04/26 05:54:47][src.callback.progress][INFO] - Epoch 17: v_recons 3.527e-01  recons 3.415e-01  v_loss 5.900e-01  loss 5.573e-01  v_latent 9.298e-01  latent 9.276e-01  v_kl 2.492e+01  kl 3.105e+01  v_contrastive 2.370e+00  contrastive 2.155e+00  v_t2m/len 1530  v_t2m/R01 8.81%  v_t2m/R02 13.72%  v_t2m/R03 18.69%  v_t2m/R05 26.07%  v_t2m/R10 37.7%  v_t2m/MedR 18.0%  v_m2t/len 1530  v_m2t/R01 9.35%  v_m2t/R02 15.15%  v_m2t/R03 19.54%  v_m2t/R05 25.42%  v_m2t/R10 38.24%  v_m2t/MedR 20.5%
[21/04/26 05:55:02][src.callback.progress][INFO] - Epoch 18 step 3500/192: loss 5.353e-01
[21/04/26 05:55:12][src.callback.progress][INFO] - Epoch 18 step 3550/192: loss 5.566e-01
[21/04/26 05:55:23][src.callback.progress][INFO] - Epoch 18 step 3600/192: loss 5.621e-01
[21/04/26 05:55:34][src.callback.progress][INFO] - Epoch 18: v_recons 3.483e-01  recons 3.402e-01  v_loss 5.766e-01  loss 5.501e-01  v_latent 9.172e-01  latent 9.216e-01  v_kl 2.426e+01  kl 2.976e+01  v_contrastive 2.280e+00  contrastive 2.096e+00  v_t2m/len 1530  v_t2m/R01 9.27%  v_t2m/R02 16.13%  v_t2m/R03 21.11%  v_t2m/R05 29.02%  v_t2m/R10 41.5%  v_t2m/MedR 17.0%  v_m2t/len 1530  v_m2t/R01 10.13%  v_m2t/R02 15.48%  v_m2t/R03 20.06%  v_m2t/R05 27.45%  v_m2t/R10 40.38%  v_m2t/MedR 17.0%
[21/04/26 05:55:41][src.callback.progress][INFO] - Epoch 19 step 3650/192: loss 4.988e-01
[21/04/26 05:55:51][src.callback.progress][INFO] - Epoch 19 step 3700/192: loss 5.380e-01
[21/04/26 05:56:01][src.callback.progress][INFO] - Epoch 19 step 3750/192: loss 4.838e-01
[21/04/26 05:56:11][src.callback.progress][INFO] - Epoch 19 step 3800/192: loss 5.375e-01
[21/04/26 05:56:22][src.callback.progress][INFO] - Epoch 19: v_recons 3.484e-01  recons 3.383e-01  v_loss 5.745e-01  loss 5.426e-01  v_latent 9.181e-01  latent 9.156e-01  v_kl 2.187e+01  kl 2.771e+01  v_contrastive 2.259e+00  contrastive 2.040e+00  v_t2m/len 1530  v_t2m/R01 10.26%  v_t2m/R02 16.98%  v_t2m/R03 21.89%  v_t2m/R05 29.54%  v_t2m/R10 42.61%  v_t2m/MedR 14.0%  v_m2t/len 1530  v_m2t/R01 9.73%  v_m2t/R02 16.13%  v_m2t/R03 20.97%  v_m2t/R05 28.81%  v_m2t/R10 41.31%  v_m2t/MedR 16.0%
[21/04/26 05:56:30][src.callback.progress][INFO] - Epoch 20 step 3850/192: loss 5.507e-01
[21/04/26 05:56:40][src.callback.progress][INFO] - Epoch 20 step 3900/192: loss 5.290e-01
[21/04/26 05:56:50][src.callback.progress][INFO] - Epoch 20 step 3950/192: loss 5.171e-01
[21/04/26 05:57:00][src.callback.progress][INFO] - Epoch 20 step 4000/192: loss 5.427e-01
[21/04/26 05:57:09][src.callback.progress][INFO] - Epoch 20: v_recons 3.453e-01  recons 3.365e-01  v_loss 5.679e-01  loss 5.360e-01  v_latent 9.137e-01  latent 9.111e-01  v_kl 2.372e+01  kl 2.601e+01  v_contrastive 2.223e+00  contrastive 1.992e+00  v_t2m/len 1530  v_t2m/R01 9.47%  v_t2m/R02 14.71%  v_t2m/R03 20.85%  v_t2m/R05 29.35%  v_t2m/R10 42.75%  v_t2m/MedR 14.0%  v_m2t/len 1530  v_m2t/R01 10.32%  v_m2t/R02 16.27%  v_m2t/R03 21.23%  v_m2t/R05 28.62%  v_m2t/R10 42.34%  v_m2t/MedR 15.0%
[21/04/26 05:57:19][src.callback.progress][INFO] - Epoch 21 step 4050/192: loss 5.194e-01
[21/04/26 05:57:29][src.callback.progress][INFO] - Epoch 21 step 4100/192: loss 5.487e-01
[21/04/26 05:57:39][src.callback.progress][INFO] - Epoch 21 step 4150/192: loss 5.054e-01
[21/04/26 05:57:49][src.callback.progress][INFO] - Epoch 21 step 4200/192: loss 5.559e-01
[21/04/26 05:57:56][src.callback.progress][INFO] - Epoch 21: v_recons 3.451e-01  recons 3.346e-01  v_loss 5.669e-01  loss 5.295e-01  v_latent 9.139e-01  latent 9.054e-01  v_kl 2.313e+01  kl 2.498e+01  v_contrastive 2.216e+00  contrastive 1.947e+00  v_t2m/len 1530  v_t2m/R01 9.27%  v_t2m/R02 16.27%  v_t2m/R03 20.85%  v_t2m/R05 29.67%  v_t2m/R10 42.88%  v_t2m/MedR 15.0%  v_m2t/len 1530  v_m2t/R01 10.85%  v_m2t/R02 17.05%  v_m2t/R03 21.7%  v_m2t/R05 29.47%  v_m2t/R10 42.34%  v_m2t/MedR 16.0%
[21/04/26 05:58:08][src.callback.progress][INFO] - Epoch 22 step 4250/192: loss 5.299e-01
[21/04/26 05:58:18][src.callback.progress][INFO] - Epoch 22 step 4300/192: loss 5.735e-01
[21/04/26 05:58:28][src.callback.progress][INFO] - Epoch 22 step 4350/192: loss 5.486e-01
[21/04/26 05:58:38][src.callback.progress][INFO] - Epoch 22 step 4400/192: loss 5.416e-01
[21/04/26 05:58:44][src.callback.progress][INFO] - Epoch 22: v_recons 3.435e-01  recons 3.332e-01  v_loss 5.629e-01  loss 5.236e-01  v_latent 9.062e-01  latent 9.015e-01  v_kl 2.205e+01  kl 2.407e+01  v_contrastive 2.192e+00  contrastive 1.902e+00  v_t2m/len 1530  v_t2m/R01 9.73%  v_t2m/R02 15.48%  v_t2m/R03 20.97%  v_t2m/R05 30.52%  v_t2m/R10 45.29%  v_t2m/MedR 14.0%  v_m2t/len 1530  v_m2t/R01 9.93%  v_m2t/R02 16.34%  v_m2t/R03 21.62%  v_m2t/R05 30.0%  v_m2t/R10 43.4%  v_m2t/MedR 15.0%
[21/04/26 05:58:57][src.callback.progress][INFO] - Epoch 23 step 4450/192: loss 5.168e-01
[21/04/26 05:59:07][src.callback.progress][INFO] - Epoch 23 step 4500/192: loss 4.756e-01
[21/04/26 05:59:17][src.callback.progress][INFO] - Epoch 23 step 4550/192: loss 5.104e-01
[21/04/26 05:59:27][src.callback.progress][INFO] - Epoch 23 step 4600/192: loss 5.224e-01
[21/04/26 05:59:31][src.callback.progress][INFO] - Epoch 23: v_recons 3.413e-01  recons 3.315e-01  v_loss 5.569e-01  loss 5.168e-01  v_latent 8.999e-01  latent 8.945e-01  v_kl 2.053e+01  kl 2.340e+01  v_contrastive 2.154e+00  contrastive 1.851e+00  v_t2m/len 1530  v_t2m/R01 11.1%  v_t2m/R02 18.81%  v_t2m/R03 24.18%  v_t2m/R05 32.22%  v_t2m/R10 45.15%  v_t2m/MedR 13.0%  v_m2t/len 1530  v_m2t/R01 11.43%  v_m2t/R02 18.62%  v_m2t/R03 24.25%  v_m2t/R05 32.09%  v_m2t/R10 44.43%  v_m2t/MedR 14.0%
[21/04/26 05:59:45][src.callback.progress][INFO] - Epoch 24 step 4650/192: loss 5.061e-01
[21/04/26 05:59:55][src.callback.progress][INFO] - Epoch 24 step 4700/192: loss 5.134e-01
[21/04/26 06:00:06][src.callback.progress][INFO] - Epoch 24 step 4750/192: loss 5.579e-01
[21/04/26 06:00:16][src.callback.progress][INFO] - Epoch 24 step 4800/192: loss 5.038e-01
[21/04/26 06:00:17][src.callback.progress][INFO] - Epoch 24: v_recons 3.403e-01  recons 3.306e-01  v_loss 5.547e-01  loss 5.125e-01  v_latent 9.022e-01  latent 8.887e-01  v_kl 2.113e+01  kl 2.202e+01  v_contrastive 2.142e+00  contrastive 1.817e+00  v_t2m/len 1530  v_t2m/R01 10.92%  v_t2m/R02 17.57%  v_t2m/R03 23.32%  v_t2m/R05 31.23%  v_t2m/R10 45.61%  v_t2m/MedR 12.0%  v_m2t/len 1530  v_m2t/R01 12.6%  v_m2t/R02 17.64%  v_m2t/R03 23.13%  v_m2t/R05 31.04%  v_m2t/R10 43.65%  v_m2t/MedR 15.0%
[21/04/26 06:00:34][src.callback.progress][INFO] - Epoch 25 step 4850/192: loss 5.055e-01
[21/04/26 06:00:44][src.callback.progress][INFO] - Epoch 25 step 4900/192: loss 5.433e-01
[21/04/26 06:00:54][src.callback.progress][INFO] - Epoch 25 step 4950/192: loss 4.741e-01
[21/04/26 06:01:04][src.callback.progress][INFO] - Epoch 25: v_recons 3.394e-01  recons 3.294e-01  v_loss 5.505e-01  loss 5.070e-01  v_latent 8.969e-01  latent 8.841e-01  v_kl 1.965e+01  kl 2.138e+01  v_contrastive 2.108e+00  contrastive 1.773e+00  v_t2m/len 1530  v_t2m/R01 11.63%  v_t2m/R02 18.76%  v_t2m/R03 23.53%  v_t2m/R05 33.2%  v_t2m/R10 45.09%  v_t2m/MedR 13.0%  v_m2t/len 1530  v_m2t/R01 12.22%  v_m2t/R02 17.78%  v_m2t/R03 23.92%  v_m2t/R05 31.82%  v_m2t/R10 43.45%  v_m2t/MedR 14.0%
[21/04/26 06:01:12][src.callback.progress][INFO] - Epoch 26 step 5000/192: loss 4.842e-01
[21/04/26 06:01:22][src.callback.progress][INFO] - Epoch 26 step 5050/192: loss 5.035e-01
[21/04/26 06:01:32][src.callback.progress][INFO] - Epoch 26 step 5100/192: loss 4.786e-01
[21/04/26 06:01:42][src.callback.progress][INFO] - Epoch 26 step 5150/192: loss 5.002e-01
[21/04/26 06:01:51][src.callback.progress][INFO] - Epoch 26: v_recons 3.383e-01  recons 3.278e-01  v_loss 5.477e-01  loss 5.018e-01  v_latent 8.928e-01  latent 8.791e-01  v_kl 1.850e+01  kl 1.982e+01  v_contrastive 2.092e+00  contrastive 1.738e+00  v_t2m/len 1530  v_t2m/R01 10.46%  v_t2m/R02 17.64%  v_t2m/R03 23.39%  v_t2m/R05 32.34%  v_t2m/R10 46.93%  v_t2m/MedR 12.0%  v_m2t/len 1530  v_m2t/R01 12.6%  v_m2t/R02 19.47%  v_m2t/R03 25.03%  v_m2t/R05 32.41%  v_m2t/R10 44.11%  v_m2t/MedR 14.0%
[21/04/26 06:02:00][src.callback.progress][INFO] - Epoch 27 step 5200/192: loss 5.064e-01
[21/04/26 06:02:10][src.callback.progress][INFO] - Epoch 27 step 5250/192: loss 5.304e-01
[21/04/26 06:02:20][src.callback.progress][INFO] - Epoch 27 step 5300/192: loss 4.792e-01
[21/04/26 06:02:30][src.callback.progress][INFO] - Epoch 27 step 5350/192: loss 5.182e-01
[21/04/26 06:02:37][src.callback.progress][INFO] - Epoch 27: v_recons 3.371e-01  recons 3.271e-01  v_loss 5.442e-01  loss 4.962e-01  v_latent 8.894e-01  latent 8.736e-01  v_kl 1.865e+01  kl 1.917e+01  v_contrastive 2.069e+00  contrastive 1.688e+00  v_t2m/len 1530  v_t2m/R01 11.36%  v_t2m/R02 18.95%  v_t2m/R03 23.79%  v_t2m/R05 33.52%  v_t2m/R10 47.97%  v_t2m/MedR 11.0%  v_m2t/len 1530  v_m2t/R01 14.05%  v_m2t/R02 20.78%  v_m2t/R03 25.62%  v_m2t/R05 33.06%  v_m2t/R10 44.58%  v_m2t/MedR 14.0%
[21/04/26 06:02:48][src.callback.progress][INFO] - Epoch 28 step 5400/192: loss 4.866e-01
[21/04/26 06:02:59][src.callback.progress][INFO] - Epoch 28 step 5450/192: loss 4.930e-01
[21/04/26 06:03:09][src.callback.progress][INFO] - Epoch 28 step 5500/192: loss 4.926e-01
[21/04/26 06:03:19][src.callback.progress][INFO] - Epoch 28 step 5550/192: loss 4.924e-01
[21/04/26 06:03:24][src.callback.progress][INFO] - Epoch 28: v_recons 3.372e-01  recons 3.265e-01  v_loss 5.462e-01  loss 4.924e-01  v_latent 8.898e-01  latent 8.695e-01  v_kl 1.767e+01  kl 1.836e+01  v_contrastive 2.089e+00  contrastive 1.657e+00  v_t2m/len 1530  v_t2m/R01 10.92%  v_t2m/R02 19.4%  v_t2m/R03 23.98%  v_t2m/R05 33.33%  v_t2m/R10 46.34%  v_t2m/MedR 13.0%  v_m2t/len 1530  v_m2t/R01 13.06%  v_m2t/R02 19.4%  v_m2t/R03 24.84%  v_m2t/R05 32.93%  v_m2t/R10 44.97%  v_m2t/MedR 14.0%
[21/04/26 06:03:37][src.callback.progress][INFO] - Epoch 29 step 5600/192: loss 4.765e-01
[21/04/26 06:03:47][src.callback.progress][INFO] - Epoch 29 step 5650/192: loss 4.873e-01
[21/04/26 06:03:57][src.callback.progress][INFO] - Epoch 29 step 5700/192: loss 5.046e-01
[21/04/26 06:04:07][src.callback.progress][INFO] - Epoch 29 step 5750/192: loss 4.587e-01
[21/04/26 06:04:11][src.callback.progress][INFO] - Epoch 29: v_recons 3.364e-01  recons 3.250e-01  v_loss 5.426e-01  loss 4.874e-01  v_latent 8.821e-01  latent 8.644e-01  v_kl 1.755e+01  kl 1.744e+01  v_contrastive 2.060e+00  contrastive 1.622e+00  v_t2m/len 1530  v_t2m/R01 11.5%  v_t2m/R02 18.88%  v_t2m/R03 24.51%  v_t2m/R05 32.61%  v_t2m/R10 48.5%  v_t2m/MedR 11.0%  v_m2t/len 1530  v_m2t/R01 13.06%  v_m2t/R02 19.67%  v_m2t/R03 25.03%  v_m2t/R05 31.89%  v_m2t/R10 44.5%  v_m2t/MedR 14.0%
[21/04/26 06:04:25][src.callback.progress][INFO] - Epoch 30 step 5800/192: loss 5.088e-01
[21/04/26 06:04:35][src.callback.progress][INFO] - Epoch 30 step 5850/192: loss 4.947e-01
[21/04/26 06:04:45][src.callback.progress][INFO] - Epoch 30 step 5900/192: loss 4.777e-01
[21/04/26 06:04:55][src.callback.progress][INFO] - Epoch 30 step 5950/192: loss 5.167e-01
[21/04/26 06:04:58][src.callback.progress][INFO] - Epoch 30: v_recons 3.367e-01  recons 3.234e-01  v_loss 5.413e-01  loss 4.804e-01  v_latent 8.781e-01  latent 8.568e-01  v_kl 1.691e+01  kl 1.709e+01  v_contrastive 2.044e+00  contrastive 1.567e+00  v_t2m/len 1530  v_t2m/R01 11.89%  v_t2m/R02 19.61%  v_t2m/R03 24.63%  v_t2m/R05 33.99%  v_t2m/R10 49.08%  v_t2m/MedR 11.0%  v_m2t/len 1530  v_m2t/R01 12.22%  v_m2t/R02 19.87%  v_m2t/R03 25.03%  v_m2t/R05 34.18%  v_m2t/R10 46.79%  v_m2t/MedR 12.0%
[21/04/26 06:05:13][src.callback.progress][INFO] - Epoch 31 step 6000/192: loss 4.849e-01
[21/04/26 06:05:24][src.callback.progress][INFO] - Epoch 31 step 6050/192: loss 5.362e-01
[21/04/26 06:05:34][src.callback.progress][INFO] - Epoch 31 step 6100/192: loss 5.078e-01
[21/04/26 06:05:44][src.callback.progress][INFO] - Epoch 31: v_recons 3.364e-01  recons 3.229e-01  v_loss 5.402e-01  loss 4.782e-01  v_latent 8.767e-01  latent 8.538e-01  v_kl 1.695e+01  kl 1.648e+01  v_contrastive 2.036e+00  contrastive 1.551e+00  v_t2m/len 1530  v_t2m/R01 12.75%  v_t2m/R02 20.2%  v_t2m/R03 26.27%  v_t2m/R05 35.68%  v_t2m/R10 49.34%  v_t2m/MedR 11.0%  v_m2t/len 1530  v_m2t/R01 12.68%  v_m2t/R02 18.37%  v_m2t/R03 24.44%  v_m2t/R05 32.47%  v_m2t/R10 46.4%  v_m2t/MedR 12.0%
[21/04/26 06:05:51][src.callback.progress][INFO] - Epoch 32 step 6150/192: loss 4.397e-01
[21/04/26 06:06:01][src.callback.progress][INFO] - Epoch 32 step 6200/192: loss 4.737e-01
[21/04/26 06:06:12][src.callback.progress][INFO] - Epoch 32 step 6250/192: loss 4.756e-01
[21/04/26 06:06:22][src.callback.progress][INFO] - Epoch 32 step 6300/192: loss 5.090e-01
[21/04/26 06:06:31][src.callback.progress][INFO] - Epoch 32: v_recons 3.358e-01  recons 3.218e-01  v_loss 5.390e-01  loss 4.746e-01  v_latent 8.769e-01  latent 8.493e-01  v_kl 1.658e+01  kl 1.598e+01  v_contrastive 2.031e+00  contrastive 1.526e+00  v_t2m/len 1530  v_t2m/R01 12.93%  v_t2m/R02 20.97%  v_t2m/R03 26.72%  v_t2m/R05 36.34%  v_t2m/R10 48.43%  v_t2m/MedR 11.0%  v_m2t/len 1530  v_m2t/R01 13.27%  v_m2t/R02 19.54%  v_m2t/R03 25.42%  v_m2t/R05 32.93%  v_m2t/R10 46.2%  v_m2t/MedR 13.0%
[21/04/26 06:06:40][src.callback.progress][INFO] - Epoch 33 step 6350/192: loss 4.559e-01
[21/04/26 06:06:50][src.callback.progress][INFO] - Epoch 33 step 6400/192: loss 4.722e-01
[21/04/26 06:07:00][src.callback.progress][INFO] - Epoch 33 step 6450/192: loss 4.582e-01
[21/04/26 06:07:10][src.callback.progress][INFO] - Epoch 33 step 6500/192: loss 4.483e-01
[21/04/26 06:07:18][src.callback.progress][INFO] - Epoch 33: v_recons 3.351e-01  recons 3.210e-01  v_loss 5.350e-01  loss 4.699e-01  v_latent 8.684e-01  latent 8.444e-01  v_kl 1.604e+01  kl 1.540e+01  v_contrastive 1.998e+00  contrastive 1.488e+00  v_t2m/len 1530  v_t2m/R01 13.06%  v_t2m/R02 20.12%  v_t2m/R03 25.95%  v_t2m/R05 33.65%  v_t2m/R10 48.09%  v_t2m/MedR 11.0%  v_m2t/len 1530  v_m2t/R01 13.92%  v_m2t/R02 20.2%  v_m2t/R03 26.2%  v_m2t/R05 34.5%  v_m2t/R10 46.54%  v_m2t/MedR 13.0%
[21/04/26 06:07:29][src.callback.progress][INFO] - Epoch 34 step 6550/192: loss 4.757e-01
[21/04/26 06:07:39][src.callback.progress][INFO] - Epoch 34 step 6600/192: loss 4.810e-01
[21/04/26 06:07:50][src.callback.progress][INFO] - Epoch 34 step 6650/192: loss 4.586e-01
[21/04/26 06:08:00][src.callback.progress][INFO] - Epoch 34 step 6700/192: loss 4.260e-01
[21/04/26 06:08:05][src.callback.progress][INFO] - Epoch 34: v_recons 3.343e-01  recons 3.198e-01  v_loss 5.356e-01  loss 4.651e-01  v_latent 8.702e-01  latent 8.391e-01  v_kl 1.592e+01  kl 1.509e+01  v_contrastive 2.011e+00  contrastive 1.451e+00  v_t2m/len 1530  v_t2m/R01 12.35%  v_t2m/R02 19.47%  v_t2m/R03 24.96%  v_t2m/R05 33.91%  v_t2m/R10 47.65%  v_t2m/MedR 12.0%  v_m2t/len 1530  v_m2t/R01 13.32%  v_m2t/R02 19.79%  v_m2t/R03 26.01%  v_m2t/R05 34.9%  v_m2t/R10 45.56%  v_m2t/MedR 13.0%
[21/04/26 06:08:17][src.callback.progress][INFO] - Epoch 35 step 6750/192: loss 4.508e-01
[21/04/26 06:08:27][src.callback.progress][INFO] - Epoch 35 step 6800/192: loss 4.229e-01
[21/04/26 06:08:38][src.callback.progress][INFO] - Epoch 35 step 6850/192: loss 4.290e-01
[21/04/26 06:08:48][src.callback.progress][INFO] - Epoch 35 step 6900/192: loss 4.456e-01
[21/04/26 06:08:52][src.callback.progress][INFO] - Epoch 35: v_recons 3.339e-01  recons 3.193e-01  v_loss 5.353e-01  loss 4.627e-01  v_latent 8.704e-01  latent 8.346e-01  v_kl 1.596e+01  kl 1.473e+01  v_contrastive 2.012e+00  contrastive 1.433e+00  v_t2m/len 1530  v_t2m/R01 12.42%  v_t2m/R02 19.02%  v_t2m/R03 24.7%  v_t2m/R05 34.04%  v_t2m/R10 47.52%  v_t2m/MedR 11.5%  v_m2t/len 1530  v_m2t/R01 13.59%  v_m2t/R02 19.35%  v_m2t/R03 25.03%  v_m2t/R05 33.52%  v_m2t/R10 46.86%  v_m2t/MedR 12.0%
[21/04/26 06:09:06][src.callback.progress][INFO] - Epoch 36 step 6950/192: loss 4.547e-01
[21/04/26 06:09:16][src.callback.progress][INFO] - Epoch 36 step 7000/192: loss 4.829e-01
[21/04/26 06:09:26][src.callback.progress][INFO] - Epoch 36 step 7050/192: loss 4.506e-01
[21/04/26 06:09:36][src.callback.progress][INFO] - Epoch 36 step 7100/192: loss 4.188e-01
[21/04/26 06:09:39][src.callback.progress][INFO] - Epoch 36: v_recons 3.328e-01  recons 3.188e-01  v_loss 5.298e-01  loss 4.591e-01  v_latent 8.617e-01  latent 8.308e-01  v_kl 1.569e+01  kl 1.450e+01  v_contrastive 1.968e+00  contrastive 1.402e+00  v_t2m/len 1530  v_t2m/R01 13.92%  v_t2m/R02 20.2%  v_t2m/R03 26.79%  v_t2m/R05 36.27%  v_t2m/R10 50.25%  v_t2m/MedR 10.0%  v_m2t/len 1530  v_m2t/R01 16.01%  v_m2t/R02 21.95%  v_m2t/R03 26.6%  v_m2t/R05 34.5%  v_m2t/R10 47.25%  v_m2t/MedR 12.0%
[21/04/26 06:09:54][src.callback.progress][INFO] - Epoch 37 step 7150/192: loss 4.218e-01
[21/04/26 06:10:04][src.callback.progress][INFO] - Epoch 37 step 7200/192: loss 4.708e-01
[21/04/26 06:10:14][src.callback.progress][INFO] - Epoch 37 step 7250/192: loss 4.537e-01
[21/04/26 06:10:26][src.callback.progress][INFO] - Epoch 37: v_recons 3.340e-01  recons 3.171e-01  v_loss 5.320e-01  loss 4.530e-01  v_latent 8.628e-01  latent 8.235e-01  v_kl 1.561e+01  kl 1.413e+01  v_contrastive 1.979e+00  contrastive 1.358e+00  v_t2m/len 1530  v_t2m/R01 14.77%  v_t2m/R02 22.54%  v_t2m/R03 27.19%  v_t2m/R05 35.15%  v_t2m/R10 50.2%  v_t2m/MedR 10.0%  v_m2t/len 1530  v_m2t/R01 15.48%  v_m2t/R02 21.44%  v_m2t/R03 26.46%  v_m2t/R05 34.77%  v_m2t/R10 46.66%  v_m2t/MedR 13.0%
[21/04/26 06:10:32][src.callback.progress][INFO] - Epoch 38 step 7300/192: loss 4.496e-01
[21/04/26 06:10:43][src.callback.progress][INFO] - Epoch 38 step 7350/192: loss 4.698e-01
[21/04/26 06:10:53][src.callback.progress][INFO] - Epoch 38 step 7400/192: loss 4.413e-01
[21/04/26 06:11:03][src.callback.progress][INFO] - Epoch 38 step 7450/192: loss 4.487e-01
[21/04/26 06:11:12][src.callback.progress][INFO] - Epoch 38: v_recons 3.337e-01  recons 3.165e-01  v_loss 5.344e-01  loss 4.506e-01  v_latent 8.630e-01  latent 8.198e-01  v_kl 1.635e+01  kl 1.408e+01  v_contrastive 2.005e+00  contrastive 1.340e+00  v_t2m/len 1530  v_t2m/R01 13.65%  v_t2m/R02 20.45%  v_t2m/R03 26.86%  v_t2m/R05 36.4%  v_t2m/R10 49.4%  v_t2m/MedR 11.0%  v_m2t/len 1530  v_m2t/R01 15.28%  v_m2t/R02 21.23%  v_m2t/R03 26.72%  v_m2t/R05 35.49%  v_m2t/R10 46.54%  v_m2t/MedR 12.0%
[21/04/26 06:11:20][src.callback.progress][INFO] - Epoch 39 step 7500/192: loss 4.503e-01
[21/04/26 06:11:31][src.callback.progress][INFO] - Epoch 39 step 7550/192: loss 4.519e-01
[21/04/26 06:11:41][src.callback.progress][INFO] - Epoch 39 step 7600/192: loss 5.288e-01
[21/04/26 06:11:51][src.callback.progress][INFO] - Epoch 39 step 7650/192: loss 4.155e-01
[21/04/26 06:11:59][src.callback.progress][INFO] - Epoch 39: v_recons 3.353e-01  recons 3.158e-01  v_loss 5.334e-01  loss 4.478e-01  v_latent 8.579e-01  latent 8.165e-01  v_kl 1.600e+01  kl 1.409e+01  v_contrastive 1.980e+00  contrastive 1.318e+00  v_t2m/len 1530  v_t2m/R01 13.85%  v_t2m/R02 22.54%  v_t2m/R03 28.37%  v_t2m/R05 37.31%  v_t2m/R10 50.0%  v_t2m/MedR 10.5%  v_m2t/len 1530  v_m2t/R01 16.54%  v_m2t/R02 21.95%  v_m2t/R03 27.57%  v_m2t/R05 35.15%  v_m2t/R10 47.9%  v_m2t/MedR 12.0%
[21/04/26 06:12:09][src.callback.progress][INFO] - Epoch 40 step 7700/192: loss 4.772e-01
[21/04/26 06:12:19][src.callback.progress][INFO] - Epoch 40 step 7750/192: loss 4.669e-01
[21/04/26 06:12:29][src.callback.progress][INFO] - Epoch 40 step 7800/192: loss 4.709e-01
[21/04/26 06:12:39][src.callback.progress][INFO] - Epoch 40 step 7850/192: loss 4.288e-01
[21/04/26 06:12:45][src.callback.progress][INFO] - Epoch 40: v_recons 3.316e-01  recons 3.152e-01  v_loss 5.256e-01  loss 4.441e-01  v_latent 8.526e-01  latent 8.109e-01  v_kl 1.596e+01  kl 1.396e+01  v_contrastive 1.938e+00  contrastive 1.288e+00  v_t2m/len 1530  v_t2m/R01 13.92%  v_t2m/R02 21.3%  v_t2m/R03 26.4%  v_t2m/R05 35.41%  v_t2m/R10 48.43%  v_t2m/MedR 11.0%  v_m2t/len 1530  v_m2t/R01 14.71%  v_m2t/R02 20.38%  v_m2t/R03 26.07%  v_m2t/R05 33.91%  v_m2t/R10 46.59%  v_m2t/MedR 12.0%
[21/04/26 06:12:57][src.callback.progress][INFO] - Epoch 41 step 7900/192: loss 4.412e-01
[21/04/26 06:13:07][src.callback.progress][INFO] - Epoch 41 step 7950/192: loss 4.155e-01
[21/04/26 06:13:18][src.callback.progress][INFO] - Epoch 41 step 8000/192: loss 4.194e-01
[21/04/26 06:13:28][src.callback.progress][INFO] - Epoch 41 step 8050/192: loss 4.378e-01
[21/04/26 06:13:32][src.callback.progress][INFO] - Epoch 41: v_recons 3.323e-01  recons 3.143e-01  v_loss 5.278e-01  loss 4.415e-01  v_latent 8.521e-01  latent 8.062e-01  v_kl 1.641e+01  kl 1.391e+01  v_contrastive 1.954e+00  contrastive 1.270e+00  v_t2m/len 1530  v_t2m/R01 13.78%  v_t2m/R02 21.44%  v_t2m/R03 27.45%  v_t2m/R05 36.59%  v_t2m/R10 50.52%  v_t2m/MedR 10.0%  v_m2t/len 1530  v_m2t/R01 15.68%  v_m2t/R02 22.03%  v_m2t/R03 28.17%  v_m2t/R05 35.56%  v_m2t/R10 46.08%  v_m2t/MedR 13.0%
[21/04/26 06:13:46][src.callback.progress][INFO] - Epoch 42 step 8100/192: loss 4.596e-01
[21/04/26 06:13:56][src.callback.progress][INFO] - Epoch 42 step 8150/192: loss 4.693e-01
[21/04/26 06:14:06][src.callback.progress][INFO] - Epoch 42 step 8200/192: loss 4.531e-01
[21/04/26 06:14:16][src.callback.progress][INFO] - Epoch 42 step 8250/192: loss 4.241e-01
[21/04/26 06:14:19][src.callback.progress][INFO] - Epoch 42: v_recons 3.327e-01  recons 3.140e-01  v_loss 5.326e-01  loss 4.378e-01  v_latent 8.541e-01  latent 8.024e-01  v_kl 1.677e+01  kl 1.403e+01  v_contrastive 1.996e+00  contrastive 1.237e+00  v_t2m/len 1530  v_t2m/R01 15.61%  v_t2m/R02 23.13%  v_t2m/R03 29.07%  v_t2m/R05 37.25%  v_t2m/R10 50.2%  v_t2m/MedR 10.0%  v_m2t/len 1530  v_m2t/R01 15.48%  v_m2t/R02 20.71%  v_m2t/R03 26.2%  v_m2t/R05 34.25%  v_m2t/R10 46.13%  v_m2t/MedR 12.0%
[21/04/26 06:14:33][src.callback.progress][INFO] - Epoch 43 step 8300/192: loss 4.266e-01
[21/04/26 06:14:43][src.callback.progress][INFO] - Epoch 43 step 8350/192: loss 3.905e-01
[21/04/26 06:14:53][src.callback.progress][INFO] - Epoch 43 step 8400/192: loss 4.324e-01
[21/04/26 06:15:05][src.callback.progress][INFO] - Epoch 43: v_recons 3.321e-01  recons 3.126e-01  v_loss 5.285e-01  loss 4.323e-01  v_latent 8.478e-01  latent 7.949e-01  v_kl 1.676e+01  kl 1.394e+01  v_contrastive 1.962e+00  contrastive 1.195e+00  v_t2m/len 1530  v_t2m/R01 14.89%  v_t2m/R02 21.37%  v_t2m/R03 27.84%  v_t2m/R05 37.38%  v_t2m/R10 51.56%  v_t2m/MedR 10.0%  v_m2t/len 1530  v_m2t/R01 14.77%  v_m2t/R02 20.71%  v_m2t/R03 26.72%  v_m2t/R05 34.84%  v_m2t/R10 47.25%  v_m2t/MedR 12.0%
[21/04/26 06:15:11][src.callback.progress][INFO] - Epoch 44 step 8450/192: loss 4.256e-01
[21/04/26 06:15:21][src.callback.progress][INFO] - Epoch 44 step 8500/192: loss 3.978e-01
[21/04/26 06:15:32][src.callback.progress][INFO] - Epoch 44 step 8550/192: loss 4.094e-01
[21/04/26 06:15:42][src.callback.progress][INFO] - Epoch 44 step 8600/192: loss 4.352e-01
[21/04/26 06:15:52][src.callback.progress][INFO] - Epoch 44: v_recons 3.311e-01  recons 3.123e-01  v_loss 5.260e-01  loss 4.322e-01  v_latent 8.444e-01  latent 7.932e-01  v_kl 1.689e+01  kl 1.409e+01  v_contrastive 1.947e+00  contrastive 1.198e+00  v_t2m/len 1530  v_t2m/R01 15.75%  v_t2m/R02 22.8%  v_t2m/R03 29.28%  v_t2m/R05 38.16%  v_t2m/R10 51.43%  v_t2m/MedR 10.0%  v_m2t/len 1530  v_m2t/R01 15.94%  v_m2t/R02 22.94%  v_m2t/R03 28.29%  v_m2t/R05 35.75%  v_m2t/R10 47.18%  v_m2t/MedR 12.5%
[21/04/26 06:16:00][src.callback.progress][INFO] - Epoch 45 step 8650/192: loss 3.973e-01
[21/04/26 06:16:10][src.callback.progress][INFO] - Epoch 45 step 8700/192: loss 4.403e-01
[21/04/26 06:16:20][src.callback.progress][INFO] - Epoch 45 step 8750/192: loss 4.194e-01
[21/04/26 06:16:30][src.callback.progress][INFO] - Epoch 45 step 8800/192: loss 4.496e-01
[21/04/26 06:16:38][src.callback.progress][INFO] - Epoch 45: v_recons 3.305e-01  recons 3.111e-01  v_loss 5.248e-01  loss 4.285e-01  v_latent 8.395e-01  latent 7.877e-01  v_kl 1.680e+01  kl 1.402e+01  v_contrastive 1.942e+00  contrastive 1.172e+00  v_t2m/len 1530  v_t2m/R01 14.84%  v_t2m/R02 21.11%  v_t2m/R03 28.1%  v_t2m/R05 37.11%  v_t2m/R10 51.04%  v_t2m/MedR 10.0%  v_m2t/len 1530  v_m2t/R01 14.97%  v_m2t/R02 21.3%  v_m2t/R03 27.52%  v_m2t/R05 34.63%  v_m2t/R10 47.65%  v_m2t/MedR 11.0%
[21/04/26 06:16:48][src.callback.progress][INFO] - Epoch 46 step 8850/192: loss 4.008e-01
[21/04/26 06:16:58][src.callback.progress][INFO] - Epoch 46 step 8900/192: loss 4.405e-01
[21/04/26 06:17:08][src.callback.progress][INFO] - Epoch 46 step 8950/192: loss 4.039e-01
[21/04/26 06:17:18][src.callback.progress][INFO] - Epoch 46 step 9000/192: loss 3.935e-01
[21/04/26 06:17:25][src.callback.progress][INFO] - Epoch 46: v_recons 3.306e-01  recons 3.104e-01  v_loss 5.246e-01  loss 4.256e-01  v_latent 8.412e-01  latent 7.836e-01  v_kl 1.768e+01  kl 1.415e+01  v_contrastive 1.938e+00  contrastive 1.151e+00  v_t2m/len 1530  v_t2m/R01 14.84%  v_t2m/R02 23.27%  v_t2m/R03 29.02%  v_t2m/R05 37.18%  v_t2m/R10 50.06%  v_t2m/MedR 10.0%  v_m2t/len 1530  v_m2t/R01 15.56%  v_m2t/R02 20.92%  v_m2t/R03 27.45%  v_m2t/R05 35.49%  v_m2t/R10 46.99%  v_m2t/MedR 12.0%
[21/04/26 06:17:36][src.callback.progress][INFO] - Epoch 47 step 9050/192: loss 4.015e-01
[21/04/26 06:17:47][src.callback.progress][INFO] - Epoch 47 step 9100/192: loss 4.563e-01
[21/04/26 06:17:57][src.callback.progress][INFO] - Epoch 47 step 9150/192: loss 4.210e-01
[21/04/26 06:18:07][src.callback.progress][INFO] - Epoch 47 step 9200/192: loss 4.539e-01
[21/04/26 06:18:12][src.callback.progress][INFO] - Epoch 47: v_recons 3.320e-01  recons 3.099e-01  v_loss 5.240e-01  loss 4.228e-01  v_latent 8.370e-01  latent 7.811e-01  v_kl 1.777e+01  kl 1.412e+01  v_contrastive 1.918e+00  contrastive 1.128e+00  v_t2m/len 1530  v_t2m/R01 15.48%  v_t2m/R02 22.8%  v_t2m/R03 28.62%  v_t2m/R05 37.18%  v_t2m/R10 50.38%  v_t2m/MedR 10.0%  v_m2t/len 1530  v_m2t/R01 16.07%  v_m2t/R02 21.3%  v_m2t/R03 27.96%  v_m2t/R05 36.59%  v_m2t/R10 49.74%  v_m2t/MedR 11.0%
[21/04/26 06:18:25][src.callback.progress][INFO] - Epoch 48 step 9250/192: loss 4.556e-01
[21/04/26 06:18:35][src.callback.progress][INFO] - Epoch 48 step 9300/192: loss 4.257e-01
[21/04/26 06:18:45][src.callback.progress][INFO] - Epoch 48 step 9350/192: loss 4.222e-01
[21/04/26 06:18:55][src.callback.progress][INFO] - Epoch 48 step 9400/192: loss 4.332e-01
[21/04/26 06:18:59][src.callback.progress][INFO] - Epoch 48: v_recons 3.313e-01  recons 3.093e-01  v_loss 5.250e-01  loss 4.201e-01  v_latent 8.359e-01  latent 7.770e-01  v_kl 1.807e+01  kl 1.433e+01  v_contrastive 1.936e+00  contrastive 1.107e+00  v_t2m/len 1530  v_t2m/R01 14.97%  v_t2m/R02 22.09%  v_t2m/R03 28.88%  v_t2m/R05 38.81%  v_t2m/R10 52.61%  v_t2m/MedR 9.0%  v_m2t/len 1530  v_m2t/R01 15.68%  v_m2t/R02 21.11%  v_m2t/R03 27.7%  v_m2t/R05 35.81%  v_m2t/R10 48.04%  v_m2t/MedR 11.0%
[21/04/26 06:19:13][src.callback.progress][INFO] - Epoch 49 step 9450/192: loss 4.062e-01
[21/04/26 06:19:23][src.callback.progress][INFO] - Epoch 49 step 9500/192: loss 4.113e-01
[21/04/26 06:19:33][src.callback.progress][INFO] - Epoch 49 step 9550/192: loss 4.333e-01
[21/04/26 06:19:43][src.callback.progress][INFO] - Epoch 49 step 9600/192: loss 4.246e-01
[21/04/26 06:19:45][src.callback.progress][INFO] - Epoch 49: v_recons 3.296e-01  recons 3.082e-01  v_loss 5.197e-01  loss 4.175e-01  v_latent 8.326e-01  latent 7.727e-01  v_kl 1.793e+01  kl 1.427e+01  v_contrastive 1.899e+00  contrastive 1.092e+00  v_t2m/len 1530  v_t2m/R01 18.17%  v_t2m/R02 25.87%  v_t2m/R03 31.62%  v_t2m/R05 39.74%  v_t2m/R10 52.22%  v_t2m/MedR 9.0%  v_m2t/len 1530  v_m2t/R01 17.38%  v_m2t/R02 22.21%  v_m2t/R03 29.14%  v_m2t/R05 37.77%  v_m2t/R10 50.77%  v_m2t/MedR 10.0%
[21/04/26 06:20:01][src.callback.progress][INFO] - Epoch 50 step 9650/192: loss 4.294e-01
[21/04/26 06:20:11][src.callback.progress][INFO] - Epoch 50 step 9700/192: loss 4.035e-01
[21/04/26 06:20:22][src.callback.progress][INFO] - Epoch 50 step 9750/192: loss 3.747e-01
[21/04/26 06:20:32][src.callback.progress][INFO] - Epoch 50: v_recons 3.291e-01  recons 3.078e-01  v_loss 5.191e-01  loss 4.154e-01  v_latent 8.314e-01  latent 7.709e-01  v_kl 1.815e+01  kl 1.450e+01  v_contrastive 1.898e+00  contrastive 1.075e+00  v_t2m/len 1530  v_t2m/R01 16.01%  v_t2m/R02 23.53%  v_t2m/R03 29.07%  v_t2m/R05 37.52%  v_t2m/R10 53.0%  v_t2m/MedR 9.0%  v_m2t/len 1530  v_m2t/R01 16.93%  v_m2t/R02 21.76%  v_m2t/R03 27.9%  v_m2t/R05 35.81%  v_m2t/R10 49.93%  v_m2t/MedR 11.0%
[21/04/26 06:20:40][src.callback.progress][INFO] - Epoch 51 step 9800/192: loss 3.961e-01
[21/04/26 06:20:50][src.callback.progress][INFO] - Epoch 51 step 9850/192: loss 4.346e-01
[21/04/26 06:21:00][src.callback.progress][INFO] - Epoch 51 step 9900/192: loss 4.017e-01
[21/04/26 06:21:10][src.callback.progress][INFO] - Epoch 51 step 9950/192: loss 3.965e-01
[21/04/26 06:21:19][src.callback.progress][INFO] - Epoch 51: v_recons 3.287e-01  recons 3.068e-01  v_loss 5.179e-01  loss 4.109e-01  v_latent 8.324e-01  latent 7.665e-01  v_kl 1.830e+01  kl 1.443e+01  v_contrastive 1.890e+00  contrastive 1.039e+00  v_t2m/len 1530  v_t2m/R01 15.68%  v_t2m/R02 22.75%  v_t2m/R03 28.29%  v_t2m/R05 38.09%  v_t2m/R10 51.56%  v_t2m/MedR 9.0%  v_m2t/len 1530  v_m2t/R01 16.6%  v_m2t/R02 22.54%  v_m2t/R03 28.29%  v_m2t/R05 35.22%  v_m2t/R10 48.81%  v_m2t/MedR 11.0%
[21/04/26 06:21:28][src.callback.progress][INFO] - Epoch 52 step 10000/192: loss 4.268e-01
[21/04/26 06:21:38][src.callback.progress][INFO] - Epoch 52 step 10050/192: loss 4.414e-01
[21/04/26 06:21:48][src.callback.progress][INFO] - Epoch 52 step 10100/192: loss 3.919e-01
[21/04/26 06:21:58][src.callback.progress][INFO] - Epoch 52 step 10150/192: loss 4.236e-01
[21/04/26 06:22:05][src.callback.progress][INFO] - Epoch 52: v_recons 3.293e-01  recons 3.064e-01  v_loss 5.205e-01  loss 4.091e-01  v_latent 8.296e-01  latent 7.627e-01  v_kl 1.829e+01  kl 1.433e+01  v_contrastive 1.911e+00  contrastive 1.026e+00  v_t2m/len 1530  v_t2m/R01 16.01%  v_t2m/R02 23.2%  v_t2m/R03 30.64%  v_t2m/R05 38.95%  v_t2m/R10 52.47%  v_t2m/MedR 9.0%  v_m2t/len 1530  v_m2t/R01 15.94%  v_m2t/R02 21.76%  v_m2t/R03 27.84%  v_m2t/R05 36.66%  v_m2t/R10 48.95%  v_m2t/MedR 11.0%
[21/04/26 06:22:15][src.callback.progress][INFO] - Epoch 53 step 10200/192: loss 3.996e-01
[21/04/26 06:22:25][src.callback.progress][INFO] - Epoch 53 step 10250/192: loss 3.914e-01
[21/04/26 06:22:36][src.callback.progress][INFO] - Epoch 53 step 10300/192: loss 4.133e-01
[21/04/26 06:22:46][src.callback.progress][INFO] - Epoch 53 step 10350/192: loss 3.928e-01
[21/04/26 06:22:51][src.callback.progress][INFO] - Epoch 53: v_recons 3.272e-01  recons 3.056e-01  v_loss 5.186e-01  loss 4.080e-01  v_latent 8.330e-01  latent 7.614e-01  v_kl 1.909e+01  kl 1.451e+01  v_contrastive 1.912e+00  contrastive 1.022e+00  v_t2m/len 1530  v_t2m/R01 15.88%  v_t2m/R02 22.8%  v_t2m/R03 29.35%  v_t2m/R05 38.04%  v_t2m/R10 51.63%  v_t2m/MedR 10.0%  v_m2t/len 1530  v_m2t/R01 16.13%  v_m2t/R02 21.7%  v_m2t/R03 27.9%  v_m2t/R05 36.2%  v_m2t/R10 47.52%  v_m2t/MedR 11.0%
[21/04/26 06:23:04][src.callback.progress][INFO] - Epoch 54 step 10400/192: loss 4.135e-01
[21/04/26 06:23:14][src.callback.progress][INFO] - Epoch 54 step 10450/192: loss 4.183e-01
[21/04/26 06:23:25][src.callback.progress][INFO] - Epoch 54 step 10500/192: loss 4.018e-01
[21/04/26 06:23:35][src.callback.progress][INFO] - Epoch 54 step 10550/192: loss 4.134e-01
[21/04/26 06:23:39][src.callback.progress][INFO] - Epoch 54: v_recons 3.289e-01  recons 3.049e-01  v_loss 5.185e-01  loss 4.053e-01  v_latent 8.268e-01  latent 7.601e-01  v_kl 1.875e+01  kl 1.474e+01  v_contrastive 1.895e+00  contrastive 1.003e+00  v_t2m/len 1530  v_t2m/R01 15.75%  v_t2m/R02 23.86%  v_t2m/R03 29.35%  v_t2m/R05 39.08%  v_t2m/R10 51.43%  v_t2m/MedR 10.0%  v_m2t/len 1530  v_m2t/R01 16.46%  v_m2t/R02 22.68%  v_m2t/R03 28.69%  v_m2t/R05 37.65%  v_m2t/R10 49.79%  v_m2t/MedR 11.0%
[21/04/26 06:23:52][src.callback.progress][INFO] - Epoch 55 step 10600/192: loss 4.168e-01
[21/04/26 06:24:03][src.callback.progress][INFO] - Epoch 55 step 10650/192: loss 4.270e-01
[21/04/26 06:24:13][src.callback.progress][INFO] - Epoch 55 step 10700/192: loss 4.200e-01
[21/04/26 06:24:23][src.callback.progress][INFO] - Epoch 55 step 10750/192: loss 4.102e-01
[21/04/26 06:24:25][src.callback.progress][INFO] - Epoch 55: v_recons 3.271e-01  recons 3.044e-01  v_loss 5.195e-01  loss 4.017e-01  v_latent 8.323e-01  latent 7.563e-01  v_kl 1.936e+01  kl 1.482e+01  v_contrastive 1.922e+00  contrastive 9.716e-01  v_t2m/len 1530  v_t2m/R01 15.35%  v_t2m/R02 23.92%  v_t2m/R03 29.61%  v_t2m/R05 38.5%  v_t2m/R10 51.31%  v_t2m/MedR 10.0%  v_m2t/len 1530  v_m2t/R01 15.88%  v_m2t/R02 20.78%  v_m2t/R03 27.7%  v_m2t/R05 35.41%  v_m2t/R10 47.58%  v_m2t/MedR 12.0%
[21/04/26 06:24:40][src.callback.progress][INFO] - Epoch 56 step 10800/192: loss 4.279e-01
[21/04/26 06:24:50][src.callback.progress][INFO] - Epoch 56 step 10850/192: loss 4.142e-01
[21/04/26 06:25:00][src.callback.progress][INFO] - Epoch 56 step 10900/192: loss 4.238e-01
[21/04/26 06:25:11][src.callback.progress][INFO] - Epoch 56: v_recons 3.284e-01  recons 3.041e-01  v_loss 5.202e-01  loss 4.014e-01  v_latent 8.323e-01  latent 7.546e-01  v_kl 1.955e+01  kl 1.480e+01  v_contrastive 1.916e+00  contrastive 9.711e-01  v_t2m/len 1530  v_t2m/R01 17.05%  v_t2m/R02 24.84%  v_t2m/R03 30.32%  v_t2m/R05 39.61%  v_t2m/R10 52.15%  v_t2m/MedR 9.0%  v_m2t/len 1530  v_m2t/R01 17.45%  v_m2t/R02 22.03%  v_m2t/R03 27.9%  v_m2t/R05 36.13%  v_m2t/R10 48.56%  v_m2t/MedR 11.0%
[21/04/26 06:25:17][src.callback.progress][INFO] - Epoch 57 step 10950/192: loss 4.236e-01
[21/04/26 06:25:27][src.callback.progress][INFO] - Epoch 57 step 11000/192: loss 3.970e-01
[21/04/26 06:25:38][src.callback.progress][INFO] - Epoch 57 step 11050/192: loss 3.586e-01
[21/04/26 06:25:48][src.callback.progress][INFO] - Epoch 57 step 11100/192: loss 3.881e-01
[21/04/26 06:25:57][src.callback.progress][INFO] - Epoch 57: v_recons 3.312e-01  recons 3.033e-01  v_loss 5.184e-01  loss 3.982e-01  v_latent 8.279e-01  latent 7.519e-01  v_kl 1.961e+01  kl 1.496e+01  v_contrastive 1.871e+00  contrastive 9.470e-01  v_t2m/len 1530  v_t2m/R01 17.05%  v_t2m/R02 25.55%  v_t2m/R03 32.09%  v_t2m/R05 40.06%  v_t2m/R10 53.13%  v_t2m/MedR 9.0%  v_m2t/len 1530  v_m2t/R01 16.46%  v_m2t/R02 22.29%  v_m2t/R03 28.95%  v_m2t/R05 38.29%  v_m2t/R10 49.93%  v_m2t/MedR 11.0%
[21/04/26 06:26:06][src.callback.progress][INFO] - Epoch 58 step 11150/192: loss 4.008e-01
[21/04/26 06:26:16][src.callback.progress][INFO] - Epoch 58 step 11200/192: loss 4.285e-01
[21/04/26 06:26:26][src.callback.progress][INFO] - Epoch 58 step 11250/192: loss 3.976e-01
[21/04/26 06:26:37][src.callback.progress][INFO] - Epoch 58 step 11300/192: loss 3.607e-01
[21/04/26 06:26:44][src.callback.progress][INFO] - Epoch 58: v_recons 3.277e-01  recons 3.024e-01  v_loss 5.178e-01  loss 3.944e-01  v_latent 8.294e-01  latent 7.484e-01  v_kl 2.021e+01  kl 1.508e+01  v_contrastive 1.898e+00  contrastive 9.188e-01  v_t2m/len 1530  v_t2m/R01 16.72%  v_t2m/R02 24.57%  v_t2m/R03 30.52%  v_t2m/R05 39.02%  v_t2m/R10 52.15%  v_t2m/MedR 9.0%  v_m2t/len 1530  v_m2t/R01 17.7%  v_m2t/R02 22.42%  v_m2t/R03 28.23%  v_m2t/R05 36.66%  v_m2t/R10 49.02%  v_m2t/MedR 11.0%
[21/04/26 06:26:54][src.callback.progress][INFO] - Epoch 59 step 11350/192: loss 3.520e-01
[21/04/26 06:27:04][src.callback.progress][INFO] - Epoch 59 step 11400/192: loss 3.920e-01
[21/04/26 06:27:15][src.callback.progress][INFO] - Epoch 59 step 11450/192: loss 3.673e-01
[21/04/26 06:27:25][src.callback.progress][INFO] - Epoch 59 step 11500/192: loss 4.404e-01
[21/04/26 06:27:30][src.callback.progress][INFO] - Epoch 59: v_recons 3.289e-01  recons 3.022e-01  v_loss 5.205e-01  loss 3.943e-01  v_latent 8.325e-01  latent 7.487e-01  v_kl 2.047e+01  kl 1.532e+01  v_contrastive 1.913e+00  contrastive 9.192e-01  v_t2m/len 1530  v_t2m/R01 16.6%  v_t2m/R02 23.79%  v_t2m/R03 29.28%  v_t2m/R05 37.9%  v_t2m/R10 51.7%  v_t2m/MedR 10.0%  v_m2t/len 1530  v_m2t/R01 17.25%  v_m2t/R02 22.61%  v_m2t/R03 28.62%  v_m2t/R05 36.72%  v_m2t/R10 47.58%  v_m2t/MedR 12.0%
[21/04/26 06:27:42][src.callback.progress][INFO] - Epoch 60 step 11550/192: loss 3.614e-01
[21/04/26 06:27:52][src.callback.progress][INFO] - Epoch 60 step 11600/192: loss 3.518e-01
[21/04/26 06:28:03][src.callback.progress][INFO] - Epoch 60 step 11650/192: loss 4.059e-01
[21/04/26 06:28:13][src.callback.progress][INFO] - Epoch 60 step 11700/192: loss 3.795e-01
[21/04/26 06:28:17][src.callback.progress][INFO] - Epoch 60: v_recons 3.299e-01  recons 3.009e-01  v_loss 5.206e-01  loss 3.910e-01  v_latent 8.331e-01  latent 7.446e-01  v_kl 2.133e+01  kl 1.527e+01  v_contrastive 1.905e+00  contrastive 8.994e-01  v_t2m/len 1530  v_t2m/R01 14.89%  v_t2m/R02 22.29%  v_t2m/R03 28.88%  v_t2m/R05 38.56%  v_t2m/R10 52.68%  v_t2m/MedR 9.0%  v_m2t/len 1530  v_m2t/R01 16.98%  v_m2t/R02 22.21%  v_m2t/R03 29.14%  v_m2t/R05 36.86%  v_m2t/R10 47.52%  v_m2t/MedR 12.0%
[21/04/26 06:28:30][src.callback.progress][INFO] - Epoch 61 step 11750/192: loss 3.867e-01
[21/04/26 06:28:40][src.callback.progress][INFO] - Epoch 61 step 11800/192: loss 4.011e-01
[21/04/26 06:28:50][src.callback.progress][INFO] - Epoch 61 step 11850/192: loss 3.834e-01
[21/04/26 06:29:00][src.callback.progress][INFO] - Epoch 61 step 11900/192: loss 3.716e-01
[21/04/26 06:29:03][src.callback.progress][INFO] - Epoch 61: v_recons 3.268e-01  recons 3.005e-01  v_loss 5.173e-01  loss 3.885e-01  v_latent 8.351e-01  latent 7.427e-01  v_kl 2.106e+01  kl 1.548e+01  v_contrastive 1.903e+00  contrastive 8.787e-01  v_t2m/len 1530  v_t2m/R01 16.13%  v_t2m/R02 24.04%  v_t2m/R03 30.71%  v_t2m/R05 38.88%  v_t2m/R10 52.29%  v_t2m/MedR 9.0%  v_m2t/len 1530  v_m2t/R01 17.7%  v_m2t/R02 23.32%  v_m2t/R03 29.67%  v_m2t/R05 37.06%  v_m2t/R10 48.88%  v_m2t/MedR 11.0%
[21/04/26 06:29:18][src.callback.progress][INFO] - Epoch 62 step 11950/192: loss 3.865e-01
[21/04/26 06:29:29][src.callback.progress][INFO] - Epoch 62 step 12000/192: loss 3.767e-01
[21/04/26 06:29:39][src.callback.progress][INFO] - Epoch 62 step 12050/192: loss 4.028e-01
[21/04/26 06:29:50][src.callback.progress][INFO] - Epoch 62: v_recons 3.272e-01  recons 3.002e-01  v_loss 5.182e-01  loss 3.883e-01  v_latent 8.366e-01  latent 7.431e-01  v_kl 2.140e+01  kl 1.562e+01  v_contrastive 1.908e+00  contrastive 8.784e-01  v_t2m/len 1530  v_t2m/R01 15.28%  v_t2m/R02 21.44%  v_t2m/R03 27.9%  v_t2m/R05 38.63%  v_t2m/R10 51.63%  v_t2m/MedR 9.0%  v_m2t/len 1530  v_m2t/R01 17.9%  v_m2t/R02 22.8%  v_m2t/R03 29.4%  v_m2t/R05 36.27%  v_m2t/R10 48.36%  v_m2t/MedR 11.0%
[21/04/26 06:29:56][src.callback.progress][INFO] - Epoch 63 step 12100/192: loss 3.618e-01
[21/04/26 06:30:06][src.callback.progress][INFO] - Epoch 63 step 12150/192: loss 4.019e-01
[21/04/26 06:30:16][src.callback.progress][INFO] - Epoch 63 step 12200/192: loss 3.717e-01
[21/04/26 06:30:26][src.callback.progress][INFO] - Epoch 63 step 12250/192: loss 3.987e-01
[21/04/26 06:30:36][src.callback.progress][INFO] - Epoch 63: v_recons 3.249e-01  recons 2.994e-01  v_loss 5.140e-01  loss 3.857e-01  v_latent 8.308e-01  latent 7.406e-01  v_kl 2.102e+01  kl 1.559e+01  v_contrastive 1.889e+00  contrastive 8.621e-01  v_t2m/len 1530  v_t2m/R01 15.81%  v_t2m/R02 23.45%  v_t2m/R03 30.06%  v_t2m/R05 38.68%  v_t2m/R10 51.75%  v_t2m/MedR 10.0%  v_m2t/len 1530  v_m2t/R01 17.38%  v_m2t/R02 22.54%  v_m2t/R03 27.9%  v_m2t/R05 36.79%  v_m2t/R10 49.27%  v_m2t/MedR 11.0%
[21/04/26 06:30:44][src.callback.progress][INFO] - Epoch 64 step 12300/192: loss 4.311e-01
[21/04/26 06:30:54][src.callback.progress][INFO] - Epoch 64 step 12350/192: loss 3.812e-01
[21/04/26 06:31:04][src.callback.progress][INFO] - Epoch 64 step 12400/192: loss 4.180e-01
[21/04/26 06:31:14][src.callback.progress][INFO] - Epoch 64 step 12450/192: loss 3.759e-01
[21/04/26 06:31:22][src.callback.progress][INFO] - Epoch 64: v_recons 3.276e-01  recons 2.988e-01  v_loss 5.149e-01  loss 3.834e-01  v_latent 8.316e-01  latent 7.378e-01  v_kl 2.144e+01  kl 1.565e+01  v_contrastive 1.871e+00  contrastive 8.442e-01  v_t2m/len 1530  v_t2m/R01 18.1%  v_t2m/R02 24.89%  v_t2m/R03 30.64%  v_t2m/R05 38.88%  v_t2m/R10 52.61%  v_t2m/MedR 9.0%  v_m2t/len 1530  v_m2t/R01 17.38%  v_m2t/R02 21.3%  v_m2t/R03 27.64%  v_m2t/R05 35.95%  v_m2t/R10 48.95%  v_m2t/MedR 11.0%
[21/04/26 06:31:32][src.callback.progress][INFO] - Epoch 65 step 12500/192: loss 3.927e-01
[21/04/26 06:31:42][src.callback.progress][INFO] - Epoch 65 step 12550/192: loss 3.690e-01
[21/04/26 06:31:53][src.callback.progress][INFO] - Epoch 65 step 12600/192: loss 3.741e-01
[21/04/26 06:32:03][src.callback.progress][INFO] - Epoch 65 step 12650/192: loss 3.527e-01
[21/04/26 06:32:09][src.callback.progress][INFO] - Epoch 65: v_recons 3.263e-01  recons 2.985e-01  v_loss 5.145e-01  loss 3.823e-01  v_latent 8.367e-01  latent 7.379e-01  v_kl 2.231e+01  kl 1.587e+01  v_contrastive 1.879e+00  contrastive 8.365e-01  v_t2m/len 1530  v_t2m/R01 15.42%  v_t2m/R02 22.8%  v_t2m/R03 29.61%  v_t2m/R05 37.9%  v_t2m/R10 52.54%  v_t2m/MedR 9.0%  v_m2t/len 1530  v_m2t/R01 16.34%  v_m2t/R02 21.44%  v_m2t/R03 29.07%  v_m2t/R05 37.45%  v_m2t/R10 49.08%  v_m2t/MedR 11.0%
[21/04/26 06:32:20][src.callback.progress][INFO] - Epoch 66 step 12700/192: loss 3.664e-01
[21/04/26 06:32:30][src.callback.progress][INFO] - Epoch 66 step 12750/192: loss 3.678e-01
[21/04/26 06:32:41][src.callback.progress][INFO] - Epoch 66 step 12800/192: loss 3.821e-01
[21/04/26 06:32:51][src.callback.progress][INFO] - Epoch 66 step 12850/192: loss 3.799e-01
[21/04/26 06:32:55][src.callback.progress][INFO] - Epoch 66: v_recons 3.298e-01  recons 2.975e-01  v_loss 5.182e-01  loss 3.791e-01  v_latent 8.349e-01  latent 7.334e-01  v_kl 2.233e+01  kl 1.594e+01  v_contrastive 1.882e+00  contrastive 8.145e-01  v_t2m/len 1530  v_t2m/R01 16.54%  v_t2m/R02 24.18%  v_t2m/R03 30.64%  v_t2m/R05 39.27%  v_t2m/R10 52.41%  v_t2m/MedR 9.0%  v_m2t/len 1530  v_m2t/R01 17.45%  v_m2t/R02 21.56%  v_m2t/R03 27.96%  v_m2t/R05 36.13%  v_m2t/R10 48.29%  v_m2t/MedR 11.0%
[21/04/26 06:33:08][src.callback.progress][INFO] - Epoch 67 step 12900/192: loss 3.971e-01
[21/04/26 06:33:18][src.callback.progress][INFO] - Epoch 67 step 12950/192: loss 3.584e-01
[21/04/26 06:33:28][src.callback.progress][INFO] - Epoch 67 step 13000/192: loss 3.700e-01
[21/04/26 06:33:38][src.callback.progress][INFO] - Epoch 67 step 13050/192: loss 3.543e-01
[21/04/26 06:33:42][src.callback.progress][INFO] - Epoch 67: v_recons 3.273e-01  recons 2.965e-01  v_loss 5.149e-01  loss 3.768e-01  v_latent 8.335e-01  latent 7.305e-01  v_kl 2.251e+01  kl 1.587e+01  v_contrastive 1.873e+00  contrastive 8.014e-01  v_t2m/len 1530  v_t2m/R01 18.43%  v_t2m/R02 25.36%  v_t2m/R03 31.3%  v_t2m/R05 38.68%  v_t2m/R10 52.68%  v_t2m/MedR 9.0%  v_m2t/len 1530  v_m2t/R01 17.52%  v_m2t/R02 22.09%  v_m2t/R03 28.76%  v_m2t/R05 37.7%  v_m2t/R10 50.06%  v_m2t/MedR 10.0%
[21/04/26 06:33:56][src.callback.progress][INFO] - Epoch 68 step 13100/192: loss 3.893e-01
[21/04/26 06:34:07][src.callback.progress][INFO] - Epoch 68 step 13150/192: loss 3.913e-01
[21/04/26 06:34:17][src.callback.progress][INFO] - Epoch 68 step 13200/192: loss 3.437e-01
[21/04/26 06:34:29][src.callback.progress][INFO] - Epoch 68: v_recons 3.271e-01  recons 2.965e-01  v_loss 5.128e-01  loss 3.758e-01  v_latent 8.291e-01  latent 7.303e-01  v_kl 2.247e+01  kl 1.600e+01  v_contrastive 1.855e+00  contrastive 7.920e-01  v_t2m/len 1530  v_t2m/R01 17.12%  v_t2m/R02 24.3%  v_t2m/R03 30.97%  v_t2m/R05 38.63%  v_t2m/R10 51.9%  v_t2m/MedR 10.0%  v_m2t/len 1530  v_m2t/R01 18.1%  v_m2t/R02 22.87%  v_m2t/R03 29.61%  v_m2t/R05 36.86%  v_m2t/R10 48.81%  v_m2t/MedR 11.0%
[21/04/26 06:34:35][src.callback.progress][INFO] - Epoch 69 step 13250/192: loss 4.005e-01
[21/04/26 06:34:45][src.callback.progress][INFO] - Epoch 69 step 13300/192: loss 4.079e-01
[21/04/26 06:34:56][src.callback.progress][INFO] - Epoch 69 step 13350/192: loss 3.962e-01
[21/04/26 06:35:06][src.callback.progress][INFO] - Epoch 69 step 13400/192: loss 3.946e-01
[21/04/26 06:35:17][src.callback.progress][INFO] - Epoch 69: v_recons 3.262e-01  recons 2.958e-01  v_loss 5.131e-01  loss 3.732e-01  v_latent 8.346e-01  latent 7.288e-01  v_kl 2.291e+01  kl 1.615e+01  v_contrastive 1.867e+00  contrastive 7.723e-01  v_t2m/len 1530  v_t2m/R01 16.79%  v_t2m/R02 22.68%  v_t2m/R03 29.87%  v_t2m/R05 38.63%  v_t2m/R10 53.06%  v_t2m/MedR 9.0%  v_m2t/len 1530  v_m2t/R01 19.07%  v_m2t/R02 23.39%  v_m2t/R03 29.73%  v_m2t/R05 37.38%  v_m2t/R10 49.86%  v_m2t/MedR 11.0%
[21/04/26 06:35:25][src.callback.progress][INFO] - Epoch 70 step 13450/192: loss 3.461e-01
[21/04/26 06:35:35][src.callback.progress][INFO] - Epoch 70 step 13500/192: loss 3.948e-01
[21/04/26 06:35:45][src.callback.progress][INFO] - Epoch 70 step 13550/192: loss 3.951e-01
[21/04/26 06:35:56][src.callback.progress][INFO] - Epoch 70 step 13600/192: loss 3.552e-01
[21/04/26 06:36:04][src.callback.progress][INFO] - Epoch 70: v_recons 3.243e-01  recons 2.949e-01  v_loss 5.116e-01  loss 3.713e-01  v_latent 8.290e-01  latent 7.259e-01  v_kl 2.298e+01  kl 1.616e+01  v_contrastive 1.871e+00  contrastive 7.622e-01  v_t2m/len 1530  v_t2m/R01 17.12%  v_t2m/R02 25.03%  v_t2m/R03 32.81%  v_t2m/R05 40.97%  v_t2m/R10 53.45%  v_t2m/MedR 8.5%  v_m2t/len 1530  v_m2t/R01 17.96%  v_m2t/R02 22.61%  v_m2t/R03 29.73%  v_m2t/R05 36.79%  v_m2t/R10 50.0%  v_m2t/MedR 10.5%
[21/04/26 06:36:13][src.callback.progress][INFO] - Epoch 71 step 13650/192: loss 3.848e-01
[21/04/26 06:36:23][src.callback.progress][INFO] - Epoch 71 step 13700/192: loss 3.735e-01
[21/04/26 06:36:34][src.callback.progress][INFO] - Epoch 71 step 13750/192: loss 3.679e-01
[21/04/26 06:36:44][src.callback.progress][INFO] - Epoch 71 step 13800/192: loss 3.935e-01
[21/04/26 06:36:51][src.callback.progress][INFO] - Epoch 71: v_recons 3.255e-01  recons 2.943e-01  v_loss 5.125e-01  loss 3.701e-01  v_latent 8.337e-01  latent 7.245e-01  v_kl 2.313e+01  kl 1.635e+01  v_contrastive 1.868e+00  contrastive 7.556e-01  v_t2m/len 1530  v_t2m/R01 17.7%  v_t2m/R02 24.12%  v_t2m/R03 31.5%  v_t2m/R05 41.24%  v_t2m/R10 52.47%  v_t2m/MedR 9.0%  v_m2t/len 1530  v_m2t/R01 18.29%  v_m2t/R02 23.2%  v_m2t/R03 30.26%  v_m2t/R05 38.24%  v_m2t/R10 49.86%  v_m2t/MedR 11.0%
[21/04/26 06:37:02][src.callback.progress][INFO] - Epoch 72 step 13850/192: loss 3.492e-01
[21/04/26 06:37:12][src.callback.progress][INFO] - Epoch 72 step 13900/192: loss 3.488e-01
[21/04/26 06:37:22][src.callback.progress][INFO] - Epoch 72 step 13950/192: loss 3.662e-01
[21/04/26 06:37:32][src.callback.progress][INFO] - Epoch 72 step 14000/192: loss 4.004e-01
[21/04/26 06:37:37][src.callback.progress][INFO] - Epoch 72: v_recons 3.298e-01  recons 2.939e-01  v_loss 5.187e-01  loss 3.688e-01  v_latent 8.380e-01  latent 7.256e-01  v_kl 2.383e+01  kl 1.660e+01  v_contrastive 1.886e+00  contrastive 7.478e-01  v_t2m/len 1530  v_t2m/R01 16.93%  v_t2m/R02 25.69%  v_t2m/R03 32.02%  v_t2m/R05 39.34%  v_t2m/R10 52.54%  v_t2m/MedR 9.0%  v_m2t/len 1530  v_m2t/R01 16.86%  v_m2t/R02 21.18%  v_m2t/R03 29.4%  v_m2t/R05 37.25%  v_m2t/R10 49.47%  v_m2t/MedR 11.0%
[21/04/26 06:37:49][src.callback.progress][INFO] - Epoch 73 step 14050/192: loss 3.735e-01
[21/04/26 06:37:59][src.callback.progress][INFO] - Epoch 73 step 14100/192: loss 3.628e-01
[21/04/26 06:38:09][src.callback.progress][INFO] - Epoch 73 step 14150/192: loss 3.766e-01
[21/04/26 06:38:20][src.callback.progress][INFO] - Epoch 73 step 14200/192: loss 3.700e-01
[21/04/26 06:38:23][src.callback.progress][INFO] - Epoch 73: v_recons 3.250e-01  recons 2.932e-01  v_loss 5.144e-01  loss 3.670e-01  v_latent 8.366e-01  latent 7.232e-01  v_kl 2.420e+01  kl 1.684e+01  v_contrastive 1.892e+00  contrastive 7.361e-01  v_t2m/len 1530  v_t2m/R01 16.72%  v_t2m/R02 23.39%  v_t2m/R03 30.26%  v_t2m/R05 39.22%  v_t2m/R10 53.13%  v_t2m/MedR 9.0%  v_m2t/len 1530  v_m2t/R01 17.64%  v_m2t/R02 22.21%  v_m2t/R03 30.2%  v_m2t/R05 38.36%  v_m2t/R10 50.25%  v_m2t/MedR 10.0%
[21/04/26 06:38:37][src.callback.progress][INFO] - Epoch 74 step 14250/192: loss 3.533e-01
[21/04/26 06:38:47][src.callback.progress][INFO] - Epoch 74 step 14300/192: loss 3.580e-01
[21/04/26 06:38:57][src.callback.progress][INFO] - Epoch 74 step 14350/192: loss 3.473e-01
[21/04/26 06:39:07][src.callback.progress][INFO] - Epoch 74 step 14400/192: loss 3.504e-01
[21/04/26 06:39:09][src.callback.progress][INFO] - Epoch 74: v_recons 3.248e-01  recons 2.927e-01  v_loss 5.103e-01  loss 3.650e-01  v_latent 8.343e-01  latent 7.204e-01  v_kl 2.434e+01  kl 1.669e+01  v_contrastive 1.853e+00  contrastive 7.216e-01  v_t2m/len 1530  v_t2m/R01 15.61%  v_t2m/R02 23.86%  v_t2m/R03 30.59%  v_t2m/R05 40.33%  v_t2m/R10 52.81%  v_t2m/MedR 9.0%  v_m2t/len 1530  v_m2t/R01 18.43%  v_m2t/R02 22.68%  v_m2t/R03 30.45%  v_m2t/R05 38.09%  v_m2t/R10 49.61%  v_m2t/MedR 11.0%
[21/04/26 06:39:25][src.callback.progress][INFO] - Epoch 75 step 14450/192: loss 3.884e-01
[21/04/26 06:39:36][src.callback.progress][INFO] - Epoch 75 step 14500/192: loss 3.733e-01
[21/04/26 06:39:46][src.callback.progress][INFO] - Epoch 75 step 14550/192: loss 3.303e-01
[21/04/26 06:39:56][src.callback.progress][INFO] - Epoch 75: v_recons 3.254e-01  recons 2.919e-01  v_loss 5.120e-01  loss 3.632e-01  v_latent 8.367e-01  latent 7.190e-01  v_kl 2.467e+01  kl 1.676e+01  v_contrastive 1.864e+00  contrastive 7.115e-01  v_t2m/len 1530  v_t2m/R01 16.13%  v_t2m/R02 23.32%  v_t2m/R03 30.26%  v_t2m/R05 39.15%  v_t2m/R10 51.9%  v_t2m/MedR 9.0%  v_m2t/len 1530  v_m2t/R01 16.93%  v_m2t/R02 22.68%  v_m2t/R03 29.21%  v_m2t/R05 36.59%  v_m2t/R10 49.34%  v_m2t/MedR 11.0%
[21/04/26 06:40:04][src.callback.progress][INFO] - Epoch 76 step 14600/192: loss 3.757e-01
[21/04/26 06:40:14][src.callback.progress][INFO] - Epoch 76 step 14650/192: loss 3.832e-01
[21/04/26 06:40:24][src.callback.progress][INFO] - Epoch 76 step 14700/192: loss 3.345e-01
[21/04/26 06:40:34][src.callback.progress][INFO] - Epoch 76 step 14750/192: loss 3.576e-01
[21/04/26 06:40:43][src.callback.progress][INFO] - Epoch 76: v_recons 3.249e-01  recons 2.918e-01  v_loss 5.107e-01  loss 3.622e-01  v_latent 8.339e-01  latent 7.171e-01  v_kl 2.451e+01  kl 1.694e+01  v_contrastive 1.855e+00  contrastive 7.029e-01  v_t2m/len 1530  v_t2m/R01 17.38%  v_t2m/R02 24.04%  v_t2m/R03 30.59%  v_t2m/R05 38.88%  v_t2m/R10 51.83%  v_t2m/MedR 10.0%  v_m2t/len 1530  v_m2t/R01 18.04%  v_m2t/R02 22.87%  v_m2t/R03 30.06%  v_m2t/R05 37.06%  v_m2t/R10 49.4%  v_m2t/MedR 11.0%
[21/04/26 06:40:52][src.callback.progress][INFO] - Epoch 77 step 14800/192: loss 3.486e-01
[21/04/26 06:41:02][src.callback.progress][INFO] - Epoch 77 step 14850/192: loss 3.524e-01
[21/04/26 06:41:12][src.callback.progress][INFO] - Epoch 77 step 14900/192: loss 3.916e-01
[21/04/26 06:41:23][src.callback.progress][INFO] - Epoch 77 step 14950/192: loss 3.379e-01
[21/04/26 06:41:30][src.callback.progress][INFO] - Epoch 77: v_recons 3.271e-01  recons 2.912e-01  v_loss 5.142e-01  loss 3.607e-01  v_latent 8.364e-01  latent 7.158e-01  v_kl 2.490e+01  kl 1.703e+01  v_contrastive 1.869e+00  contrastive 6.930e-01  v_t2m/len 1530  v_t2m/R01 18.76%  v_t2m/R02 26.6%  v_t2m/R03 32.29%  v_t2m/R05 40.84%  v_t2m/R10 53.33%  v_t2m/MedR 9.0%  v_m2t/len 1530  v_m2t/R01 19.21%  v_m2t/R02 23.79%  v_m2t/R03 29.79%  v_m2t/R05 38.16%  v_m2t/R10 50.2%  v_m2t/MedR 10.0%
[21/04/26 06:41:40][src.callback.progress][INFO] - Epoch 78 step 15000/192: loss 3.869e-01
[21/04/26 06:41:50][src.callback.progress][INFO] - Epoch 78 step 15050/192: loss 3.765e-01
[21/04/26 06:42:00][src.callback.progress][INFO] - Epoch 78 step 15100/192: loss 3.833e-01
[21/04/26 06:42:10][src.callback.progress][INFO] - Epoch 78 step 15150/192: loss 3.675e-01
[21/04/26 06:42:16][src.callback.progress][INFO] - Epoch 78: v_recons 3.243e-01  recons 2.906e-01  v_loss 5.126e-01  loss 3.601e-01  v_latent 8.389e-01  latent 7.170e-01  v_kl 2.586e+01  kl 1.742e+01  v_contrastive 1.881e+00  contrastive 6.923e-01  v_t2m/len 1530  v_t2m/R01 17.84%  v_t2m/R02 24.04%  v_t2m/R03 31.62%  v_t2m/R05 39.79%  v_t2m/R10 52.68%  v_t2m/MedR 9.0%  v_m2t/len 1530  v_m2t/R01 18.23%  v_m2t/R02 21.95%  v_m2t/R03 29.67%  v_m2t/R05 38.5%  v_m2t/R10 49.74%  v_m2t/MedR 11.0%
[21/04/26 06:42:28][src.callback.progress][INFO] - Epoch 79 step 15200/192: loss 3.727e-01
[21/04/26 06:42:38][src.callback.progress][INFO] - Epoch 79 step 15250/192: loss 3.384e-01
[21/04/26 06:42:48][src.callback.progress][INFO] - Epoch 79 step 15300/192: loss 3.581e-01
[21/04/26 06:42:58][src.callback.progress][INFO] - Epoch 79 step 15350/192: loss 3.531e-01
[21/04/26 06:43:02][src.callback.progress][INFO] - Epoch 79: v_recons 3.267e-01  recons 2.901e-01  v_loss 5.149e-01  loss 3.584e-01  v_latent 8.405e-01  latent 7.152e-01  v_kl 2.609e+01  kl 1.761e+01  v_contrastive 1.879e+00  contrastive 6.812e-01  v_t2m/len 1530  v_t2m/R01 16.54%  v_t2m/R02 23.39%  v_t2m/R03 29.93%  v_t2m/R05 37.58%  v_t2m/R10 50.33%  v_t2m/MedR 10.0%  v_m2t/len 1530  v_m2t/R01 17.64%  v_m2t/R02 21.56%  v_m2t/R03 28.76%  v_m2t/R05 36.34%  v_m2t/R10 48.95%  v_m2t/MedR 11.0%
[21/04/26 06:43:16][src.callback.progress][INFO] - Epoch 80 step 15400/192: loss 3.653e-01
[21/04/26 06:43:26][src.callback.progress][INFO] - Epoch 80 step 15450/192: loss 3.500e-01
[21/04/26 06:43:36][src.callback.progress][INFO] - Epoch 80 step 15500/192: loss 3.765e-01
[21/04/26 06:43:46][src.callback.progress][INFO] - Epoch 80 step 15550/192: loss 3.228e-01
[21/04/26 06:43:48][src.callback.progress][INFO] - Epoch 80: v_recons 3.257e-01  recons 2.886e-01  v_loss 5.128e-01  loss 3.545e-01  v_latent 8.389e-01  latent 7.105e-01  v_kl 2.585e+01  kl 1.741e+01  v_contrastive 1.869e+00  contrastive 6.567e-01  v_t2m/len 1530  v_t2m/R01 16.98%  v_t2m/R02 23.72%  v_t2m/R03 29.35%  v_t2m/R05 38.43%  v_t2m/R10 51.95%  v_t2m/MedR 9.0%  v_m2t/len 1530  v_m2t/R01 18.23%  v_m2t/R02 22.35%  v_m2t/R03 29.54%  v_m2t/R05 37.45%  v_m2t/R10 48.88%  v_m2t/MedR 11.0%
[21/04/26 06:44:03][src.callback.progress][INFO] - Epoch 81 step 15600/192: loss 3.832e-01
[21/04/26 06:44:14][src.callback.progress][INFO] - Epoch 81 step 15650/192: loss 3.517e-01
[21/04/26 06:44:24][src.callback.progress][INFO] - Epoch 81 step 15700/192: loss 3.764e-01
[21/04/26 06:44:34][src.callback.progress][INFO] - Epoch 81: v_recons 3.252e-01  recons 2.884e-01  v_loss 5.136e-01  loss 3.542e-01  v_latent 8.395e-01  latent 7.118e-01  v_kl 2.644e+01  kl 1.772e+01  v_contrastive 1.882e+00  contrastive 6.560e-01  v_t2m/len 1530  v_t2m/R01 18.81%  v_t2m/R02 25.42%  v_t2m/R03 32.22%  v_t2m/R05 39.66%  v_t2m/R10 53.33%  v_t2m/MedR 9.0%  v_m2t/len 1530  v_m2t/R01 18.95%  v_m2t/R02 23.27%  v_m2t/R03 31.04%  v_m2t/R05 38.24%  v_m2t/R10 50.0%  v_m2t/MedR 10.5%
[21/04/26 06:44:41][src.callback.progress][INFO] - Epoch 82 step 15750/192: loss 3.582e-01
[21/04/26 06:44:51][src.callback.progress][INFO] - Epoch 82 step 15800/192: loss 3.759e-01
[21/04/26 06:45:01][src.callback.progress][INFO] - Epoch 82 step 15850/192: loss 3.754e-01
[21/04/26 06:45:11][src.callback.progress][INFO] - Epoch 82 step 15900/192: loss 3.722e-01
[21/04/26 06:45:20][src.callback.progress][INFO] - Epoch 82: v_recons 3.253e-01  recons 2.882e-01  v_loss 5.129e-01  loss 3.531e-01  v_latent 8.411e-01  latent 7.098e-01  v_kl 2.641e+01  kl 1.815e+01  v_contrastive 1.873e+00  contrastive 6.464e-01  v_t2m/len 1530  v_t2m/R01 16.34%  v_t2m/R02 24.12%  v_t2m/R03 31.23%  v_t2m/R05 39.66%  v_t2m/R10 51.83%  v_t2m/MedR 10.0%  v_m2t/len 1530  v_m2t/R01 18.55%  v_m2t/R02 22.35%  v_m2t/R03 28.88%  v_m2t/R05 37.65%  v_m2t/R10 49.61%  v_m2t/MedR 11.0%
[21/04/26 06:45:28][src.callback.progress][INFO] - Epoch 83 step 15950/192: loss 3.243e-01
[21/04/26 06:45:38][src.callback.progress][INFO] - Epoch 83 step 16000/192: loss 3.518e-01
[21/04/26 06:45:49][src.callback.progress][INFO] - Epoch 83 step 16050/192: loss 3.571e-01
[21/04/26 06:45:59][src.callback.progress][INFO] - Epoch 83 step 16100/192: loss 3.516e-01
[21/04/26 06:46:06][src.callback.progress][INFO] - Epoch 83: v_recons 3.249e-01  recons 2.873e-01  v_loss 5.137e-01  loss 3.509e-01  v_latent 8.441e-01  latent 7.076e-01  v_kl 2.694e+01  kl 1.781e+01  v_contrastive 1.885e+00  contrastive 6.339e-01  v_t2m/len 1530  v_t2m/R01 18.04%  v_t2m/R02 24.18%  v_t2m/R03 31.11%  v_t2m/R05 38.75%  v_t2m/R10 52.02%  v_t2m/MedR 10.0%  v_m2t/len 1530  v_m2t/R01 18.76%  v_m2t/R02 22.42%  v_m2t/R03 30.32%  v_m2t/R05 38.04%  v_m2t/R10 50.33%  v_m2t/MedR 10.0%
[21/04/26 06:46:16][src.callback.progress][INFO] - Epoch 84 step 16150/192: loss 3.364e-01
[21/04/26 06:46:26][src.callback.progress][INFO] - Epoch 84 step 16200/192: loss 3.573e-01
[21/04/26 06:46:36][src.callback.progress][INFO] - Epoch 84 step 16250/192: loss 3.908e-01
[21/04/26 06:46:46][src.callback.progress][INFO] - Epoch 84 step 16300/192: loss 3.267e-01
[21/04/26 06:46:52][src.callback.progress][INFO] - Epoch 84: v_recons 3.254e-01  recons 2.869e-01  v_loss 5.125e-01  loss 3.502e-01  v_latent 8.429e-01  latent 7.076e-01  v_kl 2.701e+01  kl 1.805e+01  v_contrastive 1.869e+00  contrastive 6.309e-01  v_t2m/len 1530  v_t2m/R01 16.6%  v_t2m/R02 24.44%  v_t2m/R03 31.62%  v_t2m/R05 40.13%  v_t2m/R10 53.33%  v_t2m/MedR 9.0%  v_m2t/len 1530  v_m2t/R01 18.43%  v_m2t/R02 22.8%  v_m2t/R03 30.97%  v_m2t/R05 38.43%  v_m2t/R10 49.4%  v_m2t/MedR 11.0%
[21/04/26 06:47:03][src.callback.progress][INFO] - Epoch 85 step 16350/192: loss 3.040e-01
[21/04/26 06:47:13][src.callback.progress][INFO] - Epoch 85 step 16400/192: loss 3.457e-01
[21/04/26 06:47:23][src.callback.progress][INFO] - Epoch 85 step 16450/192: loss 3.508e-01
[21/04/26 06:47:34][src.callback.progress][INFO] - Epoch 85 step 16500/192: loss 3.564e-01
[21/04/26 06:47:38][src.callback.progress][INFO] - Epoch 85: v_recons 3.262e-01  recons 2.861e-01  v_loss 5.181e-01  loss 3.487e-01  v_latent 8.494e-01  latent 7.050e-01  v_kl 2.768e+01  kl 1.807e+01  v_contrastive 1.916e+00  contrastive 6.249e-01  v_t2m/len 1530  v_t2m/R01 18.23%  v_t2m/R02 24.51%  v_t2m/R03 30.64%  v_t2m/R05 39.02%  v_t2m/R10 53.2%  v_t2m/MedR 9.0%  v_m2t/len 1530  v_m2t/R01 18.29%  v_m2t/R02 21.62%  v_m2t/R03 28.88%  v_m2t/R05 36.99%  v_m2t/R10 48.36%  v_m2t/MedR 11.0%
[21/04/26 06:47:51][src.callback.progress][INFO] - Epoch 86 step 16550/192: loss 3.333e-01
[21/04/26 06:48:01][src.callback.progress][INFO] - Epoch 86 step 16600/192: loss 3.377e-01
[21/04/26 06:48:11][src.callback.progress][INFO] - Epoch 86 step 16650/192: loss 3.224e-01
[21/04/26 06:48:21][src.callback.progress][INFO] - Epoch 86 step 16700/192: loss 3.409e-01
[21/04/26 06:48:24][src.callback.progress][INFO] - Epoch 86: v_recons 3.238e-01  recons 2.855e-01  v_loss 5.128e-01  loss 3.479e-01  v_latent 8.377e-01  latent 7.043e-01  v_kl 2.728e+01  kl 1.810e+01  v_contrastive 1.888e+00  contrastive 6.221e-01  v_t2m/len 1530  v_t2m/R01 18.17%  v_t2m/R02 25.36%  v_t2m/R03 32.29%  v_t2m/R05 40.45%  v_t2m/R10 52.68%  v_t2m/MedR 9.0%  v_m2t/len 1530  v_m2t/R01 18.55%  v_m2t/R02 23.86%  v_m2t/R03 31.37%  v_m2t/R05 39.47%  v_m2t/R10 50.65%  v_m2t/MedR 10.0%
[21/04/26 06:48:38][src.callback.progress][INFO] - Epoch 87 step 16750/192: loss 3.401e-01
[21/04/26 06:48:49][src.callback.progress][INFO] - Epoch 87 step 16800/192: loss 3.446e-01
[21/04/26 06:48:59][src.callback.progress][INFO] - Epoch 87 step 16850/192: loss 3.778e-01
[21/04/26 06:49:10][src.callback.progress][INFO] - Epoch 87: v_recons 3.236e-01  recons 2.853e-01  v_loss 5.137e-01  loss 3.461e-01  v_latent 8.465e-01  latent 7.031e-01  v_kl 2.845e+01  kl 1.834e+01  v_contrastive 1.899e+00  contrastive 6.063e-01  v_t2m/len 1530  v_t2m/R01 16.34%  v_t2m/R02 23.86%  v_t2m/R03 30.52%  v_t2m/R05 38.81%  v_t2m/R10 52.68%  v_t2m/MedR 9.0%  v_m2t/len 1530  v_m2t/R01 18.17%  v_m2t/R02 22.54%  v_m2t/R03 30.32%  v_m2t/R05 37.7%  v_m2t/R10 48.63%  v_m2t/MedR 11.0%
[21/04/26 06:49:16][src.callback.progress][INFO] - Epoch 88 step 16900/192: loss 3.235e-01
[21/04/26 06:49:26][src.callback.progress][INFO] - Epoch 88 step 16950/192: loss 3.432e-01
[21/04/26 06:49:36][src.callback.progress][INFO] - Epoch 88 step 17000/192: loss 3.413e-01
[21/04/26 06:49:46][src.callback.progress][INFO] - Epoch 88 step 17050/192: loss 3.325e-01
[21/04/26 06:49:56][src.callback.progress][INFO] - Epoch 88: v_recons 3.256e-01  recons 2.842e-01  v_loss 5.132e-01  loss 3.436e-01  v_latent 8.449e-01  latent 7.003e-01  v_kl 2.824e+01  kl 1.852e+01  v_contrastive 1.874e+00  contrastive 5.921e-01  v_t2m/len 1530  v_t2m/R01 17.78%  v_t2m/R02 24.7%  v_t2m/R03 32.54%  v_t2m/R05 41.11%  v_t2m/R10 53.79%  v_t2m/MedR 9.0%  v_m2t/len 1530  v_m2t/R01 18.17%  v_m2t/R02 23.27%  v_m2t/R03 30.32%  v_m2t/R05 38.04%  v_m2t/R10 50.72%  v_m2t/MedR 10.0%
[21/04/26 06:50:03][src.callback.progress][INFO] - Epoch 89 step 17100/192: loss 3.456e-01
[21/04/26 06:50:14][src.callback.progress][INFO] - Epoch 89 step 17150/192: loss 3.421e-01
[21/04/26 06:50:24][src.callback.progress][INFO] - Epoch 89 step 17200/192: loss 3.406e-01
[21/04/26 06:50:34][src.callback.progress][INFO] - Epoch 89 step 17250/192: loss 3.847e-01
[21/04/26 06:50:42][src.callback.progress][INFO] - Epoch 89: v_recons 3.257e-01  recons 2.842e-01  v_loss 5.162e-01  loss 3.442e-01  v_latent 8.518e-01  latent 7.001e-01  v_kl 2.859e+01  kl 1.860e+01  v_contrastive 1.902e+00  contrastive 5.982e-01  v_t2m/len 1530  v_t2m/R01 16.46%  v_t2m/R02 23.2%  v_t2m/R03 29.87%  v_t2m/R05 38.68%  v_t2m/R10 51.56%  v_t2m/MedR 10.0%  v_m2t/len 1530  v_m2t/R01 17.25%  v_m2t/R02 20.97%  v_m2t/R03 28.88%  v_m2t/R05 36.86%  v_m2t/R10 49.02%  v_m2t/MedR 11.0%
[21/04/26 06:50:51][src.callback.progress][INFO] - Epoch 90 step 17300/192: loss 3.544e-01
[21/04/26 06:51:01][src.callback.progress][INFO] - Epoch 90 step 17350/192: loss 3.218e-01
[21/04/26 06:51:12][src.callback.progress][INFO] - Epoch 90 step 17400/192: loss 3.252e-01
[21/04/26 06:51:22][src.callback.progress][INFO] - Epoch 90 step 17450/192: loss 3.406e-01
[21/04/26 06:51:28][src.callback.progress][INFO] - Epoch 90: v_recons 3.250e-01  recons 2.833e-01  v_loss 5.124e-01  loss 3.415e-01  v_latent 8.499e-01  latent 6.985e-01  v_kl 2.917e+01  kl 1.871e+01  v_contrastive 1.871e+00  contrastive 5.803e-01  v_t2m/len 1530  v_t2m/R01 17.96%  v_t2m/R02 24.25%  v_t2m/R03 30.97%  v_t2m/R05 39.27%  v_t2m/R10 51.9%  v_t2m/MedR 10.0%  v_m2t/len 1530  v_m2t/R01 18.43%  v_m2t/R02 22.29%  v_m2t/R03 30.38%  v_m2t/R05 38.43%  v_m2t/R10 49.93%  v_m2t/MedR 11.0%
[21/04/26 06:51:39][src.callback.progress][INFO] - Epoch 91 step 17500/192: loss 3.549e-01
[21/04/26 06:51:49][src.callback.progress][INFO] - Epoch 91 step 17550/192: loss 3.343e-01
[21/04/26 06:51:59][src.callback.progress][INFO] - Epoch 91 step 17600/192: loss 3.281e-01
[21/04/26 06:52:09][src.callback.progress][INFO] - Epoch 91 step 17650/192: loss 3.440e-01
[21/04/26 06:52:14][src.callback.progress][INFO] - Epoch 91: v_recons 3.251e-01  recons 2.826e-01  v_loss 5.158e-01  loss 3.398e-01  v_latent 8.528e-01  latent 6.967e-01  v_kl 2.970e+01  kl 1.873e+01  v_contrastive 1.903e+00  contrastive 5.697e-01  v_t2m/len 1530  v_t2m/R01 17.31%  v_t2m/R02 25.81%  v_t2m/R03 32.47%  v_t2m/R05 39.66%  v_t2m/R10 53.13%  v_t2m/MedR 9.0%  v_m2t/len 1530  v_m2t/R01 18.55%  v_m2t/R02 23.01%  v_m2t/R03 29.54%  v_m2t/R05 36.66%  v_m2t/R10 49.15%  v_m2t/MedR 11.0%
[21/04/26 06:52:26][src.callback.progress][INFO] - Epoch 92 step 17700/192: loss 3.109e-01
[21/04/26 06:52:36][src.callback.progress][INFO] - Epoch 92 step 17750/192: loss 3.636e-01
[21/04/26 06:52:46][src.callback.progress][INFO] - Epoch 92 step 17800/192: loss 3.000e-01
[21/04/26 06:52:57][src.callback.progress][INFO] - Epoch 92 step 17850/192: loss 3.304e-01
[21/04/26 06:53:00][src.callback.progress][INFO] - Epoch 92: v_recons 3.246e-01  recons 2.817e-01  v_loss 5.146e-01  loss 3.389e-01  v_latent 8.477e-01  latent 6.960e-01  v_kl 2.908e+01  kl 1.895e+01  v_contrastive 1.897e+00  contrastive 5.697e-01  v_t2m/len 1530  v_t2m/R01 17.25%  v_t2m/R02 25.42%  v_t2m/R03 31.62%  v_t2m/R05 40.52%  v_t2m/R10 53.99%  v_t2m/MedR 9.0%  v_m2t/len 1530  v_m2t/R01 19.61%  v_m2t/R02 23.72%  v_m2t/R03 31.18%  v_m2t/R05 39.47%  v_m2t/R10 50.2%  v_m2t/MedR 10.0%
[21/04/26 06:53:13][src.callback.progress][INFO] - Epoch 93 step 17900/192: loss 3.035e-01
[21/04/26 06:53:24][src.callback.progress][INFO] - Epoch 93 step 17950/192: loss 3.334e-01
[21/04/26 06:53:34][src.callback.progress][INFO] - Epoch 93 step 18000/192: loss 3.608e-01
[21/04/26 06:53:45][src.callback.progress][INFO] - Epoch 93: v_recons 3.267e-01  recons 2.815e-01  v_loss 5.174e-01  loss 3.381e-01  v_latent 8.517e-01  latent 6.949e-01  v_kl 2.956e+01  kl 1.894e+01  v_contrastive 1.903e+00  contrastive 5.640e-01  v_t2m/len 1530  v_t2m/R01 17.12%  v_t2m/R02 24.44%  v_t2m/R03 31.5%  v_t2m/R05 40.45%  v_t2m/R10 53.99%  v_t2m/MedR 9.0%  v_m2t/len 1530  v_m2t/R01 19.35%  v_m2t/R02 23.79%  v_m2t/R03 30.32%  v_m2t/R05 38.04%  v_m2t/R10 49.27%  v_m2t/MedR 11.0%
[21/04/26 06:53:51][src.callback.progress][INFO] - Epoch 94 step 18050/192: loss 2.996e-01
[21/04/26 06:54:01][src.callback.progress][INFO] - Epoch 94 step 18100/192: loss 3.146e-01
[21/04/26 06:54:11][src.callback.progress][INFO] - Epoch 94 step 18150/192: loss 3.645e-01
[21/04/26 06:54:22][src.callback.progress][INFO] - Epoch 94 step 18200/192: loss 3.439e-01
[21/04/26 06:54:32][src.callback.progress][INFO] - Epoch 94: v_recons 3.262e-01  recons 2.806e-01  v_loss 5.169e-01  loss 3.354e-01  v_latent 8.541e-01  latent 6.922e-01  v_kl 2.971e+01  kl 1.893e+01  v_contrastive 1.904e+00  contrastive 5.453e-01  v_t2m/len 1530  v_t2m/R01 16.72%  v_t2m/R02 23.72%  v_t2m/R03 30.38%  v_t2m/R05 38.81%  v_t2m/R10 52.54%  v_t2m/MedR 9.0%  v_m2t/len 1530  v_m2t/R01 18.23%  v_m2t/R02 21.82%  v_m2t/R03 29.47%  v_m2t/R05 36.4%  v_m2t/R10 48.29%  v_m2t/MedR 11.0%
[21/04/26 06:54:39][src.callback.progress][INFO] - Epoch 95 step 18250/192: loss 3.255e-01
[21/04/26 06:54:49][src.callback.progress][INFO] - Epoch 95 step 18300/192: loss 3.251e-01
[21/04/26 06:55:00][src.callback.progress][INFO] - Epoch 95 step 18350/192: loss 3.465e-01
[21/04/26 06:55:10][src.callback.progress][INFO] - Epoch 95 step 18400/192: loss 3.476e-01
[21/04/26 06:55:18][src.callback.progress][INFO] - Epoch 95: v_recons 3.251e-01  recons 2.803e-01  v_loss 5.153e-01  loss 3.360e-01  v_latent 8.525e-01  latent 6.930e-01  v_kl 3.014e+01  kl 1.919e+01  v_contrastive 1.899e+00  contrastive 5.542e-01  v_t2m/len 1530  v_t2m/R01 18.1%  v_t2m/R02 25.03%  v_t2m/R03 30.64%  v_t2m/R05 39.79%  v_t2m/R10 52.88%  v_t2m/MedR 9.0%  v_m2t/len 1530  v_m2t/R01 18.81%  v_m2t/R02 23.01%  v_m2t/R03 30.06%  v_m2t/R05 37.77%  v_m2t/R10 49.08%  v_m2t/MedR 11.0%
[21/04/26 06:55:27][src.callback.progress][INFO] - Epoch 96 step 18450/192: loss 3.280e-01
[21/04/26 06:55:37][src.callback.progress][INFO] - Epoch 96 step 18500/192: loss 3.344e-01
[21/04/26 06:55:47][src.callback.progress][INFO] - Epoch 96 step 18550/192: loss 3.231e-01
[21/04/26 06:55:57][src.callback.progress][INFO] - Epoch 96 step 18600/192: loss 3.336e-01
[21/04/26 06:56:04][src.callback.progress][INFO] - Epoch 96: v_recons 3.277e-01  recons 2.792e-01  v_loss 5.202e-01  loss 3.339e-01  v_latent 8.571e-01  latent 6.908e-01  v_kl 3.087e+01  kl 1.925e+01  v_contrastive 1.922e+00  contrastive 5.451e-01  v_t2m/len 1530  v_t2m/R01 16.46%  v_t2m/R02 23.2%  v_t2m/R03 30.32%  v_t2m/R05 39.15%  v_t2m/R10 52.61%  v_t2m/MedR 9.0%  v_m2t/len 1530  v_m2t/R01 19.07%  v_m2t/R02 22.35%  v_m2t/R03 30.12%  v_m2t/R05 37.45%  v_m2t/R10 49.08%  v_m2t/MedR 11.0%
[21/04/26 06:56:15][src.callback.progress][INFO] - Epoch 97 step 18650/192: loss 3.607e-01
[21/04/26 06:56:25][src.callback.progress][INFO] - Epoch 97 step 18700/192: loss 3.523e-01
[21/04/26 06:56:35][src.callback.progress][INFO] - Epoch 97 step 18750/192: loss 3.255e-01
[21/04/26 06:56:45][src.callback.progress][INFO] - Epoch 97 step 18800/192: loss 3.197e-01
[21/04/26 06:56:50][src.callback.progress][INFO] - Epoch 97: v_recons 3.259e-01  recons 2.793e-01  v_loss 5.174e-01  loss 3.329e-01  v_latent 8.550e-01  latent 6.891e-01  v_kl 3.023e+01  kl 1.928e+01  v_contrastive 1.912e+00  contrastive 5.338e-01  v_t2m/len 1530  v_t2m/R01 17.25%  v_t2m/R02 25.42%  v_t2m/R03 31.62%  v_t2m/R05 40.0%  v_t2m/R10 53.4%  v_t2m/MedR 9.0%  v_m2t/len 1530  v_m2t/R01 18.55%  v_m2t/R02 22.15%  v_m2t/R03 30.32%  v_m2t/R05 37.77%  v_m2t/R10 48.09%  v_m2t/MedR 11.0%
[21/04/26 06:57:03][src.callback.progress][INFO] - Epoch 98 step 18850/192: loss 3.768e-01
[21/04/26 06:57:13][src.callback.progress][INFO] - Epoch 98 step 18900/192: loss 3.211e-01
[21/04/26 06:57:23][src.callback.progress][INFO] - Epoch 98 step 18950/192: loss 3.430e-01
[21/04/26 06:57:33][src.callback.progress][INFO] - Epoch 98 step 19000/192: loss 3.826e-01
[21/04/26 06:57:37][src.callback.progress][INFO] - Epoch 98: v_recons 3.245e-01  recons 2.786e-01  v_loss 5.148e-01  loss 3.316e-01  v_latent 8.553e-01  latent 6.872e-01  v_kl 3.054e+01  kl 1.939e+01  v_contrastive 1.900e+00  contrastive 5.282e-01  v_t2m/len 1530  v_t2m/R01 17.9%  v_t2m/R02 25.75%  v_t2m/R03 31.82%  v_t2m/R05 40.0%  v_t2m/R10 53.2%  v_t2m/MedR 9.0%  v_m2t/len 1530  v_m2t/R01 18.81%  v_m2t/R02 22.68%  v_m2t/R03 30.38%  v_m2t/R05 38.29%  v_m2t/R10 48.56%  v_m2t/MedR 11.0%
[21/04/26 06:57:50][src.callback.progress][INFO] - Epoch 99 step 19050/192: loss 3.188e-01
[21/04/26 06:58:00][src.callback.progress][INFO] - Epoch 99 step 19100/192: loss 3.503e-01
[21/04/26 06:58:10][src.callback.progress][INFO] - Epoch 99 step 19150/192: loss 3.120e-01
[21/04/26 06:58:21][src.callback.progress][INFO] - Epoch 99 step 19200/192: loss 3.305e-01
[21/04/26 06:58:22][src.callback.progress][INFO] - Epoch 99: v_recons 3.236e-01  recons 2.777e-01  v_loss 5.132e-01  loss 3.297e-01  v_latent 8.545e-01  latent 6.865e-01  v_kl 3.115e+01  kl 1.946e+01  v_contrastive 1.892e+00  contrastive 5.186e-01  v_t2m/len 1530  v_t2m/R01 17.19%  v_t2m/R02 24.57%  v_t2m/R03 31.44%  v_t2m/R05 41.31%  v_t2m/R10 51.95%  v_t2m/MedR 9.0%  v_m2t/len 1530  v_m2t/R01 20.2%  v_m2t/R02 24.04%  v_m2t/R03 30.64%  v_m2t/R05 38.29%  v_m2t/R10 49.4%  v_m2t/MedR 11.0%
[21/04/26 06:58:39][src.callback.progress][INFO] - Epoch 100 step 19250/192: loss 3.078e-01
[21/04/26 06:58:49][src.callback.progress][INFO] - Epoch 100 step 19300/192: loss 3.378e-01
[21/04/26 06:58:59][src.callback.progress][INFO] - Epoch 100 step 19350/192: loss 3.014e-01
[21/04/26 06:59:09][src.callback.progress][INFO] - Epoch 100: v_recons 3.249e-01  recons 2.777e-01  v_loss 5.146e-01  loss 3.300e-01  v_latent 8.570e-01  latent 6.890e-01  v_kl 3.115e+01  kl 1.999e+01  v_contrastive 1.893e+00  contrastive 5.210e-01  v_t2m/len 1530  v_t2m/R01 18.88%  v_t2m/R02 26.01%  v_t2m/R03 33.33%  v_t2m/R05 40.84%  v_t2m/R10 52.47%  v_t2m/MedR 9.0%  v_m2t/len 1530  v_m2t/R01 19.61%  v_m2t/R02 24.12%  v_m2t/R03 31.11%  v_m2t/R05 38.56%  v_m2t/R10 49.4%  v_m2t/MedR 11.0%
[21/04/26 06:59:16][src.callback.progress][INFO] - Epoch 101 step 19400/192: loss 3.250e-01
[21/04/26 06:59:26][src.callback.progress][INFO] - Epoch 101 step 19450/192: loss 3.255e-01
[21/04/26 06:59:37][src.callback.progress][INFO] - Epoch 101 step 19500/192: loss 3.260e-01
[21/04/26 06:59:47][src.callback.progress][INFO] - Epoch 101 step 19550/192: loss 3.591e-01
[21/04/26 06:59:56][src.callback.progress][INFO] - Epoch 101: v_recons 3.244e-01  recons 2.772e-01  v_loss 5.098e-01  loss 3.292e-01  v_latent 8.527e-01  latent 6.867e-01  v_kl 3.121e+01  kl 1.994e+01  v_contrastive 1.851e+00  contrastive 5.180e-01  v_t2m/len 1530  v_t2m/R01 18.5%  v_t2m/R02 26.13%  v_t2m/R03 32.34%  v_t2m/R05 40.91%  v_t2m/R10 52.68%  v_t2m/MedR 9.0%  v_m2t/len 1530  v_m2t/R01 20.45%  v_m2t/R02 24.37%  v_m2t/R03 30.71%  v_m2t/R05 38.75%  v_m2t/R10 50.33%  v_m2t/MedR 10.0%
[21/04/26 07:00:05][src.callback.progress][INFO] - Epoch 102 step 19600/192: loss 3.291e-01
[21/04/26 07:00:15][src.callback.progress][INFO] - Epoch 102 step 19650/192: loss 3.301e-01
[21/04/26 07:00:25][src.callback.progress][INFO] - Epoch 102 step 19700/192: loss 3.317e-01
[21/04/26 07:00:35][src.callback.progress][INFO] - Epoch 102 step 19750/192: loss 3.491e-01
[21/04/26 07:00:42][src.callback.progress][INFO] - Epoch 102: v_recons 3.261e-01  recons 2.762e-01  v_loss 5.139e-01  loss 3.267e-01  v_latent 8.565e-01  latent 6.842e-01  v_kl 3.184e+01  kl 1.994e+01  v_contrastive 1.874e+00  contrastive 5.024e-01  v_t2m/len 1530  v_t2m/R01 18.5%  v_t2m/R02 25.55%  v_t2m/R03 31.44%  v_t2m/R05 40.33%  v_t2m/R10 53.59%  v_t2m/MedR 9.0%  v_m2t/len 1530  v_m2t/R01 21.04%  v_m2t/R02 24.89%  v_m2t/R03 32.02%  v_m2t/R05 39.15%  v_m2t/R10 49.34%  v_m2t/MedR 11.0%
[21/04/26 07:00:53][src.callback.progress][INFO] - Epoch 103 step 19800/192: loss 3.331e-01
[21/04/26 07:01:03][src.callback.progress][INFO] - Epoch 103 step 19850/192: loss 3.683e-01
[21/04/26 07:01:13][src.callback.progress][INFO] - Epoch 103 step 19900/192: loss 3.483e-01
[21/04/26 07:01:23][src.callback.progress][INFO] - Epoch 103 step 19950/192: loss 3.520e-01
[21/04/26 07:01:28][src.callback.progress][INFO] - Epoch 103: v_recons 3.246e-01  recons 2.758e-01  v_loss 5.135e-01  loss 3.261e-01  v_latent 8.492e-01  latent 6.840e-01  v_kl 3.201e+01  kl 2.016e+01  v_contrastive 1.886e+00  contrastive 5.012e-01  v_t2m/len 1530  v_t2m/R01 18.76%  v_t2m/R02 25.03%  v_t2m/R03 31.89%  v_t2m/R05 41.31%  v_t2m/R10 53.99%  v_t2m/MedR 9.0%  v_m2t/len 1530  v_m2t/R01 20.59%  v_m2t/R02 24.25%  v_m2t/R03 31.11%  v_m2t/R05 39.4%  v_m2t/R10 49.79%  v_m2t/MedR 11.0%
[21/04/26 07:01:40][src.callback.progress][INFO] - Epoch 104 step 20000/192: loss 3.299e-01
[21/04/26 07:01:50][src.callback.progress][INFO] - Epoch 104 step 20050/192: loss 3.389e-01
[21/04/26 07:02:00][src.callback.progress][INFO] - Epoch 104 step 20100/192: loss 3.342e-01
[21/04/26 07:02:11][src.callback.progress][INFO] - Epoch 104 step 20150/192: loss 3.099e-01
[21/04/26 07:02:14][src.callback.progress][INFO] - Epoch 104: v_recons 3.260e-01  recons 2.753e-01  v_loss 5.132e-01  loss 3.249e-01  v_latent 8.561e-01  latent 6.822e-01  v_kl 3.279e+01  kl 2.026e+01  v_contrastive 1.869e+00  contrastive 4.935e-01  v_t2m/len 1530  v_t2m/R01 18.23%  v_t2m/R02 25.87%  v_t2m/R03 31.95%  v_t2m/R05 41.31%  v_t2m/R10 53.72%  v_t2m/MedR 9.0%  v_m2t/len 1530  v_m2t/R01 19.67%  v_m2t/R02 23.53%  v_m2t/R03 30.97%  v_m2t/R05 38.24%  v_m2t/R10 50.38%  v_m2t/MedR 10.0%
[21/04/26 07:02:28][src.callback.progress][INFO] - Epoch 105 step 20200/192: loss 3.335e-01
[21/04/26 07:02:38][src.callback.progress][INFO] - Epoch 105 step 20250/192: loss 3.574e-01
[21/04/26 07:02:48][src.callback.progress][INFO] - Epoch 105 step 20300/192: loss 3.313e-01
[21/04/26 07:02:58][src.callback.progress][INFO] - Epoch 105 step 20350/192: loss 3.404e-01
[21/04/26 07:03:01][src.callback.progress][INFO] - Epoch 105: v_recons 3.258e-01  recons 2.752e-01  v_loss 5.134e-01  loss 3.254e-01  v_latent 8.584e-01  latent 6.832e-01  v_kl 3.321e+01  kl 2.045e+01  v_contrastive 1.873e+00  contrastive 4.995e-01  v_t2m/len 1530  v_t2m/R01 17.7%  v_t2m/R02 25.03%  v_t2m/R03 32.29%  v_t2m/R05 40.59%  v_t2m/R10 54.18%  v_t2m/MedR 9.0%  v_m2t/len 1530  v_m2t/R01 19.61%  v_m2t/R02 24.3%  v_m2t/R03 30.97%  v_m2t/R05 38.68%  v_m2t/R10 50.97%  v_m2t/MedR 10.0%
[21/04/26 07:03:16][src.callback.progress][INFO] - Epoch 106 step 20400/192: loss 3.536e-01
[21/04/26 07:03:26][src.callback.progress][INFO] - Epoch 106 step 20450/192: loss 3.216e-01
[21/04/26 07:03:36][src.callback.progress][INFO] - Epoch 106 step 20500/192: loss 3.035e-01
[21/04/26 07:03:47][src.callback.progress][INFO] - Epoch 106: v_recons 3.287e-01  recons 2.739e-01  v_loss 5.160e-01  loss 3.224e-01  v_latent 8.552e-01  latent 6.788e-01  v_kl 3.260e+01  kl 2.037e+01  v_contrastive 1.870e+00  contrastive 4.827e-01  v_t2m/len 1530  v_t2m/R01 18.17%  v_t2m/R02 25.95%  v_t2m/R03 32.61%  v_t2m/R05 40.38%  v_t2m/R10 53.13%  v_t2m/MedR 9.0%  v_m2t/len 1530  v_m2t/R01 19.61%  v_m2t/R02 23.2%  v_m2t/R03 31.56%  v_m2t/R05 38.75%  v_m2t/R10 49.4%  v_m2t/MedR 11.0%
[21/04/26 07:03:53][src.callback.progress][INFO] - Epoch 107 step 20550/192: loss 3.305e-01
[21/04/26 07:04:04][src.callback.progress][INFO] - Epoch 107 step 20600/192: loss 2.941e-01
[21/04/26 07:04:14][src.callback.progress][INFO] - Epoch 107 step 20650/192: loss 3.196e-01
[21/04/26 07:04:24][src.callback.progress][INFO] - Epoch 107 step 20700/192: loss 3.211e-01
[21/04/26 07:04:33][src.callback.progress][INFO] - Epoch 107: v_recons 3.250e-01  recons 2.739e-01  v_loss 5.166e-01  loss 3.220e-01  v_latent 8.570e-01  latent 6.782e-01  v_kl 3.325e+01  kl 2.036e+01  v_contrastive 1.913e+00  contrastive 4.787e-01  v_t2m/len 1530  v_t2m/R01 19.67%  v_t2m/R02 25.62%  v_t2m/R03 33.06%  v_t2m/R05 40.97%  v_t2m/R10 53.99%  v_t2m/MedR 9.0%  v_m2t/len 1530  v_m2t/R01 19.47%  v_m2t/R02 23.45%  v_m2t/R03 30.92%  v_m2t/R05 39.02%  v_m2t/R10 50.45%  v_m2t/MedR 10.0%
[21/04/26 07:04:42][src.callback.progress][INFO] - Epoch 108 step 20750/192: loss 3.081e-01
[21/04/26 07:04:52][src.callback.progress][INFO] - Epoch 108 step 20800/192: loss 3.250e-01
[21/04/26 07:05:03][src.callback.progress][INFO] - Epoch 108 step 20850/192: loss 3.208e-01
[21/04/26 07:05:14][src.callback.progress][INFO] - Epoch 108 step 20900/192: loss 3.177e-01
[21/04/26 07:05:22][src.callback.progress][INFO] - Epoch 108: v_recons 3.275e-01  recons 2.726e-01  v_loss 5.194e-01  loss 3.198e-01  v_latent 8.625e-01  latent 6.763e-01  v_kl 3.356e+01  kl 2.046e+01  v_contrastive 1.916e+00  contrastive 4.693e-01  v_t2m/len 1530  v_t2m/R01 19.67%  v_t2m/R02 26.34%  v_t2m/R03 34.04%  v_t2m/R05 41.56%  v_t2m/R10 53.2%  v_t2m/MedR 9.0%  v_m2t/len 1530  v_m2t/R01 20.59%  v_m2t/R02 23.79%  v_m2t/R03 30.78%  v_m2t/R05 39.02%  v_m2t/R10 50.06%  v_m2t/MedR 10.0%
[21/04/26 07:05:32][src.callback.progress][INFO] - Epoch 109 step 20950/192: loss 3.337e-01
[21/04/26 07:05:42][src.callback.progress][INFO] - Epoch 109 step 21000/192: loss 2.969e-01
[21/04/26 07:05:52][src.callback.progress][INFO] - Epoch 109 step 21050/192: loss 3.450e-01
[21/04/26 07:06:03][src.callback.progress][INFO] - Epoch 109 step 21100/192: loss 3.193e-01
[21/04/26 07:06:09][src.callback.progress][INFO] - Epoch 109: v_recons 3.267e-01  recons 2.725e-01  v_loss 5.158e-01  loss 3.193e-01  v_latent 8.590e-01  latent 6.769e-01  v_kl 3.354e+01  kl 2.057e+01  v_contrastive 1.888e+00  contrastive 4.661e-01  v_t2m/len 1530  v_t2m/R01 19.4%  v_t2m/R02 25.87%  v_t2m/R03 32.61%  v_t2m/R05 40.65%  v_t2m/R10 53.86%  v_t2m/MedR 9.0%  v_m2t/len 1530  v_m2t/R01 19.79%  v_m2t/R02 23.92%  v_m2t/R03 32.34%  v_m2t/R05 39.66%  v_m2t/R10 51.18%  v_m2t/MedR 10.0%
[21/04/26 07:06:21][src.callback.progress][INFO] - Epoch 110 step 21150/192: loss 3.113e-01
[21/04/26 07:06:31][src.callback.progress][INFO] - Epoch 110 step 21200/192: loss 3.610e-01
[21/04/26 07:06:41][src.callback.progress][INFO] - Epoch 110 step 21250/192: loss 3.494e-01
[21/04/26 07:06:51][src.callback.progress][INFO] - Epoch 110 step 21300/192: loss 2.892e-01
[21/04/26 07:06:56][src.callback.progress][INFO] - Epoch 110: v_recons 3.248e-01  recons 2.716e-01  v_loss 5.135e-01  loss 3.188e-01  v_latent 8.579e-01  latent 6.762e-01  v_kl 3.433e+01  kl 2.072e+01  v_contrastive 1.883e+00  contrastive 4.700e-01  v_t2m/len 1530  v_t2m/R01 17.96%  v_t2m/R02 24.44%  v_t2m/R03 31.18%  v_t2m/R05 40.59%  v_t2m/R10 53.79%  v_t2m/MedR 9.0%  v_m2t/len 1530  v_m2t/R01 18.81%  v_m2t/R02 22.42%  v_m2t/R03 31.62%  v_m2t/R05 39.93%  v_m2t/R10 50.59%  v_m2t/MedR 10.0%
[21/04/26 07:07:08][src.callback.progress][INFO] - Epoch 111 step 21350/192: loss 2.870e-01
[21/04/26 07:07:19][src.callback.progress][INFO] - Epoch 111 step 21400/192: loss 2.686e-01
[21/04/26 07:07:29][src.callback.progress][INFO] - Epoch 111 step 21450/192: loss 3.311e-01
[21/04/26 07:07:40][src.callback.progress][INFO] - Epoch 111 step 21500/192: loss 2.957e-01
[21/04/26 07:07:42][src.callback.progress][INFO] - Epoch 111: v_recons 3.244e-01  recons 2.714e-01  v_loss 5.158e-01  loss 3.174e-01  v_latent 8.628e-01  latent 6.729e-01  v_kl 3.489e+01  kl 2.077e+01  v_contrastive 1.911e+00  contrastive 4.579e-01  v_t2m/len 1530  v_t2m/R01 18.88%  v_t2m/R02 26.27%  v_t2m/R03 32.54%  v_t2m/R05 40.72%  v_t2m/R10 52.54%  v_t2m/MedR 9.0%  v_m2t/len 1530  v_m2t/R01 19.79%  v_m2t/R02 23.79%  v_m2t/R03 31.04%  v_m2t/R05 39.66%  v_m2t/R10 49.54%  v_m2t/MedR 11.0%
[21/04/26 07:07:57][src.callback.progress][INFO] - Epoch 112 step 21550/192: loss 3.004e-01
[21/04/26 07:08:07][src.callback.progress][INFO] - Epoch 112 step 21600/192: loss 3.080e-01
[21/04/26 07:08:18][src.callback.progress][INFO] - Epoch 112 step 21650/192: loss 3.096e-01
[21/04/26 07:08:29][src.callback.progress][INFO] - Epoch 112: v_recons 3.243e-01  recons 2.706e-01  v_loss 5.095e-01  loss 3.167e-01  v_latent 8.539e-01  latent 6.740e-01  v_kl 3.357e+01  kl 2.109e+01  v_contrastive 1.848e+00  contrastive 4.586e-01  v_t2m/len 1530  v_t2m/R01 19.02%  v_t2m/R02 25.29%  v_t2m/R03 31.37%  v_t2m/R05 40.91%  v_t2m/R10 54.11%  v_t2m/MedR 9.0%  v_m2t/len 1530  v_m2t/R01 20.12%  v_m2t/R02 24.57%  v_m2t/R03 30.97%  v_m2t/R05 38.56%  v_m2t/R10 50.72%  v_m2t/MedR 10.0%
[21/04/26 07:08:36][src.callback.progress][INFO] - Epoch 113 step 21700/192: loss 3.001e-01
[21/04/26 07:08:46][src.callback.progress][INFO] - Epoch 113 step 21750/192: loss 3.107e-01
[21/04/26 07:08:56][src.callback.progress][INFO] - Epoch 113 step 21800/192: loss 3.275e-01
[21/04/26 07:09:07][src.callback.progress][INFO] - Epoch 113 step 21850/192: loss 2.955e-01
[21/04/26 07:09:16][src.callback.progress][INFO] - Epoch 113: v_recons 3.246e-01  recons 2.705e-01  v_loss 5.128e-01  loss 3.155e-01  v_latent 8.626e-01  latent 6.723e-01  v_kl 3.447e+01  kl 2.101e+01  v_contrastive 1.879e+00  contrastive 4.473e-01  v_t2m/len 1530  v_t2m/R01 18.81%  v_t2m/R02 26.01%  v_t2m/R03 31.82%  v_t2m/R05 40.33%  v_t2m/R10 53.65%  v_t2m/MedR 9.0%  v_m2t/len 1530  v_m2t/R01 20.2%  v_m2t/R02 23.79%  v_m2t/R03 30.59%  v_m2t/R05 39.02%  v_m2t/R10 51.36%  v_m2t/MedR 10.0%
[21/04/26 07:09:24][src.callback.progress][INFO] - Epoch 114 step 21900/192: loss 2.988e-01
[21/04/26 07:09:34][src.callback.progress][INFO] - Epoch 114 step 21950/192: loss 3.097e-01
[21/04/26 07:09:44][src.callback.progress][INFO] - Epoch 114 step 22000/192: loss 3.019e-01
[21/04/26 07:09:54][src.callback.progress][INFO] - Epoch 114 step 22050/192: loss 3.356e-01
[21/04/26 07:10:02][src.callback.progress][INFO] - Epoch 114: v_recons 3.258e-01  recons 2.703e-01  v_loss 5.156e-01  loss 3.151e-01  v_latent 8.683e-01  latent 6.721e-01  v_kl 3.557e+01  kl 2.127e+01  v_contrastive 1.895e+00  contrastive 4.462e-01  v_t2m/len 1530  v_t2m/R01 18.04%  v_t2m/R02 23.86%  v_t2m/R03 30.2%  v_t2m/R05 39.61%  v_t2m/R10 52.75%  v_t2m/MedR 9.0%  v_m2t/len 1530  v_m2t/R01 18.04%  v_m2t/R02 22.42%  v_m2t/R03 31.44%  v_m2t/R05 39.34%  v_m2t/R10 50.13%  v_m2t/MedR 10.0%
[21/04/26 07:10:11][src.callback.progress][INFO] - Epoch 115 step 22100/192: loss 3.070e-01
[21/04/26 07:10:22][src.callback.progress][INFO] - Epoch 115 step 22150/192: loss 3.209e-01
[21/04/26 07:10:32][src.callback.progress][INFO] - Epoch 115 step 22200/192: loss 3.267e-01
[21/04/26 07:10:42][src.callback.progress][INFO] - Epoch 115 step 22250/192: loss 3.090e-01
[21/04/26 07:10:48][src.callback.progress][INFO] - Epoch 115: v_recons 3.261e-01  recons 2.694e-01  v_loss 5.171e-01  loss 3.142e-01  v_latent 8.650e-01  latent 6.711e-01  v_kl 3.502e+01  kl 2.152e+01  v_contrastive 1.907e+00  contrastive 4.466e-01  v_t2m/len 1530  v_t2m/R01 17.84%  v_t2m/R02 23.59%  v_t2m/R03 30.26%  v_t2m/R05 40.0%  v_t2m/R10 53.65%  v_t2m/MedR 9.0%  v_m2t/len 1530  v_m2t/R01 18.5%  v_m2t/R02 22.09%  v_m2t/R03 30.06%  v_m2t/R05 38.43%  v_m2t/R10 49.66%  v_m2t/MedR 11.0%
[21/04/26 07:11:00][src.callback.progress][INFO] - Epoch 116 step 22300/192: loss 2.901e-01
[21/04/26 07:11:10][src.callback.progress][INFO] - Epoch 116 step 22350/192: loss 3.106e-01
[21/04/26 07:11:20][src.callback.progress][INFO] - Epoch 116 step 22400/192: loss 3.231e-01
[21/04/26 07:11:30][src.callback.progress][INFO] - Epoch 116 step 22450/192: loss 2.999e-01
[21/04/26 07:11:35][src.callback.progress][INFO] - Epoch 116: v_recons 3.256e-01  recons 2.693e-01  v_loss 5.163e-01  loss 3.140e-01  v_latent 8.663e-01  latent 6.717e-01  v_kl 3.551e+01  kl 2.145e+01  v_contrastive 1.903e+00  contrastive 4.442e-01  v_t2m/len 1530  v_t2m/R01 19.14%  v_t2m/R02 25.69%  v_t2m/R03 30.52%  v_t2m/R05 40.72%  v_t2m/R10 52.75%  v_t2m/MedR 9.0%  v_m2t/len 1530  v_m2t/R01 17.84%  v_m2t/R02 21.82%  v_m2t/R03 29.73%  v_m2t/R05 38.5%  v_m2t/R10 50.52%  v_m2t/MedR 10.0%
[21/04/26 07:11:48][src.callback.progress][INFO] - Epoch 117 step 22500/192: loss 2.851e-01
[21/04/26 07:11:58][src.callback.progress][INFO] - Epoch 117 step 22550/192: loss 3.291e-01
[21/04/26 07:12:08][src.callback.progress][INFO] - Epoch 117 step 22600/192: loss 2.857e-01
[21/04/26 07:12:18][src.callback.progress][INFO] - Epoch 117 step 22650/192: loss 3.429e-01
[21/04/26 07:12:22][src.callback.progress][INFO] - Epoch 117: v_recons 3.246e-01  recons 2.688e-01  v_loss 5.096e-01  loss 3.126e-01  v_latent 8.594e-01  latent 6.701e-01  v_kl 3.597e+01  kl 2.168e+01  v_contrastive 1.846e+00  contrastive 4.364e-01  v_t2m/len 1530  v_t2m/R01 20.0%  v_t2m/R02 27.05%  v_t2m/R03 32.81%  v_t2m/R05 41.83%  v_t2m/R10 54.84%  v_t2m/MedR 8.0%  v_m2t/len 1530  v_m2t/R01 20.12%  v_m2t/R02 24.04%  v_m2t/R03 32.47%  v_m2t/R05 40.52%  v_m2t/R10 51.36%  v_m2t/MedR 9.0%
[21/04/26 07:12:37][src.callback.progress][INFO] - Epoch 118 step 22700/192: loss 2.962e-01
[21/04/26 07:12:47][src.callback.progress][INFO] - Epoch 118 step 22750/192: loss 3.449e-01
[21/04/26 07:12:57][src.callback.progress][INFO] - Epoch 118 step 22800/192: loss 3.117e-01
[21/04/26 07:13:09][src.callback.progress][INFO] - Epoch 118: v_recons 3.269e-01  recons 2.677e-01  v_loss 5.170e-01  loss 3.111e-01  v_latent 8.671e-01  latent 6.683e-01  v_kl 3.528e+01  kl 2.147e+01  v_contrastive 1.897e+00  contrastive 4.318e-01  v_t2m/len 1530  v_t2m/R01 18.76%  v_t2m/R02 26.2%  v_t2m/R03 32.81%  v_t2m/R05 40.52%  v_t2m/R10 52.93%  v_t2m/MedR 9.0%  v_m2t/len 1530  v_m2t/R01 20.32%  v_m2t/R02 24.3%  v_m2t/R03 31.44%  v_m2t/R05 38.95%  v_m2t/R10 49.27%  v_m2t/MedR 11.0%
[21/04/26 07:13:15][src.callback.progress][INFO] - Epoch 119 step 22850/192: loss 2.948e-01
[21/04/26 07:13:25][src.callback.progress][INFO] - Epoch 119 step 22900/192: loss 3.410e-01
[21/04/26 07:13:35][src.callback.progress][INFO] - Epoch 119 step 22950/192: loss 2.846e-01
[21/04/26 07:13:46][src.callback.progress][INFO] - Epoch 119 step 23000/192: loss 3.240e-01
[21/04/26 07:13:56][src.callback.progress][INFO] - Epoch 119: v_recons 3.263e-01  recons 2.668e-01  v_loss 5.148e-01  loss 3.092e-01  v_latent 8.631e-01  latent 6.666e-01  v_kl 3.612e+01  kl 2.168e+01  v_contrastive 1.881e+00  contrastive 4.216e-01  v_t2m/len 1530  v_t2m/R01 18.37%  v_t2m/R02 25.62%  v_t2m/R03 32.81%  v_t2m/R05 41.5%  v_t2m/R10 54.31%  v_t2m/MedR 9.0%  v_m2t/len 1530  v_m2t/R01 19.61%  v_m2t/R02 23.13%  v_m2t/R03 30.85%  v_m2t/R05 39.54%  v_m2t/R10 50.25%  v_m2t/MedR 10.0%
[21/04/26 07:14:04][src.callback.progress][INFO] - Epoch 120 step 23050/192: loss 2.793e-01
[21/04/26 07:14:14][src.callback.progress][INFO] - Epoch 120 step 23100/192: loss 3.092e-01
[21/04/26 07:14:24][src.callback.progress][INFO] - Epoch 120 step 23150/192: loss 2.917e-01
[21/04/26 07:14:35][src.callback.progress][INFO] - Epoch 120 step 23200/192: loss 2.945e-01
[21/04/26 07:14:44][src.callback.progress][INFO] - Epoch 120: v_recons 3.246e-01  recons 2.673e-01  v_loss 5.130e-01  loss 3.102e-01  v_latent 8.672e-01  latent 6.683e-01  v_kl 3.598e+01  kl 2.185e+01  v_contrastive 1.881e+00  contrastive 4.270e-01  v_t2m/len 1530  v_t2m/R01 17.38%  v_t2m/R02 23.98%  v_t2m/R03 31.7%  v_t2m/R05 41.75%  v_t2m/R10 53.59%  v_t2m/MedR 9.0%  v_m2t/len 1530  v_m2t/R01 19.02%  v_m2t/R02 22.8%  v_m2t/R03 30.38%  v_m2t/R05 38.43%  v_m2t/R10 50.13%  v_m2t/MedR 10.0%
[21/04/26 07:14:53][src.callback.progress][INFO] - Epoch 121 step 23250/192: loss 3.253e-01
[21/04/26 07:15:03][src.callback.progress][INFO] - Epoch 121 step 23300/192: loss 3.110e-01
[21/04/26 07:15:13][src.callback.progress][INFO] - Epoch 121 step 23350/192: loss 3.172e-01
[21/04/26 07:15:24][src.callback.progress][INFO] - Epoch 121 step 23400/192: loss 3.002e-01
[21/04/26 07:15:30][src.callback.progress][INFO] - Epoch 121: v_recons 3.265e-01  recons 2.666e-01  v_loss 5.150e-01  loss 3.091e-01  v_latent 8.672e-01  latent 6.666e-01  v_kl 3.605e+01  kl 2.175e+01  v_contrastive 1.881e+00  contrastive 4.222e-01  v_t2m/len 1530  v_t2m/R01 18.69%  v_t2m/R02 25.22%  v_t2m/R03 33.06%  v_t2m/R05 41.63%  v_t2m/R10 54.25%  v_t2m/MedR 9.0%  v_m2t/len 1530  v_m2t/R01 20.0%  v_m2t/R02 24.3%  v_m2t/R03 30.64%  v_m2t/R05 38.5%  v_m2t/R10 49.61%  v_m2t/MedR 11.0%
[21/04/26 07:15:42][src.callback.progress][INFO] - Epoch 122 step 23450/192: loss 3.304e-01
[21/04/26 07:15:52][src.callback.progress][INFO] - Epoch 122 step 23500/192: loss 3.107e-01
[21/04/26 07:16:02][src.callback.progress][INFO] - Epoch 122 step 23550/192: loss 3.196e-01
[21/04/26 07:16:12][src.callback.progress][INFO] - Epoch 122 step 23600/192: loss 3.133e-01
[21/04/26 07:16:17][src.callback.progress][INFO] - Epoch 122: v_recons 3.255e-01  recons 2.661e-01  v_loss 5.120e-01  loss 3.084e-01  v_latent 8.681e-01  latent 6.654e-01  v_kl 3.659e+01  kl 2.189e+01  v_contrastive 1.862e+00  contrastive 4.208e-01  v_t2m/len 1530  v_t2m/R01 20.2%  v_t2m/R02 25.95%  v_t2m/R03 34.25%  v_t2m/R05 42.02%  v_t2m/R10 54.84%  v_t2m/MedR 9.0%  v_m2t/len 1530  v_m2t/R01 19.4%  v_m2t/R02 24.63%  v_m2t/R03 32.41%  v_m2t/R05 39.93%  v_m2t/R10 50.84%  v_m2t/MedR 10.0%
[21/04/26 07:16:30][src.callback.progress][INFO] - Epoch 123 step 23650/192: loss 3.077e-01
[21/04/26 07:16:40][src.callback.progress][INFO] - Epoch 123 step 23700/192: loss 3.107e-01
[21/04/26 07:16:50][src.callback.progress][INFO] - Epoch 123 step 23750/192: loss 3.134e-01
[21/04/26 07:17:01][src.callback.progress][INFO] - Epoch 123 step 23800/192: loss 3.042e-01
[21/04/26 07:17:04][src.callback.progress][INFO] - Epoch 123: v_recons 3.286e-01  recons 2.656e-01  v_loss 5.231e-01  loss 3.069e-01  v_latent 8.731e-01  latent 6.649e-01  v_kl 3.772e+01  kl 2.203e+01  v_contrastive 1.941e+00  contrastive 4.113e-01  v_t2m/len 1530  v_t2m/R01 18.62%  v_t2m/R02 25.69%  v_t2m/R03 31.44%  v_t2m/R05 40.0%  v_t2m/R10 53.06%  v_t2m/MedR 9.0%  v_m2t/len 1530  v_m2t/R01 19.73%  v_m2t/R02 23.45%  v_m2t/R03 32.02%  v_m2t/R05 39.02%  v_m2t/R10 50.84%  v_m2t/MedR 10.0%
[21/04/26 07:17:19][src.callback.progress][INFO] - Epoch 124 step 23850/192: loss 3.507e-01
[21/04/26 07:17:29][src.callback.progress][INFO] - Epoch 124 step 23900/192: loss 2.830e-01
[21/04/26 07:17:39][src.callback.progress][INFO] - Epoch 124 step 23950/192: loss 3.066e-01
[21/04/26 07:17:49][src.callback.progress][INFO] - Epoch 124 step 24000/192: loss 3.112e-01
[21/04/26 07:17:51][src.callback.progress][INFO] - Epoch 124: v_recons 3.259e-01  recons 2.652e-01  v_loss 5.172e-01  loss 3.063e-01  v_latent 8.684e-01  latent 6.662e-01  v_kl 3.756e+01  kl 2.241e+01  v_contrastive 1.909e+00  contrastive 4.081e-01  v_t2m/len 1530  v_t2m/R01 18.43%  v_t2m/R02 25.29%  v_t2m/R03 33.33%  v_t2m/R05 40.77%  v_t2m/R10 53.33%  v_t2m/MedR 9.0%  v_m2t/len 1530  v_m2t/R01 19.79%  v_m2t/R02 23.59%  v_m2t/R03 31.11%  v_m2t/R05 39.74%  v_m2t/R10 50.72%  v_m2t/MedR 10.0%
[21/04/26 07:18:08][src.callback.progress][INFO] - Epoch 125 step 24050/192: loss 3.219e-01
[21/04/26 07:18:18][src.callback.progress][INFO] - Epoch 125 step 24100/192: loss 3.140e-01
[21/04/26 07:18:28][src.callback.progress][INFO] - Epoch 125 step 24150/192: loss 3.060e-01
[21/04/26 07:18:38][src.callback.progress][INFO] - Epoch 125: v_recons 3.247e-01  recons 2.647e-01  v_loss 5.155e-01  loss 3.056e-01  v_latent 8.715e-01  latent 6.636e-01  v_kl 3.785e+01  kl 2.230e+01  v_contrastive 1.904e+00  contrastive 4.059e-01  v_t2m/len 1530  v_t2m/R01 19.21%  v_t2m/R02 25.29%  v_t2m/R03 31.89%  v_t2m/R05 39.79%  v_t2m/R10 53.59%  v_t2m/MedR 9.0%  v_m2t/len 1530  v_m2t/R01 21.23%  v_m2t/R02 24.44%  v_m2t/R03 31.56%  v_m2t/R05 39.22%  v_m2t/R10 50.06%  v_m2t/MedR 10.0%
[21/04/26 07:18:45][src.callback.progress][INFO] - Epoch 126 step 24200/192: loss 2.861e-01
[21/04/26 07:18:56][src.callback.progress][INFO] - Epoch 126 step 24250/192: loss 3.239e-01
[21/04/26 07:19:06][src.callback.progress][INFO] - Epoch 126 step 24300/192: loss 3.036e-01
[21/04/26 07:19:16][src.callback.progress][INFO] - Epoch 126 step 24350/192: loss 2.936e-01
[21/04/26 07:19:24][src.callback.progress][INFO] - Epoch 126: v_recons 3.270e-01  recons 2.646e-01  v_loss 5.189e-01  loss 3.055e-01  v_latent 8.777e-01  latent 6.651e-01  v_kl 3.869e+01  kl 2.251e+01  v_contrastive 1.915e+00  contrastive 4.068e-01  v_t2m/len 1530  v_t2m/R01 18.76%  v_t2m/R02 24.77%  v_t2m/R03 31.04%  v_t2m/R05 39.08%  v_t2m/R10 52.68%  v_t2m/MedR 9.0%  v_m2t/len 1530  v_m2t/R01 19.67%  v_m2t/R02 23.27%  v_m2t/R03 31.44%  v_m2t/R05 37.31%  v_m2t/R10 50.0%  v_m2t/MedR 10.5%
[21/04/26 07:19:33][src.callback.progress][INFO] - Epoch 127 step 24400/192: loss 3.008e-01
[21/04/26 07:19:43][src.callback.progress][INFO] - Epoch 127 step 24450/192: loss 2.843e-01
[21/04/26 07:19:54][src.callback.progress][INFO] - Epoch 127 step 24500/192: loss 3.105e-01
[21/04/26 07:20:04][src.callback.progress][INFO] - Epoch 127 step 24550/192: loss 2.991e-01
[21/04/26 07:20:11][src.callback.progress][INFO] - Epoch 127: v_recons 3.247e-01  recons 2.638e-01  v_loss 5.153e-01  loss 3.041e-01  v_latent 8.758e-01  latent 6.652e-01  v_kl 3.785e+01  kl 2.278e+01  v_contrastive 1.902e+00  contrastive 4.004e-01  v_t2m/len 1530  v_t2m/R01 18.29%  v_t2m/R02 25.22%  v_t2m/R03 31.37%  v_t2m/R05 40.25%  v_t2m/R10 54.04%  v_t2m/MedR 9.0%  v_m2t/len 1530  v_m2t/R01 19.47%  v_m2t/R02 22.42%  v_m2t/R03 31.11%  v_m2t/R05 39.34%  v_m2t/R10 50.52%  v_m2t/MedR 10.0%
[21/04/26 07:20:22][src.callback.progress][INFO] - Epoch 128 step 24600/192: loss 3.121e-01
[21/04/26 07:20:33][src.callback.progress][INFO] - Epoch 128 step 24650/192: loss 2.957e-01
[21/04/26 07:20:43][src.callback.progress][INFO] - Epoch 128 step 24700/192: loss 2.817e-01
[21/04/26 07:20:53][src.callback.progress][INFO] - Epoch 128 step 24750/192: loss 3.180e-01
[21/04/26 07:20:58][src.callback.progress][INFO] - Epoch 128: v_recons 3.246e-01  recons 2.630e-01  v_loss 5.140e-01  loss 3.029e-01  v_latent 8.760e-01  latent 6.622e-01  v_kl 3.848e+01  kl 2.264e+01  v_contrastive 1.890e+00  contrastive 3.969e-01  v_t2m/len 1530  v_t2m/R01 20.06%  v_t2m/R02 25.42%  v_t2m/R03 32.54%  v_t2m/R05 41.18%  v_t2m/R10 55.56%  v_t2m/MedR 8.0%  v_m2t/len 1530  v_m2t/R01 19.67%  v_m2t/R02 24.18%  v_m2t/R03 32.34%  v_m2t/R05 38.88%  v_m2t/R10 50.45%  v_m2t/MedR 10.0%
[21/04/26 07:21:11][src.callback.progress][INFO] - Epoch 129 step 24800/192: loss 2.801e-01
[21/04/26 07:21:21][src.callback.progress][INFO] - Epoch 129 step 24850/192: loss 3.041e-01
[21/04/26 07:21:31][src.callback.progress][INFO] - Epoch 129 step 24900/192: loss 3.270e-01
[21/04/26 07:21:41][src.callback.progress][INFO] - Epoch 129 step 24950/192: loss 3.000e-01
[21/04/26 07:21:45][src.callback.progress][INFO] - Epoch 129: v_recons 3.251e-01  recons 2.625e-01  v_loss 5.150e-01  loss 3.016e-01  v_latent 8.776e-01  latent 6.602e-01  v_kl 3.837e+01  kl 2.258e+01  v_contrastive 1.894e+00  contrastive 3.884e-01  v_t2m/len 1530  v_t2m/R01 18.81%  v_t2m/R02 25.55%  v_t2m/R03 32.22%  v_t2m/R05 41.18%  v_t2m/R10 53.27%  v_t2m/MedR 9.0%  v_m2t/len 1530  v_m2t/R01 19.4%  v_m2t/R02 23.59%  v_m2t/R03 32.15%  v_m2t/R05 39.61%  v_m2t/R10 50.13%  v_m2t/MedR 10.0%
[21/04/26 07:21:59][src.callback.progress][INFO] - Epoch 130 step 25000/192: loss 3.455e-01
[21/04/26 07:22:09][src.callback.progress][INFO] - Epoch 130 step 25050/192: loss 2.479e-01
[21/04/26 07:22:19][src.callback.progress][INFO] - Epoch 130 step 25100/192: loss 3.301e-01
[21/04/26 07:22:29][src.callback.progress][INFO] - Epoch 130 step 25150/192: loss 2.835e-01
[21/04/26 07:22:31][src.callback.progress][INFO] - Epoch 130: v_recons 3.243e-01  recons 2.621e-01  v_loss 5.135e-01  loss 3.014e-01  v_latent 8.780e-01  latent 6.613e-01  v_kl 3.897e+01  kl 2.288e+01  v_contrastive 1.888e+00  contrastive 3.905e-01  v_t2m/len 1530  v_t2m/R01 19.07%  v_t2m/R02 24.96%  v_t2m/R03 32.22%  v_t2m/R05 41.7%  v_t2m/R10 54.5%  v_t2m/MedR 8.0%  v_m2t/len 1530  v_m2t/R01 20.92%  v_m2t/R02 24.57%  v_m2t/R03 32.02%  v_m2t/R05 39.66%  v_m2t/R10 51.36%  v_m2t/MedR 10.0%
[21/04/26 07:22:46][src.callback.progress][INFO] - Epoch 131 step 25200/192: loss 3.016e-01
[21/04/26 07:22:57][src.callback.progress][INFO] - Epoch 131 step 25250/192: loss 2.929e-01
[21/04/26 07:23:07][src.callback.progress][INFO] - Epoch 131 step 25300/192: loss 2.746e-01
[21/04/26 07:23:17][src.callback.progress][INFO] - Epoch 131: v_recons 3.243e-01  recons 2.615e-01  v_loss 5.122e-01  loss 3.002e-01  v_latent 8.797e-01  latent 6.631e-01  v_kl 3.878e+01  kl 2.309e+01  v_contrastive 1.875e+00  contrastive 3.847e-01  v_t2m/len 1530  v_t2m/R01 18.5%  v_t2m/R02 24.44%  v_t2m/R03 30.97%  v_t2m/R05 41.56%  v_t2m/R10 54.5%  v_t2m/MedR 9.0%  v_m2t/len 1530  v_m2t/R01 20.0%  v_m2t/R02 24.18%  v_m2t/R03 30.45%  v_m2t/R05 38.81%  v_m2t/R10 50.13%  v_m2t/MedR 10.0%
[21/04/26 07:23:24][src.callback.progress][INFO] - Epoch 132 step 25350/192: loss 3.067e-01
[21/04/26 07:23:34][src.callback.progress][INFO] - Epoch 132 step 25400/192: loss 3.274e-01
[21/04/26 07:23:44][src.callback.progress][INFO] - Epoch 132 step 25450/192: loss 2.957e-01
[21/04/26 07:23:54][src.callback.progress][INFO] - Epoch 132 step 25500/192: loss 2.909e-01
[21/04/26 07:24:04][src.callback.progress][INFO] - Epoch 132: v_recons 3.245e-01  recons 2.609e-01  v_loss 5.148e-01  loss 2.989e-01  v_latent 8.793e-01  latent 6.606e-01  v_kl 3.900e+01  kl 2.299e+01  v_contrastive 1.899e+00  contrastive 3.779e-01  v_t2m/len 1530  v_t2m/R01 18.55%  v_t2m/R02 24.37%  v_t2m/R03 30.2%  v_t2m/R05 40.97%  v_t2m/R10 54.5%  v_t2m/MedR 9.0%  v_m2t/len 1530  v_m2t/R01 19.07%  v_m2t/R02 23.39%  v_m2t/R03 32.15%  v_m2t/R05 39.66%  v_m2t/R10 50.25%  v_m2t/MedR 10.0%
[21/04/26 07:24:12][src.callback.progress][INFO] - Epoch 133 step 25550/192: loss 3.165e-01
[21/04/26 07:24:22][src.callback.progress][INFO] - Epoch 133 step 25600/192: loss 3.083e-01
[21/04/26 07:24:32][src.callback.progress][INFO] - Epoch 133 step 25650/192: loss 2.731e-01
[21/04/26 07:24:42][src.callback.progress][INFO] - Epoch 133 step 25700/192: loss 3.189e-01
[21/04/26 07:24:50][src.callback.progress][INFO] - Epoch 133: v_recons 3.239e-01  recons 2.609e-01  v_loss 5.132e-01  loss 2.987e-01  v_latent 8.876e-01  latent 6.596e-01  v_kl 3.983e+01  kl 2.318e+01  v_contrastive 1.889e+00  contrastive 3.759e-01  v_t2m/len 1530  v_t2m/R01 18.76%  v_t2m/R02 25.55%  v_t2m/R03 32.09%  v_t2m/R05 41.11%  v_t2m/R10 53.0%  v_t2m/MedR 9.0%  v_m2t/len 1530  v_m2t/R01 20.0%  v_m2t/R02 23.86%  v_m2t/R03 31.95%  v_m2t/R05 39.86%  v_m2t/R10 49.74%  v_m2t/MedR 11.0%
[21/04/26 07:24:59][src.callback.progress][INFO] - Epoch 134 step 25750/192: loss 3.410e-01
[21/04/26 07:25:09][src.callback.progress][INFO] - Epoch 134 step 25800/192: loss 3.357e-01
[21/04/26 07:25:19][src.callback.progress][INFO] - Epoch 134 step 25850/192: loss 3.047e-01
[21/04/26 07:25:30][src.callback.progress][INFO] - Epoch 134 step 25900/192: loss 3.075e-01
[21/04/26 07:25:36][src.callback.progress][INFO] - Epoch 134: v_recons 3.258e-01  recons 2.599e-01  v_loss 5.151e-01  loss 2.982e-01  v_latent 8.795e-01  latent 6.615e-01  v_kl 3.930e+01  kl 2.329e+01  v_contrastive 1.889e+00  contrastive 3.799e-01  v_t2m/len 1530  v_t2m/R01 18.81%  v_t2m/R02 26.01%  v_t2m/R03 32.29%  v_t2m/R05 41.11%  v_t2m/R10 53.65%  v_t2m/MedR 9.0%  v_m2t/len 1530  v_m2t/R01 21.11%  v_m2t/R02 24.57%  v_m2t/R03 32.54%  v_m2t/R05 39.93%  v_m2t/R10 51.31%  v_m2t/MedR 10.0%
[21/04/26 07:25:47][src.callback.progress][INFO] - Epoch 135 step 25950/192: loss 2.972e-01
[21/04/26 07:25:57][src.callback.progress][INFO] - Epoch 135 step 26000/192: loss 2.926e-01
[21/04/26 07:26:08][src.callback.progress][INFO] - Epoch 135 step 26050/192: loss 2.883e-01
[21/04/26 07:26:18][src.callback.progress][INFO] - Epoch 135 step 26100/192: loss 3.014e-01
[21/04/26 07:26:22][src.callback.progress][INFO] - Epoch 135: v_recons 3.249e-01  recons 2.594e-01  v_loss 5.111e-01  loss 2.969e-01  v_latent 8.766e-01  latent 6.598e-01  v_kl 3.966e+01  kl 2.335e+01  v_contrastive 1.858e+00  contrastive 3.728e-01  v_t2m/len 1530  v_t2m/R01 20.59%  v_t2m/R02 26.34%  v_t2m/R03 33.27%  v_t2m/R05 41.95%  v_t2m/R10 55.61%  v_t2m/MedR 8.0%  v_m2t/len 1530  v_m2t/R01 21.04%  v_m2t/R02 23.98%  v_m2t/R03 31.7%  v_m2t/R05 39.27%  v_m2t/R10 51.9%  v_m2t/MedR 10.0%
[21/04/26 07:26:35][src.callback.progress][INFO] - Epoch 136 step 26150/192: loss 2.907e-01
[21/04/26 07:26:45][src.callback.progress][INFO] - Epoch 136 step 26200/192: loss 2.926e-01
[21/04/26 07:26:55][src.callback.progress][INFO] - Epoch 136 step 26250/192: loss 2.908e-01
[21/04/26 07:27:06][src.callback.progress][INFO] - Epoch 136 step 26300/192: loss 3.178e-01
[21/04/26 07:27:08][src.callback.progress][INFO] - Epoch 136: v_recons 3.245e-01  recons 2.595e-01  v_loss 5.156e-01  loss 2.965e-01  v_latent 8.859e-01  latent 6.601e-01  v_kl 4.016e+01  kl 2.343e+01  v_contrastive 1.907e+00  contrastive 3.678e-01  v_t2m/len 1530  v_t2m/R01 20.32%  v_t2m/R02 27.19%  v_t2m/R03 33.45%  v_t2m/R05 42.68%  v_t2m/R10 55.09%  v_t2m/MedR 8.0%  v_m2t/len 1530  v_m2t/R01 19.54%  v_m2t/R02 23.2%  v_m2t/R03 32.09%  v_m2t/R05 40.33%  v_m2t/R10 50.65%  v_m2t/MedR 10.0%
[21/04/26 07:27:23][src.callback.progress][INFO] - Epoch 137 step 26350/192: loss 2.792e-01
[21/04/26 07:27:33][src.callback.progress][INFO] - Epoch 137 step 26400/192: loss 3.150e-01
[21/04/26 07:27:43][src.callback.progress][INFO] - Epoch 137 step 26450/192: loss 3.197e-01
[21/04/26 07:27:54][src.callback.progress][INFO] - Epoch 137: v_recons 3.236e-01  recons 2.590e-01  v_loss 5.127e-01  loss 2.957e-01  v_latent 8.875e-01  latent 6.611e-01  v_kl 4.052e+01  kl 2.368e+01  v_contrastive 1.887e+00  contrastive 3.647e-01  v_t2m/len 1530  v_t2m/R01 18.76%  v_t2m/R02 25.36%  v_t2m/R03 32.29%  v_t2m/R05 41.11%  v_t2m/R10 53.99%  v_t2m/MedR 8.5%  v_m2t/len 1530  v_m2t/R01 20.59%  v_m2t/R02 23.72%  v_m2t/R03 31.76%  v_m2t/R05 39.4%  v_m2t/R10 49.86%  v_m2t/MedR 11.0%
[21/04/26 07:28:00][src.callback.progress][INFO] - Epoch 138 step 26500/192: loss 2.749e-01
[21/04/26 07:28:10][src.callback.progress][INFO] - Epoch 138 step 26550/192: loss 3.114e-01
[21/04/26 07:28:20][src.callback.progress][INFO] - Epoch 138 step 26600/192: loss 3.047e-01
[21/04/26 07:28:31][src.callback.progress][INFO] - Epoch 138 step 26650/192: loss 3.335e-01
[21/04/26 07:28:40][src.callback.progress][INFO] - Epoch 138: v_recons 3.250e-01  recons 2.587e-01  v_loss 5.122e-01  loss 2.956e-01  v_latent 8.787e-01  latent 6.606e-01  v_kl 3.938e+01  kl 2.368e+01  v_contrastive 1.868e+00  contrastive 3.670e-01  v_t2m/len 1530  v_t2m/R01 19.07%  v_t2m/R02 24.57%  v_t2m/R03 32.09%  v_t2m/R05 41.43%  v_t2m/R10 54.63%  v_t2m/MedR 8.0%  v_m2t/len 1530  v_m2t/R01 20.71%  v_m2t/R02 23.79%  v_m2t/R03 31.44%  v_m2t/R05 40.2%  v_m2t/R10 50.2%  v_m2t/MedR 10.0%
[21/04/26 07:28:48][src.callback.progress][INFO] - Epoch 139 step 26700/192: loss 3.049e-01
[21/04/26 07:28:58][src.callback.progress][INFO] - Epoch 139 step 26750/192: loss 2.943e-01
[21/04/26 07:29:08][src.callback.progress][INFO] - Epoch 139 step 26800/192: loss 3.282e-01
[21/04/26 07:29:18][src.callback.progress][INFO] - Epoch 139 step 26850/192: loss 2.629e-01
[21/04/26 07:29:26][src.callback.progress][INFO] - Epoch 139: v_recons 3.288e-01  recons 2.582e-01  v_loss 5.170e-01  loss 2.953e-01  v_latent 8.854e-01  latent 6.605e-01  v_kl 4.122e+01  kl 2.379e+01  v_contrastive 1.878e+00  contrastive 3.685e-01  v_t2m/len 1530  v_t2m/R01 19.21%  v_t2m/R02 24.84%  v_t2m/R03 31.76%  v_t2m/R05 42.02%  v_t2m/R10 55.41%  v_t2m/MedR 8.0%  v_m2t/len 1530  v_m2t/R01 20.26%  v_m2t/R02 25.36%  v_m2t/R03 32.93%  v_m2t/R05 40.38%  v_m2t/R10 50.59%  v_m2t/MedR 10.0%
[21/04/26 07:29:36][src.callback.progress][INFO] - Epoch 140 step 26900/192: loss 2.734e-01
[21/04/26 07:29:46][src.callback.progress][INFO] - Epoch 140 step 26950/192: loss 2.787e-01
[21/04/26 07:29:56][src.callback.progress][INFO] - Epoch 140 step 27000/192: loss 2.941e-01
[21/04/26 07:30:06][src.callback.progress][INFO] - Epoch 140 step 27050/192: loss 2.865e-01
[21/04/26 07:30:12][src.callback.progress][INFO] - Epoch 140: v_recons 3.247e-01  recons 2.574e-01  v_loss 5.179e-01  loss 2.929e-01  v_latent 8.954e-01  latent 6.572e-01  v_kl 4.175e+01  kl 2.386e+01  v_contrastive 1.928e+00  contrastive 3.529e-01  v_t2m/len 1530  v_t2m/R01 17.84%  v_t2m/R02 24.04%  v_t2m/R03 31.7%  v_t2m/R05 40.59%  v_t2m/R10 54.5%  v_t2m/MedR 9.0%  v_m2t/len 1530  v_m2t/R01 19.07%  v_m2t/R02 22.68%  v_m2t/R03 30.59%  v_m2t/R05 38.81%  v_m2t/R10 50.0%  v_m2t/MedR 10.5%
[21/04/26 07:30:24][src.callback.progress][INFO] - Epoch 141 step 27100/192: loss 2.984e-01
[21/04/26 07:30:34][src.callback.progress][INFO] - Epoch 141 step 27150/192: loss 2.848e-01
[21/04/26 07:30:44][src.callback.progress][INFO] - Epoch 141 step 27200/192: loss 2.812e-01
[21/04/26 07:30:54][src.callback.progress][INFO] - Epoch 141 step 27250/192: loss 3.052e-01
[21/04/26 07:30:59][src.callback.progress][INFO] - Epoch 141: v_recons 3.261e-01  recons 2.571e-01  v_loss 5.148e-01  loss 2.930e-01  v_latent 8.913e-01  latent 6.598e-01  v_kl 4.157e+01  kl 2.414e+01  v_contrastive 1.883e+00  contrastive 3.567e-01  v_t2m/len 1530  v_t2m/R01 18.37%  v_t2m/R02 24.96%  v_t2m/R03 32.75%  v_t2m/R05 41.24%  v_t2m/R10 54.18%  v_t2m/MedR 9.0%  v_m2t/len 1530  v_m2t/R01 19.61%  v_m2t/R02 22.54%  v_m2t/R03 31.18%  v_m2t/R05 38.81%  v_m2t/R10 50.45%  v_m2t/MedR 10.0%
[21/04/26 07:31:12][src.callback.progress][INFO] - Epoch 142 step 27300/192: loss 2.752e-01
[21/04/26 07:31:22][src.callback.progress][INFO] - Epoch 142 step 27350/192: loss 2.920e-01
[21/04/26 07:31:32][src.callback.progress][INFO] - Epoch 142 step 27400/192: loss 2.951e-01
[21/04/26 07:31:42][src.callback.progress][INFO] - Epoch 142 step 27450/192: loss 3.115e-01
[21/04/26 07:31:45][src.callback.progress][INFO] - Epoch 142: v_recons 3.268e-01  recons 2.569e-01  v_loss 5.163e-01  loss 2.922e-01  v_latent 8.932e-01  latent 6.580e-01  v_kl 4.201e+01  kl 2.418e+01  v_contrastive 1.891e+00  contrastive 3.511e-01  v_t2m/len 1530  v_t2m/R01 18.76%  v_t2m/R02 25.55%  v_t2m/R03 32.68%  v_t2m/R05 40.77%  v_t2m/R10 53.79%  v_t2m/MedR 9.0%  v_m2t/len 1530  v_m2t/R01 20.45%  v_m2t/R02 23.92%  v_m2t/R03 32.47%  v_m2t/R05 39.66%  v_m2t/R10 50.59%  v_m2t/MedR 10.0%
[21/04/26 07:32:00][src.callback.progress][INFO] - Epoch 143 step 27500/192: loss 2.769e-01
[21/04/26 07:32:10][src.callback.progress][INFO] - Epoch 143 step 27550/192: loss 3.004e-01
[21/04/26 07:32:20][src.callback.progress][INFO] - Epoch 143 step 27600/192: loss 3.295e-01
[21/04/26 07:32:32][src.callback.progress][INFO] - Epoch 143: v_recons 3.270e-01  recons 2.564e-01  v_loss 5.162e-01  loss 2.920e-01  v_latent 8.935e-01  latent 6.588e-01  v_kl 4.237e+01  kl 2.431e+01  v_contrastive 1.888e+00  contrastive 3.536e-01  v_t2m/len 1530  v_t2m/R01 18.37%  v_t2m/R02 25.22%  v_t2m/R03 31.89%  v_t2m/R05 42.22%  v_t2m/R10 55.15%  v_t2m/MedR 8.0%  v_m2t/len 1530  v_m2t/R01 20.92%  v_m2t/R02 24.37%  v_m2t/R03 31.3%  v_m2t/R05 38.81%  v_m2t/R10 51.24%  v_m2t/MedR 9.0%
[21/04/26 07:32:37][src.callback.progress][INFO] - Epoch 144 step 27650/192: loss 3.072e-01
[21/04/26 07:32:48][src.callback.progress][INFO] - Epoch 144 step 27700/192: loss 2.995e-01
[21/04/26 07:32:58][src.callback.progress][INFO] - Epoch 144 step 27750/192: loss 2.837e-01
[21/04/26 07:33:08][src.callback.progress][INFO] - Epoch 144 step 27800/192: loss 3.036e-01
[21/04/26 07:33:18][src.callback.progress][INFO] - Epoch 144: v_recons 3.240e-01  recons 2.557e-01  v_loss 5.115e-01  loss 2.912e-01  v_latent 8.919e-01  latent 6.587e-01  v_kl 4.221e+01  kl 2.439e+01  v_contrastive 1.871e+00  contrastive 3.528e-01  v_t2m/len 1530  v_t2m/R01 19.14%  v_t2m/R02 25.69%  v_t2m/R03 32.34%  v_t2m/R05 40.91%  v_t2m/R10 53.59%  v_t2m/MedR 9.0%  v_m2t/len 1530  v_m2t/R01 19.61%  v_m2t/R02 23.2%  v_m2t/R03 30.92%  v_m2t/R05 39.74%  v_m2t/R10 50.77%  v_m2t/MedR 10.0%
[21/04/26 07:33:26][src.callback.progress][INFO] - Epoch 145 step 27850/192: loss 2.702e-01
[21/04/26 07:33:36][src.callback.progress][INFO] - Epoch 145 step 27900/192: loss 2.918e-01
[21/04/26 07:33:46][src.callback.progress][INFO] - Epoch 145 step 27950/192: loss 2.917e-01
[21/04/26 07:33:56][src.callback.progress][INFO] - Epoch 145 step 28000/192: loss 2.967e-01
[21/04/26 07:34:04][src.callback.progress][INFO] - Epoch 145: v_recons 3.251e-01  recons 2.559e-01  v_loss 5.136e-01  loss 2.909e-01  v_latent 8.941e-01  latent 6.593e-01  v_kl 4.233e+01  kl 2.460e+01  v_contrastive 1.880e+00  contrastive 3.480e-01  v_t2m/len 1530  v_t2m/R01 19.28%  v_t2m/R02 26.46%  v_t2m/R03 33.52%  v_t2m/R05 40.91%  v_t2m/R10 54.9%  v_t2m/MedR 8.0%  v_m2t/len 1530  v_m2t/R01 20.0%  v_m2t/R02 23.65%  v_m2t/R03 31.95%  v_m2t/R05 40.77%  v_m2t/R10 51.18%  v_m2t/MedR 10.0%
[21/04/26 07:34:13][src.callback.progress][INFO] - Epoch 146 step 28050/192: loss 2.903e-01
[21/04/26 07:34:24][src.callback.progress][INFO] - Epoch 146 step 28100/192: loss 2.778e-01
[21/04/26 07:34:34][src.callback.progress][INFO] - Epoch 146 step 28150/192: loss 2.830e-01
[21/04/26 07:34:44][src.callback.progress][INFO] - Epoch 146 step 28200/192: loss 3.067e-01
[21/04/26 07:34:51][src.callback.progress][INFO] - Epoch 146: v_recons 3.256e-01  recons 2.551e-01  v_loss 5.170e-01  loss 2.899e-01  v_latent 8.995e-01  latent 6.578e-01  v_kl 4.288e+01  kl 2.460e+01  v_contrastive 1.910e+00  contrastive 3.459e-01  v_t2m/len 1530  v_t2m/R01 20.38%  v_t2m/R02 25.22%  v_t2m/R03 32.81%  v_t2m/R05 41.18%  v_t2m/R10 53.33%  v_t2m/MedR 9.0%  v_m2t/len 1530  v_m2t/R01 20.71%  v_m2t/R02 24.63%  v_m2t/R03 32.88%  v_m2t/R05 40.38%  v_m2t/R10 51.75%  v_m2t/MedR 9.0%
[21/04/26 07:35:01][src.callback.progress][INFO] - Epoch 147 step 28250/192: loss 2.811e-01
[21/04/26 07:35:11][src.callback.progress][INFO] - Epoch 147 step 28300/192: loss 2.921e-01
[21/04/26 07:35:22][src.callback.progress][INFO] - Epoch 147 step 28350/192: loss 2.808e-01
[21/04/26 07:35:32][src.callback.progress][INFO] - Epoch 147 step 28400/192: loss 2.954e-01
[21/04/26 07:35:37][src.callback.progress][INFO] - Epoch 147: v_recons 3.264e-01  recons 2.549e-01  v_loss 5.134e-01  loss 2.895e-01  v_latent 8.984e-01  latent 6.591e-01  v_kl 4.293e+01  kl 2.478e+01  v_contrastive 1.865e+00  contrastive 3.442e-01  v_t2m/len 1530  v_t2m/R01 20.0%  v_t2m/R02 25.1%  v_t2m/R03 31.11%  v_t2m/R05 41.04%  v_t2m/R10 53.52%  v_t2m/MedR 9.0%  v_m2t/len 1530  v_m2t/R01 21.5%  v_m2t/R02 25.15%  v_m2t/R03 32.81%  v_m2t/R05 40.0%  v_m2t/R10 50.91%  v_m2t/MedR 10.0%
[21/04/26 07:35:49][src.callback.progress][INFO] - Epoch 148 step 28450/192: loss 2.925e-01
[21/04/26 07:36:00][src.callback.progress][INFO] - Epoch 148 step 28500/192: loss 2.634e-01
[21/04/26 07:36:10][src.callback.progress][INFO] - Epoch 148 step 28550/192: loss 2.974e-01
[21/04/26 07:36:20][src.callback.progress][INFO] - Epoch 148 step 28600/192: loss 3.183e-01
[21/04/26 07:36:24][src.callback.progress][INFO] - Epoch 148: v_recons 3.313e-01  recons 2.542e-01  v_loss 5.220e-01  loss 2.887e-01  v_latent 9.046e-01  latent 6.583e-01  v_kl 4.361e+01  kl 2.488e+01  v_contrastive 1.903e+00  contrastive 3.416e-01  v_t2m/len 1530  v_t2m/R01 18.43%  v_t2m/R02 25.48%  v_t2m/R03 31.89%  v_t2m/R05 40.84%  v_t2m/R10 52.93%  v_t2m/MedR 9.0%  v_m2t/len 1530  v_m2t/R01 19.79%  v_m2t/R02 23.53%  v_m2t/R03 30.92%  v_m2t/R05 38.88%  v_m2t/R10 51.31%  v_m2t/MedR 9.0%
[21/04/26 07:36:38][src.callback.progress][INFO] - Epoch 149 step 28650/192: loss 3.220e-01
[21/04/26 07:36:48][src.callback.progress][INFO] - Epoch 149 step 28700/192: loss 2.947e-01
[21/04/26 07:36:58][src.callback.progress][INFO] - Epoch 149 step 28750/192: loss 2.996e-01
[21/04/26 07:37:08][src.callback.progress][INFO] - Epoch 149 step 28800/192: loss 2.308e-01
[21/04/26 07:37:10][src.callback.progress][INFO] - Epoch 149: v_recons 3.244e-01  recons 2.538e-01  v_loss 5.135e-01  loss 2.879e-01  v_latent 9.033e-01  latent 6.594e-01  v_kl 4.366e+01  kl 2.484e+01  v_contrastive 1.886e+00  contrastive 3.387e-01  v_t2m/len 1530  v_t2m/R01 20.2%  v_t2m/R02 25.62%  v_t2m/R03 33.2%  v_t2m/R05 41.56%  v_t2m/R10 55.09%  v_t2m/MedR 8.0%  v_m2t/len 1530  v_m2t/R01 21.23%  v_m2t/R02 24.96%  v_m2t/R03 31.04%  v_m2t/R05 39.15%  v_m2t/R10 50.84%  v_m2t/MedR 10.0%
[21/04/26 07:37:25][src.callback.progress][INFO] - Epoch 150 step 28850/192: loss 2.711e-01
[21/04/26 07:37:36][src.callback.progress][INFO] - Epoch 150 step 28900/192: loss 2.855e-01
[21/04/26 07:37:46][src.callback.progress][INFO] - Epoch 150 step 28950/192: loss 2.879e-01
[21/04/26 07:37:56][src.callback.progress][INFO] - Epoch 150: v_recons 3.289e-01  recons 2.532e-01  v_loss 5.227e-01  loss 2.867e-01  v_latent 9.065e-01  latent 6.576e-01  v_kl 4.377e+01  kl 2.489e+01  v_contrastive 1.933e+00  contrastive 3.331e-01  v_t2m/len 1530  v_t2m/R01 19.02%  v_t2m/R02 24.18%  v_t2m/R03 31.56%  v_t2m/R05 40.0%  v_t2m/R10 53.0%  v_t2m/MedR 9.0%  v_m2t/len 1530  v_m2t/R01 20.32%  v_m2t/R02 24.3%  v_m2t/R03 31.89%  v_m2t/R05 39.08%  v_m2t/R10 49.22%  v_m2t/MedR 11.0%
[21/04/26 07:38:03][src.callback.progress][INFO] - Epoch 151 step 29000/192: loss 2.832e-01
[21/04/26 07:38:13][src.callback.progress][INFO] - Epoch 151 step 29050/192: loss 2.811e-01
[21/04/26 07:38:23][src.callback.progress][INFO] - Epoch 151 step 29100/192: loss 2.928e-01
[21/04/26 07:38:34][src.callback.progress][INFO] - Epoch 151 step 29150/192: loss 2.924e-01
[21/04/26 07:38:42][src.callback.progress][INFO] - Epoch 151: v_recons 3.278e-01  recons 2.519e-01  v_loss 5.193e-01  loss 2.852e-01  v_latent 9.085e-01  latent 6.554e-01  v_kl 4.473e+01  kl 2.483e+01  v_contrastive 1.910e+00  contrastive 3.308e-01  v_t2m/len 1530  v_t2m/R01 19.28%  v_t2m/R02 25.95%  v_t2m/R03 31.5%  v_t2m/R05 40.33%  v_t2m/R10 53.79%  v_t2m/MedR 9.0%  v_m2t/len 1530  v_m2t/R01 21.44%  v_m2t/R02 24.7%  v_m2t/R03 31.5%  v_m2t/R05 38.88%  v_m2t/R10 50.25%  v_m2t/MedR 10.0%
[21/04/26 07:38:51][src.callback.progress][INFO] - Epoch 152 step 29200/192: loss 2.557e-01
[21/04/26 07:39:01][src.callback.progress][INFO] - Epoch 152 step 29250/192: loss 3.227e-01
[21/04/26 07:39:11][src.callback.progress][INFO] - Epoch 152 step 29300/192: loss 2.581e-01
[21/04/26 07:39:21][src.callback.progress][INFO] - Epoch 152 step 29350/192: loss 2.953e-01
[21/04/26 07:39:28][src.callback.progress][INFO] - Epoch 152: v_recons 3.254e-01  recons 2.525e-01  v_loss 5.156e-01  loss 2.864e-01  v_latent 9.069e-01  latent 6.585e-01  v_kl 4.447e+01  kl 2.528e+01  v_contrastive 1.898e+00  contrastive 3.359e-01  v_t2m/len 1530  v_t2m/R01 19.47%  v_t2m/R02 25.69%  v_t2m/R03 32.09%  v_t2m/R05 41.24%  v_t2m/R10 53.65%  v_t2m/MedR 9.0%  v_m2t/len 1530  v_m2t/R01 21.18%  v_m2t/R02 24.44%  v_m2t/R03 31.95%  v_m2t/R05 38.75%  v_m2t/R10 50.06%  v_m2t/MedR 10.0%
[21/04/26 07:39:38][src.callback.progress][INFO] - Epoch 153 step 29400/192: loss 2.861e-01
[21/04/26 07:39:49][src.callback.progress][INFO] - Epoch 153 step 29450/192: loss 2.672e-01
[21/04/26 07:39:59][src.callback.progress][INFO] - Epoch 153 step 29500/192: loss 2.800e-01
[21/04/26 07:40:09][src.callback.progress][INFO] - Epoch 153 step 29550/192: loss 3.073e-01
[21/04/26 07:40:14][src.callback.progress][INFO] - Epoch 153: v_recons 3.305e-01  recons 2.517e-01  v_loss 5.200e-01  loss 2.845e-01  v_latent 9.099e-01  latent 6.564e-01  v_kl 4.439e+01  kl 2.503e+01  v_contrastive 1.890e+00  contrastive 3.253e-01  v_t2m/len 1530  v_t2m/R01 19.21%  v_t2m/R02 25.81%  v_t2m/R03 33.33%  v_t2m/R05 40.77%  v_t2m/R10 52.34%  v_t2m/MedR 9.0%  v_m2t/len 1530  v_m2t/R01 19.4%  v_m2t/R02 23.72%  v_m2t/R03 32.15%  v_m2t/R05 39.74%  v_m2t/R10 51.24%  v_m2t/MedR 10.0%
[21/04/26 07:40:26][src.callback.progress][INFO] - Epoch 154 step 29600/192: loss 3.184e-01
[21/04/26 07:40:37][src.callback.progress][INFO] - Epoch 154 step 29650/192: loss 2.632e-01
[21/04/26 07:40:47][src.callback.progress][INFO] - Epoch 154 step 29700/192: loss 2.862e-01
[21/04/26 07:40:57][src.callback.progress][INFO] - Epoch 154 step 29750/192: loss 2.912e-01
[21/04/26 07:41:01][src.callback.progress][INFO] - Epoch 154: v_recons 3.277e-01  recons 2.515e-01  v_loss 5.187e-01  loss 2.848e-01  v_latent 9.119e-01  latent 6.588e-01  v_kl 4.435e+01  kl 2.539e+01  v_contrastive 1.905e+00  contrastive 3.307e-01  v_t2m/len 1530  v_t2m/R01 19.02%  v_t2m/R02 25.29%  v_t2m/R03 32.34%  v_t2m/R05 40.65%  v_t2m/R10 54.11%  v_t2m/MedR 8.0%  v_m2t/len 1530  v_m2t/R01 20.32%  v_m2t/R02 23.92%  v_m2t/R03 31.62%  v_m2t/R05 39.27%  v_m2t/R10 51.5%  v_m2t/MedR 10.0%
[21/04/26 07:41:14][src.callback.progress][INFO] - Epoch 155 step 29800/192: loss 2.363e-01
[21/04/26 07:41:24][src.callback.progress][INFO] - Epoch 155 step 29850/192: loss 2.634e-01
[21/04/26 07:41:35][src.callback.progress][INFO] - Epoch 155 step 29900/192: loss 3.208e-01
[21/04/26 07:41:45][src.callback.progress][INFO] - Epoch 155 step 29950/192: loss 2.556e-01
[21/04/26 07:41:47][src.callback.progress][INFO] - Epoch 155: v_recons 3.281e-01  recons 2.516e-01  v_loss 5.175e-01  loss 2.838e-01  v_latent 9.110e-01  latent 6.583e-01  v_kl 4.390e+01  kl 2.536e+01  v_contrastive 1.889e+00  contrastive 3.201e-01  v_t2m/len 1530  v_t2m/R01 20.32%  v_t2m/R02 25.62%  v_t2m/R03 32.81%  v_t2m/R05 41.56%  v_t2m/R10 53.79%  v_t2m/MedR 9.0%  v_m2t/len 1530  v_m2t/R01 19.35%  v_m2t/R02 23.45%  v_m2t/R03 31.3%  v_m2t/R05 37.77%  v_m2t/R10 49.86%  v_m2t/MedR 11.0%
[21/04/26 07:42:02][src.callback.progress][INFO] - Epoch 156 step 30000/192: loss 2.686e-01
[21/04/26 07:42:12][src.callback.progress][INFO] - Epoch 156 step 30050/192: loss 2.507e-01
[21/04/26 07:42:23][src.callback.progress][INFO] - Epoch 156 step 30100/192: loss 2.763e-01
[21/04/26 07:42:33][src.callback.progress][INFO] - Epoch 156: v_recons 3.279e-01  recons 2.503e-01  v_loss 5.156e-01  loss 2.822e-01  v_latent 9.072e-01  latent 6.565e-01  v_kl 4.479e+01  kl 2.530e+01  v_contrastive 1.872e+00  contrastive 3.163e-01  v_t2m/len 1530  v_t2m/R01 19.54%  v_t2m/R02 26.98%  v_t2m/R03 34.04%  v_t2m/R05 41.9%  v_t2m/R10 55.09%  v_t2m/MedR 8.0%  v_m2t/len 1530  v_m2t/R01 19.35%  v_m2t/R02 23.2%  v_m2t/R03 31.23%  v_m2t/R05 40.13%  v_m2t/R10 50.25%  v_m2t/MedR 10.0%
[21/04/26 07:42:41][src.callback.progress][INFO] - Epoch 157 step 30150/192: loss 2.694e-01
[21/04/26 07:42:51][src.callback.progress][INFO] - Epoch 157 step 30200/192: loss 2.581e-01
[21/04/26 07:43:02][src.callback.progress][INFO] - Epoch 157 step 30250/192: loss 2.813e-01
[21/04/26 07:43:13][src.callback.progress][INFO] - Epoch 157 step 30300/192: loss 2.932e-01
[21/04/26 07:43:22][src.callback.progress][INFO] - Epoch 157: v_recons 3.266e-01  recons 2.498e-01  v_loss 5.161e-01  loss 2.821e-01  v_latent 9.095e-01  latent 6.569e-01  v_kl 4.476e+01  kl 2.555e+01  v_contrastive 1.890e+00  contrastive 3.201e-01  v_t2m/len 1530  v_t2m/R01 18.04%  v_t2m/R02 26.07%  v_t2m/R03 32.81%  v_t2m/R05 41.11%  v_t2m/R10 53.4%  v_t2m/MedR 9.0%  v_m2t/len 1530  v_m2t/R01 20.38%  v_m2t/R02 23.45%  v_m2t/R03 31.95%  v_m2t/R05 40.25%  v_m2t/R10 50.45%  v_m2t/MedR 10.0%
[21/04/26 07:43:30][src.callback.progress][INFO] - Epoch 158 step 30350/192: loss 2.651e-01
[21/04/26 07:43:41][src.callback.progress][INFO] - Epoch 158 step 30400/192: loss 3.117e-01
[21/04/26 07:43:51][src.callback.progress][INFO] - Epoch 158 step 30450/192: loss 3.080e-01
[21/04/26 07:44:02][src.callback.progress][INFO] - Epoch 158 step 30500/192: loss 2.834e-01
[21/04/26 07:44:10][src.callback.progress][INFO] - Epoch 158: v_recons 3.271e-01  recons 2.495e-01  v_loss 5.164e-01  loss 2.815e-01  v_latent 9.160e-01  latent 6.564e-01  v_kl 4.505e+01  kl 2.570e+01  v_contrastive 1.888e+00  contrastive 3.174e-01  v_t2m/len 1530  v_t2m/R01 19.47%  v_t2m/R02 25.95%  v_t2m/R03 32.02%  v_t2m/R05 40.59%  v_t2m/R10 53.06%  v_t2m/MedR 9.0%  v_m2t/len 1530  v_m2t/R01 20.2%  v_m2t/R02 23.59%  v_m2t/R03 31.7%  v_m2t/R05 39.34%  v_m2t/R10 52.15%  v_m2t/MedR 9.0%
[21/04/26 07:44:20][src.callback.progress][INFO] - Epoch 159 step 30550/192: loss 3.150e-01
[21/04/26 07:44:30][src.callback.progress][INFO] - Epoch 159 step 30600/192: loss 2.685e-01
[21/04/26 07:44:41][src.callback.progress][INFO] - Epoch 159 step 30650/192: loss 2.944e-01
[21/04/26 07:44:51][src.callback.progress][INFO] - Epoch 159 step 30700/192: loss 2.589e-01
[21/04/26 07:44:58][src.callback.progress][INFO] - Epoch 159: v_recons 3.288e-01  recons 2.489e-01  v_loss 5.183e-01  loss 2.803e-01  v_latent 9.185e-01  latent 6.566e-01  v_kl 4.623e+01  kl 2.563e+01  v_contrastive 1.890e+00  contrastive 3.120e-01  v_t2m/len 1530  v_t2m/R01 19.02%  v_t2m/R02 26.2%  v_t2m/R03 32.75%  v_t2m/R05 40.77%  v_t2m/R10 53.06%  v_t2m/MedR 9.0%  v_m2t/len 1530  v_m2t/R01 19.4%  v_m2t/R02 23.06%  v_m2t/R03 32.34%  v_m2t/R05 39.79%  v_m2t/R10 50.38%  v_m2t/MedR 10.0%
[21/04/26 07:45:09][src.callback.progress][INFO] - Epoch 160 step 30750/192: loss 2.840e-01
[21/04/26 07:45:20][src.callback.progress][INFO] - Epoch 160 step 30800/192: loss 2.740e-01
[21/04/26 07:45:30][src.callback.progress][INFO] - Epoch 160 step 30850/192: loss 2.851e-01
[21/04/26 07:45:41][src.callback.progress][INFO] - Epoch 160 step 30900/192: loss 2.885e-01
[21/04/26 07:45:45][src.callback.progress][INFO] - Epoch 160: v_recons 3.282e-01  recons 2.490e-01  v_loss 5.161e-01  loss 2.810e-01  v_latent 9.143e-01  latent 6.583e-01  v_kl 4.606e+01  kl 2.590e+01  v_contrastive 1.874e+00  contrastive 3.169e-01  v_t2m/len 1530  v_t2m/R01 17.84%  v_t2m/R02 24.7%  v_t2m/R03 31.44%  v_t2m/R05 40.91%  v_t2m/R10 54.63%  v_t2m/MedR 8.0%  v_m2t/len 1530  v_m2t/R01 19.93%  v_m2t/R02 23.39%  v_m2t/R03 31.7%  v_m2t/R05 40.38%  v_m2t/R10 52.02%  v_m2t/MedR 9.0%
[21/04/26 07:45:59][src.callback.progress][INFO] - Epoch 161 step 30950/192: loss 3.002e-01
[21/04/26 07:46:10][src.callback.progress][INFO] - Epoch 161 step 31000/192: loss 2.747e-01
[21/04/26 07:46:20][src.callback.progress][INFO] - Epoch 161 step 31050/192: loss 2.029e-01
[21/04/26 07:46:31][src.callback.progress][INFO] - Epoch 161 step 31100/192: loss 2.857e-01
[21/04/26 07:46:34][src.callback.progress][INFO] - Epoch 161: v_recons 3.275e-01  recons 2.486e-01  v_loss 5.188e-01  loss 2.801e-01  v_latent 9.140e-01  latent 6.574e-01  v_kl 4.635e+01  kl 2.602e+01  v_contrastive 1.908e+00  contrastive 3.126e-01  v_t2m/len 1530  v_t2m/R01 20.45%  v_t2m/R02 26.46%  v_t2m/R03 33.4%  v_t2m/R05 41.83%  v_t2m/R10 53.52%  v_t2m/MedR 9.0%  v_m2t/len 1530  v_m2t/R01 19.67%  v_m2t/R02 23.2%  v_m2t/R03 31.5%  v_m2t/R05 39.86%  v_m2t/R10 52.34%  v_m2t/MedR 9.0%
[21/04/26 07:46:49][src.callback.progress][INFO] - Epoch 162 step 31150/192: loss 2.694e-01
[21/04/26 07:47:00][src.callback.progress][INFO] - Epoch 162 step 31200/192: loss 2.619e-01
[21/04/26 07:47:10][src.callback.progress][INFO] - Epoch 162 step 31250/192: loss 2.853e-01
[21/04/26 07:47:22][src.callback.progress][INFO] - Epoch 162: v_recons 3.275e-01  recons 2.481e-01  v_loss 5.192e-01  loss 2.801e-01  v_latent 9.230e-01  latent 6.590e-01  v_kl 4.631e+01  kl 2.604e+01  v_contrastive 1.913e+00  contrastive 3.164e-01  v_t2m/len 1530  v_t2m/R01 19.21%  v_t2m/R02 26.01%  v_t2m/R03 33.0%  v_t2m/R05 41.75%  v_t2m/R10 54.25%  v_t2m/MedR 8.0%  v_m2t/len 1530  v_m2t/R01 20.0%  v_m2t/R02 23.59%  v_m2t/R03 31.3%  v_m2t/R05 39.74%  v_m2t/R10 50.77%  v_m2t/MedR 10.0%
[21/04/26 07:47:28][src.callback.progress][INFO] - Epoch 163 step 31300/192: loss 2.965e-01
[21/04/26 07:47:39][src.callback.progress][INFO] - Epoch 163 step 31350/192: loss 2.996e-01
[21/04/26 07:47:49][src.callback.progress][INFO] - Epoch 163 step 31400/192: loss 2.749e-01
[21/04/26 07:48:00][src.callback.progress][INFO] - Epoch 163 step 31450/192: loss 2.966e-01
[21/04/26 07:48:10][src.callback.progress][INFO] - Epoch 163: v_recons 3.270e-01  recons 2.481e-01  v_loss 5.189e-01  loss 2.786e-01  v_latent 9.218e-01  latent 6.582e-01  v_kl 4.659e+01  kl 2.607e+01  v_contrastive 1.914e+00  contrastive 3.029e-01  v_t2m/len 1530  v_t2m/R01 18.1%  v_t2m/R02 25.22%  v_t2m/R03 32.88%  v_t2m/R05 40.38%  v_t2m/R10 53.79%  v_t2m/MedR 9.0%  v_m2t/len 1530  v_m2t/R01 20.38%  v_m2t/R02 24.63%  v_m2t/R03 31.82%  v_m2t/R05 39.86%  v_m2t/R10 51.63%  v_m2t/MedR 9.0%
[21/04/26 07:48:18][src.callback.progress][INFO] - Epoch 164 step 31500/192: loss 2.689e-01
[21/04/26 07:48:29][src.callback.progress][INFO] - Epoch 164 step 31550/192: loss 2.556e-01
[21/04/26 07:48:39][src.callback.progress][INFO] - Epoch 164 step 31600/192: loss 2.904e-01
[21/04/26 07:48:50][src.callback.progress][INFO] - Epoch 164 step 31650/192: loss 2.936e-01
[21/04/26 07:48:58][src.callback.progress][INFO] - Epoch 164: v_recons 3.309e-01  recons 2.483e-01  v_loss 5.194e-01  loss 2.801e-01  v_latent 9.205e-01  latent 6.608e-01  v_kl 4.708e+01  kl 2.633e+01  v_contrastive 1.880e+00  contrastive 3.161e-01  v_t2m/len 1530  v_t2m/R01 18.69%  v_t2m/R02 25.1%  v_t2m/R03 31.56%  v_t2m/R05 40.97%  v_t2m/R10 54.97%  v_t2m/MedR 8.0%  v_m2t/len 1530  v_m2t/R01 21.3%  v_m2t/R02 25.1%  v_m2t/R03 33.0%  v_m2t/R05 41.24%  v_m2t/R10 51.18%  v_m2t/MedR 10.0%
[21/04/26 07:49:08][src.callback.progress][INFO] - Epoch 165 step 31700/192: loss 2.731e-01
[21/04/26 07:49:19][src.callback.progress][INFO] - Epoch 165 step 31750/192: loss 2.787e-01
[21/04/26 07:49:29][src.callback.progress][INFO] - Epoch 165 step 31800/192: loss 2.786e-01
[21/04/26 07:49:40][src.callback.progress][INFO] - Epoch 165 step 31850/192: loss 2.587e-01
[21/04/26 07:49:46][src.callback.progress][INFO] - Epoch 165: v_recons 3.282e-01  recons 2.467e-01  v_loss 5.148e-01  loss 2.776e-01  v_latent 9.208e-01  latent 6.583e-01  v_kl 4.637e+01  kl 2.641e+01  v_contrastive 1.861e+00  contrastive 3.065e-01  v_t2m/len 1530  v_t2m/R01 19.79%  v_t2m/R02 25.87%  v_t2m/R03 33.27%  v_t2m/R05 41.9%  v_t2m/R10 54.63%  v_t2m/MedR 8.0%  v_m2t/len 1530  v_m2t/R01 20.26%  v_m2t/R02 23.53%  v_m2t/R03 32.61%  v_m2t/R05 40.06%  v_m2t/R10 51.75%  v_m2t/MedR 9.0%
[21/04/26 07:49:58][src.callback.progress][INFO] - Epoch 166 step 31900/192: loss 2.738e-01
[21/04/26 07:50:08][src.callback.progress][INFO] - Epoch 166 step 31950/192: loss 2.944e-01
[21/04/26 07:50:19][src.callback.progress][INFO] - Epoch 166 step 32000/192: loss 2.866e-01
[21/04/26 07:50:29][src.callback.progress][INFO] - Epoch 166 step 32050/192: loss 3.007e-01
[21/04/26 07:50:34][src.callback.progress][INFO] - Epoch 166: v_recons 3.274e-01  recons 2.461e-01  v_loss 5.151e-01  loss 2.765e-01  v_latent 9.200e-01  latent 6.568e-01  v_kl 4.546e+01  kl 2.627e+01  v_contrastive 1.872e+00  contrastive 3.015e-01  v_t2m/len 1530  v_t2m/R01 17.78%  v_t2m/R02 25.29%  v_t2m/R03 32.81%  v_t2m/R05 41.95%  v_t2m/R10 55.49%  v_t2m/MedR 8.0%  v_m2t/len 1530  v_m2t/R01 20.52%  v_m2t/R02 24.18%  v_m2t/R03 32.75%  v_m2t/R05 40.2%  v_m2t/R10 52.54%  v_m2t/MedR 9.0%
[21/04/26 07:50:46][src.callback.progress][INFO] - Epoch 167 step 32100/192: loss 2.540e-01
[21/04/26 07:50:56][src.callback.progress][INFO] - Epoch 167 step 32150/192: loss 2.440e-01
[21/04/26 07:51:06][src.callback.progress][INFO] - Epoch 167 step 32200/192: loss 2.758e-01
[21/04/26 07:51:17][src.callback.progress][INFO] - Epoch 167 step 32250/192: loss 2.821e-01
[21/04/26 07:51:20][src.callback.progress][INFO] - Epoch 167: v_recons 3.266e-01  recons 2.460e-01  v_loss 5.173e-01  loss 2.763e-01  v_latent 9.250e-01  latent 6.568e-01  v_kl 4.726e+01  kl 2.630e+01  v_contrastive 1.902e+00  contrastive 3.000e-01  v_t2m/len 1530  v_t2m/R01 19.35%  v_t2m/R02 24.7%  v_t2m/R03 30.85%  v_t2m/R05 40.38%  v_t2m/R10 53.72%  v_t2m/MedR 9.0%  v_m2t/len 1530  v_m2t/R01 19.61%  v_m2t/R02 22.8%  v_m2t/R03 31.5%  v_m2t/R05 39.15%  v_m2t/R10 51.43%  v_m2t/MedR 9.0%
[21/04/26 07:51:34][src.callback.progress][INFO] - Epoch 168 step 32300/192: loss 2.695e-01
[21/04/26 07:51:44][src.callback.progress][INFO] - Epoch 168 step 32350/192: loss 3.051e-01
[21/04/26 07:51:54][src.callback.progress][INFO] - Epoch 168 step 32400/192: loss 2.971e-01
[21/04/26 07:52:05][src.callback.progress][INFO] - Epoch 168: v_recons 3.284e-01  recons 2.458e-01  v_loss 5.172e-01  loss 2.760e-01  v_latent 9.317e-01  latent 6.583e-01  v_kl 4.768e+01  kl 2.642e+01  v_contrastive 1.883e+00  contrastive 2.992e-01  v_t2m/len 1530  v_t2m/R01 19.02%  v_t2m/R02 26.01%  v_t2m/R03 32.93%  v_t2m/R05 40.59%  v_t2m/R10 53.33%  v_t2m/MedR 9.0%  v_m2t/len 1530  v_m2t/R01 21.23%  v_m2t/R02 24.44%  v_m2t/R03 33.0%  v_m2t/R05 41.04%  v_m2t/R10 51.36%  v_m2t/MedR 9.0%
[21/04/26 07:52:10][src.callback.progress][INFO] - Epoch 169 step 32450/192: loss 2.870e-01
[21/04/26 07:52:21][src.callback.progress][INFO] - Epoch 169 step 32500/192: loss 2.826e-01
[21/04/26 07:52:31][src.callback.progress][INFO] - Epoch 169 step 32550/192: loss 2.660e-01
[21/04/26 07:52:41][src.callback.progress][INFO] - Epoch 169 step 32600/192: loss 2.686e-01
[21/04/26 07:52:51][src.callback.progress][INFO] - Epoch 169: v_recons 3.299e-01  recons 2.453e-01  v_loss 5.198e-01  loss 2.759e-01  v_latent 9.318e-01  latent 6.608e-01  v_kl 4.824e+01  kl 2.674e+01  v_contrastive 1.894e+00  contrastive 3.024e-01  v_t2m/len 1530  v_t2m/R01 18.5%  v_t2m/R02 25.69%  v_t2m/R03 32.15%  v_t2m/R05 40.2%  v_t2m/R10 52.34%  v_t2m/MedR 10.0%  v_m2t/len 1530  v_m2t/R01 20.92%  v_m2t/R02 24.44%  v_m2t/R03 32.29%  v_m2t/R05 39.66%  v_m2t/R10 50.38%  v_m2t/MedR 10.0%
[21/04/26 07:52:58][src.callback.progress][INFO] - Epoch 170 step 32650/192: loss 2.971e-01
[21/04/26 07:53:08][src.callback.progress][INFO] - Epoch 170 step 32700/192: loss 2.822e-01
[21/04/26 07:53:18][src.callback.progress][INFO] - Epoch 170 step 32750/192: loss 2.451e-01
[21/04/26 07:53:28][src.callback.progress][INFO] - Epoch 170 step 32800/192: loss 2.780e-01
[21/04/26 07:53:36][src.callback.progress][INFO] - Epoch 170: v_recons 3.300e-01  recons 2.449e-01  v_loss 5.166e-01  loss 2.754e-01  v_latent 9.267e-01  latent 6.607e-01  v_kl 4.774e+01  kl 2.674e+01  v_contrastive 1.861e+00  contrastive 3.025e-01  v_t2m/len 1530  v_t2m/R01 18.43%  v_t2m/R02 25.95%  v_t2m/R03 33.33%  v_t2m/R05 42.61%  v_t2m/R10 55.15%  v_t2m/MedR 8.0%  v_m2t/len 1530  v_m2t/R01 20.78%  v_m2t/R02 25.29%  v_m2t/R03 33.33%  v_m2t/R05 40.77%  v_m2t/R10 52.61%  v_m2t/MedR 9.0%
[21/04/26 07:53:45][src.callback.progress][INFO] - Epoch 171 step 32850/192: loss 2.712e-01
[21/04/26 07:53:55][src.callback.progress][INFO] - Epoch 171 step 32900/192: loss 2.727e-01
[21/04/26 07:54:05][src.callback.progress][INFO] - Epoch 171 step 32950/192: loss 2.819e-01
[21/04/26 07:54:15][src.callback.progress][INFO] - Epoch 171 step 33000/192: loss 2.959e-01
[21/04/26 07:54:22][src.callback.progress][INFO] - Epoch 171: v_recons 3.277e-01  recons 2.445e-01  v_loss 5.202e-01  loss 2.744e-01  v_latent 9.363e-01  latent 6.592e-01  v_kl 4.851e+01  kl 2.703e+01  v_contrastive 1.920e+00  contrastive 2.960e-01  v_t2m/len 1530  v_t2m/R01 19.07%  v_t2m/R02 25.69%  v_t2m/R03 32.61%  v_t2m/R05 41.75%  v_t2m/R10 53.45%  v_t2m/MedR 9.0%  v_m2t/len 1530  v_m2t/R01 19.61%  v_m2t/R02 23.39%  v_m2t/R03 31.56%  v_m2t/R05 39.54%  v_m2t/R10 51.31%  v_m2t/MedR 9.0%
[21/04/26 07:54:32][src.callback.progress][INFO] - Epoch 172 step 33050/192: loss 2.764e-01
[21/04/26 07:54:42][src.callback.progress][INFO] - Epoch 172 step 33100/192: loss 2.399e-01
[21/04/26 07:54:52][src.callback.progress][INFO] - Epoch 172 step 33150/192: loss 2.652e-01
[21/04/26 07:55:02][src.callback.progress][INFO] - Epoch 172 step 33200/192: loss 2.884e-01
[21/04/26 07:55:07][src.callback.progress][INFO] - Epoch 172: v_recons 3.283e-01  recons 2.440e-01  v_loss 5.194e-01  loss 2.738e-01  v_latent 9.376e-01  latent 6.594e-01  v_kl 4.866e+01  kl 2.691e+01  v_contrastive 1.906e+00  contrastive 2.962e-01  v_t2m/len 1530  v_t2m/R01 19.14%  v_t2m/R02 25.03%  v_t2m/R03 32.54%  v_t2m/R05 40.84%  v_t2m/R10 53.99%  v_t2m/MedR 9.0%  v_m2t/len 1530  v_m2t/R01 19.73%  v_m2t/R02 22.94%  v_m2t/R03 30.97%  v_m2t/R05 37.9%  v_m2t/R10 50.52%  v_m2t/MedR 10.0%
[21/04/26 07:55:19][src.callback.progress][INFO] - Epoch 173 step 33250/192: loss 2.667e-01
[21/04/26 07:55:29][src.callback.progress][INFO] - Epoch 173 step 33300/192: loss 2.711e-01
[21/04/26 07:55:39][src.callback.progress][INFO] - Epoch 173 step 33350/192: loss 2.835e-01
[21/04/26 07:55:50][src.callback.progress][INFO] - Epoch 173 step 33400/192: loss 2.758e-01
[21/04/26 07:55:53][src.callback.progress][INFO] - Epoch 173: v_recons 3.300e-01  recons 2.434e-01  v_loss 5.213e-01  loss 2.731e-01  v_latent 9.365e-01  latent 6.595e-01  v_kl 4.893e+01  kl 2.699e+01  v_contrastive 1.908e+00  contrastive 2.940e-01  v_t2m/len 1530  v_t2m/R01 19.21%  v_t2m/R02 24.44%  v_t2m/R03 31.3%  v_t2m/R05 39.79%  v_t2m/R10 53.65%  v_t2m/MedR 9.0%  v_m2t/len 1530  v_m2t/R01 19.67%  v_m2t/R02 23.72%  v_m2t/R03 32.09%  v_m2t/R05 39.93%  v_m2t/R10 50.06%  v_m2t/MedR 10.0%
[21/04/26 07:56:06][src.callback.progress][INFO] - Epoch 174 step 33450/192: loss 2.826e-01
[21/04/26 07:56:17][src.callback.progress][INFO] - Epoch 174 step 33500/192: loss 2.400e-01
[21/04/26 07:56:27][src.callback.progress][INFO] - Epoch 174 step 33550/192: loss 2.454e-01
[21/04/26 07:56:37][src.callback.progress][INFO] - Epoch 174 step 33600/192: loss 3.331e-01
[21/04/26 07:56:39][src.callback.progress][INFO] - Epoch 174: v_recons 3.306e-01  recons 2.433e-01  v_loss 5.196e-01  loss 2.723e-01  v_latent 9.357e-01  latent 6.585e-01  v_kl 4.781e+01  kl 2.693e+01  v_contrastive 1.885e+00  contrastive 2.875e-01  v_t2m/len 1530  v_t2m/R01 18.95%  v_t2m/R02 24.63%  v_t2m/R03 32.29%  v_t2m/R05 40.25%  v_t2m/R10 53.27%  v_t2m/MedR 9.0%  v_m2t/len 1530  v_m2t/R01 19.79%  v_m2t/R02 22.94%  v_m2t/R03 30.38%  v_m2t/R05 39.47%  v_m2t/R10 50.13%  v_m2t/MedR 10.0%
[21/04/26 07:56:54][src.callback.progress][INFO] - Epoch 175 step 33650/192: loss 2.783e-01
[21/04/26 07:57:04][src.callback.progress][INFO] - Epoch 175 step 33700/192: loss 2.833e-01
[21/04/26 07:57:14][src.callback.progress][INFO] - Epoch 175 step 33750/192: loss 3.065e-01
[21/04/26 07:57:24][src.callback.progress][INFO] - Epoch 175: v_recons 3.273e-01  recons 2.430e-01  v_loss 5.129e-01  loss 2.725e-01  v_latent 9.363e-01  latent 6.609e-01  v_kl 4.837e+01  kl 2.713e+01  v_contrastive 1.851e+00  contrastive 2.919e-01  v_t2m/len 1530  v_t2m/R01 19.35%  v_t2m/R02 25.15%  v_t2m/R03 31.56%  v_t2m/R05 40.77%  v_t2m/R10 54.97%  v_t2m/MedR 8.0%  v_m2t/len 1530  v_m2t/R01 19.47%  v_m2t/R02 23.01%  v_m2t/R03 31.18%  v_m2t/R05 39.34%  v_m2t/R10 51.11%  v_m2t/MedR 9.0%
[21/04/26 07:57:31][src.callback.progress][INFO] - Epoch 176 step 33800/192: loss 2.808e-01
[21/04/26 07:57:41][src.callback.progress][INFO] - Epoch 176 step 33850/192: loss 2.522e-01
[21/04/26 07:57:51][src.callback.progress][INFO] - Epoch 176 step 33900/192: loss 2.701e-01
[21/04/26 07:58:01][src.callback.progress][INFO] - Epoch 176 step 33950/192: loss 2.798e-01
[21/04/26 07:58:10][src.callback.progress][INFO] - Epoch 176: v_recons 3.295e-01  recons 2.428e-01  v_loss 5.171e-01  loss 2.720e-01  v_latent 9.404e-01  latent 6.622e-01  v_kl 4.892e+01  kl 2.728e+01  v_contrastive 1.870e+00  contrastive 2.896e-01  v_t2m/len 1530  v_t2m/R01 18.17%  v_t2m/R02 23.92%  v_t2m/R03 31.76%  v_t2m/R05 39.79%  v_t2m/R10 54.18%  v_t2m/MedR 8.0%  v_m2t/len 1530  v_m2t/R01 20.64%  v_m2t/R02 24.51%  v_m2t/R03 31.56%  v_m2t/R05 38.81%  v_m2t/R10 51.63%  v_m2t/MedR 10.0%
[21/04/26 07:58:19][src.callback.progress][INFO] - Epoch 177 step 34000/192: loss 2.701e-01
[21/04/26 07:58:29][src.callback.progress][INFO] - Epoch 177 step 34050/192: loss 2.580e-01
[21/04/26 07:58:39][src.callback.progress][INFO] - Epoch 177 step 34100/192: loss 2.907e-01
[21/04/26 07:58:49][src.callback.progress][INFO] - Epoch 177 step 34150/192: loss 2.387e-01
[21/04/26 07:58:57][src.callback.progress][INFO] - Epoch 177: v_recons 3.296e-01  recons 2.417e-01  v_loss 5.190e-01  loss 2.704e-01  v_latent 9.433e-01  latent 6.590e-01  v_kl 4.888e+01  kl 2.717e+01  v_contrastive 1.889e+00  contrastive 2.845e-01  v_t2m/len 1530  v_t2m/R01 18.55%  v_t2m/R02 24.84%  v_t2m/R03 32.47%  v_t2m/R05 41.11%  v_t2m/R10 53.27%  v_t2m/MedR 9.0%  v_m2t/len 1530  v_m2t/R01 20.59%  v_m2t/R02 23.86%  v_m2t/R03 31.82%  v_m2t/R05 39.27%  v_m2t/R10 51.43%  v_m2t/MedR 10.0%
[21/04/26 07:59:07][src.callback.progress][INFO] - Epoch 178 step 34200/192: loss 2.695e-01
[21/04/26 07:59:17][src.callback.progress][INFO] - Epoch 178 step 34250/192: loss 2.884e-01
[21/04/26 07:59:27][src.callback.progress][INFO] - Epoch 178 step 34300/192: loss 2.697e-01
[21/04/26 07:59:37][src.callback.progress][INFO] - Epoch 178 step 34350/192: loss 3.053e-01
[21/04/26 07:59:43][src.callback.progress][INFO] - Epoch 178: v_recons 3.294e-01  recons 2.418e-01  v_loss 5.193e-01  loss 2.705e-01  v_latent 9.468e-01  latent 6.608e-01  v_kl 4.965e+01  kl 2.731e+01  v_contrastive 1.894e+00  contrastive 2.839e-01  v_t2m/len 1530  v_t2m/R01 18.69%  v_t2m/R02 24.51%  v_t2m/R03 32.41%  v_t2m/R05 40.97%  v_t2m/R10 54.11%  v_t2m/MedR 8.5%  v_m2t/len 1530  v_m2t/R01 20.32%  v_m2t/R02 24.12%  v_m2t/R03 32.02%  v_m2t/R05 39.86%  v_m2t/R10 49.74%  v_m2t/MedR 11.0%
[21/04/26 07:59:54][src.callback.progress][INFO] - Epoch 179 step 34400/192: loss 2.920e-01
[21/04/26 08:00:05][src.callback.progress][INFO] - Epoch 179 step 34450/192: loss 2.254e-01
[21/04/26 08:00:15][src.callback.progress][INFO] - Epoch 179 step 34500/192: loss 2.598e-01
[21/04/26 08:00:25][src.callback.progress][INFO] - Epoch 179 step 34550/192: loss 2.908e-01
[21/04/26 08:00:29][src.callback.progress][INFO] - Epoch 179: v_recons 3.287e-01  recons 2.409e-01  v_loss 5.179e-01  loss 2.698e-01  v_latent 9.457e-01  latent 6.599e-01  v_kl 4.969e+01  kl 2.735e+01  v_contrastive 1.887e+00  contrastive 2.862e-01  v_t2m/len 1530  v_t2m/R01 19.35%  v_t2m/R02 25.69%  v_t2m/R03 32.61%  v_t2m/R05 41.5%  v_t2m/R10 54.04%  v_t2m/MedR 9.0%  v_m2t/len 1530  v_m2t/R01 20.71%  v_m2t/R02 24.18%  v_m2t/R03 31.3%  v_m2t/R05 38.88%  v_m2t/R10 51.11%  v_m2t/MedR 10.0%
[21/04/26 08:00:42][src.callback.progress][INFO] - Epoch 180 step 34600/192: loss 2.856e-01
[21/04/26 08:00:53][src.callback.progress][INFO] - Epoch 180 step 34650/192: loss 2.890e-01
[21/04/26 08:01:03][src.callback.progress][INFO] - Epoch 180 step 34700/192: loss 2.910e-01
[21/04/26 08:01:13][src.callback.progress][INFO] - Epoch 180 step 34750/192: loss 2.760e-01
[21/04/26 08:01:15][src.callback.progress][INFO] - Epoch 180: v_recons 3.307e-01  recons 2.411e-01  v_loss 5.207e-01  loss 2.698e-01  v_latent 9.476e-01  latent 6.614e-01  v_kl 4.975e+01  kl 2.756e+01  v_contrastive 1.895e+00  contrastive 2.842e-01  v_t2m/len 1530  v_t2m/R01 19.73%  v_t2m/R02 24.96%  v_t2m/R03 32.54%  v_t2m/R05 40.84%  v_t2m/R10 52.93%  v_t2m/MedR 9.0%  v_m2t/len 1530  v_m2t/R01 21.76%  v_m2t/R02 24.77%  v_m2t/R03 31.04%  v_m2t/R05 38.75%  v_m2t/R10 50.33%  v_m2t/MedR 10.0%
[21/04/26 08:01:30][src.callback.progress][INFO] - Epoch 181 step 34800/192: loss 2.530e-01
[21/04/26 08:01:41][src.callback.progress][INFO] - Epoch 181 step 34850/192: loss 2.535e-01
[21/04/26 08:01:51][src.callback.progress][INFO] - Epoch 181 step 34900/192: loss 2.759e-01
[21/04/26 08:02:01][src.callback.progress][INFO] - Epoch 181: v_recons 3.305e-01  recons 2.407e-01  v_loss 5.237e-01  loss 2.689e-01  v_latent 9.532e-01  latent 6.618e-01  v_kl 5.054e+01  kl 2.764e+01  v_contrastive 1.927e+00  contrastive 2.792e-01  v_t2m/len 1530  v_t2m/R01 17.57%  v_t2m/R02 24.84%  v_t2m/R03 31.5%  v_t2m/R05 40.06%  v_t2m/R10 53.52%  v_t2m/MedR 9.0%  v_m2t/len 1530  v_m2t/R01 20.59%  v_m2t/R02 23.79%  v_m2t/R03 32.22%  v_m2t/R05 39.47%  v_m2t/R10 51.43%  v_m2t/MedR 9.0%
[21/04/26 08:02:08][src.callback.progress][INFO] - Epoch 182 step 34950/192: loss 2.654e-01
[21/04/26 08:02:18][src.callback.progress][INFO] - Epoch 182 step 35000/192: loss 2.301e-01
[21/04/26 08:02:29][src.callback.progress][INFO] - Epoch 182 step 35050/192: loss 2.651e-01
[21/04/26 08:02:39][src.callback.progress][INFO] - Epoch 182 step 35100/192: loss 2.654e-01
[21/04/26 08:02:48][src.callback.progress][INFO] - Epoch 182: v_recons 3.302e-01  recons 2.405e-01  v_loss 5.211e-01  loss 2.689e-01  v_latent 9.586e-01  latent 6.634e-01  v_kl 5.011e+01  kl 2.762e+01  v_contrastive 1.903e+00  contrastive 2.814e-01  v_t2m/len 1530  v_t2m/R01 18.55%  v_t2m/R02 24.7%  v_t2m/R03 32.15%  v_t2m/R05 39.74%  v_t2m/R10 53.72%  v_t2m/MedR 9.0%  v_m2t/len 1530  v_m2t/R01 20.06%  v_m2t/R02 23.2%  v_m2t/R03 31.89%  v_m2t/R05 39.27%  v_m2t/R10 51.43%  v_m2t/MedR 9.5%
[21/04/26 08:02:56][src.callback.progress][INFO] - Epoch 183 step 35150/192: loss 2.825e-01
[21/04/26 08:03:06][src.callback.progress][INFO] - Epoch 183 step 35200/192: loss 2.567e-01
[21/04/26 08:03:16][src.callback.progress][INFO] - Epoch 183 step 35250/192: loss 2.807e-01
[21/04/26 08:03:27][src.callback.progress][INFO] - Epoch 183 step 35300/192: loss 2.762e-01
[21/04/26 08:03:34][src.callback.progress][INFO] - Epoch 183: v_recons 3.285e-01  recons 2.395e-01  v_loss 5.177e-01  loss 2.677e-01  v_latent 9.522e-01  latent 6.628e-01  v_kl 5.028e+01  kl 2.773e+01  v_contrastive 1.887e+00  contrastive 2.791e-01  v_t2m/len 1530  v_t2m/R01 17.45%  v_t2m/R02 23.59%  v_t2m/R03 31.76%  v_t2m/R05 41.5%  v_t2m/R10 54.11%  v_t2m/MedR 8.0%  v_m2t/len 1530  v_m2t/R01 20.59%  v_m2t/R02 24.12%  v_m2t/R03 32.61%  v_m2t/R05 39.34%  v_m2t/R10 51.5%  v_m2t/MedR 9.0%
[21/04/26 08:03:43][src.callback.progress][INFO] - Epoch 184 step 35350/192: loss 2.808e-01
[21/04/26 08:03:54][src.callback.progress][INFO] - Epoch 184 step 35400/192: loss 2.563e-01
[21/04/26 08:04:04][src.callback.progress][INFO] - Epoch 184 step 35450/192: loss 2.590e-01
[21/04/26 08:04:14][src.callback.progress][INFO] - Epoch 184 step 35500/192: loss 2.543e-01
[21/04/26 08:04:20][src.callback.progress][INFO] - Epoch 184: v_recons 3.321e-01  recons 2.395e-01  v_loss 5.230e-01  loss 2.676e-01  v_latent 9.536e-01  latent 6.610e-01  v_kl 5.044e+01  kl 2.765e+01  v_contrastive 1.904e+00  contrastive 2.776e-01  v_t2m/len 1530  v_t2m/R01 18.23%  v_t2m/R02 23.72%  v_t2m/R03 31.82%  v_t2m/R05 40.52%  v_t2m/R10 53.27%  v_t2m/MedR 9.0%  v_m2t/len 1530  v_m2t/R01 20.26%  v_m2t/R02 24.25%  v_m2t/R03 32.47%  v_m2t/R05 39.93%  v_m2t/R10 50.77%  v_m2t/MedR 10.0%
[21/04/26 08:04:31][src.callback.progress][INFO] - Epoch 185 step 35550/192: loss 2.691e-01
[21/04/26 08:04:41][src.callback.progress][INFO] - Epoch 185 step 35600/192: loss 2.335e-01
[21/04/26 08:04:51][src.callback.progress][INFO] - Epoch 185 step 35650/192: loss 2.431e-01
[21/04/26 08:05:02][src.callback.progress][INFO] - Epoch 185 step 35700/192: loss 2.606e-01
[21/04/26 08:05:06][src.callback.progress][INFO] - Epoch 185: v_recons 3.312e-01  recons 2.388e-01  v_loss 5.244e-01  loss 2.664e-01  v_latent 9.568e-01  latent 6.620e-01  v_kl 5.092e+01  kl 2.795e+01  v_contrastive 1.926e+00  contrastive 2.733e-01  v_t2m/len 1530  v_t2m/R01 19.79%  v_t2m/R02 25.62%  v_t2m/R03 31.95%  v_t2m/R05 40.65%  v_t2m/R10 53.99%  v_t2m/MedR 9.0%  v_m2t/len 1530  v_m2t/R01 20.59%  v_m2t/R02 23.86%  v_m2t/R03 31.23%  v_m2t/R05 38.63%  v_m2t/R10 50.59%  v_m2t/MedR 10.0%
[21/04/26 08:05:19][src.callback.progress][INFO] - Epoch 186 step 35750/192: loss 2.822e-01
[21/04/26 08:05:29][src.callback.progress][INFO] - Epoch 186 step 35800/192: loss 2.560e-01
[21/04/26 08:05:39][src.callback.progress][INFO] - Epoch 186 step 35850/192: loss 2.810e-01
[21/04/26 08:05:49][src.callback.progress][INFO] - Epoch 186 step 35900/192: loss 2.877e-01
[21/04/26 08:05:52][src.callback.progress][INFO] - Epoch 186: v_recons 3.307e-01  recons 2.381e-01  v_loss 5.223e-01  loss 2.657e-01  v_latent 9.599e-01  latent 6.628e-01  v_kl 5.150e+01  kl 2.793e+01  v_contrastive 1.910e+00  contrastive 2.731e-01  v_t2m/len 1530  v_t2m/R01 17.78%  v_t2m/R02 24.44%  v_t2m/R03 31.18%  v_t2m/R05 40.38%  v_t2m/R10 52.29%  v_t2m/MedR 9.0%  v_m2t/len 1530  v_m2t/R01 20.0%  v_m2t/R02 23.13%  v_m2t/R03 31.5%  v_m2t/R05 39.74%  v_m2t/R10 49.93%  v_m2t/MedR 11.0%
[21/04/26 08:06:06][src.callback.progress][INFO] - Epoch 187 step 35950/192: loss 2.520e-01
[21/04/26 08:06:17][src.callback.progress][INFO] - Epoch 187 step 36000/192: loss 2.377e-01
[21/04/26 08:06:27][src.callback.progress][INFO] - Epoch 187 step 36050/192: loss 2.686e-01
[21/04/26 08:06:38][src.callback.progress][INFO] - Epoch 187: v_recons 3.318e-01  recons 2.379e-01  v_loss 5.235e-01  loss 2.657e-01  v_latent 9.585e-01  latent 6.619e-01  v_kl 5.116e+01  kl 2.814e+01  v_contrastive 1.912e+00  contrastive 2.750e-01  v_t2m/len 1530  v_t2m/R01 18.17%  v_t2m/R02 24.77%  v_t2m/R03 31.44%  v_t2m/R05 41.83%  v_t2m/R10 54.77%  v_t2m/MedR 8.0%  v_m2t/len 1530  v_m2t/R01 20.38%  v_m2t/R02 23.65%  v_m2t/R03 30.97%  v_m2t/R05 38.63%  v_m2t/R10 50.59%  v_m2t/MedR 10.0%
[21/04/26 08:06:43][src.callback.progress][INFO] - Epoch 188 step 36100/192: loss 2.707e-01
[21/04/26 08:06:54][src.callback.progress][INFO] - Epoch 188 step 36150/192: loss 2.392e-01
[21/04/26 08:07:04][src.callback.progress][INFO] - Epoch 188 step 36200/192: loss 2.610e-01
[21/04/26 08:07:14][src.callback.progress][INFO] - Epoch 188 step 36250/192: loss 2.764e-01
[21/04/26 08:07:24][src.callback.progress][INFO] - Epoch 188: v_recons 3.299e-01  recons 2.377e-01  v_loss 5.194e-01  loss 2.652e-01  v_latent 9.611e-01  latent 6.641e-01  v_kl 5.119e+01  kl 2.812e+01  v_contrastive 1.889e+00  contrastive 2.723e-01  v_t2m/len 1530  v_t2m/R01 19.93%  v_t2m/R02 26.72%  v_t2m/R03 33.2%  v_t2m/R05 42.22%  v_t2m/R10 52.54%  v_t2m/MedR 9.0%  v_m2t/len 1530  v_m2t/R01 19.87%  v_m2t/R02 24.04%  v_m2t/R03 32.02%  v_m2t/R05 40.45%  v_m2t/R10 51.18%  v_m2t/MedR 10.0%
[21/04/26 08:07:31][src.callback.progress][INFO] - Epoch 189 step 36300/192: loss 2.991e-01
[21/04/26 08:07:41][src.callback.progress][INFO] - Epoch 189 step 36350/192: loss 2.579e-01
[21/04/26 08:07:51][src.callback.progress][INFO] - Epoch 189 step 36400/192: loss 2.635e-01
[21/04/26 08:08:02][src.callback.progress][INFO] - Epoch 189 step 36450/192: loss 2.719e-01
[21/04/26 08:08:09][src.callback.progress][INFO] - Epoch 189: v_recons 3.313e-01  recons 2.373e-01  v_loss 5.218e-01  loss 2.644e-01  v_latent 9.621e-01  latent 6.641e-01  v_kl 5.217e+01  kl 2.820e+01  v_contrastive 1.900e+00  contrastive 2.680e-01  v_t2m/len 1530  v_t2m/R01 18.62%  v_t2m/R02 25.81%  v_t2m/R03 33.0%  v_t2m/R05 41.04%  v_t2m/R10 53.33%  v_t2m/MedR 8.0%  v_m2t/len 1530  v_m2t/R01 19.93%  v_m2t/R02 23.59%  v_m2t/R03 31.89%  v_m2t/R05 39.27%  v_m2t/R10 50.65%  v_m2t/MedR 10.0%
[21/04/26 08:08:19][src.callback.progress][INFO] - Epoch 190 step 36500/192: loss 2.729e-01
[21/04/26 08:08:29][src.callback.progress][INFO] - Epoch 190 step 36550/192: loss 2.806e-01
[21/04/26 08:08:39][src.callback.progress][INFO] - Epoch 190 step 36600/192: loss 2.514e-01
[21/04/26 08:08:49][src.callback.progress][INFO] - Epoch 190 step 36650/192: loss 2.773e-01
[21/04/26 08:08:55][src.callback.progress][INFO] - Epoch 190: v_recons 3.307e-01  recons 2.368e-01  v_loss 5.209e-01  loss 2.635e-01  v_latent 9.642e-01  latent 6.637e-01  v_kl 5.176e+01  kl 2.819e+01  v_contrastive 1.897e+00  contrastive 2.643e-01  v_t2m/len 1530  v_t2m/R01 18.43%  v_t2m/R02 23.86%  v_t2m/R03 31.82%  v_t2m/R05 40.0%  v_t2m/R10 52.61%  v_t2m/MedR 9.0%  v_m2t/len 1530  v_m2t/R01 19.67%  v_m2t/R02 22.68%  v_m2t/R03 31.56%  v_m2t/R05 38.63%  v_m2t/R10 50.0%  v_m2t/MedR 10.5%
[21/04/26 08:09:07][src.callback.progress][INFO] - Epoch 191 step 36700/192: loss 2.782e-01
[21/04/26 08:09:17][src.callback.progress][INFO] - Epoch 191 step 36750/192: loss 2.629e-01
[21/04/26 08:09:27][src.callback.progress][INFO] - Epoch 191 step 36800/192: loss 3.054e-01
[21/04/26 08:09:37][src.callback.progress][INFO] - Epoch 191 step 36850/192: loss 2.456e-01
[21/04/26 08:09:42][src.callback.progress][INFO] - Epoch 191: v_recons 3.331e-01  recons 2.374e-01  v_loss 5.290e-01  loss 2.648e-01  v_latent 9.699e-01  latent 6.654e-01  v_kl 5.247e+01  kl 2.832e+01  v_contrastive 1.954e+00  contrastive 2.715e-01  v_t2m/len 1530  v_t2m/R01 17.78%  v_t2m/R02 24.84%  v_t2m/R03 32.09%  v_t2m/R05 40.45%  v_t2m/R10 52.93%  v_t2m/MedR 9.0%  v_m2t/len 1530  v_m2t/R01 19.35%  v_m2t/R02 23.86%  v_m2t/R03 32.09%  v_m2t/R05 39.4%  v_m2t/R10 50.2%  v_m2t/MedR 10.0%
[21/04/26 08:09:55][src.callback.progress][INFO] - Epoch 192 step 36900/192: loss 2.574e-01
[21/04/26 08:10:05][src.callback.progress][INFO] - Epoch 192 step 36950/192: loss 2.547e-01
[21/04/26 08:10:15][src.callback.progress][INFO] - Epoch 192 step 37000/192: loss 2.816e-01
[21/04/26 08:10:25][src.callback.progress][INFO] - Epoch 192 step 37050/192: loss 2.783e-01
[21/04/26 08:10:28][src.callback.progress][INFO] - Epoch 192: v_recons 3.330e-01  recons 2.363e-01  v_loss 5.263e-01  loss 2.636e-01  v_latent 9.698e-01  latent 6.632e-01  v_kl 5.244e+01  kl 2.823e+01  v_contrastive 1.928e+00  contrastive 2.706e-01  v_t2m/len 1530  v_t2m/R01 18.29%  v_t2m/R02 24.96%  v_t2m/R03 33.65%  v_t2m/R05 42.41%  v_t2m/R10 53.72%  v_t2m/MedR 9.0%  v_m2t/len 1530  v_m2t/R01 19.87%  v_m2t/R02 23.2%  v_m2t/R03 31.62%  v_m2t/R05 39.4%  v_m2t/R10 50.2%  v_m2t/MedR 10.0%
[21/04/26 08:10:43][src.callback.progress][INFO] - Epoch 193 step 37100/192: loss 2.613e-01
[21/04/26 08:10:53][src.callback.progress][INFO] - Epoch 193 step 37150/192: loss 2.590e-01
[21/04/26 08:11:04][src.callback.progress][INFO] - Epoch 193 step 37200/192: loss 2.668e-01
[21/04/26 08:11:15][src.callback.progress][INFO] - Epoch 193: v_recons 3.326e-01  recons 2.360e-01  v_loss 5.252e-01  loss 2.633e-01  v_latent 9.710e-01  latent 6.653e-01  v_kl 5.233e+01  kl 2.851e+01  v_contrastive 1.921e+00  contrastive 2.698e-01  v_t2m/len 1530  v_t2m/R01 19.4%  v_t2m/R02 26.07%  v_t2m/R03 33.33%  v_t2m/R05 41.63%  v_t2m/R10 54.04%  v_t2m/MedR 8.0%  v_m2t/len 1530  v_m2t/R01 20.85%  v_m2t/R02 24.3%  v_m2t/R03 32.22%  v_m2t/R05 39.66%  v_m2t/R10 51.18%  v_m2t/MedR 9.0%
[21/04/26 08:11:21][src.callback.progress][INFO] - Epoch 194 step 37250/192: loss 2.671e-01
[21/04/26 08:11:31][src.callback.progress][INFO] - Epoch 194 step 37300/192: loss 2.629e-01
[21/04/26 08:11:41][src.callback.progress][INFO] - Epoch 194 step 37350/192: loss 2.521e-01
[21/04/26 08:11:51][src.callback.progress][INFO] - Epoch 194 step 37400/192: loss 2.553e-01
[21/04/26 08:12:01][src.callback.progress][INFO] - Epoch 194: v_recons 3.335e-01  recons 2.358e-01  v_loss 5.253e-01  loss 2.626e-01  v_latent 9.698e-01  latent 6.667e-01  v_kl 5.333e+01  kl 2.867e+01  v_contrastive 1.913e+00  contrastive 2.657e-01  v_t2m/len 1530  v_t2m/R01 19.93%  v_t2m/R02 26.93%  v_t2m/R03 33.65%  v_t2m/R05 42.29%  v_t2m/R10 53.72%  v_t2m/MedR 9.0%  v_m2t/len 1530  v_m2t/R01 20.97%  v_m2t/R02 24.57%  v_m2t/R03 33.0%  v_m2t/R05 40.45%  v_m2t/R10 51.24%  v_m2t/MedR 10.0%
[21/04/26 08:12:09][src.callback.progress][INFO] - Epoch 195 step 37450/192: loss 2.596e-01
[21/04/26 08:12:19][src.callback.progress][INFO] - Epoch 195 step 37500/192: loss 2.391e-01
[21/04/26 08:12:29][src.callback.progress][INFO] - Epoch 195 step 37550/192: loss 2.898e-01
[21/04/26 08:12:39][src.callback.progress][INFO] - Epoch 195 step 37600/192: loss 2.841e-01
[21/04/26 08:12:48][src.callback.progress][INFO] - Epoch 195: v_recons 3.332e-01  recons 2.359e-01  v_loss 5.258e-01  loss 2.625e-01  v_latent 9.767e-01  latent 6.672e-01  v_kl 5.339e+01  kl 2.879e+01  v_contrastive 1.920e+00  contrastive 2.631e-01  v_t2m/len 1530  v_t2m/R01 18.1%  v_t2m/R02 23.98%  v_t2m/R03 31.7%  v_t2m/R05 39.93%  v_t2m/R10 52.22%  v_t2m/MedR 10.0%  v_m2t/len 1530  v_m2t/R01 19.73%  v_m2t/R02 23.32%  v_m2t/R03 30.78%  v_m2t/R05 38.43%  v_m2t/R10 50.13%  v_m2t/MedR 10.0%
[21/04/26 08:12:57][src.callback.progress][INFO] - Epoch 196 step 37650/192: loss 2.579e-01
[21/04/26 08:13:07][src.callback.progress][INFO] - Epoch 196 step 37700/192: loss 2.260e-01
[21/04/26 08:13:17][src.callback.progress][INFO] - Epoch 196 step 37750/192: loss 2.644e-01
[21/04/26 08:13:28][src.callback.progress][INFO] - Epoch 196 step 37800/192: loss 2.634e-01
[21/04/26 08:13:34][src.callback.progress][INFO] - Epoch 196: v_recons 3.320e-01  recons 2.350e-01  v_loss 5.261e-01  loss 2.616e-01  v_latent 9.801e-01  latent 6.657e-01  v_kl 5.361e+01  kl 2.866e+01  v_contrastive 1.936e+00  contrastive 2.636e-01  v_t2m/len 1530  v_t2m/R01 18.29%  v_t2m/R02 24.89%  v_t2m/R03 32.09%  v_t2m/R05 41.56%  v_t2m/R10 51.75%  v_t2m/MedR 9.0%  v_m2t/len 1530  v_m2t/R01 20.92%  v_m2t/R02 24.37%  v_m2t/R03 31.5%  v_m2t/R05 38.63%  v_m2t/R10 50.33%  v_m2t/MedR 10.0%
[21/04/26 08:13:45][src.callback.progress][INFO] - Epoch 197 step 37850/192: loss 2.588e-01
[21/04/26 08:13:55][src.callback.progress][INFO] - Epoch 197 step 37900/192: loss 2.539e-01
[21/04/26 08:14:05][src.callback.progress][INFO] - Epoch 197 step 37950/192: loss 2.559e-01
[21/04/26 08:14:15][src.callback.progress][INFO] - Epoch 197 step 38000/192: loss 2.740e-01
[21/04/26 08:14:20][src.callback.progress][INFO] - Epoch 197: v_recons 3.311e-01  recons 2.348e-01  v_loss 5.257e-01  loss 2.615e-01  v_latent 9.787e-01  latent 6.668e-01  v_kl 5.390e+01  kl 2.890e+01  v_contrastive 1.941e+00  contrastive 2.646e-01  v_t2m/len 1530  v_t2m/R01 18.62%  v_t2m/R02 25.03%  v_t2m/R03 32.68%  v_t2m/R05 40.33%  v_t2m/R10 52.81%  v_t2m/MedR 9.0%  v_m2t/len 1530  v_m2t/R01 19.73%  v_m2t/R02 23.59%  v_m2t/R03 31.5%  v_m2t/R05 39.02%  v_m2t/R10 49.74%  v_m2t/MedR 11.0%
[21/04/26 08:14:32][src.callback.progress][INFO] - Epoch 198 step 38050/192: loss 2.633e-01
[21/04/26 08:14:43][src.callback.progress][INFO] - Epoch 198 step 38100/192: loss 2.569e-01
[21/04/26 08:14:53][src.callback.progress][INFO] - Epoch 198 step 38150/192: loss 2.561e-01
[21/04/26 08:15:03][src.callback.progress][INFO] - Epoch 198 step 38200/192: loss 2.644e-01
[21/04/26 08:15:06][src.callback.progress][INFO] - Epoch 198: v_recons 3.331e-01  recons 2.341e-01  v_loss 5.243e-01  loss 2.605e-01  v_latent 9.760e-01  latent 6.645e-01  v_kl 5.303e+01  kl 2.876e+01  v_contrastive 1.907e+00  contrastive 2.614e-01  v_t2m/len 1530  v_t2m/R01 19.67%  v_t2m/R02 26.54%  v_t2m/R03 34.58%  v_t2m/R05 41.11%  v_t2m/R10 52.93%  v_t2m/MedR 9.0%  v_m2t/len 1530  v_m2t/R01 20.85%  v_m2t/R02 23.86%  v_m2t/R03 31.44%  v_m2t/R05 39.08%  v_m2t/R10 51.36%  v_m2t/MedR 10.0%
[21/04/26 08:15:20][src.callback.progress][INFO] - Epoch 199 step 38250/192: loss 2.630e-01
[21/04/26 08:15:30][src.callback.progress][INFO] - Epoch 199 step 38300/192: loss 2.574e-01
[21/04/26 08:15:40][src.callback.progress][INFO] - Epoch 199 step 38350/192: loss 3.096e-01
[21/04/26 08:15:50][src.callback.progress][INFO] - Epoch 199 step 38400/192: loss 2.714e-01
[21/04/26 08:15:52][src.callback.progress][INFO] - Epoch 199: v_recons 3.327e-01  recons 2.340e-01  v_loss 5.235e-01  loss 2.601e-01  v_latent 9.799e-01  latent 6.652e-01  v_kl 5.320e+01  kl 2.871e+01  v_contrastive 1.903e+00  contrastive 2.574e-01  v_t2m/len 1530  v_t2m/R01 19.14%  v_t2m/R02 25.36%  v_t2m/R03 31.89%  v_t2m/R05 40.84%  v_t2m/R10 53.65%  v_t2m/MedR 9.0%  v_m2t/len 1530  v_m2t/R01 21.23%  v_m2t/R02 24.04%  v_m2t/R03 31.82%  v_m2t/R05 39.86%  v_m2t/R10 50.65%  v_m2t/MedR 10.0%
[21/04/26 08:16:09][src.callback.progress][INFO] - Epoch 200 step 38450/192: loss 2.656e-01
[21/04/26 08:16:20][src.callback.progress][INFO] - Epoch 200 step 38500/192: loss 2.784e-01
[21/04/26 08:16:30][src.callback.progress][INFO] - Epoch 200 step 38550/192: loss 2.609e-01
[21/04/26 08:16:40][src.callback.progress][INFO] - Epoch 200: v_recons 3.337e-01  recons 2.337e-01  v_loss 5.265e-01  loss 2.594e-01  v_latent 9.835e-01  latent 6.646e-01  v_kl 5.414e+01  kl 2.867e+01  v_contrastive 1.923e+00  contrastive 2.540e-01  v_t2m/len 1530  v_t2m/R01 19.07%  v_t2m/R02 24.96%  v_t2m/R03 31.95%  v_t2m/R05 40.25%  v_t2m/R10 52.47%  v_t2m/MedR 9.0%  v_m2t/len 1530  v_m2t/R01 20.71%  v_m2t/R02 23.86%  v_m2t/R03 31.44%  v_m2t/R05 38.29%  v_m2t/R10 50.33%  v_m2t/MedR 10.0%
[21/04/26 08:16:47][src.callback.progress][INFO] - Epoch 201 step 38600/192: loss 2.603e-01
[21/04/26 08:16:57][src.callback.progress][INFO] - Epoch 201 step 38650/192: loss 2.385e-01
[21/04/26 08:17:07][src.callback.progress][INFO] - Epoch 201 step 38700/192: loss 2.503e-01
[21/04/26 08:17:17][src.callback.progress][INFO] - Epoch 201 step 38750/192: loss 2.515e-01
[21/04/26 08:17:26][src.callback.progress][INFO] - Epoch 201: v_recons 3.322e-01  recons 2.332e-01  v_loss 5.277e-01  loss 2.588e-01  v_latent 9.899e-01  latent 6.645e-01  v_kl 5.421e+01  kl 2.889e+01  v_contrastive 1.950e+00  contrastive 2.525e-01  v_t2m/len 1530  v_t2m/R01 19.28%  v_t2m/R02 26.27%  v_t2m/R03 32.81%  v_t2m/R05 40.33%  v_t2m/R10 52.02%  v_t2m/MedR 9.0%  v_m2t/len 1530  v_m2t/R01 20.52%  v_m2t/R02 24.44%  v_m2t/R03 32.88%  v_m2t/R05 39.74%  v_m2t/R10 49.66%  v_m2t/MedR 11.0%
[21/04/26 08:17:34][src.callback.progress][INFO] - Epoch 202 step 38800/192: loss 2.543e-01
[21/04/26 08:17:44][src.callback.progress][INFO] - Epoch 202 step 38850/192: loss 2.725e-01
[21/04/26 08:17:55][src.callback.progress][INFO] - Epoch 202 step 38900/192: loss 2.821e-01
[21/04/26 08:18:05][src.callback.progress][INFO] - Epoch 202 step 38950/192: loss 2.643e-01
[21/04/26 08:18:12][src.callback.progress][INFO] - Epoch 202: v_recons 3.316e-01  recons 2.328e-01  v_loss 5.266e-01  loss 2.584e-01  v_latent 9.918e-01  latent 6.669e-01  v_kl 5.507e+01  kl 2.903e+01  v_contrastive 1.945e+00  contrastive 2.525e-01  v_t2m/len 1530  v_t2m/R01 18.04%  v_t2m/R02 24.3%  v_t2m/R03 32.61%  v_t2m/R05 40.38%  v_t2m/R10 52.75%  v_t2m/MedR 9.0%  v_m2t/len 1530  v_m2t/R01 21.04%  v_m2t/R02 24.12%  v_m2t/R03 31.82%  v_m2t/R05 39.08%  v_m2t/R10 49.93%  v_m2t/MedR 11.0%
[21/04/26 08:18:22][src.callback.progress][INFO] - Epoch 203 step 39000/192: loss 2.586e-01
[21/04/26 08:18:32][src.callback.progress][INFO] - Epoch 203 step 39050/192: loss 2.391e-01
[21/04/26 08:18:42][src.callback.progress][INFO] - Epoch 203 step 39100/192: loss 2.360e-01
[21/04/26 08:18:52][src.callback.progress][INFO] - Epoch 203 step 39150/192: loss 2.442e-01
[21/04/26 08:18:58][src.callback.progress][INFO] - Epoch 203: v_recons 3.349e-01  recons 2.319e-01  v_loss 5.272e-01  loss 2.575e-01  v_latent 9.869e-01  latent 6.658e-01  v_kl 5.483e+01  kl 2.908e+01  v_contrastive 1.917e+00  contrastive 2.524e-01  v_t2m/len 1530  v_t2m/R01 19.07%  v_t2m/R02 25.62%  v_t2m/R03 32.09%  v_t2m/R05 40.91%  v_t2m/R10 53.27%  v_t2m/MedR 8.0%  v_m2t/len 1530  v_m2t/R01 20.45%  v_m2t/R02 24.44%  v_m2t/R03 32.61%  v_m2t/R05 39.34%  v_m2t/R10 50.77%  v_m2t/MedR 10.0%
[21/04/26 08:19:09][src.callback.progress][INFO] - Epoch 204 step 39200/192: loss 2.595e-01
[21/04/26 08:19:20][src.callback.progress][INFO] - Epoch 204 step 39250/192: loss 2.555e-01
[21/04/26 08:19:30][src.callback.progress][INFO] - Epoch 204 step 39300/192: loss 2.638e-01
[21/04/26 08:19:40][src.callback.progress][INFO] - Epoch 204 step 39350/192: loss 2.547e-01
[21/04/26 08:19:44][src.callback.progress][INFO] - Epoch 204: v_recons 3.322e-01  recons 2.325e-01  v_loss 5.233e-01  loss 2.581e-01  v_latent 9.839e-01  latent 6.688e-01  v_kl 5.398e+01  kl 2.920e+01  v_contrastive 1.906e+00  contrastive 2.532e-01  v_t2m/len 1530  v_t2m/R01 20.12%  v_t2m/R02 26.79%  v_t2m/R03 32.93%  v_t2m/R05 40.45%  v_t2m/R10 52.61%  v_t2m/MedR 9.0%  v_m2t/len 1530  v_m2t/R01 20.64%  v_m2t/R02 23.65%  v_m2t/R03 30.64%  v_m2t/R05 38.95%  v_m2t/R10 51.18%  v_m2t/MedR 9.5%
[21/04/26 08:19:58][src.callback.progress][INFO] - Epoch 205 step 39400/192: loss 2.800e-01
[21/04/26 08:20:08][src.callback.progress][INFO] - Epoch 205 step 39450/192: loss 2.440e-01
[21/04/26 08:20:18][src.callback.progress][INFO] - Epoch 205 step 39500/192: loss 2.616e-01
[21/04/26 08:20:28][src.callback.progress][INFO] - Epoch 205 step 39550/192: loss 2.524e-01
[21/04/26 08:20:31][src.callback.progress][INFO] - Epoch 205: v_recons 3.302e-01  recons 2.321e-01  v_loss 5.215e-01  loss 2.581e-01  v_latent 9.821e-01  latent 6.706e-01  v_kl 5.399e+01  kl 2.929e+01  v_contrastive 1.907e+00  contrastive 2.579e-01  v_t2m/len 1530  v_t2m/R01 19.14%  v_t2m/R02 25.29%  v_t2m/R03 33.79%  v_t2m/R05 41.9%  v_t2m/R10 52.34%  v_t2m/MedR 9.0%  v_m2t/len 1530  v_m2t/R01 21.5%  v_m2t/R02 23.92%  v_m2t/R03 31.62%  v_m2t/R05 38.68%  v_m2t/R10 50.91%  v_m2t/MedR 10.0%
[21/04/26 08:20:46][src.callback.progress][INFO] - Epoch 206 step 39600/192: loss 2.544e-01
[21/04/26 08:20:56][src.callback.progress][INFO] - Epoch 206 step 39650/192: loss 2.443e-01
[21/04/26 08:21:06][src.callback.progress][INFO] - Epoch 206 step 39700/192: loss 2.290e-01
[21/04/26 08:21:17][src.callback.progress][INFO] - Epoch 206: v_recons 3.325e-01  recons 2.315e-01  v_loss 5.258e-01  loss 2.570e-01  v_latent 9.887e-01  latent 6.683e-01  v_kl 5.495e+01  kl 2.924e+01  v_contrastive 1.928e+00  contrastive 2.522e-01  v_t2m/len 1530  v_t2m/R01 19.14%  v_t2m/R02 24.77%  v_t2m/R03 31.95%  v_t2m/R05 40.45%  v_t2m/R10 52.29%  v_t2m/MedR 9.0%  v_m2t/len 1530  v_m2t/R01 21.11%  v_m2t/R02 23.53%  v_m2t/R03 32.47%  v_m2t/R05 38.68%  v_m2t/R10 50.65%  v_m2t/MedR 10.0%
[21/04/26 08:21:23][src.callback.progress][INFO] - Epoch 207 step 39750/192: loss 2.437e-01
[21/04/26 08:21:33][src.callback.progress][INFO] - Epoch 207 step 39800/192: loss 2.595e-01
[21/04/26 08:21:44][src.callback.progress][INFO] - Epoch 207 step 39850/192: loss 2.546e-01
[21/04/26 08:21:54][src.callback.progress][INFO] - Epoch 207 step 39900/192: loss 2.481e-01
[21/04/26 08:22:03][src.callback.progress][INFO] - Epoch 207: v_recons 3.332e-01  recons 2.310e-01  v_loss 5.271e-01  loss 2.563e-01  v_latent 9.955e-01  latent 6.695e-01  v_kl 5.501e+01  kl 2.947e+01  v_contrastive 1.933e+00  contrastive 2.500e-01  v_t2m/len 1530  v_t2m/R01 19.02%  v_t2m/R02 25.15%  v_t2m/R03 32.09%  v_t2m/R05 39.47%  v_t2m/R10 51.7%  v_t2m/MedR 9.0%  v_m2t/len 1530  v_m2t/R01 20.97%  v_m2t/R02 24.12%  v_m2t/R03 31.18%  v_m2t/R05 38.56%  v_m2t/R10 49.27%  v_m2t/MedR 11.0%
[21/04/26 08:22:11][src.callback.progress][INFO] - Epoch 208 step 39950/192: loss 2.643e-01
[21/04/26 08:22:21][src.callback.progress][INFO] - Epoch 208 step 40000/192: loss 2.824e-01
[21/04/26 08:22:31][src.callback.progress][INFO] - Epoch 208 step 40050/192: loss 2.323e-01
[21/04/26 08:22:41][src.callback.progress][INFO] - Epoch 208 step 40100/192: loss 2.518e-01
[21/04/26 08:22:49][src.callback.progress][INFO] - Epoch 208: v_recons 3.350e-01  recons 2.310e-01  v_loss 5.273e-01  loss 2.565e-01  v_latent 9.931e-01  latent 6.691e-01  v_kl 5.503e+01  kl 2.939e+01  v_contrastive 1.917e+00  contrastive 2.523e-01  v_t2m/len 1530  v_t2m/R01 19.07%  v_t2m/R02 26.34%  v_t2m/R03 33.27%  v_t2m/R05 40.91%  v_t2m/R10 53.45%  v_t2m/MedR 9.0%  v_m2t/len 1530  v_m2t/R01 20.12%  v_m2t/R02 22.94%  v_m2t/R03 30.52%  v_m2t/R05 39.02%  v_m2t/R10 51.04%  v_m2t/MedR 10.0%
[21/04/26 08:22:58][src.callback.progress][INFO] - Epoch 209 step 40150/192: loss 2.385e-01
[21/04/26 08:23:09][src.callback.progress][INFO] - Epoch 209 step 40200/192: loss 2.570e-01
[21/04/26 08:23:19][src.callback.progress][INFO] - Epoch 209 step 40250/192: loss 2.426e-01
[21/04/26 08:23:29][src.callback.progress][INFO] - Epoch 209 step 40300/192: loss 2.772e-01
[21/04/26 08:23:35][src.callback.progress][INFO] - Epoch 209: v_recons 3.328e-01  recons 2.309e-01  v_loss 5.258e-01  loss 2.561e-01  v_latent 9.947e-01  latent 6.698e-01  v_kl 5.584e+01  kl 2.972e+01  v_contrastive 1.924e+00  contrastive 2.495e-01  v_t2m/len 1530  v_t2m/R01 18.81%  v_t2m/R02 26.13%  v_t2m/R03 33.0%  v_t2m/R05 41.36%  v_t2m/R10 53.91%  v_t2m/MedR 9.0%  v_m2t/len 1530  v_m2t/R01 20.52%  v_m2t/R02 23.59%  v_m2t/R03 32.22%  v_m2t/R05 39.79%  v_m2t/R10 50.2%  v_m2t/MedR 10.0%
[21/04/26 08:23:46][src.callback.progress][INFO] - Epoch 210 step 40350/192: loss 2.388e-01
[21/04/26 08:23:56][src.callback.progress][INFO] - Epoch 210 step 40400/192: loss 2.484e-01
[21/04/26 08:24:06][src.callback.progress][INFO] - Epoch 210 step 40450/192: loss 2.454e-01
[21/04/26 08:24:16][src.callback.progress][INFO] - Epoch 210 step 40500/192: loss 2.673e-01
[21/04/26 08:24:21][src.callback.progress][INFO] - Epoch 210: v_recons 3.321e-01  recons 2.309e-01  v_loss 5.241e-01  loss 2.559e-01  v_latent 9.945e-01  latent 6.687e-01  v_kl 5.613e+01  kl 2.951e+01  v_contrastive 1.915e+00  contrastive 2.463e-01  v_t2m/len 1530  v_t2m/R01 18.37%  v_t2m/R02 25.1%  v_t2m/R03 32.68%  v_t2m/R05 40.25%  v_t2m/R10 53.13%  v_t2m/MedR 9.0%  v_m2t/len 1530  v_m2t/R01 20.0%  v_m2t/R02 23.01%  v_m2t/R03 31.37%  v_m2t/R05 38.43%  v_m2t/R10 50.33%  v_m2t/MedR 10.0%
[21/04/26 08:24:33][src.callback.progress][INFO] - Epoch 211 step 40550/192: loss 2.726e-01
[21/04/26 08:24:43][src.callback.progress][INFO] - Epoch 211 step 40600/192: loss 2.277e-01
[21/04/26 08:24:53][src.callback.progress][INFO] - Epoch 211 step 40650/192: loss 2.377e-01
[21/04/26 08:25:04][src.callback.progress][INFO] - Epoch 211 step 40700/192: loss 2.698e-01
[21/04/26 08:25:06][src.callback.progress][INFO] - Epoch 211: v_recons 3.314e-01  recons 2.299e-01  v_loss 5.218e-01  loss 2.549e-01  v_latent 9.950e-01  latent 6.683e-01  v_kl 5.549e+01  kl 2.963e+01  v_contrastive 1.899e+00  contrastive 2.472e-01  v_t2m/len 1530  v_t2m/R01 19.07%  v_t2m/R02 25.75%  v_t2m/R03 32.15%  v_t2m/R05 40.97%  v_t2m/R10 55.02%  v_t2m/MedR 8.0%  v_m2t/len 1530  v_m2t/R01 20.45%  v_m2t/R02 22.94%  v_m2t/R03 32.02%  v_m2t/R05 39.4%  v_m2t/R10 50.33%  v_m2t/MedR 10.0%
[21/04/26 08:25:21][src.callback.progress][INFO] - Epoch 212 step 40750/192: loss 2.642e-01
[21/04/26 08:25:31][src.callback.progress][INFO] - Epoch 212 step 40800/192: loss 2.482e-01
[21/04/26 08:25:42][src.callback.progress][INFO] - Epoch 212 step 40850/192: loss 2.525e-01
[21/04/26 08:25:53][src.callback.progress][INFO] - Epoch 212: v_recons 3.330e-01  recons 2.292e-01  v_loss 5.273e-01  loss 2.538e-01  v_latent 9.946e-01  latent 6.680e-01  v_kl 5.502e+01  kl 2.952e+01  v_contrastive 1.937e+00  contrastive 2.423e-01  v_t2m/len 1530  v_t2m/R01 20.2%  v_t2m/R02 25.75%  v_t2m/R03 32.68%  v_t2m/R05 41.04%  v_t2m/R10 53.33%  v_t2m/MedR 9.0%  v_m2t/len 1530  v_m2t/R01 21.5%  v_m2t/R02 25.15%  v_m2t/R03 32.29%  v_m2t/R05 38.56%  v_m2t/R10 50.52%  v_m2t/MedR 10.0%
[21/04/26 08:25:59][src.callback.progress][INFO] - Epoch 213 step 40900/192: loss 2.508e-01
[21/04/26 08:26:09][src.callback.progress][INFO] - Epoch 213 step 40950/192: loss 2.346e-01
[21/04/26 08:26:19][src.callback.progress][INFO] - Epoch 213 step 41000/192: loss 2.485e-01
[21/04/26 08:26:29][src.callback.progress][INFO] - Epoch 213 step 41050/192: loss 2.529e-01
[21/04/26 08:26:39][src.callback.progress][INFO] - Epoch 213: v_recons 3.347e-01  recons 2.293e-01  v_loss 5.268e-01  loss 2.541e-01  v_latent 9.999e-01  latent 6.696e-01  v_kl 5.585e+01  kl 2.965e+01  v_contrastive 1.916e+00  contrastive 2.451e-01  v_t2m/len 1530  v_t2m/R01 20.06%  v_t2m/R02 25.81%  v_t2m/R03 33.06%  v_t2m/R05 41.56%  v_t2m/R10 53.72%  v_t2m/MedR 9.0%  v_m2t/len 1530  v_m2t/R01 19.54%  v_m2t/R02 23.06%  v_m2t/R03 32.09%  v_m2t/R05 39.4%  v_m2t/R10 51.7%  v_m2t/MedR 9.0%
[21/04/26 08:26:47][src.callback.progress][INFO] - Epoch 214 step 41100/192: loss 2.373e-01
[21/04/26 08:26:57][src.callback.progress][INFO] - Epoch 214 step 41150/192: loss 2.637e-01
[21/04/26 08:27:07][src.callback.progress][INFO] - Epoch 214 step 41200/192: loss 2.460e-01
[21/04/26 08:27:17][src.callback.progress][INFO] - Epoch 214 step 41250/192: loss 2.461e-01
[21/04/26 08:27:25][src.callback.progress][INFO] - Epoch 214: v_recons 3.348e-01  recons 2.283e-01  v_loss 5.238e-01  loss 2.525e-01  v_latent 9.973e-01  latent 6.687e-01  v_kl 5.548e+01  kl 2.970e+01  v_contrastive 1.885e+00  contrastive 2.391e-01  v_t2m/len 1530  v_t2m/R01 20.32%  v_t2m/R02 26.34%  v_t2m/R03 32.68%  v_t2m/R05 41.24%  v_t2m/R10 53.52%  v_t2m/MedR 9.0%  v_m2t/len 1530  v_m2t/R01 20.2%  v_m2t/R02 22.94%  v_m2t/R03 32.47%  v_m2t/R05 40.33%  v_m2t/R10 51.63%  v_m2t/MedR 9.0%
[21/04/26 08:27:34][src.callback.progress][INFO] - Epoch 215 step 41300/192: loss 2.705e-01
[21/04/26 08:27:44][src.callback.progress][INFO] - Epoch 215 step 41350/192: loss 2.406e-01
[21/04/26 08:27:54][src.callback.progress][INFO] - Epoch 215 step 41400/192: loss 2.821e-01
[21/04/26 08:28:04][src.callback.progress][INFO] - Epoch 215 step 41450/192: loss 2.450e-01
[21/04/26 08:28:11][src.callback.progress][INFO] - Epoch 215: v_recons 3.309e-01  recons 2.284e-01  v_loss 5.226e-01  loss 2.527e-01  v_latent 1.004e+00  latent 6.701e-01  v_kl 5.604e+01  kl 2.987e+01  v_contrastive 1.911e+00  contrastive 2.392e-01  v_t2m/len 1530  v_t2m/R01 17.05%  v_t2m/R02 24.51%  v_t2m/R03 32.47%  v_t2m/R05 40.65%  v_t2m/R10 52.15%  v_t2m/MedR 9.0%  v_m2t/len 1530  v_m2t/R01 19.93%  v_m2t/R02 22.75%  v_m2t/R03 31.18%  v_m2t/R05 37.97%  v_m2t/R10 48.88%  v_m2t/MedR 11.0%
[21/04/26 08:28:21][src.callback.progress][INFO] - Epoch 216 step 41500/192: loss 2.557e-01
[21/04/26 08:28:32][src.callback.progress][INFO] - Epoch 216 step 41550/192: loss 2.541e-01
[21/04/26 08:28:42][src.callback.progress][INFO] - Epoch 216 step 41600/192: loss 2.403e-01
[21/04/26 08:28:52][src.callback.progress][INFO] - Epoch 216 step 41650/192: loss 2.534e-01
[21/04/26 08:28:56][src.callback.progress][INFO] - Epoch 216: v_recons 3.337e-01  recons 2.280e-01  v_loss 5.269e-01  loss 2.522e-01  v_latent 1.004e+00  latent 6.683e-01  v_kl 5.578e+01  kl 2.978e+01  v_contrastive 1.926e+00  contrastive 2.395e-01  v_t2m/len 1530  v_t2m/R01 20.26%  v_t2m/R02 26.54%  v_t2m/R03 33.0%  v_t2m/R05 39.61%  v_t2m/R10 51.43%  v_t2m/MedR 10.0%  v_m2t/len 1530  v_m2t/R01 21.37%  v_m2t/R02 24.25%  v_m2t/R03 31.37%  v_m2t/R05 38.36%  v_m2t/R10 48.29%  v_m2t/MedR 11.0%
[21/04/26 08:29:09][src.callback.progress][INFO] - Epoch 217 step 41700/192: loss 2.538e-01
[21/04/26 08:29:19][src.callback.progress][INFO] - Epoch 217 step 41750/192: loss 2.479e-01
[21/04/26 08:29:29][src.callback.progress][INFO] - Epoch 217 step 41800/192: loss 2.536e-01
[21/04/26 08:29:40][src.callback.progress][INFO] - Epoch 217 step 41850/192: loss 2.458e-01
[21/04/26 08:29:43][src.callback.progress][INFO] - Epoch 217: v_recons 3.359e-01  recons 2.278e-01  v_loss 5.288e-01  loss 2.518e-01  v_latent 1.008e+00  latent 6.685e-01  v_kl 5.684e+01  kl 2.984e+01  v_contrastive 1.923e+00  contrastive 2.368e-01  v_t2m/len 1530  v_t2m/R01 20.59%  v_t2m/R02 24.57%  v_t2m/R03 32.41%  v_t2m/R05 40.45%  v_t2m/R10 53.0%  v_t2m/MedR 9.0%  v_m2t/len 1530  v_m2t/R01 20.26%  v_m2t/R02 23.32%  v_m2t/R03 31.23%  v_m2t/R05 38.5%  v_m2t/R10 50.0%  v_m2t/MedR 10.5%
[21/04/26 08:29:57][src.callback.progress][INFO] - Epoch 218 step 41900/192: loss 2.272e-01
[21/04/26 08:30:07][src.callback.progress][INFO] - Epoch 218 step 41950/192: loss 2.590e-01
[21/04/26 08:30:17][src.callback.progress][INFO] - Epoch 218 step 42000/192: loss 2.381e-01
[21/04/26 08:30:29][src.callback.progress][INFO] - Epoch 218: v_recons 3.352e-01  recons 2.283e-01  v_loss 5.357e-01  loss 2.528e-01  v_latent 1.032e+00  latent 6.730e-01  v_kl 5.910e+01  kl 3.813e+01  v_contrastive 1.998e+00  contrastive 2.412e-01  v_t2m/len 1530  v_t2m/R01 18.81%  v_t2m/R02 24.57%  v_t2m/R03 30.78%  v_t2m/R05 39.79%  v_t2m/R10 52.34%  v_t2m/MedR 9.0%  v_m2t/len 1530  v_m2t/R01 18.76%  v_m2t/R02 22.54%  v_m2t/R03 30.92%  v_m2t/R05 36.66%  v_m2t/R10 47.58%  v_m2t/MedR 11.0%
[21/04/26 08:30:34][src.callback.progress][INFO] - Epoch 219 step 42050/192: loss 2.763e-01
[21/04/26 08:30:45][src.callback.progress][INFO] - Epoch 219 step 42100/192: loss 2.547e-01
[21/04/26 08:30:55][src.callback.progress][INFO] - Epoch 219 step 42150/192: loss 2.486e-01
[21/04/26 08:31:05][src.callback.progress][INFO] - Epoch 219 step 42200/192: loss 2.890e-01
[21/04/26 08:31:15][src.callback.progress][INFO] - Epoch 219: v_recons 3.331e-01  recons 2.286e-01  v_loss 5.234e-01  loss 2.539e-01  v_latent 1.006e+00  latent 6.802e-01  v_kl 5.673e+01  kl 3.063e+01  v_contrastive 1.897e+00  contrastive 2.502e-01  v_t2m/len 1530  v_t2m/R01 19.73%  v_t2m/R02 26.54%  v_t2m/R03 33.2%  v_t2m/R05 42.15%  v_t2m/R10 53.45%  v_t2m/MedR 9.0%  v_m2t/len 1530  v_m2t/R01 21.3%  v_m2t/R02 24.3%  v_m2t/R03 32.15%  v_m2t/R05 39.61%  v_m2t/R10 50.77%  v_m2t/MedR 10.0%
[21/04/26 08:31:22][src.callback.progress][INFO] - Epoch 220 step 42250/192: loss 2.632e-01
[21/04/26 08:31:33][src.callback.progress][INFO] - Epoch 220 step 42300/192: loss 2.471e-01
[21/04/26 08:31:43][src.callback.progress][INFO] - Epoch 220 step 42350/192: loss 2.501e-01
[21/04/26 08:31:54][src.callback.progress][INFO] - Epoch 220 step 42400/192: loss 2.632e-01
[21/04/26 08:32:02][src.callback.progress][INFO] - Epoch 220: v_recons 3.335e-01  recons 2.276e-01  v_loss 5.262e-01  loss 2.519e-01  v_latent 1.006e+00  latent 6.748e-01  v_kl 5.747e+01  kl 3.039e+01  v_contrastive 1.921e+00  contrastive 2.402e-01  v_t2m/len 1530  v_t2m/R01 18.29%  v_t2m/R02 24.77%  v_t2m/R03 32.93%  v_t2m/R05 41.95%  v_t2m/R10 53.52%  v_t2m/MedR 9.0%  v_m2t/len 1530  v_m2t/R01 21.56%  v_m2t/R02 24.77%  v_m2t/R03 32.54%  v_m2t/R05 39.02%  v_m2t/R10 51.24%  v_m2t/MedR 10.0%
[21/04/26 08:32:11][src.callback.progress][INFO] - Epoch 221 step 42450/192: loss 2.383e-01
[21/04/26 08:32:21][src.callback.progress][INFO] - Epoch 221 step 42500/192: loss 2.482e-01
[21/04/26 08:32:31][src.callback.progress][INFO] - Epoch 221 step 42550/192: loss 2.794e-01
[21/04/26 08:32:42][src.callback.progress][INFO] - Epoch 221 step 42600/192: loss 2.532e-01
[21/04/26 08:32:48][src.callback.progress][INFO] - Epoch 221: v_recons 3.327e-01  recons 2.273e-01  v_loss 5.238e-01  loss 2.513e-01  v_latent 1.009e+00  latent 6.718e-01  v_kl 5.680e+01  kl 3.013e+01  v_contrastive 1.906e+00  contrastive 2.368e-01  v_t2m/len 1530  v_t2m/R01 19.4%  v_t2m/R02 26.01%  v_t2m/R03 33.45%  v_t2m/R05 42.41%  v_t2m/R10 53.72%  v_t2m/MedR 9.0%  v_m2t/len 1530  v_m2t/R01 21.7%  v_m2t/R02 24.18%  v_m2t/R03 32.54%  v_m2t/R05 38.36%  v_m2t/R10 50.65%  v_m2t/MedR 10.0%
[21/04/26 08:32:59][src.callback.progress][INFO] - Epoch 222 step 42650/192: loss 2.537e-01
[21/04/26 08:33:10][src.callback.progress][INFO] - Epoch 222 step 42700/192: loss 2.081e-01
[21/04/26 08:33:20][src.callback.progress][INFO] - Epoch 222 step 42750/192: loss 2.548e-01
[21/04/26 08:33:30][src.callback.progress][INFO] - Epoch 222 step 42800/192: loss 2.715e-01
[21/04/26 08:33:35][src.callback.progress][INFO] - Epoch 222: v_recons 3.333e-01  recons 2.270e-01  v_loss 5.271e-01  loss 2.505e-01  v_latent 1.016e+00  latent 6.710e-01  v_kl 5.762e+01  kl 3.031e+01  v_contrastive 1.932e+00  contrastive 2.324e-01  v_t2m/len 1530  v_t2m/R01 19.47%  v_t2m/R02 25.48%  v_t2m/R03 33.4%  v_t2m/R05 41.18%  v_t2m/R10 52.93%  v_t2m/MedR 9.0%  v_m2t/len 1530  v_m2t/R01 19.67%  v_m2t/R02 22.8%  v_m2t/R03 32.09%  v_m2t/R05 38.56%  v_m2t/R10 50.59%  v_m2t/MedR 10.0%
[21/04/26 08:33:48][src.callback.progress][INFO] - Epoch 223 step 42850/192: loss 2.382e-01
[21/04/26 08:33:58][src.callback.progress][INFO] - Epoch 223 step 42900/192: loss 2.563e-01
[21/04/26 08:34:08][src.callback.progress][INFO] - Epoch 223 step 42950/192: loss 2.631e-01
[21/04/26 08:34:18][src.callback.progress][INFO] - Epoch 223 step 43000/192: loss 2.448e-01
[21/04/26 08:34:22][src.callback.progress][INFO] - Epoch 223: v_recons 3.338e-01  recons 2.270e-01  v_loss 5.265e-01  loss 2.509e-01  v_latent 1.013e+00  latent 6.739e-01  v_kl 5.711e+01  kl 3.031e+01  v_contrastive 1.921e+00  contrastive 2.360e-01  v_t2m/len 1530  v_t2m/R01 20.59%  v_t2m/R02 26.4%  v_t2m/R03 33.45%  v_t2m/R05 42.54%  v_t2m/R10 55.09%  v_t2m/MedR 8.0%  v_m2t/len 1530  v_m2t/R01 20.12%  v_m2t/R02 23.06%  v_m2t/R03 31.89%  v_m2t/R05 39.54%  v_m2t/R10 51.18%  v_m2t/MedR 10.0%
[21/04/26 08:34:35][src.callback.progress][INFO] - Epoch 224 step 43050/192: loss 2.305e-01
[21/04/26 08:34:46][src.callback.progress][INFO] - Epoch 224 step 43100/192: loss 2.380e-01
[21/04/26 08:34:56][src.callback.progress][INFO] - Epoch 224 step 43150/192: loss 2.464e-01
[21/04/26 08:35:06][src.callback.progress][INFO] - Epoch 224 step 43200/192: loss 2.477e-01
[21/04/26 08:35:08][src.callback.progress][INFO] - Epoch 224: v_recons 3.335e-01  recons 2.258e-01  v_loss 5.262e-01  loss 2.491e-01  v_latent 1.011e+00  latent 6.713e-01  v_kl 5.785e+01  kl 3.035e+01  v_contrastive 1.920e+00  contrastive 2.302e-01  v_t2m/len 1530  v_t2m/R01 19.67%  v_t2m/R02 26.86%  v_t2m/R03 32.88%  v_t2m/R05 41.11%  v_t2m/R10 55.22%  v_t2m/MedR 8.0%  v_m2t/len 1530  v_m2t/R01 20.85%  v_m2t/R02 23.45%  v_m2t/R03 31.89%  v_m2t/R05 39.34%  v_m2t/R10 50.91%  v_m2t/MedR 10.0%
[21/04/26 08:35:23][src.callback.progress][INFO] - Epoch 225 step 43250/192: loss 2.501e-01
[21/04/26 08:35:33][src.callback.progress][INFO] - Epoch 225 step 43300/192: loss 2.727e-01
[21/04/26 08:35:44][src.callback.progress][INFO] - Epoch 225 step 43350/192: loss 2.434e-01
[21/04/26 08:35:54][src.callback.progress][INFO] - Epoch 225: v_recons 3.341e-01  recons 2.255e-01  v_loss 5.260e-01  loss 2.486e-01  v_latent 1.012e+00  latent 6.719e-01  v_kl 5.833e+01  kl 3.045e+01  v_contrastive 1.913e+00  contrastive 2.275e-01  v_t2m/len 1530  v_t2m/R01 20.59%  v_t2m/R02 26.46%  v_t2m/R03 33.27%  v_t2m/R05 41.24%  v_t2m/R10 52.93%  v_t2m/MedR 9.0%  v_m2t/len 1530  v_m2t/R01 21.11%  v_m2t/R02 24.12%  v_m2t/R03 32.75%  v_m2t/R05 39.61%  v_m2t/R10 50.33%  v_m2t/MedR 10.0%
[21/04/26 08:36:00][src.callback.progress][INFO] - Epoch 226 step 43400/192: loss 2.318e-01
[21/04/26 08:36:11][src.callback.progress][INFO] - Epoch 226 step 43450/192: loss 2.112e-01
[21/04/26 08:36:21][src.callback.progress][INFO] - Epoch 226 step 43500/192: loss 2.466e-01
[21/04/26 08:36:31][src.callback.progress][INFO] - Epoch 226 step 43550/192: loss 2.391e-01
[21/04/26 08:36:40][src.callback.progress][INFO] - Epoch 226: v_recons 3.308e-01  recons 2.252e-01  v_loss 5.224e-01  loss 2.484e-01  v_latent 1.014e+00  latent 6.712e-01  v_kl 5.799e+01  kl 3.036e+01  v_contrastive 1.910e+00  contrastive 2.294e-01  v_t2m/len 1530  v_t2m/R01 19.02%  v_t2m/R02 25.42%  v_t2m/R03 32.15%  v_t2m/R05 40.45%  v_t2m/R10 52.93%  v_t2m/MedR 9.0%  v_m2t/len 1530  v_m2t/R01 20.2%  v_m2t/R02 23.27%  v_m2t/R03 31.89%  v_m2t/R05 40.59%  v_m2t/R10 52.29%  v_m2t/MedR 9.0%
[21/04/26 08:36:48][src.callback.progress][INFO] - Epoch 227 step 43600/192: loss 2.591e-01
[21/04/26 08:36:58][src.callback.progress][INFO] - Epoch 227 step 43650/192: loss 2.738e-01
[21/04/26 08:37:09][src.callback.progress][INFO] - Epoch 227 step 43700/192: loss 2.378e-01
[21/04/26 08:37:19][src.callback.progress][INFO] - Epoch 227 step 43750/192: loss 2.491e-01
[21/04/26 08:37:26][src.callback.progress][INFO] - Epoch 227: v_recons 3.291e-01  recons 2.248e-01  v_loss 5.170e-01  loss 2.480e-01  v_latent 1.010e+00  latent 6.692e-01  v_kl 5.736e+01  kl 3.029e+01  v_contrastive 1.874e+00  contrastive 2.287e-01  v_t2m/len 1530  v_t2m/R01 19.54%  v_t2m/R02 25.36%  v_t2m/R03 32.15%  v_t2m/R05 41.04%  v_t2m/R10 52.61%  v_t2m/MedR 9.0%  v_m2t/len 1530  v_m2t/R01 20.2%  v_m2t/R02 23.32%  v_m2t/R03 32.75%  v_m2t/R05 40.38%  v_m2t/R10 51.11%  v_m2t/MedR 9.0%
[21/04/26 08:37:36][src.callback.progress][INFO] - Epoch 228 step 43800/192: loss 2.547e-01
[21/04/26 08:37:46][src.callback.progress][INFO] - Epoch 228 step 43850/192: loss 2.798e-01
[21/04/26 08:37:56][src.callback.progress][INFO] - Epoch 228 step 43900/192: loss 2.605e-01
[21/04/26 08:38:06][src.callback.progress][INFO] - Epoch 228 step 43950/192: loss 2.480e-01
[21/04/26 08:38:12][src.callback.progress][INFO] - Epoch 228: v_recons 3.354e-01  recons 2.244e-01  v_loss 5.291e-01  loss 2.476e-01  v_latent 1.025e+00  latent 6.695e-01  v_kl 5.885e+01  kl 3.042e+01  v_contrastive 1.931e+00  contrastive 2.294e-01  v_t2m/len 1530  v_t2m/R01 18.43%  v_t2m/R02 25.48%  v_t2m/R03 32.81%  v_t2m/R05 41.18%  v_t2m/R10 53.13%  v_t2m/MedR 9.0%  v_m2t/len 1530  v_m2t/R01 19.87%  v_m2t/R02 22.42%  v_m2t/R03 31.5%  v_m2t/R05 38.88%  v_m2t/R10 50.72%  v_m2t/MedR 10.0%
[21/04/26 08:38:24][src.callback.progress][INFO] - Epoch 229 step 44000/192: loss 2.319e-01
[21/04/26 08:38:34][src.callback.progress][INFO] - Epoch 229 step 44050/192: loss 2.466e-01
[21/04/26 08:38:44][src.callback.progress][INFO] - Epoch 229 step 44100/192: loss 2.710e-01
[21/04/26 08:38:54][src.callback.progress][INFO] - Epoch 229 step 44150/192: loss 2.360e-01
[21/04/26 08:38:58][src.callback.progress][INFO] - Epoch 229: v_recons 3.316e-01  recons 2.248e-01  v_loss 5.204e-01  loss 2.479e-01  v_latent 1.012e+00  latent 6.717e-01  v_kl 5.803e+01  kl 3.055e+01  v_contrastive 1.883e+00  contrastive 2.281e-01  v_t2m/len 1530  v_t2m/R01 19.35%  v_t2m/R02 25.48%  v_t2m/R03 32.47%  v_t2m/R05 41.11%  v_t2m/R10 53.59%  v_t2m/MedR 9.0%  v_m2t/len 1530  v_m2t/R01 20.71%  v_m2t/R02 23.32%  v_m2t/R03 31.76%  v_m2t/R05 39.47%  v_m2t/R10 51.31%  v_m2t/MedR 9.5%
[21/04/26 08:39:11][src.callback.progress][INFO] - Epoch 230 step 44200/192: loss 2.487e-01
[21/04/26 08:39:21][src.callback.progress][INFO] - Epoch 230 step 44250/192: loss 2.395e-01
[21/04/26 08:39:31][src.callback.progress][INFO] - Epoch 230 step 44300/192: loss 2.429e-01
[21/04/26 08:39:41][src.callback.progress][INFO] - Epoch 230 step 44350/192: loss 2.580e-01
[21/04/26 08:39:44][src.callback.progress][INFO] - Epoch 230: v_recons 3.314e-01  recons 2.242e-01  v_loss 5.212e-01  loss 2.469e-01  v_latent 1.015e+00  latent 6.717e-01  v_kl 5.896e+01  kl 3.058e+01  v_contrastive 1.892e+00  contrastive 2.236e-01  v_t2m/len 1530  v_t2m/R01 19.02%  v_t2m/R02 25.22%  v_t2m/R03 33.13%  v_t2m/R05 41.24%  v_t2m/R10 54.25%  v_t2m/MedR 9.0%  v_m2t/len 1530  v_m2t/R01 20.78%  v_m2t/R02 23.06%  v_m2t/R03 31.5%  v_m2t/R05 40.91%  v_m2t/R10 52.22%  v_m2t/MedR 9.0%
[21/04/26 08:39:58][src.callback.progress][INFO] - Epoch 231 step 44400/192: loss 2.798e-01
[21/04/26 08:40:09][src.callback.progress][INFO] - Epoch 231 step 44450/192: loss 2.352e-01
[21/04/26 08:40:19][src.callback.progress][INFO] - Epoch 231 step 44500/192: loss 2.343e-01
[21/04/26 08:40:30][src.callback.progress][INFO] - Epoch 231: v_recons 3.334e-01  recons 2.239e-01  v_loss 5.221e-01  loss 2.469e-01  v_latent 1.018e+00  latent 6.734e-01  v_kl 5.856e+01  kl 3.075e+01  v_contrastive 1.882e+00  contrastive 2.272e-01  v_t2m/len 1530  v_t2m/R01 19.54%  v_t2m/R02 25.87%  v_t2m/R03 32.54%  v_t2m/R05 40.84%  v_t2m/R10 53.99%  v_t2m/MedR 9.0%  v_m2t/len 1530  v_m2t/R01 20.64%  v_m2t/R02 23.86%  v_m2t/R03 32.15%  v_m2t/R05 39.61%  v_m2t/R10 51.5%  v_m2t/MedR 10.0%
[21/04/26 08:40:36][src.callback.progress][INFO] - Epoch 232 step 44550/192: loss 2.365e-01
[21/04/26 08:40:46][src.callback.progress][INFO] - Epoch 232 step 44600/192: loss 2.364e-01
[21/04/26 08:40:57][src.callback.progress][INFO] - Epoch 232 step 44650/192: loss 2.499e-01
[21/04/26 08:41:07][src.callback.progress][INFO] - Epoch 232 step 44700/192: loss 2.546e-01
[21/04/26 08:41:16][src.callback.progress][INFO] - Epoch 232: v_recons 3.311e-01  recons 2.244e-01  v_loss 5.206e-01  loss 2.472e-01  v_latent 1.020e+00  latent 6.737e-01  v_kl 5.834e+01  kl 3.072e+01  v_contrastive 1.889e+00  contrastive 2.250e-01  v_t2m/len 1530  v_t2m/R01 18.76%  v_t2m/R02 25.48%  v_t2m/R03 32.15%  v_t2m/R05 42.41%  v_t2m/R10 53.91%  v_t2m/MedR 8.0%  v_m2t/len 1530  v_m2t/R01 20.38%  v_m2t/R02 23.53%  v_m2t/R03 31.95%  v_m2t/R05 39.61%  v_m2t/R10 50.38%  v_m2t/MedR 10.0%
[21/04/26 08:41:24][src.callback.progress][INFO] - Epoch 233 step 44750/192: loss 2.820e-01
[21/04/26 08:41:34][src.callback.progress][INFO] - Epoch 233 step 44800/192: loss 2.708e-01
[21/04/26 08:41:44][src.callback.progress][INFO] - Epoch 233 step 44850/192: loss 2.705e-01
[21/04/26 08:41:54][src.callback.progress][INFO] - Epoch 233 step 44900/192: loss 2.607e-01
[21/04/26 08:42:02][src.callback.progress][INFO] - Epoch 233: v_recons 3.324e-01  recons 2.244e-01  v_loss 5.216e-01  loss 2.475e-01  v_latent 1.021e+00  latent 6.752e-01  v_kl 5.828e+01  kl 3.088e+01  v_contrastive 1.886e+00  contrastive 2.275e-01  v_t2m/len 1530  v_t2m/R01 20.64%  v_t2m/R02 25.81%  v_t2m/R03 32.75%  v_t2m/R05 41.56%  v_t2m/R10 53.52%  v_t2m/MedR 9.0%  v_m2t/len 1530  v_m2t/R01 20.78%  v_m2t/R02 23.59%  v_m2t/R03 32.68%  v_m2t/R05 40.25%  v_m2t/R10 50.91%  v_m2t/MedR 10.0%
[21/04/26 08:42:12][src.callback.progress][INFO] - Epoch 234 step 44950/192: loss 2.319e-01
[21/04/26 08:42:22][src.callback.progress][INFO] - Epoch 234 step 45000/192: loss 2.506e-01
[21/04/26 08:42:32][src.callback.progress][INFO] - Epoch 234 step 45050/192: loss 2.639e-01
[21/04/26 08:42:43][src.callback.progress][INFO] - Epoch 234 step 45100/192: loss 2.476e-01
[21/04/26 08:42:48][src.callback.progress][INFO] - Epoch 234: v_recons 3.330e-01  recons 2.232e-01  v_loss 5.228e-01  loss 2.459e-01  v_latent 1.022e+00  latent 6.740e-01  v_kl 5.900e+01  kl 3.076e+01  v_contrastive 1.892e+00  contrastive 2.245e-01  v_t2m/len 1530  v_t2m/R01 20.45%  v_t2m/R02 26.4%  v_t2m/R03 34.11%  v_t2m/R05 41.83%  v_t2m/R10 53.59%  v_t2m/MedR 9.0%  v_m2t/len 1530  v_m2t/R01 20.78%  v_m2t/R02 24.12%  v_m2t/R03 33.27%  v_m2t/R05 40.45%  v_m2t/R10 52.09%  v_m2t/MedR 9.0%
[21/04/26 08:43:00][src.callback.progress][INFO] - Epoch 235 step 45150/192: loss 2.312e-01
[21/04/26 08:43:10][src.callback.progress][INFO] - Epoch 235 step 45200/192: loss 2.459e-01
[21/04/26 08:43:20][src.callback.progress][INFO] - Epoch 235 step 45250/192: loss 2.079e-01
[21/04/26 08:43:30][src.callback.progress][INFO] - Epoch 235 step 45300/192: loss 2.479e-01
[21/04/26 08:43:35][src.callback.progress][INFO] - Epoch 235: v_recons 3.328e-01  recons 2.234e-01  v_loss 5.300e-01  loss 2.461e-01  v_latent 1.042e+00  latent 6.752e-01  v_kl 6.066e+01  kl 3.100e+01  v_contrastive 1.966e+00  contrastive 2.237e-01  v_t2m/len 1530  v_t2m/R01 19.4%  v_t2m/R02 25.62%  v_t2m/R03 32.34%  v_t2m/R05 40.25%  v_t2m/R10 52.75%  v_t2m/MedR 9.0%  v_m2t/len 1530  v_m2t/R01 21.5%  v_m2t/R02 24.3%  v_m2t/R03 32.09%  v_m2t/R05 38.88%  v_m2t/R10 50.25%  v_m2t/MedR 10.0%
[21/04/26 08:43:47][src.callback.progress][INFO] - Epoch 236 step 45350/192: loss 2.401e-01
[21/04/26 08:43:58][src.callback.progress][INFO] - Epoch 236 step 45400/192: loss 2.339e-01
[21/04/26 08:44:08][src.callback.progress][INFO] - Epoch 236 step 45450/192: loss 2.140e-01
[21/04/26 08:44:18][src.callback.progress][INFO] - Epoch 236 step 45500/192: loss 2.475e-01
[21/04/26 08:44:21][src.callback.progress][INFO] - Epoch 236: v_recons 3.329e-01  recons 2.230e-01  v_loss 5.268e-01  loss 2.454e-01  v_latent 1.034e+00  latent 6.755e-01  v_kl 6.015e+01  kl 3.088e+01  v_contrastive 1.933e+00  contrastive 2.215e-01  v_t2m/len 1530  v_t2m/R01 20.92%  v_t2m/R02 26.6%  v_t2m/R03 33.13%  v_t2m/R05 41.36%  v_t2m/R10 52.61%  v_t2m/MedR 9.0%  v_m2t/len 1530  v_m2t/R01 19.61%  v_m2t/R02 22.87%  v_m2t/R03 31.7%  v_m2t/R05 40.0%  v_m2t/R10 50.13%  v_m2t/MedR 10.0%
[21/04/26 08:44:35][src.callback.progress][INFO] - Epoch 237 step 45550/192: loss 2.562e-01
[21/04/26 08:44:45][src.callback.progress][INFO] - Epoch 237 step 45600/192: loss 2.595e-01
[21/04/26 08:44:56][src.callback.progress][INFO] - Epoch 237 step 45650/192: loss 2.477e-01
[21/04/26 08:45:07][src.callback.progress][INFO] - Epoch 237: v_recons 3.325e-01  recons 2.227e-01  v_loss 5.259e-01  loss 2.452e-01  v_latent 1.034e+00  latent 6.728e-01  v_kl 5.972e+01  kl 3.085e+01  v_contrastive 1.927e+00  contrastive 2.212e-01  v_t2m/len 1530  v_t2m/R01 19.67%  v_t2m/R02 25.42%  v_t2m/R03 31.62%  v_t2m/R05 40.84%  v_t2m/R10 52.88%  v_t2m/MedR 9.0%  v_m2t/len 1530  v_m2t/R01 20.52%  v_m2t/R02 23.98%  v_m2t/R03 32.34%  v_m2t/R05 40.0%  v_m2t/R10 50.38%  v_m2t/MedR 10.0%
[21/04/26 08:45:13][src.callback.progress][INFO] - Epoch 238 step 45700/192: loss 2.454e-01
[21/04/26 08:45:23][src.callback.progress][INFO] - Epoch 238 step 45750/192: loss 2.122e-01
[21/04/26 08:45:33][src.callback.progress][INFO] - Epoch 238 step 45800/192: loss 2.713e-01
[21/04/26 08:45:43][src.callback.progress][INFO] - Epoch 238 step 45850/192: loss 2.290e-01
[21/04/26 08:45:52][src.callback.progress][INFO] - Epoch 238: v_recons 3.354e-01  recons 2.229e-01  v_loss 5.287e-01  loss 2.453e-01  v_latent 1.036e+00  latent 6.756e-01  v_kl 6.021e+01  kl 3.099e+01  v_contrastive 1.927e+00  contrastive 2.209e-01  v_t2m/len 1530  v_t2m/R01 19.14%  v_t2m/R02 25.03%  v_t2m/R03 32.15%  v_t2m/R05 40.84%  v_t2m/R10 53.59%  v_t2m/MedR 9.0%  v_m2t/len 1530  v_m2t/R01 20.12%  v_m2t/R02 23.45%  v_m2t/R03 32.68%  v_m2t/R05 39.02%  v_m2t/R10 50.52%  v_m2t/MedR 10.0%
[21/04/26 08:46:00][src.callback.progress][INFO] - Epoch 239 step 45900/192: loss 2.592e-01
[21/04/26 08:46:10][src.callback.progress][INFO] - Epoch 239 step 45950/192: loss 2.206e-01
[21/04/26 08:46:20][src.callback.progress][INFO] - Epoch 239 step 46000/192: loss 2.585e-01
[21/04/26 08:46:30][src.callback.progress][INFO] - Epoch 239 step 46050/192: loss 2.480e-01
[21/04/26 08:46:38][src.callback.progress][INFO] - Epoch 239: v_recons 3.330e-01  recons 2.229e-01  v_loss 5.232e-01  loss 2.450e-01  v_latent 1.028e+00  latent 6.759e-01  v_kl 5.918e+01  kl 3.114e+01  v_contrastive 1.897e+00  contrastive 2.182e-01  v_t2m/len 1530  v_t2m/R01 20.26%  v_t2m/R02 26.07%  v_t2m/R03 33.13%  v_t2m/R05 42.34%  v_t2m/R10 53.86%  v_t2m/MedR 8.0%  v_m2t/len 1530  v_m2t/R01 20.64%  v_m2t/R02 23.2%  v_m2t/R03 32.61%  v_m2t/R05 39.74%  v_m2t/R10 50.65%  v_m2t/MedR 10.0%
[21/04/26 08:46:47][src.callback.progress][INFO] - Epoch 240 step 46100/192: loss 2.609e-01
[21/04/26 08:46:57][src.callback.progress][INFO] - Epoch 240 step 46150/192: loss 2.655e-01
[21/04/26 08:47:08][src.callback.progress][INFO] - Epoch 240 step 46200/192: loss 2.369e-01
[21/04/26 08:47:18][src.callback.progress][INFO] - Epoch 240 step 46250/192: loss 2.471e-01
[21/04/26 08:47:24][src.callback.progress][INFO] - Epoch 240: v_recons 3.314e-01  recons 2.228e-01  v_loss 5.230e-01  loss 2.450e-01  v_latent 1.037e+00  latent 6.766e-01  v_kl 6.012e+01  kl 3.116e+01  v_contrastive 1.909e+00  contrastive 2.187e-01  v_t2m/len 1530  v_t2m/R01 20.64%  v_t2m/R02 26.6%  v_t2m/R03 33.45%  v_t2m/R05 41.31%  v_t2m/R10 54.18%  v_t2m/MedR 9.0%  v_m2t/len 1530  v_m2t/R01 20.0%  v_m2t/R02 23.2%  v_m2t/R03 32.54%  v_m2t/R05 41.04%  v_m2t/R10 52.22%  v_m2t/MedR 9.0%
[21/04/26 08:47:35][src.callback.progress][INFO] - Epoch 241 step 46300/192: loss 2.723e-01
[21/04/26 08:47:45][src.callback.progress][INFO] - Epoch 241 step 46350/192: loss 2.654e-01
[21/04/26 08:47:55][src.callback.progress][INFO] - Epoch 241 step 46400/192: loss 2.708e-01
[21/04/26 08:48:06][src.callback.progress][INFO] - Epoch 241 step 46450/192: loss 2.584e-01
[21/04/26 08:48:10][src.callback.progress][INFO] - Epoch 241: v_recons 3.356e-01  recons 2.228e-01  v_loss 5.277e-01  loss 2.451e-01  v_latent 1.034e+00  latent 6.761e-01  v_kl 6.099e+01  kl 3.134e+01  v_contrastive 1.915e+00  contrastive 2.196e-01  v_t2m/len 1530  v_t2m/R01 19.54%  v_t2m/R02 26.46%  v_t2m/R03 34.04%  v_t2m/R05 42.75%  v_t2m/R10 54.25%  v_t2m/MedR 8.0%  v_m2t/len 1530  v_m2t/R01 20.45%  v_m2t/R02 23.2%  v_m2t/R03 32.54%  v_m2t/R05 40.13%  v_m2t/R10 51.18%  v_m2t/MedR 10.0%
[21/04/26 08:48:23][src.callback.progress][INFO] - Epoch 242 step 46500/192: loss 2.527e-01
[21/04/26 08:48:34][src.callback.progress][INFO] - Epoch 242 step 46550/192: loss 2.737e-01
[21/04/26 08:48:44][src.callback.progress][INFO] - Epoch 242 step 46600/192: loss 2.308e-01
[21/04/26 08:48:54][src.callback.progress][INFO] - Epoch 242 step 46650/192: loss 2.310e-01
[21/04/26 08:48:57][src.callback.progress][INFO] - Epoch 242: v_recons 3.325e-01  recons 2.217e-01  v_loss 5.262e-01  loss 2.440e-01  v_latent 1.037e+00  latent 6.758e-01  v_kl 6.027e+01  kl 3.136e+01  v_contrastive 1.931e+00  contrastive 2.203e-01  v_t2m/len 1530  v_t2m/R01 20.12%  v_t2m/R02 26.13%  v_t2m/R03 33.99%  v_t2m/R05 41.95%  v_t2m/R10 53.2%  v_t2m/MedR 9.0%  v_m2t/len 1530  v_m2t/R01 19.73%  v_m2t/R02 22.94%  v_m2t/R03 31.5%  v_m2t/R05 39.54%  v_m2t/R10 49.4%  v_m2t/MedR 11.0%
[21/04/26 08:49:11][src.callback.progress][INFO] - Epoch 243 step 46700/192: loss 2.333e-01
[21/04/26 08:49:22][src.callback.progress][INFO] - Epoch 243 step 46750/192: loss 2.376e-01
[21/04/26 08:49:32][src.callback.progress][INFO] - Epoch 243 step 46800/192: loss 2.640e-01
[21/04/26 08:49:43][src.callback.progress][INFO] - Epoch 243: v_recons 3.349e-01  recons 2.216e-01  v_loss 5.251e-01  loss 2.438e-01  v_latent 1.034e+00  latent 6.789e-01  v_kl 6.115e+01  kl 3.170e+01  v_contrastive 1.896e+00  contrastive 2.189e-01  v_t2m/len 1530  v_t2m/R01 19.73%  v_t2m/R02 26.98%  v_t2m/R03 34.5%  v_t2m/R05 42.15%  v_t2m/R10 53.27%  v_t2m/MedR 9.0%  v_m2t/len 1530  v_m2t/R01 19.93%  v_m2t/R02 22.75%  v_m2t/R03 31.56%  v_m2t/R05 39.02%  v_m2t/R10 51.18%  v_m2t/MedR 9.0%
[21/04/26 08:49:49][src.callback.progress][INFO] - Epoch 244 step 46850/192: loss 2.615e-01
[21/04/26 08:49:59][src.callback.progress][INFO] - Epoch 244 step 46900/192: loss 2.736e-01
[21/04/26 08:50:09][src.callback.progress][INFO] - Epoch 244 step 46950/192: loss 2.407e-01
[21/04/26 08:50:19][src.callback.progress][INFO] - Epoch 244 step 47000/192: loss 2.334e-01
[21/04/26 08:50:29][src.callback.progress][INFO] - Epoch 244: v_recons 3.339e-01  recons 2.215e-01  v_loss 5.230e-01  loss 2.436e-01  v_latent 1.038e+00  latent 6.774e-01  v_kl 6.116e+01  kl 3.153e+01  v_contrastive 1.884e+00  contrastive 2.177e-01  v_t2m/len 1530  v_t2m/R01 19.67%  v_t2m/R02 26.2%  v_t2m/R03 33.4%  v_t2m/R05 41.95%  v_t2m/R10 53.13%  v_t2m/MedR 9.0%  v_m2t/len 1530  v_m2t/R01 20.12%  v_m2t/R02 23.13%  v_m2t/R03 32.75%  v_m2t/R05 41.04%  v_m2t/R10 50.77%  v_m2t/MedR 10.0%
[21/04/26 08:50:36][src.callback.progress][INFO] - Epoch 245 step 47050/192: loss 2.574e-01
[21/04/26 08:50:46][src.callback.progress][INFO] - Epoch 245 step 47100/192: loss 2.289e-01
[21/04/26 08:50:56][src.callback.progress][INFO] - Epoch 245 step 47150/192: loss 2.481e-01
[21/04/26 08:51:07][src.callback.progress][INFO] - Epoch 245 step 47200/192: loss 2.526e-01
[21/04/26 08:51:15][src.callback.progress][INFO] - Epoch 245: v_recons 3.347e-01  recons 2.205e-01  v_loss 5.221e-01  loss 2.422e-01  v_latent 1.035e+00  latent 6.739e-01  v_kl 6.032e+01  kl 3.131e+01  v_contrastive 1.868e+00  contrastive 2.131e-01  v_t2m/len 1530  v_t2m/R01 19.47%  v_t2m/R02 25.42%  v_t2m/R03 33.72%  v_t2m/R05 42.02%  v_t2m/R10 55.15%  v_t2m/MedR 8.0%  v_m2t/len 1530  v_m2t/R01 20.71%  v_m2t/R02 23.39%  v_m2t/R03 31.7%  v_m2t/R05 40.0%  v_m2t/R10 52.22%  v_m2t/MedR 9.0%
[21/04/26 08:51:24][src.callback.progress][INFO] - Epoch 246 step 47250/192: loss 2.611e-01
[21/04/26 08:51:34][src.callback.progress][INFO] - Epoch 246 step 47300/192: loss 2.367e-01
[21/04/26 08:51:44][src.callback.progress][INFO] - Epoch 246 step 47350/192: loss 2.227e-01
[21/04/26 08:51:54][src.callback.progress][INFO] - Epoch 246 step 47400/192: loss 2.520e-01
[21/04/26 08:52:01][src.callback.progress][INFO] - Epoch 246: v_recons 3.337e-01  recons 2.209e-01  v_loss 5.248e-01  loss 2.428e-01  v_latent 1.042e+00  latent 6.789e-01  v_kl 6.079e+01  kl 3.163e+01  v_contrastive 1.905e+00  contrastive 2.160e-01  v_t2m/len 1530  v_t2m/R01 19.61%  v_t2m/R02 26.72%  v_t2m/R03 34.18%  v_t2m/R05 41.31%  v_t2m/R10 53.86%  v_t2m/MedR 9.0%  v_m2t/len 1530  v_m2t/R01 20.64%  v_m2t/R02 23.86%  v_m2t/R03 31.62%  v_m2t/R05 39.54%  v_m2t/R10 50.59%  v_m2t/MedR 10.0%
[21/04/26 08:52:11][src.callback.progress][INFO] - Epoch 247 step 47450/192: loss 2.418e-01
[21/04/26 08:52:21][src.callback.progress][INFO] - Epoch 247 step 47500/192: loss 2.643e-01
[21/04/26 08:52:32][src.callback.progress][INFO] - Epoch 247 step 47550/192: loss 2.640e-01
[21/04/26 08:52:42][src.callback.progress][INFO] - Epoch 247 step 47600/192: loss 2.691e-01
[21/04/26 08:52:47][src.callback.progress][INFO] - Epoch 247: v_recons 3.345e-01  recons 2.200e-01  v_loss 5.262e-01  loss 2.417e-01  v_latent 1.044e+00  latent 6.763e-01  v_kl 6.148e+01  kl 3.165e+01  v_contrastive 1.911e+00  contrastive 2.133e-01  v_t2m/len 1530  v_t2m/R01 19.61%  v_t2m/R02 25.87%  v_t2m/R03 32.34%  v_t2m/R05 42.22%  v_t2m/R10 54.18%  v_t2m/MedR 8.0%  v_m2t/len 1530  v_m2t/R01 20.0%  v_m2t/R02 23.13%  v_m2t/R03 32.02%  v_m2t/R05 40.52%  v_m2t/R10 52.15%  v_m2t/MedR 9.0%
[21/04/26 08:52:59][src.callback.progress][INFO] - Epoch 248 step 47650/192: loss 2.493e-01
[21/04/26 08:53:09][src.callback.progress][INFO] - Epoch 248 step 47700/192: loss 2.479e-01
[21/04/26 08:53:19][src.callback.progress][INFO] - Epoch 248 step 47750/192: loss 2.530e-01
[21/04/26 08:53:29][src.callback.progress][INFO] - Epoch 248 step 47800/192: loss 2.438e-01
[21/04/26 08:53:33][src.callback.progress][INFO] - Epoch 248: v_recons 3.352e-01  recons 2.197e-01  v_loss 5.236e-01  loss 2.409e-01  v_latent 1.042e+00  latent 6.737e-01  v_kl 6.041e+01  kl 3.130e+01  v_contrastive 1.878e+00  contrastive 2.084e-01  v_t2m/len 1530  v_t2m/R01 19.67%  v_t2m/R02 26.72%  v_t2m/R03 33.45%  v_t2m/R05 41.56%  v_t2m/R10 53.52%  v_t2m/MedR 9.0%  v_m2t/len 1530  v_m2t/R01 20.2%  v_m2t/R02 23.79%  v_m2t/R03 31.89%  v_m2t/R05 40.0%  v_m2t/R10 51.7%  v_m2t/MedR 10.0%
[21/04/26 08:53:47][src.callback.progress][INFO] - Epoch 249 step 47850/192: loss 2.304e-01
[21/04/26 08:53:57][src.callback.progress][INFO] - Epoch 249 step 47900/192: loss 2.597e-01
[21/04/26 08:54:07][src.callback.progress][INFO] - Epoch 249 step 47950/192: loss 2.492e-01
[21/04/26 08:54:17][src.callback.progress][INFO] - Epoch 249 step 48000/192: loss 2.150e-01
[21/04/26 08:54:19][src.callback.progress][INFO] - Epoch 249: v_recons 3.361e-01  recons 2.193e-01  v_loss 5.278e-01  loss 2.404e-01  v_latent 1.048e+00  latent 6.745e-01  v_kl 6.084e+01  kl 3.129e+01  v_contrastive 1.911e+00  contrastive 2.075e-01  v_t2m/len 1530  v_t2m/R01 19.28%  v_t2m/R02 25.1%  v_t2m/R03 31.76%  v_t2m/R05 41.11%  v_t2m/R10 52.75%  v_t2m/MedR 8.5%  v_m2t/len 1530  v_m2t/R01 19.79%  v_m2t/R02 23.01%  v_m2t/R03 31.04%  v_m2t/R05 38.81%  v_m2t/R10 50.91%  v_m2t/MedR 10.0%
[21/04/26 08:54:34][src.callback.progress][INFO] - Epoch 250 step 48050/192: loss 2.762e-01
[21/04/26 08:54:44][src.callback.progress][INFO] - Epoch 250 step 48100/192: loss 2.394e-01
[21/04/26 08:54:54][src.callback.progress][INFO] - Epoch 250 step 48150/192: loss 2.470e-01
[21/04/26 08:55:05][src.callback.progress][INFO] - Epoch 250: v_recons 3.318e-01  recons 2.199e-01  v_loss 5.246e-01  loss 2.413e-01  v_latent 1.049e+00  latent 6.769e-01  v_kl 6.161e+01  kl 3.170e+01  v_contrastive 1.921e+00  contrastive 2.100e-01  v_t2m/len 1530  v_t2m/R01 20.71%  v_t2m/R02 26.54%  v_t2m/R03 32.47%  v_t2m/R05 41.36%  v_t2m/R10 52.88%  v_t2m/MedR 9.0%  v_m2t/len 1530  v_m2t/R01 19.87%  v_m2t/R02 22.87%  v_m2t/R03 31.5%  v_m2t/R05 37.77%  v_m2t/R10 50.77%  v_m2t/MedR 10.0%
[21/04/26 08:55:12][src.callback.progress][INFO] - Epoch 251 step 48200/192: loss 2.554e-01
[21/04/26 08:55:22][src.callback.progress][INFO] - Epoch 251 step 48250/192: loss 2.188e-01
[21/04/26 08:55:32][src.callback.progress][INFO] - Epoch 251 step 48300/192: loss 2.494e-01
[21/04/26 08:55:42][src.callback.progress][INFO] - Epoch 251 step 48350/192: loss 2.302e-01
[21/04/26 08:55:51][src.callback.progress][INFO] - Epoch 251: v_recons 3.339e-01  recons 2.197e-01  v_loss 5.260e-01  loss 2.412e-01  v_latent 1.050e+00  latent 6.775e-01  v_kl 6.231e+01  kl 3.201e+01  v_contrastive 1.915e+00  contrastive 2.115e-01  v_t2m/len 1530  v_t2m/R01 19.54%  v_t2m/R02 25.03%  v_t2m/R03 31.82%  v_t2m/R05 40.38%  v_t2m/R10 53.4%  v_t2m/MedR 9.0%  v_m2t/len 1530  v_m2t/R01 20.78%  v_m2t/R02 22.94%  v_m2t/R03 32.81%  v_m2t/R05 40.33%  v_m2t/R10 51.56%  v_m2t/MedR 9.0%
[21/04/26 08:56:00][src.callback.progress][INFO] - Epoch 252 step 48400/192: loss 2.372e-01
[21/04/26 08:56:10][src.callback.progress][INFO] - Epoch 252 step 48450/192: loss 2.638e-01
[21/04/26 08:56:20][src.callback.progress][INFO] - Epoch 252 step 48500/192: loss 2.430e-01
[21/04/26 08:56:30][src.callback.progress][INFO] - Epoch 252 step 48550/192: loss 2.506e-01
[21/04/26 08:56:37][src.callback.progress][INFO] - Epoch 252: v_recons 3.340e-01  recons 2.198e-01  v_loss 5.239e-01  loss 2.418e-01  v_latent 1.046e+00  latent 6.823e-01  v_kl 6.252e+01  kl 3.212e+01  v_contrastive 1.893e+00  contrastive 2.163e-01  v_t2m/len 1530  v_t2m/R01 19.47%  v_t2m/R02 25.36%  v_t2m/R03 32.68%  v_t2m/R05 40.2%  v_t2m/R10 53.33%  v_t2m/MedR 9.0%  v_m2t/len 1530  v_m2t/R01 19.79%  v_m2t/R02 22.54%  v_m2t/R03 31.95%  v_m2t/R05 40.91%  v_m2t/R10 51.75%  v_m2t/MedR 9.0%
[21/04/26 08:56:47][src.callback.progress][INFO] - Epoch 253 step 48600/192: loss 2.262e-01
[21/04/26 08:56:58][src.callback.progress][INFO] - Epoch 253 step 48650/192: loss 2.385e-01
[21/04/26 08:57:08][src.callback.progress][INFO] - Epoch 253 step 48700/192: loss 2.595e-01
[21/04/26 08:57:18][src.callback.progress][INFO] - Epoch 253 step 48750/192: loss 2.390e-01
[21/04/26 08:57:23][src.callback.progress][INFO] - Epoch 253: v_recons 3.338e-01  recons 2.192e-01  v_loss 5.254e-01  loss 2.402e-01  v_latent 1.052e+00  latent 6.754e-01  v_kl 6.240e+01  kl 3.165e+01  v_contrastive 1.910e+00  contrastive 2.075e-01  v_t2m/len 1530  v_t2m/R01 19.93%  v_t2m/R02 24.84%  v_t2m/R03 32.61%  v_t2m/R05 42.02%  v_t2m/R10 53.45%  v_t2m/MedR 9.0%  v_m2t/len 1530  v_m2t/R01 20.64%  v_m2t/R02 23.39%  v_m2t/R03 30.59%  v_m2t/R05 39.22%  v_m2t/R10 50.65%  v_m2t/MedR 10.0%
[21/04/26 08:57:35][src.callback.progress][INFO] - Epoch 254 step 48800/192: loss 2.420e-01
[21/04/26 08:57:45][src.callback.progress][INFO] - Epoch 254 step 48850/192: loss 2.247e-01
[21/04/26 08:57:55][src.callback.progress][INFO] - Epoch 254 step 48900/192: loss 2.234e-01
[21/04/26 08:58:05][src.callback.progress][INFO] - Epoch 254 step 48950/192: loss 2.418e-01
[21/04/26 08:58:09][src.callback.progress][INFO] - Epoch 254: v_recons 3.364e-01  recons 2.187e-01  v_loss 5.278e-01  loss 2.397e-01  v_latent 1.053e+00  latent 6.749e-01  v_kl 6.258e+01  kl 3.157e+01  v_contrastive 1.908e+00  contrastive 2.066e-01  v_t2m/len 1530  v_t2m/R01 20.52%  v_t2m/R02 26.07%  v_t2m/R03 33.33%  v_t2m/R05 40.91%  v_t2m/R10 52.88%  v_t2m/MedR 9.0%  v_m2t/len 1530  v_m2t/R01 20.59%  v_m2t/R02 22.8%  v_m2t/R03 31.56%  v_m2t/R05 39.93%  v_m2t/R10 50.33%  v_m2t/MedR 10.0%
[21/04/26 08:58:23][src.callback.progress][INFO] - Epoch 255 step 49000/192: loss 2.360e-01
[21/04/26 08:58:33][src.callback.progress][INFO] - Epoch 255 step 49050/192: loss 2.602e-01
[21/04/26 08:58:43][src.callback.progress][INFO] - Epoch 255 step 49100/192: loss 2.647e-01
[21/04/26 08:58:54][src.callback.progress][INFO] - Epoch 255 step 49150/192: loss 2.361e-01
[21/04/26 08:58:56][src.callback.progress][INFO] - Epoch 255: v_recons 3.355e-01  recons 2.194e-01  v_loss 5.301e-01  loss 2.410e-01  v_latent 1.059e+00  latent 6.817e-01  v_kl 6.214e+01  kl 3.222e+01  v_contrastive 1.939e+00  contrastive 2.128e-01  v_t2m/len 1530  v_t2m/R01 19.61%  v_t2m/R02 25.62%  v_t2m/R03 33.52%  v_t2m/R05 41.75%  v_t2m/R10 52.81%  v_t2m/MedR 9.0%  v_m2t/len 1530  v_m2t/R01 19.87%  v_m2t/R02 23.2%  v_m2t/R03 32.22%  v_m2t/R05 39.79%  v_m2t/R10 51.75%  v_m2t/MedR 9.0%
[21/04/26 08:59:11][src.callback.progress][INFO] - Epoch 256 step 49200/192: loss 2.305e-01
[21/04/26 08:59:22][src.callback.progress][INFO] - Epoch 256 step 49250/192: loss 2.404e-01
[21/04/26 08:59:32][src.callback.progress][INFO] - Epoch 256 step 49300/192: loss 2.448e-01
[21/04/26 08:59:43][src.callback.progress][INFO] - Epoch 256: v_recons 3.344e-01  recons 2.195e-01  v_loss 5.250e-01  loss 2.406e-01  v_latent 1.063e+00  latent 6.786e-01  v_kl 6.419e+01  kl 3.197e+01  v_contrastive 1.899e+00  contrastive 2.079e-01  v_t2m/len 1530  v_t2m/R01 18.81%  v_t2m/R02 25.87%  v_t2m/R03 32.81%  v_t2m/R05 40.84%  v_t2m/R10 53.33%  v_t2m/MedR 9.0%  v_m2t/len 1530  v_m2t/R01 20.06%  v_m2t/R02 22.29%  v_m2t/R03 31.56%  v_m2t/R05 38.68%  v_m2t/R10 50.72%  v_m2t/MedR 10.0%
[21/04/26 08:59:49][src.callback.progress][INFO] - Epoch 257 step 49350/192: loss 2.542e-01
[21/04/26 08:59:59][src.callback.progress][INFO] - Epoch 257 step 49400/192: loss 2.560e-01
[21/04/26 09:00:10][src.callback.progress][INFO] - Epoch 257 step 49450/192: loss 2.439e-01
[21/04/26 09:00:20][src.callback.progress][INFO] - Epoch 257 step 49500/192: loss 2.519e-01
[21/04/26 09:00:29][src.callback.progress][INFO] - Epoch 257: v_recons 3.345e-01  recons 2.176e-01  v_loss 5.252e-01  loss 2.385e-01  v_latent 1.060e+00  latent 6.770e-01  v_kl 6.320e+01  kl 3.193e+01  v_contrastive 1.901e+00  contrastive 2.055e-01  v_t2m/len 1530  v_t2m/R01 19.21%  v_t2m/R02 24.7%  v_t2m/R03 33.0%  v_t2m/R05 41.18%  v_t2m/R10 52.47%  v_t2m/MedR 9.0%  v_m2t/len 1530  v_m2t/R01 21.7%  v_m2t/R02 24.18%  v_m2t/R03 30.92%  v_m2t/R05 38.04%  v_m2t/R10 50.52%  v_m2t/MedR 10.0%
[21/04/26 09:00:38][src.callback.progress][INFO] - Epoch 258 step 49550/192: loss 2.174e-01
[21/04/26 09:00:48][src.callback.progress][INFO] - Epoch 258 step 49600/192: loss 2.444e-01
[21/04/26 09:00:58][src.callback.progress][INFO] - Epoch 258 step 49650/192: loss 2.334e-01
[21/04/26 09:01:08][src.callback.progress][INFO] - Epoch 258 step 49700/192: loss 2.199e-01
[21/04/26 09:01:15][src.callback.progress][INFO] - Epoch 258: v_recons 3.321e-01  recons 2.176e-01  v_loss 5.231e-01  loss 2.388e-01  v_latent 1.058e+00  latent 6.775e-01  v_kl 6.269e+01  kl 3.186e+01  v_contrastive 1.903e+00  contrastive 2.083e-01  v_t2m/len 1530  v_t2m/R01 19.4%  v_t2m/R02 24.63%  v_t2m/R03 32.54%  v_t2m/R05 40.91%  v_t2m/R10 53.4%  v_t2m/MedR 9.0%  v_m2t/len 1530  v_m2t/R01 20.32%  v_m2t/R02 23.53%  v_m2t/R03 30.52%  v_m2t/R05 39.34%  v_m2t/R10 52.54%  v_m2t/MedR 9.0%
[21/04/26 09:01:24][src.callback.progress][INFO] - Epoch 259 step 49750/192: loss 2.580e-01
[21/04/26 09:01:35][src.callback.progress][INFO] - Epoch 259 step 49800/192: loss 2.254e-01
[21/04/26 09:01:45][src.callback.progress][INFO] - Epoch 259 step 49850/192: loss 2.587e-01
[21/04/26 09:01:55][src.callback.progress][INFO] - Epoch 259 step 49900/192: loss 2.318e-01
[21/04/26 09:02:01][src.callback.progress][INFO] - Epoch 259: v_recons 3.326e-01  recons 2.176e-01  v_loss 5.251e-01  loss 2.380e-01  v_latent 1.062e+00  latent 6.761e-01  v_kl 6.312e+01  kl 3.197e+01  v_contrastive 1.919e+00  contrastive 2.003e-01  v_t2m/len 1530  v_t2m/R01 19.73%  v_t2m/R02 24.96%  v_t2m/R03 32.81%  v_t2m/R05 42.22%  v_t2m/R10 53.52%  v_t2m/MedR 9.0%  v_m2t/len 1530  v_m2t/R01 19.4%  v_m2t/R02 22.75%  v_m2t/R03 31.04%  v_m2t/R05 39.66%  v_m2t/R10 50.84%  v_m2t/MedR 10.0%
[21/04/26 09:02:12][src.callback.progress][INFO] - Epoch 260 step 49950/192: loss 2.182e-01
[21/04/26 09:02:22][src.callback.progress][INFO] - Epoch 260 step 50000/192: loss 2.458e-01
[21/04/26 09:02:32][src.callback.progress][INFO] - Epoch 260 step 50050/192: loss 2.219e-01
[21/04/26 09:02:42][src.callback.progress][INFO] - Epoch 260 step 50100/192: loss 2.345e-01
[21/04/26 09:02:47][src.callback.progress][INFO] - Epoch 260: v_recons 3.345e-01  recons 2.174e-01  v_loss 5.232e-01  loss 2.380e-01  v_latent 1.060e+00  latent 6.775e-01  v_kl 6.311e+01  kl 3.195e+01  v_contrastive 1.881e+00  contrastive 2.026e-01  v_t2m/len 1530  v_t2m/R01 18.69%  v_t2m/R02 25.55%  v_t2m/R03 32.41%  v_t2m/R05 42.61%  v_t2m/R10 53.13%  v_t2m/MedR 9.0%  v_m2t/len 1530  v_m2t/R01 20.71%  v_m2t/R02 23.98%  v_m2t/R03 32.02%  v_m2t/R05 39.66%  v_m2t/R10 50.91%  v_m2t/MedR 10.0%
[21/04/26 09:03:00][src.callback.progress][INFO] - Epoch 261 step 50150/192: loss 2.344e-01
[21/04/26 09:03:10][src.callback.progress][INFO] - Epoch 261 step 50200/192: loss 2.374e-01
[21/04/26 09:03:20][src.callback.progress][INFO] - Epoch 261 step 50250/192: loss 2.346e-01
[21/04/26 09:03:31][src.callback.progress][INFO] - Epoch 261 step 50300/192: loss 2.411e-01
[21/04/26 09:03:33][src.callback.progress][INFO] - Epoch 261: v_recons 3.349e-01  recons 2.174e-01  v_loss 5.301e-01  loss 2.378e-01  v_latent 1.070e+00  latent 6.783e-01  v_kl 6.471e+01  kl 3.228e+01  v_contrastive 1.945e+00  contrastive 2.007e-01  v_t2m/len 1530  v_t2m/R01 19.35%  v_t2m/R02 26.07%  v_t2m/R03 32.54%  v_t2m/R05 40.06%  v_t2m/R10 52.47%  v_t2m/MedR 9.0%  v_m2t/len 1530  v_m2t/R01 19.93%  v_m2t/R02 22.75%  v_m2t/R03 31.62%  v_m2t/R05 38.36%  v_m2t/R10 50.2%  v_m2t/MedR 10.0%
[21/04/26 09:03:48][src.callback.progress][INFO] - Epoch 262 step 50350/192: loss 2.108e-01
[21/04/26 09:03:58][src.callback.progress][INFO] - Epoch 262 step 50400/192: loss 2.617e-01
[21/04/26 09:04:08][src.callback.progress][INFO] - Epoch 262 step 50450/192: loss 2.228e-01
[21/04/26 09:04:20][src.callback.progress][INFO] - Epoch 262: v_recons 3.341e-01  recons 2.168e-01  v_loss 5.287e-01  loss 2.370e-01  v_latent 1.065e+00  latent 6.768e-01  v_kl 6.408e+01  kl 3.213e+01  v_contrastive 1.940e+00  contrastive 1.989e-01  v_t2m/len 1530  v_t2m/R01 18.88%  v_t2m/R02 25.48%  v_t2m/R03 33.06%  v_t2m/R05 40.65%  v_t2m/R10 51.83%  v_t2m/MedR 9.0%  v_m2t/len 1530  v_m2t/R01 20.26%  v_m2t/R02 22.68%  v_m2t/R03 31.3%  v_m2t/R05 38.29%  v_m2t/R10 50.65%  v_m2t/MedR 10.0%
[21/04/26 09:04:26][src.callback.progress][INFO] - Epoch 263 step 50500/192: loss 2.560e-01
[21/04/26 09:04:36][src.callback.progress][INFO] - Epoch 263 step 50550/192: loss 2.185e-01
[21/04/26 09:04:47][src.callback.progress][INFO] - Epoch 263 step 50600/192: loss 2.393e-01
[21/04/26 09:04:57][src.callback.progress][INFO] - Epoch 263 step 50650/192: loss 2.359e-01
[21/04/26 09:05:07][src.callback.progress][INFO] - Epoch 263: v_recons 3.359e-01  recons 2.169e-01  v_loss 5.305e-01  loss 2.374e-01  v_latent 1.067e+00  latent 6.796e-01  v_kl 6.395e+01  kl 3.227e+01  v_contrastive 1.939e+00  contrastive 2.020e-01  v_t2m/len 1530  v_t2m/R01 18.5%  v_t2m/R02 25.1%  v_t2m/R03 33.06%  v_t2m/R05 40.45%  v_t2m/R10 52.02%  v_t2m/MedR 9.0%  v_m2t/len 1530  v_m2t/R01 21.18%  v_m2t/R02 23.92%  v_m2t/R03 31.82%  v_m2t/R05 37.84%  v_m2t/R10 50.72%  v_m2t/MedR 10.0%
[21/04/26 09:05:14][src.callback.progress][INFO] - Epoch 264 step 50700/192: loss 2.717e-01
[21/04/26 09:05:25][src.callback.progress][INFO] - Epoch 264 step 50750/192: loss 2.487e-01
[21/04/26 09:05:35][src.callback.progress][INFO] - Epoch 264 step 50800/192: loss 2.219e-01
[21/04/26 09:05:45][src.callback.progress][INFO] - Epoch 264 step 50850/192: loss 2.354e-01
[21/04/26 09:05:53][src.callback.progress][INFO] - Epoch 264: v_recons 3.369e-01  recons 2.167e-01  v_loss 5.297e-01  loss 2.374e-01  v_latent 1.069e+00  latent 6.775e-01  v_kl 6.498e+01  kl 3.227e+01  v_contrastive 1.922e+00  contrastive 2.031e-01  v_t2m/len 1530  v_t2m/R01 17.9%  v_t2m/R02 24.12%  v_t2m/R03 31.5%  v_t2m/R05 40.45%  v_t2m/R10 52.61%  v_t2m/MedR 9.0%  v_m2t/len 1530  v_m2t/R01 20.64%  v_m2t/R02 22.75%  v_m2t/R03 30.45%  v_m2t/R05 38.24%  v_m2t/R10 50.59%  v_m2t/MedR 10.0%
[21/04/26 09:06:02][src.callback.progress][INFO] - Epoch 265 step 50900/192: loss 2.109e-01
[21/04/26 09:06:12][src.callback.progress][INFO] - Epoch 265 step 50950/192: loss 2.301e-01
[21/04/26 09:06:23][src.callback.progress][INFO] - Epoch 265 step 51000/192: loss 1.967e-01
[21/04/26 09:06:33][src.callback.progress][INFO] - Epoch 265 step 51050/192: loss 2.572e-01
[21/04/26 09:06:39][src.callback.progress][INFO] - Epoch 265: v_recons 3.372e-01  recons 2.164e-01  v_loss 5.289e-01  loss 2.365e-01  v_latent 1.065e+00  latent 6.769e-01  v_kl 6.385e+01  kl 3.222e+01  v_contrastive 1.910e+00  contrastive 1.980e-01  v_t2m/len 1530  v_t2m/R01 20.2%  v_t2m/R02 25.55%  v_t2m/R03 34.04%  v_t2m/R05 41.9%  v_t2m/R10 53.0%  v_t2m/MedR 9.0%  v_m2t/len 1530  v_m2t/R01 19.67%  v_m2t/R02 22.61%  v_m2t/R03 31.56%  v_m2t/R05 37.7%  v_m2t/R10 51.04%  v_m2t/MedR 9.0%
[21/04/26 09:06:49][src.callback.progress][INFO] - Epoch 266 step 51100/192: loss 2.497e-01
[21/04/26 09:07:00][src.callback.progress][INFO] - Epoch 266 step 51150/192: loss 2.408e-01
[21/04/26 09:07:10][src.callback.progress][INFO] - Epoch 266 step 51200/192: loss 2.311e-01
[21/04/26 09:07:20][src.callback.progress][INFO] - Epoch 266 step 51250/192: loss 2.058e-01
[21/04/26 09:07:25][src.callback.progress][INFO] - Epoch 266: v_recons 3.373e-01  recons 2.164e-01  v_loss 5.291e-01  loss 2.367e-01  v_latent 1.071e+00  latent 6.795e-01  v_kl 6.418e+01  kl 3.229e+01  v_contrastive 1.911e+00  contrastive 1.994e-01  v_t2m/len 1530  v_t2m/R01 18.5%  v_t2m/R02 25.22%  v_t2m/R03 32.81%  v_t2m/R05 40.38%  v_t2m/R10 52.09%  v_t2m/MedR 10.0%  v_m2t/len 1530  v_m2t/R01 20.2%  v_m2t/R02 23.13%  v_m2t/R03 30.52%  v_m2t/R05 37.84%  v_m2t/R10 50.0%  v_m2t/MedR 10.5%
[21/04/26 09:07:37][src.callback.progress][INFO] - Epoch 267 step 51300/192: loss 2.155e-01
[21/04/26 09:07:48][src.callback.progress][INFO] - Epoch 267 step 51350/192: loss 2.083e-01
[21/04/26 09:07:58][src.callback.progress][INFO] - Epoch 267 step 51400/192: loss 2.277e-01
[21/04/26 09:08:08][src.callback.progress][INFO] - Epoch 267 step 51450/192: loss 2.558e-01
[21/04/26 09:08:11][src.callback.progress][INFO] - Epoch 267: v_recons 3.331e-01  recons 2.160e-01  v_loss 5.255e-01  loss 2.360e-01  v_latent 1.067e+00  latent 6.784e-01  v_kl 6.427e+01  kl 3.228e+01  v_contrastive 1.917e+00  contrastive 1.965e-01  v_t2m/len 1530  v_t2m/R01 19.35%  v_t2m/R02 25.87%  v_t2m/R03 33.2%  v_t2m/R05 41.04%  v_t2m/R10 52.54%  v_t2m/MedR 9.0%  v_m2t/len 1530  v_m2t/R01 19.47%  v_m2t/R02 23.32%  v_m2t/R03 31.56%  v_m2t/R05 39.4%  v_m2t/R10 51.24%  v_m2t/MedR 9.0%
[21/04/26 09:08:26][src.callback.progress][INFO] - Epoch 268 step 51500/192: loss 2.226e-01
[21/04/26 09:08:36][src.callback.progress][INFO] - Epoch 268 step 51550/192: loss 2.489e-01
[21/04/26 09:08:47][src.callback.progress][INFO] - Epoch 268 step 51600/192: loss 2.763e-01
[21/04/26 09:08:58][src.callback.progress][INFO] - Epoch 268: v_recons 3.364e-01  recons 2.160e-01  v_loss 5.278e-01  loss 2.361e-01  v_latent 1.066e+00  latent 6.797e-01  v_kl 6.370e+01  kl 3.444e+01  v_contrastive 1.907e+00  contrastive 1.980e-01  v_t2m/len 1530  v_t2m/R01 19.93%  v_t2m/R02 26.27%  v_t2m/R03 33.65%  v_t2m/R05 40.06%  v_t2m/R10 52.75%  v_t2m/MedR 9.0%  v_m2t/len 1530  v_m2t/R01 20.38%  v_m2t/R02 23.65%  v_m2t/R03 31.04%  v_m2t/R05 39.34%  v_m2t/R10 50.52%  v_m2t/MedR 10.0%
[21/04/26 09:09:04][src.callback.progress][INFO] - Epoch 269 step 51650/192: loss 2.406e-01
[21/04/26 09:09:14][src.callback.progress][INFO] - Epoch 269 step 51700/192: loss 2.316e-01
[21/04/26 09:09:24][src.callback.progress][INFO] - Epoch 269 step 51750/192: loss 2.269e-01
[21/04/26 09:09:34][src.callback.progress][INFO] - Epoch 269 step 51800/192: loss 2.598e-01
[21/04/26 09:09:45][src.callback.progress][INFO] - Epoch 269: v_recons 3.354e-01  recons 2.164e-01  v_loss 5.264e-01  loss 2.367e-01  v_latent 1.070e+00  latent 6.807e-01  v_kl 6.416e+01  kl 3.257e+01  v_contrastive 1.904e+00  contrastive 2.003e-01  v_t2m/len 1530  v_t2m/R01 20.06%  v_t2m/R02 25.62%  v_t2m/R03 33.79%  v_t2m/R05 41.63%  v_t2m/R10 53.27%  v_t2m/MedR 9.0%  v_m2t/len 1530  v_m2t/R01 21.11%  v_m2t/R02 24.04%  v_m2t/R03 32.68%  v_m2t/R05 39.86%  v_m2t/R10 51.04%  v_m2t/MedR 10.0%
[21/04/26 09:09:52][src.callback.progress][INFO] - Epoch 270 step 51850/192: loss 2.394e-01
[21/04/26 09:10:02][src.callback.progress][INFO] - Epoch 270 step 51900/192: loss 2.126e-01
[21/04/26 09:10:12][src.callback.progress][INFO] - Epoch 270 step 51950/192: loss 2.146e-01
[21/04/26 09:10:22][src.callback.progress][INFO] - Epoch 270 step 52000/192: loss 2.299e-01
[21/04/26 09:10:30][src.callback.progress][INFO] - Epoch 270: v_recons 3.345e-01  recons 2.157e-01  v_loss 5.293e-01  loss 2.355e-01  v_latent 1.074e+00  latent 6.800e-01  v_kl 6.510e+01  kl 3.268e+01  v_contrastive 1.942e+00  contrastive 1.953e-01  v_t2m/len 1530  v_t2m/R01 18.5%  v_t2m/R02 23.98%  v_t2m/R03 31.89%  v_t2m/R05 41.36%  v_t2m/R10 52.68%  v_t2m/MedR 9.0%  v_m2t/len 1530  v_m2t/R01 20.12%  v_m2t/R02 22.42%  v_m2t/R03 31.44%  v_m2t/R05 38.88%  v_m2t/R10 50.2%  v_m2t/MedR 10.0%
[21/04/26 09:10:40][src.callback.progress][INFO] - Epoch 271 step 52050/192: loss 2.284e-01
[21/04/26 09:10:50][src.callback.progress][INFO] - Epoch 271 step 52100/192: loss 2.321e-01
[21/04/26 09:11:00][src.callback.progress][INFO] - Epoch 271 step 52150/192: loss 2.239e-01
[21/04/26 09:11:11][src.callback.progress][INFO] - Epoch 271 step 52200/192: loss 2.313e-01
[21/04/26 09:11:17][src.callback.progress][INFO] - Epoch 271: v_recons 3.337e-01  recons 2.159e-01  v_loss 5.262e-01  loss 2.361e-01  v_latent 1.073e+00  latent 6.812e-01  v_kl 6.460e+01  kl 3.265e+01  v_contrastive 1.919e+00  contrastive 1.984e-01  v_t2m/len 1530  v_t2m/R01 19.21%  v_t2m/R02 25.55%  v_t2m/R03 32.75%  v_t2m/R05 42.29%  v_t2m/R10 52.41%  v_t2m/MedR 9.0%  v_m2t/len 1530  v_m2t/R01 20.12%  v_m2t/R02 23.45%  v_m2t/R03 32.34%  v_m2t/R05 39.02%  v_m2t/R10 50.33%  v_m2t/MedR 10.0%
[21/04/26 09:11:28][src.callback.progress][INFO] - Epoch 272 step 52250/192: loss 2.311e-01
[21/04/26 09:11:38][src.callback.progress][INFO] - Epoch 272 step 52300/192: loss 2.224e-01
[21/04/26 09:11:48][src.callback.progress][INFO] - Epoch 272 step 52350/192: loss 2.263e-01
[21/04/26 09:11:59][src.callback.progress][INFO] - Epoch 272 step 52400/192: loss 2.417e-01
[21/04/26 09:12:04][src.callback.progress][INFO] - Epoch 272: v_recons 3.330e-01  recons 2.152e-01  v_loss 5.248e-01  loss 2.352e-01  v_latent 1.071e+00  latent 6.777e-01  v_kl 6.513e+01  kl 3.233e+01  v_contrastive 1.912e+00  contrastive 1.965e-01  v_t2m/len 1530  v_t2m/R01 18.88%  v_t2m/R02 25.15%  v_t2m/R03 34.7%  v_t2m/R05 41.43%  v_t2m/R10 52.22%  v_t2m/MedR 9.0%  v_m2t/len 1530  v_m2t/R01 21.89%  v_m2t/R02 24.25%  v_m2t/R03 32.02%  v_m2t/R05 38.75%  v_m2t/R10 51.04%  v_m2t/MedR 10.0%
[21/04/26 09:12:16][src.callback.progress][INFO] - Epoch 273 step 52450/192: loss 2.468e-01
[21/04/26 09:12:26][src.callback.progress][INFO] - Epoch 273 step 52500/192: loss 2.324e-01
[21/04/26 09:12:36][src.callback.progress][INFO] - Epoch 273 step 52550/192: loss 2.351e-01
[21/04/26 09:12:47][src.callback.progress][INFO] - Epoch 273 step 52600/192: loss 2.218e-01
[21/04/26 09:12:50][src.callback.progress][INFO] - Epoch 273: v_recons 3.322e-01  recons 2.149e-01  v_loss 5.229e-01  loss 2.349e-01  v_latent 1.077e+00  latent 6.786e-01  v_kl 6.482e+01  kl 3.253e+01  v_contrastive 1.900e+00  contrastive 1.964e-01  v_t2m/len 1530  v_t2m/R01 19.28%  v_t2m/R02 26.13%  v_t2m/R03 32.75%  v_t2m/R05 40.33%  v_t2m/R10 53.27%  v_t2m/MedR 9.0%  v_m2t/len 1530  v_m2t/R01 20.92%  v_m2t/R02 23.65%  v_m2t/R03 32.41%  v_m2t/R05 38.43%  v_m2t/R10 50.72%  v_m2t/MedR 10.0%
[21/04/26 09:13:04][src.callback.progress][INFO] - Epoch 274 step 52650/192: loss 2.540e-01
[21/04/26 09:13:14][src.callback.progress][INFO] - Epoch 274 step 52700/192: loss 2.479e-01
[21/04/26 09:13:24][src.callback.progress][INFO] - Epoch 274 step 52750/192: loss 2.454e-01
[21/04/26 09:13:34][src.callback.progress][INFO] - Epoch 274 step 52800/192: loss 2.112e-01
[21/04/26 09:13:36][src.callback.progress][INFO] - Epoch 274: v_recons 3.322e-01  recons 2.150e-01  v_loss 5.231e-01  loss 2.348e-01  v_latent 1.070e+00  latent 6.800e-01  v_kl 6.451e+01  kl 3.257e+01  v_contrastive 1.902e+00  contrastive 1.947e-01  v_t2m/len 1530  v_t2m/R01 20.38%  v_t2m/R02 27.31%  v_t2m/R03 34.43%  v_t2m/R05 42.41%  v_t2m/R10 53.0%  v_t2m/MedR 9.0%  v_m2t/len 1530  v_m2t/R01 20.45%  v_m2t/R02 24.37%  v_m2t/R03 33.0%  v_m2t/R05 38.5%  v_m2t/R10 50.25%  v_m2t/MedR 10.0%
[21/04/26 09:13:51][src.callback.progress][INFO] - Epoch 275 step 52850/192: loss 2.325e-01
[21/04/26 09:14:01][src.callback.progress][INFO] - Epoch 275 step 52900/192: loss 2.645e-01
[21/04/26 09:14:12][src.callback.progress][INFO] - Epoch 275 step 52950/192: loss 2.481e-01
[21/04/26 09:14:22][src.callback.progress][INFO] - Epoch 275: v_recons 3.329e-01  recons 2.143e-01  v_loss 5.260e-01  loss 2.343e-01  v_latent 1.077e+00  latent 6.786e-01  v_kl 6.519e+01  kl 3.260e+01  v_contrastive 1.924e+00  contrastive 1.958e-01  v_t2m/len 1530  v_t2m/R01 19.93%  v_t2m/R02 25.81%  v_t2m/R03 33.59%  v_t2m/R05 41.43%  v_t2m/R10 52.54%  v_t2m/MedR 9.0%  v_m2t/len 1530  v_m2t/R01 20.38%  v_m2t/R02 23.27%  v_m2t/R03 30.85%  v_m2t/R05 38.68%  v_m2t/R10 50.2%  v_m2t/MedR 10.0%
[21/04/26 09:14:28][src.callback.progress][INFO] - Epoch 276 step 53000/192: loss 2.323e-01
[21/04/26 09:14:39][src.callback.progress][INFO] - Epoch 276 step 53050/192: loss 2.361e-01
[21/04/26 09:14:49][src.callback.progress][INFO] - Epoch 276 step 53100/192: loss 2.180e-01
[21/04/26 09:14:59][src.callback.progress][INFO] - Epoch 276 step 53150/192: loss 2.218e-01
[21/04/26 09:15:08][src.callback.progress][INFO] - Epoch 276: v_recons 3.321e-01  recons 2.142e-01  v_loss 5.215e-01  loss 2.338e-01  v_latent 1.077e+00  latent 6.800e-01  v_kl 6.450e+01  kl 3.269e+01  v_contrastive 1.888e+00  contrastive 1.930e-01  v_t2m/len 1530  v_t2m/R01 18.5%  v_t2m/R02 25.62%  v_t2m/R03 33.2%  v_t2m/R05 41.63%  v_t2m/R10 52.68%  v_t2m/MedR 9.0%  v_m2t/len 1530  v_m2t/R01 20.38%  v_m2t/R02 23.32%  v_m2t/R03 32.29%  v_m2t/R05 38.56%  v_m2t/R10 50.77%  v_m2t/MedR 10.0%
[21/04/26 09:15:16][src.callback.progress][INFO] - Epoch 277 step 53200/192: loss 2.543e-01
[21/04/26 09:15:27][src.callback.progress][INFO] - Epoch 277 step 53250/192: loss 2.374e-01
[21/04/26 09:15:37][src.callback.progress][INFO] - Epoch 277 step 53300/192: loss 2.357e-01
[21/04/26 09:15:47][src.callback.progress][INFO] - Epoch 277 step 53350/192: loss 2.358e-01
[21/04/26 09:15:54][src.callback.progress][INFO] - Epoch 277: v_recons 3.346e-01  recons 2.150e-01  v_loss 5.267e-01  loss 2.347e-01  v_latent 1.075e+00  latent 6.817e-01  v_kl 6.506e+01  kl 3.297e+01  v_contrastive 1.915e+00  contrastive 1.937e-01  v_t2m/len 1530  v_t2m/R01 19.79%  v_t2m/R02 25.81%  v_t2m/R03 33.4%  v_t2m/R05 40.72%  v_t2m/R10 53.27%  v_t2m/MedR 9.0%  v_m2t/len 1530  v_m2t/R01 21.18%  v_m2t/R02 23.86%  v_m2t/R03 31.7%  v_m2t/R05 38.16%  v_m2t/R10 50.91%  v_m2t/MedR 10.0%
[21/04/26 09:16:04][src.callback.progress][INFO] - Epoch 278 step 53400/192: loss 2.359e-01
[21/04/26 09:16:14][src.callback.progress][INFO] - Epoch 278 step 53450/192: loss 2.407e-01
[21/04/26 09:16:24][src.callback.progress][INFO] - Epoch 278 step 53500/192: loss 2.399e-01
[21/04/26 09:16:35][src.callback.progress][INFO] - Epoch 278 step 53550/192: loss 2.362e-01
[21/04/26 09:16:40][src.callback.progress][INFO] - Epoch 278: v_recons 3.325e-01  recons 2.138e-01  v_loss 5.233e-01  loss 2.332e-01  v_latent 1.080e+00  latent 6.783e-01  v_kl 6.594e+01  kl 3.266e+01  v_contrastive 1.901e+00  contrastive 1.910e-01  v_t2m/len 1530  v_t2m/R01 19.14%  v_t2m/R02 25.15%  v_t2m/R03 31.89%  v_t2m/R05 40.84%  v_t2m/R10 52.68%  v_t2m/MedR 9.0%  v_m2t/len 1530  v_m2t/R01 20.64%  v_m2t/R02 23.59%  v_m2t/R03 31.18%  v_m2t/R05 39.02%  v_m2t/R10 51.04%  v_m2t/MedR 10.0%
[21/04/26 09:16:52][src.callback.progress][INFO] - Epoch 279 step 53600/192: loss 2.015e-01
[21/04/26 09:17:02][src.callback.progress][INFO] - Epoch 279 step 53650/192: loss 2.046e-01
[21/04/26 09:17:12][src.callback.progress][INFO] - Epoch 279 step 53700/192: loss 2.314e-01
[21/04/26 09:17:22][src.callback.progress][INFO] - Epoch 279 step 53750/192: loss 2.348e-01
[21/04/26 09:17:26][src.callback.progress][INFO] - Epoch 279: v_recons 3.341e-01  recons 2.140e-01  v_loss 5.255e-01  loss 2.338e-01  v_latent 1.080e+00  latent 6.820e-01  v_kl 6.593e+01  kl 3.299e+01  v_contrastive 1.907e+00  contrastive 1.947e-01  v_t2m/len 1530  v_t2m/R01 20.0%  v_t2m/R02 26.34%  v_t2m/R03 33.59%  v_t2m/R05 41.95%  v_t2m/R10 53.59%  v_t2m/MedR 9.0%  v_m2t/len 1530  v_m2t/R01 21.5%  v_m2t/R02 23.65%  v_m2t/R03 31.95%  v_m2t/R05 38.88%  v_m2t/R10 51.83%  v_m2t/MedR 9.0%
[21/04/26 09:17:40][src.callback.progress][INFO] - Epoch 280 step 53800/192: loss 2.181e-01
[21/04/26 09:17:50][src.callback.progress][INFO] - Epoch 280 step 53850/192: loss 2.539e-01
[21/04/26 09:18:00][src.callback.progress][INFO] - Epoch 280 step 53900/192: loss 2.519e-01
[21/04/26 09:18:11][src.callback.progress][INFO] - Epoch 280 step 53950/192: loss 2.414e-01
[21/04/26 09:18:13][src.callback.progress][INFO] - Epoch 280: v_recons 3.352e-01  recons 2.136e-01  v_loss 5.283e-01  loss 2.331e-01  v_latent 1.089e+00  latent 6.810e-01  v_kl 6.710e+01  kl 3.293e+01  v_contrastive 1.924e+00  contrastive 1.909e-01  v_t2m/len 1530  v_t2m/R01 18.37%  v_t2m/R02 25.42%  v_t2m/R03 32.22%  v_t2m/R05 40.52%  v_t2m/R10 51.56%  v_t2m/MedR 9.0%  v_m2t/len 1530  v_m2t/R01 20.06%  v_m2t/R02 22.09%  v_m2t/R03 30.26%  v_m2t/R05 39.02%  v_m2t/R10 50.91%  v_m2t/MedR 10.0%
[21/04/26 09:18:28][src.callback.progress][INFO] - Epoch 281 step 54000/192: loss 2.280e-01
[21/04/26 09:18:38][src.callback.progress][INFO] - Epoch 281 step 54050/192: loss 2.212e-01
[21/04/26 09:18:48][src.callback.progress][INFO] - Epoch 281 step 54100/192: loss 2.107e-01
[21/04/26 09:18:59][src.callback.progress][INFO] - Epoch 281: v_recons 3.347e-01  recons 2.139e-01  v_loss 5.266e-01  loss 2.332e-01  v_latent 1.084e+00  latent 6.822e-01  v_kl 6.582e+01  kl 3.295e+01  v_contrastive 1.913e+00  contrastive 1.895e-01  v_t2m/len 1530  v_t2m/R01 19.47%  v_t2m/R02 25.87%  v_t2m/R03 32.81%  v_t2m/R05 39.79%  v_t2m/R10 51.75%  v_t2m/MedR 9.0%  v_m2t/len 1530  v_m2t/R01 20.12%  v_m2t/R02 23.92%  v_m2t/R03 31.5%  v_m2t/R05 38.56%  v_m2t/R10 49.61%  v_m2t/MedR 11.0%
[21/04/26 09:19:05][src.callback.progress][INFO] - Epoch 282 step 54150/192: loss 2.427e-01
[21/04/26 09:19:15][src.callback.progress][INFO] - Epoch 282 step 54200/192: loss 2.630e-01
[21/04/26 09:19:26][src.callback.progress][INFO] - Epoch 282 step 54250/192: loss 2.447e-01
[21/04/26 09:19:36][src.callback.progress][INFO] - Epoch 282 step 54300/192: loss 2.287e-01
[21/04/26 09:19:45][src.callback.progress][INFO] - Epoch 282: v_recons 3.330e-01  recons 2.132e-01  v_loss 5.223e-01  loss 2.327e-01  v_latent 1.076e+00  latent 6.785e-01  v_kl 6.635e+01  kl 3.275e+01  v_contrastive 1.886e+00  contrastive 1.915e-01  v_t2m/len 1530  v_t2m/R01 20.45%  v_t2m/R02 25.87%  v_t2m/R03 33.13%  v_t2m/R05 41.31%  v_t2m/R10 54.18%  v_t2m/MedR 9.0%  v_m2t/len 1530  v_m2t/R01 21.7%  v_m2t/R02 24.37%  v_m2t/R03 32.81%  v_m2t/R05 39.93%  v_m2t/R10 51.75%  v_m2t/MedR 9.0%
[21/04/26 09:19:53][src.callback.progress][INFO] - Epoch 283 step 54350/192: loss 2.361e-01
[21/04/26 09:20:03][src.callback.progress][INFO] - Epoch 283 step 54400/192: loss 2.571e-01
[21/04/26 09:20:13][src.callback.progress][INFO] - Epoch 283 step 54450/192: loss 2.232e-01
[21/04/26 09:20:23][src.callback.progress][INFO] - Epoch 283 step 54500/192: loss 2.317e-01
[21/04/26 09:20:30][src.callback.progress][INFO] - Epoch 283: v_recons 3.331e-01  recons 2.136e-01  v_loss 5.238e-01  loss 2.328e-01  v_latent 1.082e+00  latent 6.816e-01  v_kl 6.580e+01  kl 3.299e+01  v_contrastive 1.900e+00  contrastive 1.889e-01  v_t2m/len 1530  v_t2m/R01 19.79%  v_t2m/R02 25.48%  v_t2m/R03 32.61%  v_t2m/R05 40.77%  v_t2m/R10 53.4%  v_t2m/MedR 9.0%  v_m2t/len 1530  v_m2t/R01 20.59%  v_m2t/R02 23.06%  v_m2t/R03 31.18%  v_m2t/R05 38.68%  v_m2t/R10 51.56%  v_m2t/MedR 10.0%
[21/04/26 09:20:40][src.callback.progress][INFO] - Epoch 284 step 54550/192: loss 2.293e-01
[21/04/26 09:20:50][src.callback.progress][INFO] - Epoch 284 step 54600/192: loss 2.110e-01
[21/04/26 09:21:01][src.callback.progress][INFO] - Epoch 284 step 54650/192: loss 2.594e-01
[21/04/26 09:21:11][src.callback.progress][INFO] - Epoch 284 step 54700/192: loss 2.274e-01
[21/04/26 09:21:17][src.callback.progress][INFO] - Epoch 284: v_recons 3.335e-01  recons 2.129e-01  v_loss 5.238e-01  loss 2.320e-01  v_latent 1.081e+00  latent 6.815e-01  v_kl 6.627e+01  kl 3.306e+01  v_contrastive 1.896e+00  contrastive 1.871e-01  v_t2m/len 1530  v_t2m/R01 20.38%  v_t2m/R02 26.6%  v_t2m/R03 33.2%  v_t2m/R05 41.7%  v_t2m/R10 53.52%  v_t2m/MedR 9.0%  v_m2t/len 1530  v_m2t/R01 21.37%  v_m2t/R02 23.79%  v_m2t/R03 32.81%  v_m2t/R05 40.77%  v_m2t/R10 51.11%  v_m2t/MedR 10.0%
[21/04/26 09:21:28][src.callback.progress][INFO] - Epoch 285 step 54750/192: loss 2.118e-01
[21/04/26 09:21:38][src.callback.progress][INFO] - Epoch 285 step 54800/192: loss 2.365e-01
[21/04/26 09:21:48][src.callback.progress][INFO] - Epoch 285 step 54850/192: loss 2.259e-01
[21/04/26 09:21:58][src.callback.progress][INFO] - Epoch 285 step 54900/192: loss 2.449e-01
[21/04/26 09:22:03][src.callback.progress][INFO] - Epoch 285: v_recons 3.372e-01  recons 2.121e-01  v_loss 5.266e-01  loss 2.312e-01  v_latent 1.080e+00  latent 6.786e-01  v_kl 6.577e+01  kl 3.298e+01  v_contrastive 1.887e+00  contrastive 1.885e-01  v_t2m/len 1530  v_t2m/R01 19.28%  v_t2m/R02 26.2%  v_t2m/R03 34.04%  v_t2m/R05 41.5%  v_t2m/R10 53.52%  v_t2m/MedR 9.0%  v_m2t/len 1530  v_m2t/R01 21.7%  v_m2t/R02 24.3%  v_m2t/R03 32.88%  v_m2t/R05 40.33%  v_m2t/R10 51.5%  v_m2t/MedR 10.0%
[21/04/26 09:22:15][src.callback.progress][INFO] - Epoch 286 step 54950/192: loss 2.240e-01
[21/04/26 09:22:26][src.callback.progress][INFO] - Epoch 286 step 55000/192: loss 2.288e-01
[21/04/26 09:22:36][src.callback.progress][INFO] - Epoch 286 step 55050/192: loss 2.270e-01
[21/04/26 09:22:46][src.callback.progress][INFO] - Epoch 286 step 55100/192: loss 2.121e-01
[21/04/26 09:22:48][src.callback.progress][INFO] - Epoch 286: v_recons 3.353e-01  recons 2.128e-01  v_loss 5.282e-01  loss 2.316e-01  v_latent 1.090e+00  latent 6.814e-01  v_kl 6.687e+01  kl 3.299e+01  v_contrastive 1.922e+00  contrastive 1.851e-01  v_t2m/len 1530  v_t2m/R01 20.32%  v_t2m/R02 25.87%  v_t2m/R03 32.61%  v_t2m/R05 40.59%  v_t2m/R10 52.41%  v_t2m/MedR 9.0%  v_m2t/len 1530  v_m2t/R01 20.71%  v_m2t/R02 23.27%  v_m2t/R03 32.34%  v_m2t/R05 40.59%  v_m2t/R10 50.72%  v_m2t/MedR 10.0%
[21/04/26 09:23:03][src.callback.progress][INFO] - Epoch 287 step 55150/192: loss 2.708e-01
[21/04/26 09:23:13][src.callback.progress][INFO] - Epoch 287 step 55200/192: loss 2.336e-01
[21/04/26 09:23:23][src.callback.progress][INFO] - Epoch 287 step 55250/192: loss 2.480e-01
[21/04/26 09:23:35][src.callback.progress][INFO] - Epoch 287: v_recons 3.359e-01  recons 2.131e-01  v_loss 5.288e-01  loss 2.321e-01  v_latent 1.093e+00  latent 6.852e-01  v_kl 6.704e+01  kl 3.345e+01  v_contrastive 1.922e+00  contrastive 1.873e-01  v_t2m/len 1530  v_t2m/R01 18.55%  v_t2m/R02 24.44%  v_t2m/R03 31.89%  v_t2m/R05 40.72%  v_t2m/R10 53.13%  v_t2m/MedR 9.0%  v_m2t/len 1530  v_m2t/R01 20.0%  v_m2t/R02 23.06%  v_m2t/R03 32.15%  v_m2t/R05 39.34%  v_m2t/R10 50.38%  v_m2t/MedR 10.0%
[21/04/26 09:23:40][src.callback.progress][INFO] - Epoch 288 step 55300/192: loss 2.312e-01
[21/04/26 09:23:51][src.callback.progress][INFO] - Epoch 288 step 55350/192: loss 2.441e-01
[21/04/26 09:24:01][src.callback.progress][INFO] - Epoch 288 step 55400/192: loss 2.513e-01
[21/04/26 09:24:11][src.callback.progress][INFO] - Epoch 288 step 55450/192: loss 2.232e-01
[21/04/26 09:24:21][src.callback.progress][INFO] - Epoch 288: v_recons 3.355e-01  recons 2.122e-01  v_loss 5.272e-01  loss 2.311e-01  v_latent 1.094e+00  latent 6.822e-01  v_kl 6.809e+01  kl 3.329e+01  v_contrastive 1.910e+00  contrastive 1.862e-01  v_t2m/len 1530  v_t2m/R01 18.76%  v_t2m/R02 24.96%  v_t2m/R03 32.15%  v_t2m/R05 40.38%  v_t2m/R10 52.22%  v_t2m/MedR 9.0%  v_m2t/len 1530  v_m2t/R01 20.52%  v_m2t/R02 23.13%  v_m2t/R03 32.09%  v_m2t/R05 38.68%  v_m2t/R10 51.43%  v_m2t/MedR 9.0%
[21/04/26 09:24:28][src.callback.progress][INFO] - Epoch 289 step 55500/192: loss 2.325e-01
[21/04/26 09:24:38][src.callback.progress][INFO] - Epoch 289 step 55550/192: loss 2.400e-01
[21/04/26 09:24:48][src.callback.progress][INFO] - Epoch 289 step 55600/192: loss 2.474e-01
[21/04/26 09:24:59][src.callback.progress][INFO] - Epoch 289 step 55650/192: loss 2.494e-01
[21/04/26 09:25:06][src.callback.progress][INFO] - Epoch 289: v_recons 3.363e-01  recons 2.121e-01  v_loss 5.284e-01  loss 2.309e-01  v_latent 1.094e+00  latent 6.826e-01  v_kl 6.787e+01  kl 3.342e+01  v_contrastive 1.913e+00  contrastive 1.853e-01  v_t2m/len 1530  v_t2m/R01 19.07%  v_t2m/R02 24.44%  v_t2m/R03 32.15%  v_t2m/R05 40.52%  v_t2m/R10 52.81%  v_t2m/MedR 9.0%  v_m2t/len 1530  v_m2t/R01 19.93%  v_m2t/R02 22.15%  v_m2t/R03 30.64%  v_m2t/R05 38.88%  v_m2t/R10 51.36%  v_m2t/MedR 9.0%
[21/04/26 09:25:16][src.callback.progress][INFO] - Epoch 290 step 55700/192: loss 2.295e-01
[21/04/26 09:25:26][src.callback.progress][INFO] - Epoch 290 step 55750/192: loss 2.276e-01
[21/04/26 09:25:37][src.callback.progress][INFO] - Epoch 290 step 55800/192: loss 2.227e-01
[21/04/26 09:25:47][src.callback.progress][INFO] - Epoch 290 step 55850/192: loss 2.169e-01
[21/04/26 09:25:53][src.callback.progress][INFO] - Epoch 290: v_recons 3.332e-01  recons 2.119e-01  v_loss 5.254e-01  loss 2.310e-01  v_latent 1.095e+00  latent 6.841e-01  v_kl 6.797e+01  kl 3.348e+01  v_contrastive 1.915e+00  contrastive 1.881e-01  v_t2m/len 1530  v_t2m/R01 19.54%  v_t2m/R02 25.62%  v_t2m/R03 33.52%  v_t2m/R05 41.11%  v_t2m/R10 52.75%  v_t2m/MedR 9.0%  v_m2t/len 1530  v_m2t/R01 20.71%  v_m2t/R02 23.06%  v_m2t/R03 32.54%  v_m2t/R05 39.74%  v_m2t/R10 51.11%  v_m2t/MedR 10.0%
[21/04/26 09:26:04][src.callback.progress][INFO] - Epoch 291 step 55900/192: loss 2.229e-01
[21/04/26 09:26:14][src.callback.progress][INFO] - Epoch 291 step 55950/192: loss 2.390e-01
[21/04/26 09:26:25][src.callback.progress][INFO] - Epoch 291 step 56000/192: loss 2.410e-01
[21/04/26 09:26:35][src.callback.progress][INFO] - Epoch 291 step 56050/192: loss 2.407e-01
[21/04/26 09:26:39][src.callback.progress][INFO] - Epoch 291: v_recons 3.349e-01  recons 2.120e-01  v_loss 5.271e-01  loss 2.311e-01  v_latent 1.095e+00  latent 6.821e-01  v_kl 6.856e+01  kl 3.349e+01  v_contrastive 1.915e+00  contrastive 1.873e-01  v_t2m/len 1530  v_t2m/R01 18.88%  v_t2m/R02 25.42%  v_t2m/R03 33.91%  v_t2m/R05 41.18%  v_t2m/R10 53.45%  v_t2m/MedR 9.0%  v_m2t/len 1530  v_m2t/R01 20.64%  v_m2t/R02 24.25%  v_m2t/R03 32.61%  v_m2t/R05 38.95%  v_m2t/R10 51.75%  v_m2t/MedR 9.0%
[21/04/26 09:26:52][src.callback.progress][INFO] - Epoch 292 step 56100/192: loss 2.275e-01
[21/04/26 09:27:02][src.callback.progress][INFO] - Epoch 292 step 56150/192: loss 2.267e-01
[21/04/26 09:27:12][src.callback.progress][INFO] - Epoch 292 step 56200/192: loss 2.787e-01
[21/04/26 09:27:22][src.callback.progress][INFO] - Epoch 292 step 56250/192: loss 2.547e-01
[21/04/26 09:27:25][src.callback.progress][INFO] - Epoch 292: v_recons 3.324e-01  recons 2.116e-01  v_loss 5.261e-01  loss 2.305e-01  v_latent 1.097e+00  latent 6.833e-01  v_kl 6.800e+01  kl 3.345e+01  v_contrastive 1.931e+00  contrastive 1.851e-01  v_t2m/len 1530  v_t2m/R01 19.61%  v_t2m/R02 26.27%  v_t2m/R03 33.79%  v_t2m/R05 41.31%  v_t2m/R10 53.4%  v_t2m/MedR 8.5%  v_m2t/len 1530  v_m2t/R01 20.45%  v_m2t/R02 23.92%  v_m2t/R03 32.09%  v_m2t/R05 39.61%  v_m2t/R10 50.97%  v_m2t/MedR 10.0%
[21/04/26 09:27:40][src.callback.progress][INFO] - Epoch 293 step 56300/192: loss 2.497e-01
[21/04/26 09:27:50][src.callback.progress][INFO] - Epoch 293 step 56350/192: loss 2.304e-01
[21/04/26 09:28:00][src.callback.progress][INFO] - Epoch 293 step 56400/192: loss 2.528e-01
[21/04/26 09:28:11][src.callback.progress][INFO] - Epoch 293: v_recons 3.369e-01  recons 2.116e-01  v_loss 5.328e-01  loss 2.303e-01  v_latent 1.104e+00  latent 6.816e-01  v_kl 6.773e+01  kl 3.324e+01  v_contrastive 1.952e+00  contrastive 1.834e-01  v_t2m/len 1530  v_t2m/R01 18.37%  v_t2m/R02 24.37%  v_t2m/R03 32.22%  v_t2m/R05 40.97%  v_t2m/R10 53.13%  v_t2m/MedR 9.0%  v_m2t/len 1530  v_m2t/R01 20.71%  v_m2t/R02 23.65%  v_m2t/R03 31.82%  v_m2t/R05 38.24%  v_m2t/R10 50.65%  v_m2t/MedR 10.0%
[21/04/26 09:28:18][src.callback.progress][INFO] - Epoch 294 step 56450/192: loss 2.527e-01
[21/04/26 09:28:28][src.callback.progress][INFO] - Epoch 294 step 56500/192: loss 2.327e-01
[21/04/26 09:28:38][src.callback.progress][INFO] - Epoch 294 step 56550/192: loss 2.144e-01
[21/04/26 09:28:48][src.callback.progress][INFO] - Epoch 294 step 56600/192: loss 2.162e-01
[21/04/26 09:28:58][src.callback.progress][INFO] - Epoch 294: v_recons 3.337e-01  recons 2.112e-01  v_loss 5.254e-01  loss 2.301e-01  v_latent 1.092e+00  latent 6.813e-01  v_kl 6.763e+01  kl 3.334e+01  v_contrastive 1.911e+00  contrastive 1.856e-01  v_t2m/len 1530  v_t2m/R01 20.26%  v_t2m/R02 26.54%  v_t2m/R03 33.27%  v_t2m/R05 40.77%  v_t2m/R10 52.47%  v_t2m/MedR 9.0%  v_m2t/len 1530  v_m2t/R01 22.21%  v_m2t/R02 24.96%  v_m2t/R03 33.72%  v_m2t/R05 39.47%  v_m2t/R10 51.04%  v_m2t/MedR 9.5%
[21/04/26 09:29:05][src.callback.progress][INFO] - Epoch 295 step 56650/192: loss 2.029e-01
[21/04/26 09:29:16][src.callback.progress][INFO] - Epoch 295 step 56700/192: loss 2.300e-01
[21/04/26 09:29:26][src.callback.progress][INFO] - Epoch 295 step 56750/192: loss 2.406e-01
[21/04/26 09:29:36][src.callback.progress][INFO] - Epoch 295 step 56800/192: loss 2.543e-01
[21/04/26 09:29:44][src.callback.progress][INFO] - Epoch 295: v_recons 3.350e-01  recons 2.107e-01  v_loss 5.253e-01  loss 2.295e-01  v_latent 1.095e+00  latent 6.790e-01  v_kl 6.800e+01  kl 3.316e+01  v_contrastive 1.896e+00  contrastive 1.845e-01  v_t2m/len 1530  v_t2m/R01 19.93%  v_t2m/R02 26.2%  v_t2m/R03 34.25%  v_t2m/R05 41.24%  v_t2m/R10 53.06%  v_t2m/MedR 9.0%  v_m2t/len 1530  v_m2t/R01 20.71%  v_m2t/R02 23.59%  v_m2t/R03 32.47%  v_m2t/R05 39.47%  v_m2t/R10 50.59%  v_m2t/MedR 10.0%
[21/04/26 09:29:53][src.callback.progress][INFO] - Epoch 296 step 56850/192: loss 2.270e-01
[21/04/26 09:30:03][src.callback.progress][INFO] - Epoch 296 step 56900/192: loss 2.375e-01
[21/04/26 09:30:13][src.callback.progress][INFO] - Epoch 296 step 56950/192: loss 2.258e-01
[21/04/26 09:30:23][src.callback.progress][INFO] - Epoch 296 step 57000/192: loss 2.365e-01
[21/04/26 09:30:30][src.callback.progress][INFO] - Epoch 296: v_recons 3.348e-01  recons 2.113e-01  v_loss 5.250e-01  loss 2.302e-01  v_latent 1.096e+00  latent 6.868e-01  v_kl 6.758e+01  kl 3.387e+01  v_contrastive 1.895e+00  contrastive 1.857e-01  v_t2m/len 1530  v_t2m/R01 19.67%  v_t2m/R02 25.81%  v_t2m/R03 34.11%  v_t2m/R05 41.04%  v_t2m/R10 52.68%  v_t2m/MedR 9.0%  v_m2t/len 1530  v_m2t/R01 21.7%  v_m2t/R02 24.18%  v_m2t/R03 32.93%  v_m2t/R05 39.74%  v_m2t/R10 50.77%  v_m2t/MedR 9.0%
[21/04/26 09:30:41][src.callback.progress][INFO] - Epoch 297 step 57050/192: loss 2.492e-01
[21/04/26 09:30:51][src.callback.progress][INFO] - Epoch 297 step 57100/192: loss 2.129e-01
[21/04/26 09:31:01][src.callback.progress][INFO] - Epoch 297 step 57150/192: loss 2.474e-01
[21/04/26 09:31:11][src.callback.progress][INFO] - Epoch 297 step 57200/192: loss 2.445e-01
[21/04/26 09:31:16][src.callback.progress][INFO] - Epoch 297: v_recons 3.383e-01  recons 2.105e-01  v_loss 5.357e-01  loss 2.293e-01  v_latent 1.113e+00  latent 6.801e-01  v_kl 6.891e+01  kl 3.328e+01  v_contrastive 1.967e+00  contrastive 1.846e-01  v_t2m/len 1530  v_t2m/R01 18.55%  v_t2m/R02 24.7%  v_t2m/R03 31.7%  v_t2m/R05 40.25%  v_t2m/R10 51.7%  v_t2m/MedR 10.0%  v_m2t/len 1530  v_m2t/R01 21.3%  v_m2t/R02 23.79%  v_m2t/R03 31.95%  v_m2t/R05 39.79%  v_m2t/R10 51.11%  v_m2t/MedR 10.0%
[21/04/26 09:31:28][src.callback.progress][INFO] - Epoch 298 step 57250/192: loss 2.153e-01
[21/04/26 09:31:39][src.callback.progress][INFO] - Epoch 298 step 57300/192: loss 2.323e-01
[21/04/26 09:31:49][src.callback.progress][INFO] - Epoch 298 step 57350/192: loss 2.318e-01
[21/04/26 09:31:59][src.callback.progress][INFO] - Epoch 298 step 57400/192: loss 2.079e-01
[21/04/26 09:32:02][src.callback.progress][INFO] - Epoch 298: v_recons 3.359e-01  recons 2.108e-01  v_loss 5.306e-01  loss 2.294e-01  v_latent 1.108e+00  latent 6.847e-01  v_kl 6.879e+01  kl 3.363e+01  v_contrastive 1.940e+00  contrastive 1.821e-01  v_t2m/len 1530  v_t2m/R01 19.14%  v_t2m/R02 24.96%  v_t2m/R03 32.68%  v_t2m/R05 40.77%  v_t2m/R10 50.45%  v_t2m/MedR 10.0%  v_m2t/len 1530  v_m2t/R01 21.3%  v_m2t/R02 24.3%  v_m2t/R03 31.82%  v_m2t/R05 39.22%  v_m2t/R10 50.91%  v_m2t/MedR 10.0%
[21/04/26 09:32:15][src.callback.progress][INFO] - Epoch 299 step 57450/192: loss 2.076e-01
[21/04/26 09:32:26][src.callback.progress][INFO] - Epoch 299 step 57500/192: loss 2.289e-01
[21/04/26 09:32:36][src.callback.progress][INFO] - Epoch 299 step 57550/192: loss 2.242e-01
[21/04/26 09:32:46][src.callback.progress][INFO] - Epoch 299 step 57600/192: loss 2.328e-01
[21/04/26 09:32:47][src.callback.progress][INFO] - Epoch 299: v_recons 3.371e-01  recons 2.102e-01  v_loss 5.299e-01  loss 2.288e-01  v_latent 1.104e+00  latent 6.818e-01  v_kl 6.808e+01  kl 3.346e+01  v_contrastive 1.921e+00  contrastive 1.825e-01  v_t2m/len 1530  v_t2m/R01 19.02%  v_t2m/R02 25.29%  v_t2m/R03 33.2%  v_t2m/R05 41.63%  v_t2m/R10 52.68%  v_t2m/MedR 9.0%  v_m2t/len 1530  v_m2t/R01 20.45%  v_m2t/R02 23.53%  v_m2t/R03 32.61%  v_m2t/R05 38.68%  v_m2t/R10 50.59%  v_m2t/MedR 10.0%
[21/04/26 09:33:03][src.callback.progress][INFO] - Epoch 300 step 57650/192: loss 2.137e-01
[21/04/26 09:33:13][src.callback.progress][INFO] - Epoch 300 step 57700/192: loss 2.417e-01
[21/04/26 09:33:24][src.callback.progress][INFO] - Epoch 300 step 57750/192: loss 2.379e-01
[21/04/26 09:33:34][src.callback.progress][INFO] - Epoch 300: v_recons 3.369e-01  recons 2.107e-01  v_loss 5.344e-01  loss 2.290e-01  v_latent 1.109e+00  latent 6.815e-01  v_kl 6.940e+01  kl 3.357e+01  v_contrastive 1.968e+00  contrastive 1.795e-01  v_t2m/len 1530  v_t2m/R01 19.47%  v_t2m/R02 24.77%  v_t2m/R03 34.11%  v_t2m/R05 41.11%  v_t2m/R10 52.22%  v_t2m/MedR 9.0%  v_m2t/len 1530  v_m2t/R01 20.0%  v_m2t/R02 23.06%  v_m2t/R03 31.89%  v_m2t/R05 40.06%  v_m2t/R10 50.52%  v_m2t/MedR 10.0%
[21/04/26 09:33:40][src.callback.progress][INFO] - Epoch 301 step 57800/192: loss 2.029e-01
[21/04/26 09:33:51][src.callback.progress][INFO] - Epoch 301 step 57850/192: loss 2.663e-01
[21/04/26 09:34:01][src.callback.progress][INFO] - Epoch 301 step 57900/192: loss 2.133e-01
[21/04/26 09:34:11][src.callback.progress][INFO] - Epoch 301 step 57950/192: loss 2.256e-01
[21/04/26 09:34:19][src.callback.progress][INFO] - Epoch 301: v_recons 3.354e-01  recons 2.097e-01  v_loss 5.292e-01  loss 2.278e-01  v_latent 1.105e+00  latent 6.791e-01  v_kl 6.851e+01  kl 3.355e+01  v_contrastive 1.932e+00  contrastive 1.775e-01  v_t2m/len 1530  v_t2m/R01 19.73%  v_t2m/R02 27.19%  v_t2m/R03 34.31%  v_t2m/R05 41.75%  v_t2m/R10 53.13%  v_t2m/MedR 9.0%  v_m2t/len 1530  v_m2t/R01 21.3%  v_m2t/R02 23.98%  v_m2t/R03 32.75%  v_m2t/R05 40.0%  v_m2t/R10 51.04%  v_m2t/MedR 10.0%
[21/04/26 09:34:28][src.callback.progress][INFO] - Epoch 302 step 58000/192: loss 2.381e-01
[21/04/26 09:34:38][src.callback.progress][INFO] - Epoch 302 step 58050/192: loss 2.292e-01
[21/04/26 09:34:48][src.callback.progress][INFO] - Epoch 302 step 58100/192: loss 2.314e-01
[21/04/26 09:34:58][src.callback.progress][INFO] - Epoch 302 step 58150/192: loss 2.236e-01
[21/04/26 09:35:05][src.callback.progress][INFO] - Epoch 302: v_recons 3.368e-01  recons 2.098e-01  v_loss 5.309e-01  loss 2.281e-01  v_latent 1.111e+00  latent 6.825e-01  v_kl 6.873e+01  kl 3.364e+01  v_contrastive 1.935e+00  contrastive 1.790e-01  v_t2m/len 1530  v_t2m/R01 19.73%  v_t2m/R02 25.62%  v_t2m/R03 33.45%  v_t2m/R05 40.38%  v_t2m/R10 52.93%  v_t2m/MedR 9.0%  v_m2t/len 1530  v_m2t/R01 20.97%  v_m2t/R02 23.45%  v_m2t/R03 31.89%  v_m2t/R05 39.08%  v_m2t/R10 50.59%  v_m2t/MedR 10.0%
[21/04/26 09:35:15][src.callback.progress][INFO] - Epoch 303 step 58200/192: loss 2.271e-01
[21/04/26 09:35:26][src.callback.progress][INFO] - Epoch 303 step 58250/192: loss 2.146e-01
[21/04/26 09:35:36][src.callback.progress][INFO] - Epoch 303 step 58300/192: loss 2.043e-01
[21/04/26 09:35:46][src.callback.progress][INFO] - Epoch 303 step 58350/192: loss 2.219e-01
[21/04/26 09:35:52][src.callback.progress][INFO] - Epoch 303: v_recons 3.362e-01  recons 2.103e-01  v_loss 5.265e-01  loss 2.285e-01  v_latent 1.101e+00  latent 6.825e-01  v_kl 6.892e+01  kl 3.374e+01  v_contrastive 1.896e+00  contrastive 1.784e-01  v_t2m/len 1530  v_t2m/R01 19.21%  v_t2m/R02 26.67%  v_t2m/R03 34.43%  v_t2m/R05 41.83%  v_t2m/R10 52.93%  v_t2m/MedR 9.0%  v_m2t/len 1530  v_m2t/R01 21.62%  v_m2t/R02 24.51%  v_m2t/R03 32.54%  v_m2t/R05 39.47%  v_m2t/R10 51.5%  v_m2t/MedR 10.0%
[21/04/26 09:36:03][src.callback.progress][INFO] - Epoch 304 step 58400/192: loss 1.981e-01
[21/04/26 09:36:14][src.callback.progress][INFO] - Epoch 304 step 58450/192: loss 2.372e-01
[21/04/26 09:36:24][src.callback.progress][INFO] - Epoch 304 step 58500/192: loss 2.173e-01
[21/04/26 09:36:34][src.callback.progress][INFO] - Epoch 304 step 58550/192: loss 2.452e-01
[21/04/26 09:36:37][src.callback.progress][INFO] - Epoch 304: v_recons 3.351e-01  recons 2.093e-01  v_loss 5.297e-01  loss 2.275e-01  v_latent 1.112e+00  latent 6.808e-01  v_kl 6.944e+01  kl 3.358e+01  v_contrastive 1.939e+00  contrastive 1.789e-01  v_t2m/len 1530  v_t2m/R01 19.21%  v_t2m/R02 24.7%  v_t2m/R03 33.0%  v_t2m/R05 41.18%  v_t2m/R10 52.81%  v_t2m/MedR 9.0%  v_m2t/len 1530  v_m2t/R01 19.73%  v_m2t/R02 23.06%  v_m2t/R03 31.82%  v_m2t/R05 39.02%  v_m2t/R10 50.84%  v_m2t/MedR 10.0%
[21/04/26 09:36:51][src.callback.progress][INFO] - Epoch 305 step 58600/192: loss 1.953e-01
[21/04/26 09:37:01][src.callback.progress][INFO] - Epoch 305 step 58650/192: loss 2.175e-01
[21/04/26 09:37:11][src.callback.progress][INFO] - Epoch 305 step 58700/192: loss 2.063e-01
[21/04/26 09:37:21][src.callback.progress][INFO] - Epoch 305 step 58750/192: loss 2.375e-01
[21/04/26 09:37:24][src.callback.progress][INFO] - Epoch 305: v_recons 3.359e-01  recons 2.092e-01  v_loss 5.303e-01  loss 2.271e-01  v_latent 1.108e+00  latent 6.820e-01  v_kl 6.885e+01  kl 3.369e+01  v_contrastive 1.937e+00  contrastive 1.754e-01  v_t2m/len 1530  v_t2m/R01 20.59%  v_t2m/R02 26.13%  v_t2m/R03 33.33%  v_t2m/R05 40.91%  v_t2m/R10 52.68%  v_t2m/MedR 9.0%  v_m2t/len 1530  v_m2t/R01 20.12%  v_m2t/R02 22.94%  v_m2t/R03 32.34%  v_m2t/R05 38.88%  v_m2t/R10 50.59%  v_m2t/MedR 10.0%
[21/04/26 09:37:39][src.callback.progress][INFO] - Epoch 306 step 58800/192: loss 2.283e-01
[21/04/26 09:37:49][src.callback.progress][INFO] - Epoch 306 step 58850/192: loss 2.290e-01
[21/04/26 09:37:59][src.callback.progress][INFO] - Epoch 306 step 58900/192: loss 2.355e-01
[21/04/26 09:38:10][src.callback.progress][INFO] - Epoch 306: v_recons 3.374e-01  recons 2.100e-01  v_loss 5.313e-01  loss 2.279e-01  v_latent 1.115e+00  latent 6.818e-01  v_kl 6.974e+01  kl 3.387e+01  v_contrastive 1.931e+00  contrastive 1.764e-01  v_t2m/len 1530  v_t2m/R01 21.04%  v_t2m/R02 26.54%  v_t2m/R03 34.5%  v_t2m/R05 42.22%  v_t2m/R10 52.41%  v_t2m/MedR 9.0%  v_m2t/len 1530  v_m2t/R01 21.18%  v_m2t/R02 24.12%  v_m2t/R03 32.09%  v_m2t/R05 39.47%  v_m2t/R10 50.77%  v_m2t/MedR 10.0%
[21/04/26 09:38:16][src.callback.progress][INFO] - Epoch 307 step 58950/192: loss 2.298e-01
[21/04/26 09:38:26][src.callback.progress][INFO] - Epoch 307 step 59000/192: loss 1.979e-01
[21/04/26 09:38:37][src.callback.progress][INFO] - Epoch 307 step 59050/192: loss 2.183e-01
[21/04/26 09:38:47][src.callback.progress][INFO] - Epoch 307 step 59100/192: loss 2.220e-01
[21/04/26 09:38:56][src.callback.progress][INFO] - Epoch 307: v_recons 3.374e-01  recons 2.091e-01  v_loss 5.306e-01  loss 2.272e-01  v_latent 1.111e+00  latent 6.830e-01  v_kl 6.966e+01  kl 3.390e+01  v_contrastive 1.925e+00  contrastive 1.771e-01  v_t2m/len 1530  v_t2m/R01 21.76%  v_t2m/R02 27.52%  v_t2m/R03 33.59%  v_t2m/R05 41.18%  v_t2m/R10 51.75%  v_t2m/MedR 9.0%  v_m2t/len 1530  v_m2t/R01 20.52%  v_m2t/R02 23.32%  v_m2t/R03 32.68%  v_m2t/R05 40.0%  v_m2t/R10 51.31%  v_m2t/MedR 9.5%
[21/04/26 09:39:04][src.callback.progress][INFO] - Epoch 308 step 59150/192: loss 2.318e-01
[21/04/26 09:39:14][src.callback.progress][INFO] - Epoch 308 step 59200/192: loss 2.433e-01
[21/04/26 09:39:24][src.callback.progress][INFO] - Epoch 308 step 59250/192: loss 2.276e-01
[21/04/26 09:39:35][src.callback.progress][INFO] - Epoch 308 step 59300/192: loss 2.320e-01
[21/04/26 09:39:42][src.callback.progress][INFO] - Epoch 308: v_recons 3.349e-01  recons 2.090e-01  v_loss 5.274e-01  loss 2.267e-01  v_latent 1.112e+00  latent 6.837e-01  v_kl 7.099e+01  kl 3.382e+01  v_contrastive 1.918e+00  contrastive 1.737e-01  v_t2m/len 1530  v_t2m/R01 20.92%  v_t2m/R02 27.05%  v_t2m/R03 34.18%  v_t2m/R05 40.84%  v_t2m/R10 53.45%  v_t2m/MedR 9.0%  v_m2t/len 1530  v_m2t/R01 20.52%  v_m2t/R02 22.29%  v_m2t/R03 32.15%  v_m2t/R05 39.74%  v_m2t/R10 49.93%  v_m2t/MedR 11.0%
[21/04/26 09:39:51][src.callback.progress][INFO] - Epoch 309 step 59350/192: loss 2.224e-01
[21/04/26 09:40:01][src.callback.progress][INFO] - Epoch 309 step 59400/192: loss 2.164e-01
[21/04/26 09:40:12][src.callback.progress][INFO] - Epoch 309 step 59450/192: loss 2.076e-01
[21/04/26 09:40:22][src.callback.progress][INFO] - Epoch 309 step 59500/192: loss 2.566e-01
[21/04/26 09:40:28][src.callback.progress][INFO] - Epoch 309: v_recons 3.381e-01  recons 2.091e-01  v_loss 5.332e-01  loss 2.273e-01  v_latent 1.120e+00  latent 6.855e-01  v_kl 7.041e+01  kl 3.418e+01  v_contrastive 1.943e+00  contrastive 1.789e-01  v_t2m/len 1530  v_t2m/R01 20.06%  v_t2m/R02 26.2%  v_t2m/R03 34.25%  v_t2m/R05 40.65%  v_t2m/R10 51.56%  v_t2m/MedR 10.0%  v_m2t/len 1530  v_m2t/R01 20.2%  v_m2t/R02 24.12%  v_m2t/R03 32.47%  v_m2t/R05 39.4%  v_m2t/R10 50.2%  v_m2t/MedR 10.0%
[21/04/26 09:40:38][src.callback.progress][INFO] - Epoch 310 step 59550/192: loss 2.460e-01
[21/04/26 09:40:49][src.callback.progress][INFO] - Epoch 310 step 59600/192: loss 2.262e-01
[21/04/26 09:40:59][src.callback.progress][INFO] - Epoch 310 step 59650/192: loss 2.372e-01
[21/04/26 09:41:09][src.callback.progress][INFO] - Epoch 310 step 59700/192: loss 2.150e-01
[21/04/26 09:41:13][src.callback.progress][INFO] - Epoch 310: v_recons 3.341e-01  recons 2.082e-01  v_loss 5.283e-01  loss 2.258e-01  v_latent 1.115e+00  latent 6.822e-01  v_kl 7.006e+01  kl 3.395e+01  v_contrastive 1.935e+00  contrastive 1.735e-01  v_t2m/len 1530  v_t2m/R01 20.32%  v_t2m/R02 26.01%  v_t2m/R03 34.5%  v_t2m/R05 42.61%  v_t2m/R10 53.59%  v_t2m/MedR 9.0%  v_m2t/len 1530  v_m2t/R01 19.54%  v_m2t/R02 22.42%  v_m2t/R03 32.81%  v_m2t/R05 40.2%  v_m2t/R10 52.02%  v_m2t/MedR 9.0%
[21/04/26 09:41:25][src.callback.progress][INFO] - Epoch 311 step 59750/192: loss 2.133e-01
[21/04/26 09:41:36][src.callback.progress][INFO] - Epoch 311 step 59800/192: loss 2.023e-01
[21/04/26 09:41:46][src.callback.progress][INFO] - Epoch 311 step 59850/192: loss 2.214e-01
[21/04/26 09:41:56][src.callback.progress][INFO] - Epoch 311 step 59900/192: loss 2.058e-01
[21/04/26 09:41:58][src.callback.progress][INFO] - Epoch 311: v_recons 3.357e-01  recons 2.088e-01  v_loss 5.309e-01  loss 2.269e-01  v_latent 1.122e+00  latent 6.857e-01  v_kl 7.038e+01  kl 3.430e+01  v_contrastive 1.945e+00  contrastive 1.776e-01  v_t2m/len 1530  v_t2m/R01 18.76%  v_t2m/R02 24.12%  v_t2m/R03 32.09%  v_t2m/R05 40.13%  v_t2m/R10 52.93%  v_t2m/MedR 9.0%  v_m2t/len 1530  v_m2t/R01 19.73%  v_m2t/R02 22.29%  v_m2t/R03 30.0%  v_m2t/R05 38.68%  v_m2t/R10 50.13%  v_m2t/MedR 10.0%
[21/04/26 09:42:13][src.callback.progress][INFO] - Epoch 312 step 59950/192: loss 2.394e-01
[21/04/26 09:42:23][src.callback.progress][INFO] - Epoch 312 step 60000/192: loss 2.494e-01
[21/04/26 09:42:34][src.callback.progress][INFO] - Epoch 312 step 60050/192: loss 2.124e-01
[21/04/26 09:42:45][src.callback.progress][INFO] - Epoch 312: v_recons 3.367e-01  recons 2.079e-01  v_loss 5.310e-01  loss 2.253e-01  v_latent 1.119e+00  latent 6.800e-01  v_kl 7.077e+01  kl 3.378e+01  v_contrastive 1.936e+00  contrastive 1.706e-01  v_t2m/len 1530  v_t2m/R01 20.2%  v_t2m/R02 25.42%  v_t2m/R03 31.62%  v_t2m/R05 38.43%  v_t2m/R10 52.22%  v_t2m/MedR 10.0%  v_m2t/len 1530  v_m2t/R01 20.59%  v_m2t/R02 23.59%  v_m2t/R03 31.23%  v_m2t/R05 38.88%  v_m2t/R10 50.52%  v_m2t/MedR 10.0%
[21/04/26 09:42:50][src.callback.progress][INFO] - Epoch 313 step 60100/192: loss 2.224e-01
[21/04/26 09:43:01][src.callback.progress][INFO] - Epoch 313 step 60150/192: loss 2.350e-01
[21/04/26 09:43:11][src.callback.progress][INFO] - Epoch 313 step 60200/192: loss 2.283e-01
[21/04/26 09:43:21][src.callback.progress][INFO] - Epoch 313 step 60250/192: loss 2.182e-01
[21/04/26 09:43:30][src.callback.progress][INFO] - Epoch 313: v_recons 3.337e-01  recons 2.085e-01  v_loss 5.275e-01  loss 2.263e-01  v_latent 1.121e+00  latent 6.837e-01  v_kl 7.024e+01  kl 3.406e+01  v_contrastive 1.931e+00  contrastive 1.745e-01  v_t2m/len 1530  v_t2m/R01 18.1%  v_t2m/R02 25.22%  v_t2m/R03 33.13%  v_t2m/R05 40.59%  v_t2m/R10 53.33%  v_t2m/MedR 9.0%  v_m2t/len 1530  v_m2t/R01 20.97%  v_m2t/R02 23.06%  v_m2t/R03 31.23%  v_m2t/R05 39.4%  v_m2t/R10 51.5%  v_m2t/MedR 9.0%
[21/04/26 09:43:38][src.callback.progress][INFO] - Epoch 314 step 60300/192: loss 2.172e-01
[21/04/26 09:43:48][src.callback.progress][INFO] - Epoch 314 step 60350/192: loss 2.176e-01
[21/04/26 09:43:58][src.callback.progress][INFO] - Epoch 314 step 60400/192: loss 2.446e-01
[21/04/26 09:44:08][src.callback.progress][INFO] - Epoch 314 step 60450/192: loss 2.201e-01
[21/04/26 09:44:16][src.callback.progress][INFO] - Epoch 314: v_recons 3.367e-01  recons 2.080e-01  v_loss 5.287e-01  loss 2.256e-01  v_latent 1.115e+00  latent 6.836e-01  v_kl 7.033e+01  kl 3.424e+01  v_contrastive 1.913e+00  contrastive 1.728e-01  v_t2m/len 1530  v_t2m/R01 18.5%  v_t2m/R02 24.57%  v_t2m/R03 32.81%  v_t2m/R05 40.13%  v_t2m/R10 52.88%  v_t2m/MedR 9.0%  v_m2t/len 1530  v_m2t/R01 20.92%  v_m2t/R02 24.12%  v_m2t/R03 31.76%  v_m2t/R05 38.43%  v_m2t/R10 49.93%  v_m2t/MedR 11.0%
[21/04/26 09:44:25][src.callback.progress][INFO] - Epoch 315 step 60500/192: loss 2.298e-01
[21/04/26 09:44:35][src.callback.progress][INFO] - Epoch 315 step 60550/192: loss 2.077e-01
[21/04/26 09:44:45][src.callback.progress][INFO] - Epoch 315 step 60600/192: loss 2.319e-01
[21/04/26 09:44:55][src.callback.progress][INFO] - Epoch 315 step 60650/192: loss 2.453e-01
[21/04/26 09:45:02][src.callback.progress][INFO] - Epoch 315: v_recons 3.355e-01  recons 2.078e-01  v_loss 5.289e-01  loss 2.252e-01  v_latent 1.121e+00  latent 6.789e-01  v_kl 7.001e+01  kl 3.388e+01  v_contrastive 1.926e+00  contrastive 1.708e-01  v_t2m/len 1530  v_t2m/R01 19.73%  v_t2m/R02 25.29%  v_t2m/R03 33.0%  v_t2m/R05 40.13%  v_t2m/R10 52.09%  v_t2m/MedR 9.0%  v_m2t/len 1530  v_m2t/R01 21.5%  v_m2t/R02 24.18%  v_m2t/R03 32.41%  v_m2t/R05 39.61%  v_m2t/R10 50.2%  v_m2t/MedR 10.0%
[21/04/26 09:45:12][src.callback.progress][INFO] - Epoch 316 step 60700/192: loss 2.490e-01
[21/04/26 09:45:22][src.callback.progress][INFO] - Epoch 316 step 60750/192: loss 2.276e-01
[21/04/26 09:45:33][src.callback.progress][INFO] - Epoch 316 step 60800/192: loss 2.244e-01
[21/04/26 09:45:43][src.callback.progress][INFO] - Epoch 316 step 60850/192: loss 2.418e-01
[21/04/26 09:45:47][src.callback.progress][INFO] - Epoch 316: v_recons 3.389e-01  recons 2.080e-01  v_loss 5.329e-01  loss 2.254e-01  v_latent 1.130e+00  latent 6.836e-01  v_kl 6.993e+01  kl 3.408e+01  v_contrastive 1.933e+00  contrastive 1.707e-01  v_t2m/len 1530  v_t2m/R01 20.12%  v_t2m/R02 26.72%  v_t2m/R03 33.33%  v_t2m/R05 41.11%  v_t2m/R10 53.2%  v_t2m/MedR 9.0%  v_m2t/len 1530  v_m2t/R01 20.38%  v_m2t/R02 22.8%  v_m2t/R03 31.7%  v_m2t/R05 39.54%  v_m2t/R10 51.11%  v_m2t/MedR 10.0%
[21/04/26 09:46:00][src.callback.progress][INFO] - Epoch 317 step 60900/192: loss 2.387e-01
[21/04/26 09:46:10][src.callback.progress][INFO] - Epoch 317 step 60950/192: loss 2.427e-01
[21/04/26 09:46:20][src.callback.progress][INFO] - Epoch 317 step 61000/192: loss 2.535e-01
[21/04/26 09:46:30][src.callback.progress][INFO] - Epoch 317 step 61050/192: loss 2.076e-01
[21/04/26 09:46:33][src.callback.progress][INFO] - Epoch 317: v_recons 3.389e-01  recons 2.075e-01  v_loss 5.352e-01  loss 2.251e-01  v_latent 1.129e+00  latent 6.822e-01  v_kl 7.187e+01  kl 3.408e+01  v_contrastive 1.955e+00  contrastive 1.718e-01  v_t2m/len 1530  v_t2m/R01 18.81%  v_t2m/R02 25.03%  v_t2m/R03 33.4%  v_t2m/R05 41.75%  v_t2m/R10 50.65%  v_t2m/MedR 10.0%  v_m2t/len 1530  v_m2t/R01 20.26%  v_m2t/R02 22.8%  v_m2t/R03 30.71%  v_m2t/R05 38.16%  v_m2t/R10 49.93%  v_m2t/MedR 11.0%
[21/04/26 09:46:47][src.callback.progress][INFO] - Epoch 318 step 61100/192: loss 2.091e-01
[21/04/26 09:46:57][src.callback.progress][INFO] - Epoch 318 step 61150/192: loss 2.251e-01
[21/04/26 09:47:07][src.callback.progress][INFO] - Epoch 318 step 61200/192: loss 2.176e-01
[21/04/26 09:47:19][src.callback.progress][INFO] - Epoch 318: v_recons 3.358e-01  recons 2.076e-01  v_loss 5.315e-01  loss 2.251e-01  v_latent 1.125e+00  latent 6.840e-01  v_kl 7.171e+01  kl 3.423e+01  v_contrastive 1.950e+00  contrastive 1.713e-01  v_t2m/len 1530  v_t2m/R01 20.52%  v_t2m/R02 26.93%  v_t2m/R03 33.79%  v_t2m/R05 41.43%  v_t2m/R10 52.61%  v_t2m/MedR 9.0%  v_m2t/len 1530  v_m2t/R01 21.37%  v_m2t/R02 24.37%  v_m2t/R03 32.09%  v_m2t/R05 40.13%  v_m2t/R10 50.0%  v_m2t/MedR 10.5%
[21/04/26 09:47:24][src.callback.progress][INFO] - Epoch 319 step 61250/192: loss 2.128e-01
[21/04/26 09:47:35][src.callback.progress][INFO] - Epoch 319 step 61300/192: loss 2.474e-01
[21/04/26 09:47:45][src.callback.progress][INFO] - Epoch 319 step 61350/192: loss 2.261e-01
[21/04/26 09:47:55][src.callback.progress][INFO] - Epoch 319 step 61400/192: loss 2.509e-01
[21/04/26 09:48:05][src.callback.progress][INFO] - Epoch 319: v_recons 3.362e-01  recons 2.080e-01  v_loss 5.306e-01  loss 2.253e-01  v_latent 1.126e+00  latent 6.853e-01  v_kl 7.218e+01  kl 3.461e+01  v_contrastive 1.937e+00  contrastive 1.691e-01  v_t2m/len 1530  v_t2m/R01 19.35%  v_t2m/R02 25.42%  v_t2m/R03 32.54%  v_t2m/R05 41.24%  v_t2m/R10 52.09%  v_t2m/MedR 9.0%  v_m2t/len 1530  v_m2t/R01 21.3%  v_m2t/R02 24.57%  v_m2t/R03 32.02%  v_m2t/R05 39.66%  v_m2t/R10 50.84%  v_m2t/MedR 10.0%
[21/04/26 09:48:12][src.callback.progress][INFO] - Epoch 320 step 61450/192: loss 2.206e-01
[21/04/26 09:48:22][src.callback.progress][INFO] - Epoch 320 step 61500/192: loss 2.177e-01
[21/04/26 09:48:33][src.callback.progress][INFO] - Epoch 320 step 61550/192: loss 2.535e-01
[21/04/26 09:48:43][src.callback.progress][INFO] - Epoch 320 step 61600/192: loss 2.153e-01
[21/04/26 09:48:51][src.callback.progress][INFO] - Epoch 320: v_recons 3.360e-01  recons 2.076e-01  v_loss 5.270e-01  loss 2.249e-01  v_latent 1.119e+00  latent 6.849e-01  v_kl 7.136e+01  kl 3.438e+01  v_contrastive 1.902e+00  contrastive 1.694e-01  v_t2m/len 1530  v_t2m/R01 18.55%  v_t2m/R02 25.1%  v_t2m/R03 33.2%  v_t2m/R05 41.83%  v_t2m/R10 52.81%  v_t2m/MedR 9.0%  v_m2t/len 1530  v_m2t/R01 20.32%  v_m2t/R02 23.27%  v_m2t/R03 33.0%  v_m2t/R05 40.06%  v_m2t/R10 50.97%  v_m2t/MedR 9.0%
[21/04/26 09:49:00][src.callback.progress][INFO] - Epoch 321 step 61650/192: loss 2.321e-01
[21/04/26 09:49:10][src.callback.progress][INFO] - Epoch 321 step 61700/192: loss 2.132e-01
[21/04/26 09:49:20][src.callback.progress][INFO] - Epoch 321 step 61750/192: loss 2.460e-01
[21/04/26 09:49:30][src.callback.progress][INFO] - Epoch 321 step 61800/192: loss 2.276e-01
[21/04/26 09:49:37][src.callback.progress][INFO] - Epoch 321: v_recons 3.371e-01  recons 2.069e-01  v_loss 5.298e-01  loss 2.238e-01  v_latent 1.128e+00  latent 6.798e-01  v_kl 7.147e+01  kl 3.404e+01  v_contrastive 1.920e+00  contrastive 1.654e-01  v_t2m/len 1530  v_t2m/R01 19.47%  v_t2m/R02 25.75%  v_t2m/R03 33.72%  v_t2m/R05 40.52%  v_t2m/R10 53.13%  v_t2m/MedR 9.0%  v_m2t/len 1530  v_m2t/R01 19.79%  v_m2t/R02 23.06%  v_m2t/R03 31.76%  v_m2t/R05 39.22%  v_m2t/R10 50.84%  v_m2t/MedR 10.0%
[21/04/26 09:49:47][src.callback.progress][INFO] - Epoch 322 step 61850/192: loss 2.229e-01
[21/04/26 09:49:57][src.callback.progress][INFO] - Epoch 322 step 61900/192: loss 2.385e-01
[21/04/26 09:50:07][src.callback.progress][INFO] - Epoch 322 step 61950/192: loss 2.208e-01
[21/04/26 09:50:18][src.callback.progress][INFO] - Epoch 322 step 62000/192: loss 2.322e-01
[21/04/26 09:50:23][src.callback.progress][INFO] - Epoch 322: v_recons 3.376e-01  recons 2.072e-01  v_loss 5.317e-01  loss 2.244e-01  v_latent 1.130e+00  latent 6.848e-01  v_kl 7.140e+01  kl 3.449e+01  v_contrastive 1.934e+00  contrastive 1.689e-01  v_t2m/len 1530  v_t2m/R01 20.26%  v_t2m/R02 25.36%  v_t2m/R03 34.18%  v_t2m/R05 41.18%  v_t2m/R10 52.29%  v_t2m/MedR 9.0%  v_m2t/len 1530  v_m2t/R01 20.12%  v_m2t/R02 23.2%  v_m2t/R03 32.47%  v_m2t/R05 39.79%  v_m2t/R10 50.59%  v_m2t/MedR 10.0%
[21/04/26 09:50:34][src.callback.progress][INFO] - Epoch 323 step 62050/192: loss 2.262e-01
[21/04/26 09:50:44][src.callback.progress][INFO] - Epoch 323 step 62100/192: loss 2.769e-01
[21/04/26 09:50:54][src.callback.progress][INFO] - Epoch 323 step 62150/192: loss 2.425e-01
[21/04/26 09:51:05][src.callback.progress][INFO] - Epoch 323 step 62200/192: loss 2.115e-01
[21/04/26 09:51:08][src.callback.progress][INFO] - Epoch 323: v_recons 3.359e-01  recons 2.068e-01  v_loss 5.299e-01  loss 2.240e-01  v_latent 1.135e+00  latent 6.841e-01  v_kl 7.170e+01  kl 3.433e+01  v_contrastive 1.933e+00  contrastive 1.685e-01  v_t2m/len 1530  v_t2m/R01 19.73%  v_t2m/R02 24.89%  v_t2m/R03 33.2%  v_t2m/R05 40.59%  v_t2m/R10 52.15%  v_t2m/MedR 9.0%  v_m2t/len 1530  v_m2t/R01 20.06%  v_m2t/R02 22.94%  v_m2t/R03 33.13%  v_m2t/R05 39.15%  v_m2t/R10 50.13%  v_m2t/MedR 10.0%
[21/04/26 09:51:21][src.callback.progress][INFO] - Epoch 324 step 62250/192: loss 2.073e-01
[21/04/26 09:51:31][src.callback.progress][INFO] - Epoch 324 step 62300/192: loss 2.445e-01
[21/04/26 09:51:41][src.callback.progress][INFO] - Epoch 324 step 62350/192: loss 2.404e-01
[21/04/26 09:51:52][src.callback.progress][INFO] - Epoch 324 step 62400/192: loss 2.207e-01
[21/04/26 09:51:53][src.callback.progress][INFO] - Epoch 324: v_recons 3.370e-01  recons 2.073e-01  v_loss 5.325e-01  loss 2.247e-01  v_latent 1.137e+00  latent 6.881e-01  v_kl 7.223e+01  kl 3.447e+01  v_contrastive 1.948e+00  contrastive 1.706e-01  v_t2m/len 1530  v_t2m/R01 19.79%  v_t2m/R02 25.48%  v_t2m/R03 34.04%  v_t2m/R05 40.0%  v_t2m/R10 52.22%  v_t2m/MedR 9.0%  v_m2t/len 1530  v_m2t/R01 21.04%  v_m2t/R02 23.92%  v_m2t/R03 32.41%  v_m2t/R05 38.88%  v_m2t/R10 50.2%  v_m2t/MedR 10.0%
[21/04/26 09:52:08][src.callback.progress][INFO] - Epoch 325 step 62450/192: loss 2.378e-01
[21/04/26 09:52:18][src.callback.progress][INFO] - Epoch 325 step 62500/192: loss 2.059e-01
[21/04/26 09:52:29][src.callback.progress][INFO] - Epoch 325 step 62550/192: loss 2.033e-01
[21/04/26 09:52:39][src.callback.progress][INFO] - Epoch 325: v_recons 3.362e-01  recons 2.062e-01  v_loss 5.298e-01  loss 2.232e-01  v_latent 1.130e+00  latent 6.842e-01  v_kl 7.278e+01  kl 3.452e+01  v_contrastive 1.928e+00  contrastive 1.664e-01  v_t2m/len 1530  v_t2m/R01 19.67%  v_t2m/R02 25.87%  v_t2m/R03 32.75%  v_t2m/R05 40.59%  v_t2m/R10 52.54%  v_t2m/MedR 9.0%  v_m2t/len 1530  v_m2t/R01 20.78%  v_m2t/R02 23.72%  v_m2t/R03 32.61%  v_m2t/R05 39.79%  v_m2t/R10 50.38%  v_m2t/MedR 10.0%
[21/04/26 09:52:45][src.callback.progress][INFO] - Epoch 326 step 62600/192: loss 2.304e-01
[21/04/26 09:52:56][src.callback.progress][INFO] - Epoch 326 step 62650/192: loss 2.189e-01
[21/04/26 09:53:06][src.callback.progress][INFO] - Epoch 326 step 62700/192: loss 2.136e-01
[21/04/26 09:53:16][src.callback.progress][INFO] - Epoch 326 step 62750/192: loss 1.975e-01
[21/04/26 09:53:25][src.callback.progress][INFO] - Epoch 326: v_recons 3.367e-01  recons 2.064e-01  v_loss 5.323e-01  loss 2.232e-01  v_latent 1.140e+00  latent 6.845e-01  v_kl 7.239e+01  kl 3.456e+01  v_contrastive 1.949e+00  contrastive 1.647e-01  v_t2m/len 1530  v_t2m/R01 20.06%  v_t2m/R02 26.2%  v_t2m/R03 33.06%  v_t2m/R05 40.33%  v_t2m/R10 51.9%  v_t2m/MedR 9.0%  v_m2t/len 1530  v_m2t/R01 20.78%  v_m2t/R02 23.98%  v_m2t/R03 32.34%  v_m2t/R05 39.61%  v_m2t/R10 50.65%  v_m2t/MedR 10.0%
[21/04/26 09:53:34][src.callback.progress][INFO] - Epoch 327 step 62800/192: loss 2.206e-01
[21/04/26 09:53:44][src.callback.progress][INFO] - Epoch 327 step 62850/192: loss 2.094e-01
[21/04/26 09:53:54][src.callback.progress][INFO] - Epoch 327 step 62900/192: loss 1.938e-01
[21/04/26 09:54:04][src.callback.progress][INFO] - Epoch 327 step 62950/192: loss 2.276e-01
[21/04/26 09:54:11][src.callback.progress][INFO] - Epoch 327: v_recons 3.396e-01  recons 2.057e-01  v_loss 5.355e-01  loss 2.224e-01  v_latent 1.144e+00  latent 6.816e-01  v_kl 7.293e+01  kl 3.437e+01  v_contrastive 1.952e+00  contrastive 1.635e-01  v_t2m/len 1530  v_t2m/R01 19.67%  v_t2m/R02 25.75%  v_t2m/R03 32.54%  v_t2m/R05 40.52%  v_t2m/R10 50.06%  v_t2m/MedR 10.0%  v_m2t/len 1530  v_m2t/R01 19.73%  v_m2t/R02 23.06%  v_m2t/R03 31.56%  v_m2t/R05 38.75%  v_m2t/R10 50.2%  v_m2t/MedR 10.0%
[21/04/26 09:54:21][src.callback.progress][INFO] - Epoch 328 step 63000/192: loss 2.217e-01
[21/04/26 09:54:31][src.callback.progress][INFO] - Epoch 328 step 63050/192: loss 2.188e-01
[21/04/26 09:54:41][src.callback.progress][INFO] - Epoch 328 step 63100/192: loss 2.184e-01
[21/04/26 09:54:51][src.callback.progress][INFO] - Epoch 328 step 63150/192: loss 2.192e-01
[21/04/26 09:54:57][src.callback.progress][INFO] - Epoch 328: v_recons 3.381e-01  recons 2.059e-01  v_loss 5.354e-01  loss 2.225e-01  v_latent 1.138e+00  latent 6.819e-01  v_kl 7.347e+01  kl 3.444e+01  v_contrastive 1.965e+00  contrastive 1.630e-01  v_t2m/len 1530  v_t2m/R01 20.12%  v_t2m/R02 25.22%  v_t2m/R03 33.0%  v_t2m/R05 42.09%  v_t2m/R10 52.47%  v_t2m/MedR 9.0%  v_m2t/len 1530  v_m2t/R01 19.73%  v_m2t/R02 22.54%  v_m2t/R03 30.32%  v_m2t/R05 38.29%  v_m2t/R10 51.95%  v_m2t/MedR 9.0%
[21/04/26 09:55:09][src.callback.progress][INFO] - Epoch 329 step 63200/192: loss 2.315e-01
[21/04/26 09:55:19][src.callback.progress][INFO] - Epoch 329 step 63250/192: loss 2.065e-01
[21/04/26 09:55:29][src.callback.progress][INFO] - Epoch 329 step 63300/192: loss 2.197e-01
[21/04/26 09:55:39][src.callback.progress][INFO] - Epoch 329 step 63350/192: loss 2.056e-01
[21/04/26 09:55:43][src.callback.progress][INFO] - Epoch 329: v_recons 3.377e-01  recons 2.052e-01  v_loss 5.326e-01  loss 2.219e-01  v_latent 1.138e+00  latent 6.822e-01  v_kl 7.260e+01  kl 3.450e+01  v_contrastive 1.942e+00  contrastive 1.642e-01  v_t2m/len 1530  v_t2m/R01 19.79%  v_t2m/R02 25.87%  v_t2m/R03 32.09%  v_t2m/R05 38.68%  v_t2m/R10 51.83%  v_t2m/MedR 9.0%  v_m2t/len 1530  v_m2t/R01 20.32%  v_m2t/R02 22.68%  v_m2t/R03 30.52%  v_m2t/R05 38.04%  v_m2t/R10 50.38%  v_m2t/MedR 10.0%
[21/04/26 09:55:56][src.callback.progress][INFO] - Epoch 330 step 63400/192: loss 2.429e-01
[21/04/26 09:56:07][src.callback.progress][INFO] - Epoch 330 step 63450/192: loss 2.254e-01
[21/04/26 09:56:17][src.callback.progress][INFO] - Epoch 330 step 63500/192: loss 2.178e-01
[21/04/26 09:56:27][src.callback.progress][INFO] - Epoch 330 step 63550/192: loss 2.269e-01
[21/04/26 09:56:29][src.callback.progress][INFO] - Epoch 330: v_recons 3.383e-01  recons 2.050e-01  v_loss 5.311e-01  loss 2.215e-01  v_latent 1.134e+00  latent 6.812e-01  v_kl 7.244e+01  kl 3.428e+01  v_contrastive 1.921e+00  contrastive 1.621e-01  v_t2m/len 1530  v_t2m/R01 18.88%  v_t2m/R02 24.89%  v_t2m/R03 32.15%  v_t2m/R05 40.91%  v_t2m/R10 52.34%  v_t2m/MedR 9.0%  v_m2t/len 1530  v_m2t/R01 20.32%  v_m2t/R02 23.65%  v_m2t/R03 30.92%  v_m2t/R05 39.34%  v_m2t/R10 51.5%  v_m2t/MedR 9.5%
[21/04/26 09:56:44][src.callback.progress][INFO] - Epoch 331 step 63600/192: loss 2.120e-01
[21/04/26 09:56:54][src.callback.progress][INFO] - Epoch 331 step 63650/192: loss 2.319e-01
[21/04/26 09:57:04][src.callback.progress][INFO] - Epoch 331 step 63700/192: loss 2.817e-01
[21/04/26 09:57:15][src.callback.progress][INFO] - Epoch 331: v_recons 3.388e-01  recons 2.052e-01  v_loss 5.335e-01  loss 2.216e-01  v_latent 1.137e+00  latent 6.782e-01  v_kl 7.240e+01  kl 3.405e+01  v_contrastive 1.939e+00  contrastive 1.603e-01  v_t2m/len 1530  v_t2m/R01 18.43%  v_t2m/R02 25.03%  v_t2m/R03 31.56%  v_t2m/R05 40.06%  v_t2m/R10 52.41%  v_t2m/MedR 9.0%  v_m2t/len 1530  v_m2t/R01 20.32%  v_m2t/R02 23.27%  v_m2t/R03 31.5%  v_m2t/R05 39.66%  v_m2t/R10 50.38%  v_m2t/MedR 10.0%
[21/04/26 09:57:21][src.callback.progress][INFO] - Epoch 332 step 63750/192: loss 2.122e-01
[21/04/26 09:57:31][src.callback.progress][INFO] - Epoch 332 step 63800/192: loss 1.995e-01
[21/04/26 09:57:41][src.callback.progress][INFO] - Epoch 332 step 63850/192: loss 2.034e-01
[21/04/26 09:57:52][src.callback.progress][INFO] - Epoch 332 step 63900/192: loss 2.273e-01
[21/04/26 09:58:01][src.callback.progress][INFO] - Epoch 332: v_recons 3.370e-01  recons 2.052e-01  v_loss 5.348e-01  loss 2.214e-01  v_latent 1.143e+00  latent 6.801e-01  v_kl 7.346e+01  kl 3.431e+01  v_contrastive 1.971e+00  contrastive 1.585e-01  v_t2m/len 1530  v_t2m/R01 19.28%  v_t2m/R02 25.03%  v_t2m/R03 33.27%  v_t2m/R05 41.7%  v_t2m/R10 52.22%  v_t2m/MedR 9.0%  v_m2t/len 1530  v_m2t/R01 20.71%  v_m2t/R02 23.53%  v_m2t/R03 31.37%  v_m2t/R05 38.36%  v_m2t/R10 50.38%  v_m2t/MedR 10.0%
[21/04/26 09:58:09][src.callback.progress][INFO] - Epoch 333 step 63950/192: loss 2.457e-01
[21/04/26 09:58:19][src.callback.progress][INFO] - Epoch 333 step 64000/192: loss 1.994e-01
[21/04/26 09:58:29][src.callback.progress][INFO] - Epoch 333 step 64050/192: loss 2.126e-01
[21/04/26 09:58:39][src.callback.progress][INFO] - Epoch 333 step 64100/192: loss 2.040e-01
[21/04/26 09:58:46][src.callback.progress][INFO] - Epoch 333: v_recons 3.381e-01  recons 2.059e-01  v_loss 5.321e-01  loss 2.226e-01  v_latent 1.142e+00  latent 6.839e-01  v_kl 7.343e+01  kl 3.462e+01  v_contrastive 1.932e+00  contrastive 1.634e-01  v_t2m/len 1530  v_t2m/R01 19.61%  v_t2m/R02 25.81%  v_t2m/R03 33.27%  v_t2m/R05 40.2%  v_t2m/R10 52.29%  v_t2m/MedR 10.0%  v_m2t/len 1530  v_m2t/R01 21.04%  v_m2t/R02 23.92%  v_m2t/R03 31.62%  v_m2t/R05 39.47%  v_m2t/R10 49.4%  v_m2t/MedR 11.0%
[21/04/26 09:58:57][src.callback.progress][INFO] - Epoch 334 step 64150/192: loss 2.295e-01
[21/04/26 09:59:07][src.callback.progress][INFO] - Epoch 334 step 64200/192: loss 2.054e-01
[21/04/26 09:59:17][src.callback.progress][INFO] - Epoch 334 step 64250/192: loss 2.359e-01
[21/04/26 09:59:27][src.callback.progress][INFO] - Epoch 334 step 64300/192: loss 2.010e-01
[21/04/26 09:59:33][src.callback.progress][INFO] - Epoch 334: v_recons 3.393e-01  recons 2.054e-01  v_loss 5.344e-01  loss 2.219e-01  v_latent 1.148e+00  latent 6.852e-01  v_kl 7.409e+01  kl 3.488e+01  v_contrastive 1.943e+00  contrastive 1.617e-01  v_t2m/len 1530  v_t2m/R01 19.54%  v_t2m/R02 24.63%  v_t2m/R03 31.82%  v_t2m/R05 40.2%  v_t2m/R10 51.7%  v_t2m/MedR 9.5%  v_m2t/len 1530  v_m2t/R01 20.52%  v_m2t/R02 22.94%  v_m2t/R03 31.62%  v_m2t/R05 38.95%  v_m2t/R10 50.06%  v_m2t/MedR 10.0%
[21/04/26 09:59:44][src.callback.progress][INFO] - Epoch 335 step 64350/192: loss 2.241e-01
[21/04/26 09:59:54][src.callback.progress][INFO] - Epoch 335 step 64400/192: loss 2.147e-01
[21/04/26 10:00:04][src.callback.progress][INFO] - Epoch 335 step 64450/192: loss 2.211e-01
[21/04/26 10:00:14][src.callback.progress][INFO] - Epoch 335 step 64500/192: loss 1.881e-01
[21/04/26 10:00:19][src.callback.progress][INFO] - Epoch 335: v_recons 3.384e-01  recons 2.054e-01  v_loss 5.310e-01  loss 2.222e-01  v_latent 1.137e+00  latent 6.854e-01  v_kl 7.256e+01  kl 3.506e+01  v_contrastive 1.919e+00  contrastive 1.644e-01  v_t2m/len 1530  v_t2m/R01 18.17%  v_t2m/R02 23.98%  v_t2m/R03 32.68%  v_t2m/R05 40.91%  v_t2m/R10 53.52%  v_t2m/MedR 9.0%  v_m2t/len 1530  v_m2t/R01 21.04%  v_m2t/R02 23.53%  v_m2t/R03 32.34%  v_m2t/R05 39.22%  v_m2t/R10 50.59%  v_m2t/MedR 10.0%
[21/04/26 10:00:31][src.callback.progress][INFO] - Epoch 336 step 64550/192: loss 2.404e-01
[21/04/26 10:00:41][src.callback.progress][INFO] - Epoch 336 step 64600/192: loss 2.161e-01
[21/04/26 10:00:52][src.callback.progress][INFO] - Epoch 336 step 64650/192: loss 2.169e-01
[21/04/26 10:01:02][src.callback.progress][INFO] - Epoch 336 step 64700/192: loss 1.959e-01
[21/04/26 10:01:04][src.callback.progress][INFO] - Epoch 336: v_recons 3.360e-01  recons 2.056e-01  v_loss 5.282e-01  loss 2.226e-01  v_latent 1.139e+00  latent 6.886e-01  v_kl 7.343e+01  kl 3.515e+01  v_contrastive 1.915e+00  contrastive 1.664e-01  v_t2m/len 1530  v_t2m/R01 19.93%  v_t2m/R02 25.15%  v_t2m/R03 32.75%  v_t2m/R05 41.36%  v_t2m/R10 53.52%  v_t2m/MedR 9.0%  v_m2t/len 1530  v_m2t/R01 20.32%  v_m2t/R02 23.86%  v_m2t/R03 31.95%  v_m2t/R05 40.38%  v_m2t/R10 51.04%  v_m2t/MedR 9.0%
[21/04/26 10:01:19][src.callback.progress][INFO] - Epoch 337 step 64750/192: loss 2.367e-01
[21/04/26 10:01:29][src.callback.progress][INFO] - Epoch 337 step 64800/192: loss 2.236e-01
[21/04/26 10:01:39][src.callback.progress][INFO] - Epoch 337 step 64850/192: loss 2.432e-01
[21/04/26 10:01:50][src.callback.progress][INFO] - Epoch 337: v_recons 3.357e-01  recons 2.052e-01  v_loss 5.276e-01  loss 2.218e-01  v_latent 1.141e+00  latent 6.852e-01  v_kl 7.400e+01  kl 3.497e+01  v_contrastive 1.912e+00  contrastive 1.625e-01  v_t2m/len 1530  v_t2m/R01 19.61%  v_t2m/R02 25.42%  v_t2m/R03 33.4%  v_t2m/R05 39.79%  v_t2m/R10 52.47%  v_t2m/MedR 9.0%  v_m2t/len 1530  v_m2t/R01 20.97%  v_m2t/R02 23.53%  v_m2t/R03 31.56%  v_m2t/R05 38.75%  v_m2t/R10 50.45%  v_m2t/MedR 10.0%
[21/04/26 10:01:55][src.callback.progress][INFO] - Epoch 338 step 64900/192: loss 2.086e-01
[21/04/26 10:02:06][src.callback.progress][INFO] - Epoch 338 step 64950/192: loss 2.061e-01
[21/04/26 10:02:16][src.callback.progress][INFO] - Epoch 338 step 65000/192: loss 2.302e-01
[21/04/26 10:02:26][src.callback.progress][INFO] - Epoch 338 step 65050/192: loss 2.084e-01
[21/04/26 10:02:35][src.callback.progress][INFO] - Epoch 338: v_recons 3.369e-01  recons 2.040e-01  v_loss 5.285e-01  loss 2.201e-01  v_latent 1.139e+00  latent 6.794e-01  v_kl 7.377e+01  kl 3.456e+01  v_contrastive 1.908e+00  contrastive 1.574e-01  v_t2m/len 1530  v_t2m/R01 20.0%  v_t2m/R02 26.27%  v_t2m/R03 33.99%  v_t2m/R05 41.31%  v_t2m/R10 52.75%  v_t2m/MedR 9.0%  v_m2t/len 1530  v_m2t/R01 20.26%  v_m2t/R02 23.27%  v_m2t/R03 32.47%  v_m2t/R05 39.34%  v_m2t/R10 50.59%  v_m2t/MedR 10.0%
[21/04/26 10:02:43][src.callback.progress][INFO] - Epoch 339 step 65100/192: loss 2.405e-01
[21/04/26 10:02:53][src.callback.progress][INFO] - Epoch 339 step 65150/192: loss 2.139e-01
[21/04/26 10:03:03][src.callback.progress][INFO] - Epoch 339 step 65200/192: loss 2.233e-01
[21/04/26 10:03:13][src.callback.progress][INFO] - Epoch 339 step 65250/192: loss 2.242e-01
[21/04/26 10:03:21][src.callback.progress][INFO] - Epoch 339: v_recons 3.348e-01  recons 2.048e-01  v_loss 5.272e-01  loss 2.212e-01  v_latent 1.150e+00  latent 6.821e-01  v_kl 7.425e+01  kl 3.475e+01  v_contrastive 1.917e+00  contrastive 1.598e-01  v_t2m/len 1530  v_t2m/R01 19.4%  v_t2m/R02 25.1%  v_t2m/R03 32.75%  v_t2m/R05 40.59%  v_t2m/R10 52.88%  v_t2m/MedR 9.0%  v_m2t/len 1530  v_m2t/R01 20.78%  v_m2t/R02 23.32%  v_m2t/R03 31.76%  v_m2t/R05 38.5%  v_m2t/R10 50.38%  v_m2t/MedR 10.0%
[21/04/26 10:03:31][src.callback.progress][INFO] - Epoch 340 step 65300/192: loss 2.226e-01
[21/04/26 10:03:41][src.callback.progress][INFO] - Epoch 340 step 65350/192: loss 2.210e-01
[21/04/26 10:03:51][src.callback.progress][INFO] - Epoch 340 step 65400/192: loss 2.425e-01
[21/04/26 10:04:01][src.callback.progress][INFO] - Epoch 340 step 65450/192: loss 2.203e-01
[21/04/26 10:04:07][src.callback.progress][INFO] - Epoch 340: v_recons 3.378e-01  recons 2.056e-01  v_loss 5.325e-01  loss 2.224e-01  v_latent 1.144e+00  latent 6.911e-01  v_kl 7.355e+01  kl 3.519e+01  v_contrastive 1.940e+00  contrastive 1.652e-01  v_t2m/len 1530  v_t2m/R01 19.73%  v_t2m/R02 24.57%  v_t2m/R03 33.06%  v_t2m/R05 40.33%  v_t2m/R10 51.7%  v_t2m/MedR 10.0%  v_m2t/len 1530  v_m2t/R01 20.32%  v_m2t/R02 23.2%  v_m2t/R03 31.11%  v_m2t/R05 39.47%  v_m2t/R10 52.22%  v_m2t/MedR 9.0%
[21/04/26 10:04:18][src.callback.progress][INFO] - Epoch 341 step 65500/192: loss 2.326e-01
[21/04/26 10:04:28][src.callback.progress][INFO] - Epoch 341 step 65550/192: loss 2.118e-01
[21/04/26 10:04:39][src.callback.progress][INFO] - Epoch 341 step 65600/192: loss 2.090e-01
[21/04/26 10:04:49][src.callback.progress][INFO] - Epoch 341 step 65650/192: loss 2.300e-01
[21/04/26 10:04:54][src.callback.progress][INFO] - Epoch 341: v_recons 3.395e-01  recons 2.053e-01  v_loss 5.370e-01  loss 2.219e-01  v_latent 1.157e+00  latent 6.911e-01  v_kl 7.407e+01  kl 3.529e+01  v_contrastive 1.968e+00  contrastive 1.625e-01  v_t2m/len 1530  v_t2m/R01 17.25%  v_t2m/R02 23.39%  v_t2m/R03 31.44%  v_t2m/R05 39.74%  v_t2m/R10 50.84%  v_t2m/MedR 10.0%  v_m2t/len 1530  v_m2t/R01 19.4%  v_m2t/R02 21.82%  v_m2t/R03 30.52%  v_m2t/R05 38.24%  v_m2t/R10 49.54%  v_m2t/MedR 11.0%
[21/04/26 10:05:06][src.callback.progress][INFO] - Epoch 342 step 65700/192: loss 2.109e-01
[21/04/26 10:05:16][src.callback.progress][INFO] - Epoch 342 step 65750/192: loss 2.329e-01
[21/04/26 10:05:26][src.callback.progress][INFO] - Epoch 342 step 65800/192: loss 2.255e-01
[21/04/26 10:05:36][src.callback.progress][INFO] - Epoch 342 step 65850/192: loss 1.990e-01
[21/04/26 10:05:39][src.callback.progress][INFO] - Epoch 342: v_recons 3.370e-01  recons 2.051e-01  v_loss 5.286e-01  loss 2.222e-01  v_latent 1.144e+00  latent 6.933e-01  v_kl 7.374e+01  kl 3.563e+01  v_contrastive 1.908e+00  contrastive 1.670e-01  v_t2m/len 1530  v_t2m/R01 20.71%  v_t2m/R02 25.95%  v_t2m/R03 32.68%  v_t2m/R05 40.84%  v_t2m/R10 52.47%  v_t2m/MedR 9.0%  v_m2t/len 1530  v_m2t/R01 20.92%  v_m2t/R02 23.2%  v_m2t/R03 31.56%  v_m2t/R05 38.95%  v_m2t/R10 50.84%  v_m2t/MedR 10.0%
[21/04/26 10:05:53][src.callback.progress][INFO] - Epoch 343 step 65900/192: loss 2.256e-01
[21/04/26 10:06:04][src.callback.progress][INFO] - Epoch 343 step 65950/192: loss 2.186e-01
[21/04/26 10:06:14][src.callback.progress][INFO] - Epoch 343 step 66000/192: loss 2.261e-01
[21/04/26 10:06:26][src.callback.progress][INFO] - Epoch 343: v_recons 3.373e-01  recons 2.036e-01  v_loss 5.318e-01  loss 2.197e-01  v_latent 1.149e+00  latent 6.822e-01  v_kl 7.424e+01  kl 3.492e+01  v_contrastive 1.937e+00  contrastive 1.576e-01  v_t2m/len 1530  v_t2m/R01 19.07%  v_t2m/R02 25.69%  v_t2m/R03 33.2%  v_t2m/R05 40.91%  v_t2m/R10 52.93%  v_t2m/MedR 9.0%  v_m2t/len 1530  v_m2t/R01 19.73%  v_m2t/R02 22.61%  v_m2t/R03 32.02%  v_m2t/R05 39.15%  v_m2t/R10 50.52%  v_m2t/MedR 10.0%
[21/04/26 10:06:31][src.callback.progress][INFO] - Epoch 344 step 66050/192: loss 2.146e-01
[21/04/26 10:06:41][src.callback.progress][INFO] - Epoch 344 step 66100/192: loss 1.983e-01
[21/04/26 10:06:52][src.callback.progress][INFO] - Epoch 344 step 66150/192: loss 2.238e-01
[21/04/26 10:07:02][src.callback.progress][INFO] - Epoch 344 step 66200/192: loss 2.171e-01
[21/04/26 10:07:12][src.callback.progress][INFO] - Epoch 344: v_recons 3.356e-01  recons 2.033e-01  v_loss 5.292e-01  loss 2.195e-01  v_latent 1.147e+00  latent 6.824e-01  v_kl 7.382e+01  kl 3.495e+01  v_contrastive 1.928e+00  contrastive 1.578e-01  v_t2m/len 1530  v_t2m/R01 19.4%  v_t2m/R02 25.29%  v_t2m/R03 32.54%  v_t2m/R05 40.77%  v_t2m/R10 52.34%  v_t2m/MedR 9.0%  v_m2t/len 1530  v_m2t/R01 20.26%  v_m2t/R02 23.39%  v_m2t/R03 32.47%  v_m2t/R05 38.75%  v_m2t/R10 50.45%  v_m2t/MedR 10.0%
[21/04/26 10:07:19][src.callback.progress][INFO] - Epoch 345 step 66250/192: loss 1.995e-01
[21/04/26 10:07:29][src.callback.progress][INFO] - Epoch 345 step 66300/192: loss 2.126e-01
[21/04/26 10:07:39][src.callback.progress][INFO] - Epoch 345 step 66350/192: loss 2.150e-01
[21/04/26 10:07:49][src.callback.progress][INFO] - Epoch 345 step 66400/192: loss 2.259e-01
[21/04/26 10:07:58][src.callback.progress][INFO] - Epoch 345: v_recons 3.371e-01  recons 2.037e-01  v_loss 5.299e-01  loss 2.200e-01  v_latent 1.150e+00  latent 6.827e-01  v_kl 7.507e+01  kl 3.507e+01  v_contrastive 1.921e+00  contrastive 1.589e-01  v_t2m/len 1530  v_t2m/R01 19.87%  v_t2m/R02 24.37%  v_t2m/R03 32.93%  v_t2m/R05 40.45%  v_t2m/R10 51.95%  v_t2m/MedR 9.0%  v_m2t/len 1530  v_m2t/R01 21.11%  v_m2t/R02 23.32%  v_m2t/R03 31.89%  v_m2t/R05 39.79%  v_m2t/R10 51.24%  v_m2t/MedR 10.0%
[21/04/26 10:08:06][src.callback.progress][INFO] - Epoch 346 step 66450/192: loss 2.175e-01
[21/04/26 10:08:16][src.callback.progress][INFO] - Epoch 346 step 66500/192: loss 2.328e-01
[21/04/26 10:08:27][src.callback.progress][INFO] - Epoch 346 step 66550/192: loss 2.282e-01
[21/04/26 10:08:37][src.callback.progress][INFO] - Epoch 346 step 66600/192: loss 2.316e-01
[21/04/26 10:08:44][src.callback.progress][INFO] - Epoch 346: v_recons 3.360e-01  recons 2.037e-01  v_loss 5.285e-01  loss 2.200e-01  v_latent 1.146e+00  latent 6.858e-01  v_kl 7.432e+01  kl 3.519e+01  v_contrastive 1.918e+00  contrastive 1.588e-01  v_t2m/len 1530  v_t2m/R01 18.29%  v_t2m/R02 25.69%  v_t2m/R03 33.79%  v_t2m/R05 41.04%  v_t2m/R10 51.7%  v_t2m/MedR 9.0%  v_m2t/len 1530  v_m2t/R01 20.59%  v_m2t/R02 22.47%  v_m2t/R03 31.18%  v_m2t/R05 38.75%  v_m2t/R10 50.84%  v_m2t/MedR 10.0%
[21/04/26 10:08:54][src.callback.progress][INFO] - Epoch 347 step 66650/192: loss 2.130e-01
[21/04/26 10:09:04][src.callback.progress][INFO] - Epoch 347 step 66700/192: loss 2.083e-01
[21/04/26 10:09:14][src.callback.progress][INFO] - Epoch 347 step 66750/192: loss 2.279e-01
[21/04/26 10:09:25][src.callback.progress][INFO] - Epoch 347 step 66800/192: loss 2.029e-01
[21/04/26 10:09:30][src.callback.progress][INFO] - Epoch 347: v_recons 3.373e-01  recons 2.035e-01  v_loss 5.318e-01  loss 2.195e-01  v_latent 1.152e+00  latent 6.836e-01  v_kl 7.395e+01  kl 3.517e+01  v_contrastive 1.938e+00  contrastive 1.563e-01  v_t2m/len 1530  v_t2m/R01 18.88%  v_t2m/R02 25.1%  v_t2m/R03 32.81%  v_t2m/R05 40.65%  v_t2m/R10 51.75%  v_t2m/MedR 10.0%  v_m2t/len 1530  v_m2t/R01 20.85%  v_m2t/R02 23.53%  v_m2t/R03 32.75%  v_m2t/R05 38.75%  v_m2t/R10 50.13%  v_m2t/MedR 10.0%
[21/04/26 10:09:42][src.callback.progress][INFO] - Epoch 348 step 66850/192: loss 2.135e-01
[21/04/26 10:09:52][src.callback.progress][INFO] - Epoch 348 step 66900/192: loss 1.903e-01
[21/04/26 10:10:02][src.callback.progress][INFO] - Epoch 348 step 66950/192: loss 2.127e-01
[21/04/26 10:10:13][src.callback.progress][INFO] - Epoch 348 step 67000/192: loss 2.188e-01
[21/04/26 10:10:16][src.callback.progress][INFO] - Epoch 348: v_recons 3.369e-01  recons 2.032e-01  v_loss 5.309e-01  loss 2.190e-01  v_latent 1.151e+00  latent 6.821e-01  v_kl 7.489e+01  kl 3.486e+01  v_contrastive 1.933e+00  contrastive 1.549e-01  v_t2m/len 1530  v_t2m/R01 18.23%  v_t2m/R02 25.36%  v_t2m/R03 33.06%  v_t2m/R05 40.72%  v_t2m/R10 53.06%  v_t2m/MedR 9.0%  v_m2t/len 1530  v_m2t/R01 20.12%  v_m2t/R02 23.32%  v_m2t/R03 32.29%  v_m2t/R05 40.84%  v_m2t/R10 51.31%  v_m2t/MedR 9.0%
[21/04/26 10:10:30][src.callback.progress][INFO] - Epoch 349 step 67050/192: loss 2.366e-01
[21/04/26 10:10:40][src.callback.progress][INFO] - Epoch 349 step 67100/192: loss 2.250e-01
[21/04/26 10:10:50][src.callback.progress][INFO] - Epoch 349 step 67150/192: loss 2.342e-01
[21/04/26 10:11:00][src.callback.progress][INFO] - Epoch 349 step 67200/192: loss 2.026e-01
[21/04/26 10:11:02][src.callback.progress][INFO] - Epoch 349: v_recons 3.365e-01  recons 2.036e-01  v_loss 5.326e-01  loss 2.201e-01  v_latent 1.156e+00  latent 6.859e-01  v_kl 7.477e+01  kl 3.526e+01  v_contrastive 1.954e+00  contrastive 1.608e-01  v_t2m/len 1530  v_t2m/R01 20.52%  v_t2m/R02 27.25%  v_t2m/R03 34.31%  v_t2m/R05 41.04%  v_t2m/R10 52.22%  v_t2m/MedR 9.0%  v_m2t/len 1530  v_m2t/R01 20.85%  v_m2t/R02 23.32%  v_m2t/R03 32.15%  v_m2t/R05 39.02%  v_m2t/R10 50.38%  v_m2t/MedR 10.0%
[21/04/26 10:11:17][src.callback.progress][INFO] - Epoch 350 step 67250/192: loss 2.298e-01
[21/04/26 10:11:27][src.callback.progress][INFO] - Epoch 350 step 67300/192: loss 2.164e-01
[21/04/26 10:11:37][src.callback.progress][INFO] - Epoch 350 step 67350/192: loss 2.338e-01
[21/04/26 10:11:47][src.callback.progress][INFO] - Epoch 350: v_recons 3.377e-01  recons 2.034e-01  v_loss 5.332e-01  loss 2.196e-01  v_latent 1.156e+00  latent 6.858e-01  v_kl 7.566e+01  kl 3.542e+01  v_contrastive 1.947e+00  contrastive 1.587e-01  v_t2m/len 1530  v_t2m/R01 19.73%  v_t2m/R02 25.69%  v_t2m/R03 33.0%  v_t2m/R05 40.0%  v_t2m/R10 51.83%  v_t2m/MedR 9.0%  v_m2t/len 1530  v_m2t/R01 20.45%  v_m2t/R02 23.53%  v_m2t/R03 31.95%  v_m2t/R05 39.22%  v_m2t/R10 50.72%  v_m2t/MedR 10.0%
[21/04/26 10:11:54][src.callback.progress][INFO] - Epoch 351 step 67400/192: loss 1.957e-01
[21/04/26 10:12:04][src.callback.progress][INFO] - Epoch 351 step 67450/192: loss 2.194e-01
[21/04/26 10:12:14][src.callback.progress][INFO] - Epoch 351 step 67500/192: loss 2.151e-01
[21/04/26 10:12:24][src.callback.progress][INFO] - Epoch 351 step 67550/192: loss 2.238e-01
[21/04/26 10:12:33][src.callback.progress][INFO] - Epoch 351: v_recons 3.393e-01  recons 2.036e-01  v_loss 5.329e-01  loss 2.196e-01  v_latent 1.153e+00  latent 6.864e-01  v_kl 7.527e+01  kl 3.551e+01  v_contrastive 1.928e+00  contrastive 1.565e-01  v_t2m/len 1530  v_t2m/R01 19.02%  v_t2m/R02 24.57%  v_t2m/R03 32.15%  v_t2m/R05 39.86%  v_t2m/R10 53.0%  v_t2m/MedR 9.0%  v_m2t/len 1530  v_m2t/R01 18.95%  v_m2t/R02 21.5%  v_m2t/R03 31.04%  v_m2t/R05 39.79%  v_m2t/R10 51.11%  v_m2t/MedR 9.0%
[21/04/26 10:12:42][src.callback.progress][INFO] - Epoch 352 step 67600/192: loss 2.143e-01
[21/04/26 10:12:52][src.callback.progress][INFO] - Epoch 352 step 67650/192: loss 2.147e-01
[21/04/26 10:13:02][src.callback.progress][INFO] - Epoch 352 step 67700/192: loss 2.113e-01
[21/04/26 10:13:12][src.callback.progress][INFO] - Epoch 352 step 67750/192: loss 2.144e-01
[21/04/26 10:13:20][src.callback.progress][INFO] - Epoch 352: v_recons 3.388e-01  recons 2.030e-01  v_loss 5.349e-01  loss 2.191e-01  v_latent 1.161e+00  latent 6.846e-01  v_kl 7.544e+01  kl 3.505e+01  v_contrastive 1.953e+00  contrastive 1.577e-01  v_t2m/len 1530  v_t2m/R01 19.02%  v_t2m/R02 24.84%  v_t2m/R03 33.33%  v_t2m/R05 40.97%  v_t2m/R10 51.43%  v_t2m/MedR 10.0%  v_m2t/len 1530  v_m2t/R01 20.45%  v_m2t/R02 23.06%  v_m2t/R03 32.47%  v_m2t/R05 38.75%  v_m2t/R10 50.25%  v_m2t/MedR 10.0%
[21/04/26 10:13:29][src.callback.progress][INFO] - Epoch 353 step 67800/192: loss 2.193e-01
[21/04/26 10:13:40][src.callback.progress][INFO] - Epoch 353 step 67850/192: loss 2.237e-01
[21/04/26 10:13:50][src.callback.progress][INFO] - Epoch 353 step 67900/192: loss 2.251e-01
[21/04/26 10:14:00][src.callback.progress][INFO] - Epoch 353 step 67950/192: loss 2.250e-01
[21/04/26 10:14:05][src.callback.progress][INFO] - Epoch 353: v_recons 3.398e-01  recons 2.039e-01  v_loss 5.377e-01  loss 2.198e-01  v_latent 1.163e+00  latent 6.863e-01  v_kl 7.611e+01  kl 3.546e+01  v_contrastive 1.972e+00  contrastive 1.560e-01  v_t2m/len 1530  v_t2m/R01 18.43%  v_t2m/R02 23.65%  v_t2m/R03 32.34%  v_t2m/R05 38.63%  v_t2m/R10 51.95%  v_t2m/MedR 10.0%  v_m2t/len 1530  v_m2t/R01 19.07%  v_m2t/R02 21.44%  v_m2t/R03 31.04%  v_m2t/R05 38.88%  v_m2t/R10 51.11%  v_m2t/MedR 10.0%
[21/04/26 10:14:17][src.callback.progress][INFO] - Epoch 354 step 68000/192: loss 2.221e-01
[21/04/26 10:14:27][src.callback.progress][INFO] - Epoch 354 step 68050/192: loss 2.178e-01
[21/04/26 10:14:38][src.callback.progress][INFO] - Epoch 354 step 68100/192: loss 2.057e-01
[21/04/26 10:14:48][src.callback.progress][INFO] - Epoch 354 step 68150/192: loss 2.156e-01
[21/04/26 10:14:51][src.callback.progress][INFO] - Epoch 354: v_recons 3.389e-01  recons 2.027e-01  v_loss 5.334e-01  loss 2.185e-01  v_latent 1.162e+00  latent 6.860e-01  v_kl 7.604e+01  kl 3.549e+01  v_contrastive 1.937e+00  contrastive 1.543e-01  v_t2m/len 1530  v_t2m/R01 19.02%  v_t2m/R02 24.96%  v_t2m/R03 31.95%  v_t2m/R05 39.61%  v_t2m/R10 51.9%  v_t2m/MedR 10.0%  v_m2t/len 1530  v_m2t/R01 18.04%  v_m2t/R02 21.44%  v_m2t/R03 30.59%  v_m2t/R05 38.36%  v_m2t/R10 50.84%  v_m2t/MedR 10.0%
[21/04/26 10:15:05][src.callback.progress][INFO] - Epoch 355 step 68200/192: loss 2.139e-01
[21/04/26 10:15:15][src.callback.progress][INFO] - Epoch 355 step 68250/192: loss 2.220e-01
[21/04/26 10:15:25][src.callback.progress][INFO] - Epoch 355 step 68300/192: loss 2.244e-01
[21/04/26 10:15:35][src.callback.progress][INFO] - Epoch 355 step 68350/192: loss 2.436e-01
[21/04/26 10:15:38][src.callback.progress][INFO] - Epoch 355: v_recons 3.373e-01  recons 2.030e-01  v_loss 5.326e-01  loss 2.192e-01  v_latent 1.164e+00  latent 6.868e-01  v_kl 7.675e+01  kl 3.550e+01  v_contrastive 1.944e+00  contrastive 1.581e-01  v_t2m/len 1530  v_t2m/R01 19.14%  v_t2m/R02 25.1%  v_t2m/R03 33.13%  v_t2m/R05 41.31%  v_t2m/R10 52.68%  v_t2m/MedR 9.0%  v_m2t/len 1530  v_m2t/R01 18.62%  v_m2t/R02 22.09%  v_m2t/R03 32.34%  v_m2t/R05 39.66%  v_m2t/R10 51.04%  v_m2t/MedR 10.0%
[21/04/26 10:15:52][src.callback.progress][INFO] - Epoch 356 step 68400/192: loss 2.046e-01
[21/04/26 10:16:03][src.callback.progress][INFO] - Epoch 356 step 68450/192: loss 2.140e-01
[21/04/26 10:16:13][src.callback.progress][INFO] - Epoch 356 step 68500/192: loss 2.075e-01
[21/04/26 10:16:24][src.callback.progress][INFO] - Epoch 356: v_recons 3.371e-01  recons 2.030e-01  v_loss 5.292e-01  loss 2.189e-01  v_latent 1.160e+00  latent 6.861e-01  v_kl 7.578e+01  kl 3.548e+01  v_contrastive 1.914e+00  contrastive 1.557e-01  v_t2m/len 1530  v_t2m/R01 19.14%  v_t2m/R02 26.54%  v_t2m/R03 33.79%  v_t2m/R05 40.91%  v_t2m/R10 52.88%  v_t2m/MedR 9.0%  v_m2t/len 1530  v_m2t/R01 19.14%  v_m2t/R02 21.95%  v_m2t/R03 31.76%  v_m2t/R05 40.72%  v_m2t/R10 50.84%  v_m2t/MedR 10.0%
[21/04/26 10:16:30][src.callback.progress][INFO] - Epoch 357 step 68550/192: loss 2.354e-01
[21/04/26 10:16:41][src.callback.progress][INFO] - Epoch 357 step 68600/192: loss 2.345e-01
[21/04/26 10:16:51][src.callback.progress][INFO] - Epoch 357 step 68650/192: loss 2.150e-01
[21/04/26 10:17:01][src.callback.progress][INFO] - Epoch 357 step 68700/192: loss 2.339e-01
[21/04/26 10:17:10][src.callback.progress][INFO] - Epoch 357: v_recons 3.366e-01  recons 2.024e-01  v_loss 5.293e-01  loss 2.180e-01  v_latent 1.160e+00  latent 6.832e-01  v_kl 7.632e+01  kl 3.528e+01  v_contrastive 1.920e+00  contrastive 1.517e-01  v_t2m/len 1530  v_t2m/R01 19.67%  v_t2m/R02 25.69%  v_t2m/R03 33.0%  v_t2m/R05 41.5%  v_t2m/R10 52.41%  v_t2m/MedR 9.0%  v_m2t/len 1530  v_m2t/R01 20.92%  v_m2t/R02 23.92%  v_m2t/R03 33.52%  v_m2t/R05 40.25%  v_m2t/R10 50.45%  v_m2t/MedR 10.0%
[21/04/26 10:17:18][src.callback.progress][INFO] - Epoch 358 step 68750/192: loss 2.328e-01
[21/04/26 10:17:28][src.callback.progress][INFO] - Epoch 358 step 68800/192: loss 2.094e-01
[21/04/26 10:17:39][src.callback.progress][INFO] - Epoch 358 step 68850/192: loss 2.079e-01
[21/04/26 10:17:49][src.callback.progress][INFO] - Epoch 358 step 68900/192: loss 2.068e-01
[21/04/26 10:17:56][src.callback.progress][INFO] - Epoch 358: v_recons 3.387e-01  recons 2.025e-01  v_loss 5.338e-01  loss 2.181e-01  v_latent 1.165e+00  latent 6.850e-01  v_kl 7.619e+01  kl 3.541e+01  v_contrastive 1.943e+00  contrastive 1.532e-01  v_t2m/len 1530  v_t2m/R01 20.2%  v_t2m/R02 26.46%  v_t2m/R03 33.72%  v_t2m/R05 41.24%  v_t2m/R10 52.41%  v_t2m/MedR 9.0%  v_m2t/len 1530  v_m2t/R01 20.12%  v_m2t/R02 23.27%  v_m2t/R03 31.18%  v_m2t/R05 39.02%  v_m2t/R10 51.36%  v_m2t/MedR 9.0%
[21/04/26 10:18:06][src.callback.progress][INFO] - Epoch 359 step 68950/192: loss 2.130e-01
[21/04/26 10:18:17][src.callback.progress][INFO] - Epoch 359 step 69000/192: loss 2.093e-01
[21/04/26 10:18:27][src.callback.progress][INFO] - Epoch 359 step 69050/192: loss 2.125e-01
[21/04/26 10:18:37][src.callback.progress][INFO] - Epoch 359 step 69100/192: loss 2.127e-01
[21/04/26 10:18:43][src.callback.progress][INFO] - Epoch 359: v_recons 3.395e-01  recons 2.024e-01  v_loss 5.351e-01  loss 2.181e-01  v_latent 1.165e+00  latent 6.867e-01  v_kl 7.618e+01  kl 3.547e+01  v_contrastive 1.948e+00  contrastive 1.533e-01  v_t2m/len 1530  v_t2m/R01 19.67%  v_t2m/R02 25.42%  v_t2m/R03 32.88%  v_t2m/R05 40.13%  v_t2m/R10 52.54%  v_t2m/MedR 9.0%  v_m2t/len 1530  v_m2t/R01 19.79%  v_m2t/R02 23.06%  v_m2t/R03 31.56%  v_m2t/R05 39.08%  v_m2t/R10 50.13%  v_m2t/MedR 10.0%
[21/04/26 10:18:54][src.callback.progress][INFO] - Epoch 360 step 69150/192: loss 2.217e-01
[21/04/26 10:19:04][src.callback.progress][INFO] - Epoch 360 step 69200/192: loss 2.405e-01
[21/04/26 10:19:14][src.callback.progress][INFO] - Epoch 360 step 69250/192: loss 2.403e-01
[21/04/26 10:19:24][src.callback.progress][INFO] - Epoch 360 step 69300/192: loss 2.356e-01
[21/04/26 10:19:29][src.callback.progress][INFO] - Epoch 360: v_recons 3.389e-01  recons 2.025e-01  v_loss 5.344e-01  loss 2.183e-01  v_latent 1.165e+00  latent 6.888e-01  v_kl 7.623e+01  kl 3.570e+01  v_contrastive 1.948e+00  contrastive 1.540e-01  v_t2m/len 1530  v_t2m/R01 18.76%  v_t2m/R02 25.36%  v_t2m/R03 33.27%  v_t2m/R05 40.25%  v_t2m/R10 51.75%  v_t2m/MedR 10.0%  v_m2t/len 1530  v_m2t/R01 19.61%  v_m2t/R02 22.47%  v_m2t/R03 31.7%  v_m2t/R05 39.08%  v_m2t/R10 51.36%  v_m2t/MedR 9.0%
[21/04/26 10:19:41][src.callback.progress][INFO] - Epoch 361 step 69350/192: loss 2.262e-01
[21/04/26 10:19:51][src.callback.progress][INFO] - Epoch 361 step 69400/192: loss 2.181e-01
[21/04/26 10:20:01][src.callback.progress][INFO] - Epoch 361 step 69450/192: loss 2.402e-01
[21/04/26 10:20:12][src.callback.progress][INFO] - Epoch 361 step 69500/192: loss 2.237e-01
[21/04/26 10:20:14][src.callback.progress][INFO] - Epoch 361: v_recons 3.386e-01  recons 2.018e-01  v_loss 5.356e-01  loss 2.178e-01  v_latent 1.171e+00  latent 6.854e-01  v_kl 7.750e+01  kl 3.561e+01  v_contrastive 1.962e+00  contrastive 1.556e-01  v_t2m/len 1530  v_t2m/R01 19.21%  v_t2m/R02 24.51%  v_t2m/R03 32.61%  v_t2m/R05 40.65%  v_t2m/R10 52.88%  v_t2m/MedR 9.0%  v_m2t/len 1530  v_m2t/R01 20.2%  v_m2t/R02 23.32%  v_m2t/R03 31.37%  v_m2t/R05 37.77%  v_m2t/R10 49.54%  v_m2t/MedR 11.0%
[21/04/26 10:20:29][src.callback.progress][INFO] - Epoch 362 step 69550/192: loss 2.028e-01
[21/04/26 10:20:39][src.callback.progress][INFO] - Epoch 362 step 69600/192: loss 1.895e-01
[21/04/26 10:20:49][src.callback.progress][INFO] - Epoch 362 step 69650/192: loss 2.187e-01
[21/04/26 10:21:01][src.callback.progress][INFO] - Epoch 362: v_recons 3.379e-01  recons 2.011e-01  v_loss 5.353e-01  loss 2.167e-01  v_latent 1.170e+00  latent 6.843e-01  v_kl 7.635e+01  kl 3.547e+01  v_contrastive 1.967e+00  contrastive 1.519e-01  v_t2m/len 1530  v_t2m/R01 19.28%  v_t2m/R02 24.57%  v_t2m/R03 31.7%  v_t2m/R05 39.15%  v_t2m/R10 51.43%  v_t2m/MedR 9.0%  v_m2t/len 1530  v_m2t/R01 19.47%  v_m2t/R02 22.68%  v_m2t/R03 31.04%  v_m2t/R05 39.93%  v_m2t/R10 50.84%  v_m2t/MedR 10.0%
[21/04/26 10:21:06][src.callback.progress][INFO] - Epoch 363 step 69700/192: loss 2.030e-01
[21/04/26 10:21:17][src.callback.progress][INFO] - Epoch 363 step 69750/192: loss 2.168e-01
[21/04/26 10:21:27][src.callback.progress][INFO] - Epoch 363 step 69800/192: loss 2.171e-01
[21/04/26 10:21:37][src.callback.progress][INFO] - Epoch 363 step 69850/192: loss 2.115e-01
[21/04/26 10:21:46][src.callback.progress][INFO] - Epoch 363: v_recons 3.390e-01  recons 2.016e-01  v_loss 5.331e-01  loss 2.170e-01  v_latent 1.170e+00  latent 6.847e-01  v_kl 7.718e+01  kl 3.549e+01  v_contrastive 1.933e+00  contrastive 1.510e-01  v_t2m/len 1530  v_t2m/R01 19.4%  v_t2m/R02 25.15%  v_t2m/R03 33.0%  v_t2m/R05 39.93%  v_t2m/R10 51.75%  v_t2m/MedR 10.0%  v_m2t/len 1530  v_m2t/R01 20.12%  v_m2t/R02 22.8%  v_m2t/R03 31.18%  v_m2t/R05 38.43%  v_m2t/R10 50.38%  v_m2t/MedR 10.0%
[21/04/26 10:21:54][src.callback.progress][INFO] - Epoch 364 step 69900/192: loss 2.078e-01
[21/04/26 10:22:04][src.callback.progress][INFO] - Epoch 364 step 69950/192: loss 2.177e-01
[21/04/26 10:22:15][src.callback.progress][INFO] - Epoch 364 step 70000/192: loss 2.240e-01
[21/04/26 10:22:25][src.callback.progress][INFO] - Epoch 364 step 70050/192: loss 2.354e-01
[21/04/26 10:22:33][src.callback.progress][INFO] - Epoch 364: v_recons 3.392e-01  recons 2.015e-01  v_loss 5.343e-01  loss 2.169e-01  v_latent 1.171e+00  latent 6.838e-01  v_kl 7.561e+01  kl 3.560e+01  v_contrastive 1.943e+00  contrastive 1.504e-01  v_t2m/len 1530  v_t2m/R01 18.95%  v_t2m/R02 25.81%  v_t2m/R03 32.29%  v_t2m/R05 40.0%  v_t2m/R10 52.09%  v_t2m/MedR 9.0%  v_m2t/len 1530  v_m2t/R01 19.28%  v_m2t/R02 22.03%  v_m2t/R03 30.0%  v_m2t/R05 38.75%  v_m2t/R10 51.63%  v_m2t/MedR 9.0%
[21/04/26 10:22:42][src.callback.progress][INFO] - Epoch 365 step 70100/192: loss 2.478e-01
[21/04/26 10:22:53][src.callback.progress][INFO] - Epoch 365 step 70150/192: loss 2.189e-01
[21/04/26 10:23:03][src.callback.progress][INFO] - Epoch 365 step 70200/192: loss 2.245e-01
[21/04/26 10:23:13][src.callback.progress][INFO] - Epoch 365 step 70250/192: loss 2.086e-01
[21/04/26 10:23:19][src.callback.progress][INFO] - Epoch 365: v_recons 3.378e-01  recons 2.010e-01  v_loss 5.337e-01  loss 2.165e-01  v_latent 1.171e+00  latent 6.847e-01  v_kl 7.706e+01  kl 3.553e+01  v_contrastive 1.951e+00  contrastive 1.507e-01  v_t2m/len 1530  v_t2m/R01 19.4%  v_t2m/R02 24.63%  v_t2m/R03 31.89%  v_t2m/R05 39.93%  v_t2m/R10 53.13%  v_t2m/MedR 9.0%  v_m2t/len 1530  v_m2t/R01 19.79%  v_m2t/R02 22.03%  v_m2t/R03 30.0%  v_m2t/R05 39.15%  v_m2t/R10 50.84%  v_m2t/MedR 10.0%
[21/04/26 10:23:30][src.callback.progress][INFO] - Epoch 366 step 70300/192: loss 2.128e-01
[21/04/26 10:23:40][src.callback.progress][INFO] - Epoch 366 step 70350/192: loss 2.157e-01
[21/04/26 10:23:50][src.callback.progress][INFO] - Epoch 366 step 70400/192: loss 2.299e-01
[21/04/26 10:24:01][src.callback.progress][INFO] - Epoch 366 step 70450/192: loss 2.002e-01
[21/04/26 10:24:05][src.callback.progress][INFO] - Epoch 366: v_recons 3.399e-01  recons 2.013e-01  v_loss 5.351e-01  loss 2.166e-01  v_latent 1.167e+00  latent 6.819e-01  v_kl 7.709e+01  kl 3.540e+01  v_contrastive 1.944e+00  contrastive 1.502e-01  v_t2m/len 1530  v_t2m/R01 19.07%  v_t2m/R02 25.69%  v_t2m/R03 33.59%  v_t2m/R05 40.38%  v_t2m/R10 52.61%  v_t2m/MedR 9.0%  v_m2t/len 1530  v_m2t/R01 19.14%  v_m2t/R02 22.29%  v_m2t/R03 30.97%  v_m2t/R05 39.34%  v_m2t/R10 50.33%  v_m2t/MedR 10.0%
[21/04/26 10:24:18][src.callback.progress][INFO] - Epoch 367 step 70500/192: loss 2.276e-01
[21/04/26 10:24:28][src.callback.progress][INFO] - Epoch 367 step 70550/192: loss 2.305e-01
[21/04/26 10:24:38][src.callback.progress][INFO] - Epoch 367 step 70600/192: loss 2.175e-01
[21/04/26 10:24:48][src.callback.progress][INFO] - Epoch 367 step 70650/192: loss 1.941e-01
[21/04/26 10:24:51][src.callback.progress][INFO] - Epoch 367: v_recons 3.404e-01  recons 2.009e-01  v_loss 5.339e-01  loss 2.158e-01  v_latent 1.174e+00  latent 6.831e-01  v_kl 7.715e+01  kl 3.573e+01  v_contrastive 1.927e+00  contrastive 1.454e-01  v_t2m/len 1530  v_t2m/R01 18.76%  v_t2m/R02 24.51%  v_t2m/R03 31.82%  v_t2m/R05 39.61%  v_t2m/R10 52.15%  v_t2m/MedR 9.0%  v_m2t/len 1530  v_m2t/R01 19.87%  v_m2t/R02 22.68%  v_m2t/R03 31.56%  v_m2t/R05 40.13%  v_m2t/R10 51.11%  v_m2t/MedR 10.0%
[21/04/26 10:25:05][src.callback.progress][INFO] - Epoch 368 step 70700/192: loss 2.342e-01
[21/04/26 10:25:15][src.callback.progress][INFO] - Epoch 368 step 70750/192: loss 1.896e-01
[21/04/26 10:25:26][src.callback.progress][INFO] - Epoch 368 step 70800/192: loss 2.492e-01
[21/04/26 10:25:37][src.callback.progress][INFO] - Epoch 368: v_recons 3.398e-01  recons 2.012e-01  v_loss 5.335e-01  loss 2.166e-01  v_latent 1.169e+00  latent 6.856e-01  v_kl 7.749e+01  kl 3.574e+01  v_contrastive 1.930e+00  contrastive 1.511e-01  v_t2m/len 1530  v_t2m/R01 19.07%  v_t2m/R02 24.63%  v_t2m/R03 33.06%  v_t2m/R05 41.18%  v_t2m/R10 51.95%  v_t2m/MedR 9.0%  v_m2t/len 1530  v_m2t/R01 20.45%  v_m2t/R02 22.94%  v_m2t/R03 32.81%  v_m2t/R05 40.45%  v_m2t/R10 50.25%  v_m2t/MedR 10.0%
[21/04/26 10:25:42][src.callback.progress][INFO] - Epoch 369 step 70850/192: loss 2.102e-01
[21/04/26 10:25:52][src.callback.progress][INFO] - Epoch 369 step 70900/192: loss 2.250e-01
[21/04/26 10:26:03][src.callback.progress][INFO] - Epoch 369 step 70950/192: loss 2.202e-01
[21/04/26 10:26:13][src.callback.progress][INFO] - Epoch 369 step 71000/192: loss 2.025e-01
[21/04/26 10:26:23][src.callback.progress][INFO] - Epoch 369: v_recons 3.385e-01  recons 2.010e-01  v_loss 5.351e-01  loss 2.160e-01  v_latent 1.172e+00  latent 6.843e-01  v_kl 7.828e+01  kl 3.584e+01  v_contrastive 1.958e+00  contrastive 1.471e-01  v_t2m/len 1530  v_t2m/R01 18.88%  v_t2m/R02 24.18%  v_t2m/R03 32.47%  v_t2m/R05 41.56%  v_t2m/R10 51.9%  v_t2m/MedR 9.0%  v_m2t/len 1530  v_m2t/R01 19.02%  v_m2t/R02 22.03%  v_m2t/R03 30.92%  v_m2t/R05 38.81%  v_m2t/R10 50.65%  v_m2t/MedR 10.0%
[21/04/26 10:26:30][src.callback.progress][INFO] - Epoch 370 step 71050/192: loss 1.969e-01
[21/04/26 10:26:41][src.callback.progress][INFO] - Epoch 370 step 71100/192: loss 2.140e-01
[21/04/26 10:26:51][src.callback.progress][INFO] - Epoch 370 step 71150/192: loss 1.826e-01
[21/04/26 10:27:01][src.callback.progress][INFO] - Epoch 370 step 71200/192: loss 2.147e-01
[21/04/26 10:27:09][src.callback.progress][INFO] - Epoch 370: v_recons 3.374e-01  recons 2.003e-01  v_loss 5.346e-01  loss 2.158e-01  v_latent 1.176e+00  latent 6.869e-01  v_kl 7.907e+01  kl 3.607e+01  v_contrastive 1.964e+00  contrastive 1.514e-01  v_t2m/len 1530  v_t2m/R01 20.38%  v_t2m/R02 25.48%  v_t2m/R03 32.61%  v_t2m/R05 41.24%  v_t2m/R10 52.02%  v_t2m/MedR 9.0%  v_m2t/len 1530  v_m2t/R01 19.87%  v_m2t/R02 22.87%  v_m2t/R03 32.34%  v_m2t/R05 40.0%  v_m2t/R10 50.33%  v_m2t/MedR 10.0%
[21/04/26 10:27:18][src.callback.progress][INFO] - Epoch 371 step 71250/192: loss 2.044e-01
[21/04/26 10:27:29][src.callback.progress][INFO] - Epoch 371 step 71300/192: loss 2.303e-01
[21/04/26 10:27:39][src.callback.progress][INFO] - Epoch 371 step 71350/192: loss 2.194e-01
[21/04/26 10:27:49][src.callback.progress][INFO] - Epoch 371 step 71400/192: loss 2.291e-01
[21/04/26 10:27:55][src.callback.progress][INFO] - Epoch 371: v_recons 3.380e-01  recons 2.009e-01  v_loss 5.334e-01  loss 2.164e-01  v_latent 1.182e+00  latent 6.868e-01  v_kl 7.845e+01  kl 3.608e+01  v_contrastive 1.945e+00  contrastive 1.506e-01  v_t2m/len 1530  v_t2m/R01 19.87%  v_t2m/R02 24.96%  v_t2m/R03 31.37%  v_t2m/R05 40.33%  v_t2m/R10 52.68%  v_t2m/MedR 9.0%  v_m2t/len 1530  v_m2t/R01 19.47%  v_m2t/R02 22.75%  v_m2t/R03 31.56%  v_m2t/R05 39.74%  v_m2t/R10 51.04%  v_m2t/MedR 10.0%
[21/04/26 10:28:06][src.callback.progress][INFO] - Epoch 372 step 71450/192: loss 1.974e-01
[21/04/26 10:28:16][src.callback.progress][INFO] - Epoch 372 step 71500/192: loss 2.358e-01
[21/04/26 10:28:26][src.callback.progress][INFO] - Epoch 372 step 71550/192: loss 2.212e-01
[21/04/26 10:28:37][src.callback.progress][INFO] - Epoch 372 step 71600/192: loss 2.372e-01
[21/04/26 10:28:42][src.callback.progress][INFO] - Epoch 372: v_recons 3.420e-01  recons 2.010e-01  v_loss 5.367e-01  loss 2.163e-01  v_latent 1.177e+00  latent 6.888e-01  v_kl 7.824e+01  kl 3.605e+01  v_contrastive 1.939e+00  contrastive 1.499e-01  v_t2m/len 1530  v_t2m/R01 20.26%  v_t2m/R02 25.81%  v_t2m/R03 33.52%  v_t2m/R05 40.77%  v_t2m/R10 52.34%  v_t2m/MedR 9.0%  v_m2t/len 1530  v_m2t/R01 19.35%  v_m2t/R02 21.62%  v_m2t/R03 31.11%  v_m2t/R05 38.95%  v_m2t/R10 49.74%  v_m2t/MedR 11.0%
[21/04/26 10:28:54][src.callback.progress][INFO] - Epoch 373 step 71650/192: loss 2.240e-01
[21/04/26 10:29:04][src.callback.progress][INFO] - Epoch 373 step 71700/192: loss 1.780e-01
[21/04/26 10:29:14][src.callback.progress][INFO] - Epoch 373 step 71750/192: loss 2.175e-01
[21/04/26 10:29:24][src.callback.progress][INFO] - Epoch 373 step 71800/192: loss 2.146e-01
[21/04/26 10:29:28][src.callback.progress][INFO] - Epoch 373: v_recons 3.387e-01  recons 2.009e-01  v_loss 5.350e-01  loss 2.163e-01  v_latent 1.176e+00  latent 6.881e-01  v_kl 7.858e+01  kl 3.617e+01  v_contrastive 1.955e+00  contrastive 1.511e-01  v_t2m/len 1530  v_t2m/R01 19.28%  v_t2m/R02 25.55%  v_t2m/R03 32.29%  v_t2m/R05 40.52%  v_t2m/R10 51.7%  v_t2m/MedR 10.0%  v_m2t/len 1530  v_m2t/R01 20.0%  v_m2t/R02 22.54%  v_m2t/R03 30.45%  v_m2t/R05 38.63%  v_m2t/R10 51.56%  v_m2t/MedR 10.0%
[21/04/26 10:29:42][src.callback.progress][INFO] - Epoch 374 step 71850/192: loss 2.552e-01
[21/04/26 10:29:52][src.callback.progress][INFO] - Epoch 374 step 71900/192: loss 2.042e-01
[21/04/26 10:30:02][src.callback.progress][INFO] - Epoch 374 step 71950/192: loss 2.356e-01
[21/04/26 10:30:12][src.callback.progress][INFO] - Epoch 374 step 72000/192: loss 2.235e-01
[21/04/26 10:30:14][src.callback.progress][INFO] - Epoch 374: v_recons 3.401e-01  recons 2.003e-01  v_loss 5.342e-01  loss 2.154e-01  v_latent 1.178e+00  latent 6.855e-01  v_kl 7.788e+01  kl 3.584e+01  v_contrastive 1.933e+00  contrastive 1.479e-01  v_t2m/len 1530  v_t2m/R01 19.47%  v_t2m/R02 24.3%  v_t2m/R03 33.06%  v_t2m/R05 39.74%  v_t2m/R10 51.9%  v_t2m/MedR 10.0%  v_m2t/len 1530  v_m2t/R01 19.79%  v_m2t/R02 23.01%  v_m2t/R03 32.15%  v_m2t/R05 39.61%  v_m2t/R10 50.52%  v_m2t/MedR 10.0%
[21/04/26 10:30:29][src.callback.progress][INFO] - Epoch 375 step 72050/192: loss 2.033e-01
[21/04/26 10:30:39][src.callback.progress][INFO] - Epoch 375 step 72100/192: loss 2.041e-01
[21/04/26 10:30:49][src.callback.progress][INFO] - Epoch 375 step 72150/192: loss 1.974e-01
[21/04/26 10:31:00][src.callback.progress][INFO] - Epoch 375: v_recons 3.401e-01  recons 1.999e-01  v_loss 5.341e-01  loss 2.150e-01  v_latent 1.176e+00  latent 6.856e-01  v_kl 7.716e+01  kl 3.578e+01  v_contrastive 1.932e+00  contrastive 1.472e-01  v_t2m/len 1530  v_t2m/R01 19.87%  v_t2m/R02 25.03%  v_t2m/R03 33.0%  v_t2m/R05 41.04%  v_t2m/R10 52.02%  v_t2m/MedR 9.0%  v_m2t/len 1530  v_m2t/R01 19.93%  v_m2t/R02 22.21%  v_m2t/R03 31.89%  v_m2t/R05 38.81%  v_m2t/R10 50.38%  v_m2t/MedR 10.0%
[21/04/26 10:31:07][src.callback.progress][INFO] - Epoch 376 step 72200/192: loss 2.176e-01
[21/04/26 10:31:17][src.callback.progress][INFO] - Epoch 376 step 72250/192: loss 1.933e-01
[21/04/26 10:31:28][src.callback.progress][INFO] - Epoch 376 step 72300/192: loss 1.982e-01
[21/04/26 10:31:38][src.callback.progress][INFO] - Epoch 376 step 72350/192: loss 1.866e-01
[21/04/26 10:31:47][src.callback.progress][INFO] - Epoch 376: v_recons 3.388e-01  recons 1.994e-01  v_loss 5.336e-01  loss 2.144e-01  v_latent 1.181e+00  latent 6.814e-01  v_kl 7.886e+01  kl 3.568e+01  v_contrastive 1.940e+00  contrastive 1.466e-01  v_t2m/len 1530  v_t2m/R01 19.21%  v_t2m/R02 24.96%  v_t2m/R03 33.0%  v_t2m/R05 40.13%  v_t2m/R10 52.15%  v_t2m/MedR 9.0%  v_m2t/len 1530  v_m2t/R01 20.26%  v_m2t/R02 22.87%  v_m2t/R03 31.5%  v_m2t/R05 38.68%  v_m2t/R10 51.18%  v_m2t/MedR 10.0%
[21/04/26 10:31:55][src.callback.progress][INFO] - Epoch 377 step 72400/192: loss 2.650e-01
[21/04/26 10:32:06][src.callback.progress][INFO] - Epoch 377 step 72450/192: loss 2.287e-01
[21/04/26 10:32:16][src.callback.progress][INFO] - Epoch 377 step 72500/192: loss 1.972e-01
[21/04/26 10:32:26][src.callback.progress][INFO] - Epoch 377 step 72550/192: loss 2.174e-01
[21/04/26 10:32:33][src.callback.progress][INFO] - Epoch 377: v_recons 3.394e-01  recons 1.994e-01  v_loss 5.353e-01  loss 2.140e-01  v_latent 1.174e+00  latent 6.805e-01  v_kl 7.801e+01  kl 3.561e+01  v_contrastive 1.952e+00  contrastive 1.428e-01  v_t2m/len 1530  v_t2m/R01 20.59%  v_t2m/R02 25.75%  v_t2m/R03 33.06%  v_t2m/R05 40.91%  v_t2m/R10 51.43%  v_t2m/MedR 9.0%  v_m2t/len 1530  v_m2t/R01 20.45%  v_m2t/R02 23.13%  v_m2t/R03 30.59%  v_m2t/R05 38.63%  v_m2t/R10 51.63%  v_m2t/MedR 9.0%
[21/04/26 10:32:43][src.callback.progress][INFO] - Epoch 378 step 72600/192: loss 2.032e-01
[21/04/26 10:32:54][src.callback.progress][INFO] - Epoch 378 step 72650/192: loss 2.227e-01
[21/04/26 10:33:04][src.callback.progress][INFO] - Epoch 378 step 72700/192: loss 2.156e-01
[21/04/26 10:33:14][src.callback.progress][INFO] - Epoch 378 step 72750/192: loss 2.226e-01
[21/04/26 10:33:19][src.callback.progress][INFO] - Epoch 378: v_recons 3.404e-01  recons 1.987e-01  v_loss 5.351e-01  loss 2.132e-01  v_latent 1.181e+00  latent 6.778e-01  v_kl 7.783e+01  kl 3.542e+01  v_contrastive 1.939e+00  contrastive 1.412e-01  v_t2m/len 1530  v_t2m/R01 18.43%  v_t2m/R02 24.3%  v_t2m/R03 30.85%  v_t2m/R05 39.02%  v_t2m/R10 50.2%  v_t2m/MedR 10.0%  v_m2t/len 1530  v_m2t/R01 20.0%  v_m2t/R02 22.94%  v_m2t/R03 30.59%  v_m2t/R05 37.84%  v_m2t/R10 49.47%  v_m2t/MedR 11.0%
[21/04/26 10:33:31][src.callback.progress][INFO] - Epoch 379 step 72800/192: loss 2.220e-01
[21/04/26 10:33:41][src.callback.progress][INFO] - Epoch 379 step 72850/192: loss 2.041e-01
[21/04/26 10:33:51][src.callback.progress][INFO] - Epoch 379 step 72900/192: loss 2.313e-01
[21/04/26 10:34:02][src.callback.progress][INFO] - Epoch 379 step 72950/192: loss 2.360e-01
[21/04/26 10:34:05][src.callback.progress][INFO] - Epoch 379: v_recons 3.385e-01  recons 1.988e-01  v_loss 5.322e-01  loss 2.136e-01  v_latent 1.180e+00  latent 6.817e-01  v_kl 7.855e+01  kl 3.564e+01  v_contrastive 1.929e+00  contrastive 1.441e-01  v_t2m/len 1530  v_t2m/R01 19.02%  v_t2m/R02 24.44%  v_t2m/R03 32.15%  v_t2m/R05 39.86%  v_t2m/R10 51.75%  v_t2m/MedR 9.5%  v_m2t/len 1530  v_m2t/R01 20.0%  v_m2t/R02 22.35%  v_m2t/R03 32.22%  v_m2t/R05 39.47%  v_m2t/R10 50.2%  v_m2t/MedR 10.0%
[21/04/26 10:34:19][src.callback.progress][INFO] - Epoch 380 step 73000/192: loss 2.104e-01
[21/04/26 10:34:29][src.callback.progress][INFO] - Epoch 380 step 73050/192: loss 2.139e-01
[21/04/26 10:34:39][src.callback.progress][INFO] - Epoch 380 step 73100/192: loss 2.301e-01
[21/04/26 10:34:49][src.callback.progress][INFO] - Epoch 380 step 73150/192: loss 2.197e-01
[21/04/26 10:34:51][src.callback.progress][INFO] - Epoch 380: v_recons 3.388e-01  recons 1.989e-01  v_loss 5.326e-01  loss 2.137e-01  v_latent 1.179e+00  latent 6.799e-01  v_kl 7.795e+01  kl 3.555e+01  v_contrastive 1.929e+00  contrastive 1.446e-01  v_t2m/len 1530  v_t2m/R01 19.54%  v_t2m/R02 24.44%  v_t2m/R03 33.06%  v_t2m/R05 41.04%  v_t2m/R10 51.7%  v_t2m/MedR 9.5%  v_m2t/len 1530  v_m2t/R01 20.0%  v_m2t/R02 23.27%  v_m2t/R03 30.64%  v_m2t/R05 39.47%  v_m2t/R10 50.25%  v_m2t/MedR 10.0%
[21/04/26 10:35:06][src.callback.progress][INFO] - Epoch 381 step 73200/192: loss 2.200e-01
[21/04/26 10:35:16][src.callback.progress][INFO] - Epoch 381 step 73250/192: loss 2.100e-01
[21/04/26 10:35:27][src.callback.progress][INFO] - Epoch 381 step 73300/192: loss 2.174e-01
[21/04/26 10:35:37][src.callback.progress][INFO] - Epoch 381: v_recons 3.369e-01  recons 1.998e-01  v_loss 5.308e-01  loss 2.144e-01  v_latent 1.177e+00  latent 6.845e-01  v_kl 7.808e+01  kl 3.613e+01  v_contrastive 1.932e+00  contrastive 1.424e-01  v_t2m/len 1530  v_t2m/R01 19.47%  v_t2m/R02 24.3%  v_t2m/R03 31.44%  v_t2m/R05 39.61%  v_t2m/R10 51.7%  v_t2m/MedR 10.0%  v_m2t/len 1530  v_m2t/R01 20.0%  v_m2t/R02 23.72%  v_m2t/R03 31.23%  v_m2t/R05 38.16%  v_m2t/R10 50.45%  v_m2t/MedR 10.0%
[21/04/26 10:35:43][src.callback.progress][INFO] - Epoch 382 step 73350/192: loss 1.978e-01
[21/04/26 10:35:54][src.callback.progress][INFO] - Epoch 382 step 73400/192: loss 2.181e-01
[21/04/26 10:36:04][src.callback.progress][INFO] - Epoch 382 step 73450/192: loss 2.224e-01
[21/04/26 10:36:14][src.callback.progress][INFO] - Epoch 382 step 73500/192: loss 2.018e-01
[21/04/26 10:36:23][src.callback.progress][INFO] - Epoch 382: v_recons 3.401e-01  recons 1.992e-01  v_loss 5.370e-01  loss 2.141e-01  v_latent 1.188e+00  latent 6.861e-01  v_kl 7.839e+01  kl 3.595e+01  v_contrastive 1.961e+00  contrastive 1.454e-01  v_t2m/len 1530  v_t2m/R01 18.76%  v_t2m/R02 24.18%  v_t2m/R03 32.02%  v_t2m/R05 39.74%  v_t2m/R10 51.56%  v_t2m/MedR 10.0%  v_m2t/len 1530  v_m2t/R01 19.61%  v_m2t/R02 22.15%  v_m2t/R03 30.2%  v_m2t/R05 38.43%  v_m2t/R10 50.65%  v_m2t/MedR 10.0%
[21/04/26 10:36:31][src.callback.progress][INFO] - Epoch 383 step 73550/192: loss 2.088e-01
[21/04/26 10:36:41][src.callback.progress][INFO] - Epoch 383 step 73600/192: loss 1.975e-01
[21/04/26 10:36:51][src.callback.progress][INFO] - Epoch 383 step 73650/192: loss 2.266e-01
[21/04/26 10:37:02][src.callback.progress][INFO] - Epoch 383 step 73700/192: loss 1.894e-01
[21/04/26 10:37:09][src.callback.progress][INFO] - Epoch 383: v_recons 3.406e-01  recons 1.996e-01  v_loss 5.348e-01  loss 2.146e-01  v_latent 1.184e+00  latent 6.885e-01  v_kl 7.855e+01  kl 3.607e+01  v_contrastive 1.934e+00  contrastive 1.462e-01  v_t2m/len 1530  v_t2m/R01 18.37%  v_t2m/R02 24.3%  v_t2m/R03 31.44%  v_t2m/R05 39.27%  v_t2m/R10 50.84%  v_t2m/MedR 10.0%  v_m2t/len 1530  v_m2t/R01 19.87%  v_m2t/R02 22.8%  v_m2t/R03 31.04%  v_m2t/R05 39.02%  v_m2t/R10 50.59%  v_m2t/MedR 10.0%
[21/04/26 10:37:19][src.callback.progress][INFO] - Epoch 384 step 73750/192: loss 2.101e-01
[21/04/26 10:37:29][src.callback.progress][INFO] - Epoch 384 step 73800/192: loss 2.007e-01
[21/04/26 10:37:39][src.callback.progress][INFO] - Epoch 384 step 73850/192: loss 2.050e-01
[21/04/26 10:37:49][src.callback.progress][INFO] - Epoch 384 step 73900/192: loss 2.197e-01
[21/04/26 10:37:55][src.callback.progress][INFO] - Epoch 384: v_recons 3.395e-01  recons 1.987e-01  v_loss 5.357e-01  loss 2.131e-01  v_latent 1.187e+00  latent 6.814e-01  v_kl 7.971e+01  kl 3.578e+01  v_contrastive 1.954e+00  contrastive 1.407e-01  v_t2m/len 1530  v_t2m/R01 19.21%  v_t2m/R02 24.96%  v_t2m/R03 32.68%  v_t2m/R05 39.79%  v_t2m/R10 51.11%  v_t2m/MedR 10.0%  v_m2t/len 1530  v_m2t/R01 20.52%  v_m2t/R02 22.87%  v_m2t/R03 30.45%  v_m2t/R05 38.95%  v_m2t/R10 49.79%  v_m2t/MedR 11.0%
[21/04/26 10:38:07][src.callback.progress][INFO] - Epoch 385 step 73950/192: loss 2.117e-01
[21/04/26 10:38:17][src.callback.progress][INFO] - Epoch 385 step 74000/192: loss 1.636e-01
[21/04/26 10:38:27][src.callback.progress][INFO] - Epoch 385 step 74050/192: loss 1.960e-01
[21/04/26 10:38:37][src.callback.progress][INFO] - Epoch 385 step 74100/192: loss 2.048e-01
[21/04/26 10:38:41][src.callback.progress][INFO] - Epoch 385: v_recons 3.393e-01  recons 1.985e-01  v_loss 5.344e-01  loss 2.133e-01  v_latent 1.183e+00  latent 6.824e-01  v_kl 7.954e+01  kl 3.593e+01  v_contrastive 1.943e+00  contrastive 1.446e-01  v_t2m/len 1530  v_t2m/R01 19.21%  v_t2m/R02 24.77%  v_t2m/R03 33.06%  v_t2m/R05 39.66%  v_t2m/R10 52.68%  v_t2m/MedR 9.0%  v_m2t/len 1530  v_m2t/R01 20.64%  v_m2t/R02 23.2%  v_m2t/R03 30.52%  v_m2t/R05 38.75%  v_m2t/R10 50.33%  v_m2t/MedR 10.0%
[21/04/26 10:38:54][src.callback.progress][INFO] - Epoch 386 step 74150/192: loss 2.224e-01
[21/04/26 10:39:05][src.callback.progress][INFO] - Epoch 386 step 74200/192: loss 2.213e-01
[21/04/26 10:39:15][src.callback.progress][INFO] - Epoch 386 step 74250/192: loss 1.906e-01
[21/04/26 10:39:25][src.callback.progress][INFO] - Epoch 386 step 74300/192: loss 2.410e-01
[21/04/26 10:39:28][src.callback.progress][INFO] - Epoch 386: v_recons 3.387e-01  recons 1.986e-01  v_loss 5.365e-01  loss 2.131e-01  v_latent 1.194e+00  latent 6.805e-01  v_kl 7.985e+01  kl 3.580e+01  v_contrastive 1.970e+00  contrastive 1.409e-01  v_t2m/len 1530  v_t2m/R01 19.73%  v_t2m/R02 25.55%  v_t2m/R03 32.54%  v_t2m/R05 39.47%  v_t2m/R10 51.36%  v_t2m/MedR 10.0%  v_m2t/len 1530  v_m2t/R01 19.54%  v_m2t/R02 22.03%  v_m2t/R03 30.78%  v_m2t/R05 38.04%  v_m2t/R10 50.13%  v_m2t/MedR 10.0%
[21/04/26 10:39:42][src.callback.progress][INFO] - Epoch 387 step 74350/192: loss 2.182e-01
[21/04/26 10:39:52][src.callback.progress][INFO] - Epoch 387 step 74400/192: loss 1.937e-01
[21/04/26 10:40:02][src.callback.progress][INFO] - Epoch 387 step 74450/192: loss 1.987e-01
[21/04/26 10:40:13][src.callback.progress][INFO] - Epoch 387: v_recons 3.401e-01  recons 1.991e-01  v_loss 5.403e-01  loss 2.139e-01  v_latent 1.203e+00  latent 6.843e-01  v_kl 8.051e+01  kl 3.617e+01  v_contrastive 1.994e+00  contrastive 1.441e-01  v_t2m/len 1530  v_t2m/R01 18.81%  v_t2m/R02 24.25%  v_t2m/R03 32.34%  v_t2m/R05 39.08%  v_t2m/R10 51.04%  v_t2m/MedR 10.0%  v_m2t/len 1530  v_m2t/R01 19.73%  v_m2t/R02 22.21%  v_m2t/R03 30.45%  v_m2t/R05 37.58%  v_m2t/R10 50.33%  v_m2t/MedR 10.0%
[21/04/26 10:40:19][src.callback.progress][INFO] - Epoch 388 step 74500/192: loss 2.071e-01
[21/04/26 10:40:29][src.callback.progress][INFO] - Epoch 388 step 74550/192: loss 2.159e-01
[21/04/26 10:40:39][src.callback.progress][INFO] - Epoch 388 step 74600/192: loss 2.088e-01
[21/04/26 10:40:50][src.callback.progress][INFO] - Epoch 388 step 74650/192: loss 2.092e-01
[21/04/26 10:40:59][src.callback.progress][INFO] - Epoch 388: v_recons 3.394e-01  recons 1.998e-01  v_loss 5.381e-01  loss 2.145e-01  v_latent 1.196e+00  latent 6.890e-01  v_kl 8.114e+01  kl 3.653e+01  v_contrastive 1.978e+00  contrastive 1.437e-01  v_t2m/len 1530  v_t2m/R01 19.67%  v_t2m/R02 24.7%  v_t2m/R03 31.89%  v_t2m/R05 39.93%  v_t2m/R10 50.97%  v_t2m/MedR 10.0%  v_m2t/len 1530  v_m2t/R01 19.79%  v_m2t/R02 22.8%  v_m2t/R03 31.62%  v_m2t/R05 38.75%  v_m2t/R10 50.72%  v_m2t/MedR 10.0%
[21/04/26 10:41:07][src.callback.progress][INFO] - Epoch 389 step 74700/192: loss 1.945e-01
[21/04/26 10:41:17][src.callback.progress][INFO] - Epoch 389 step 74750/192: loss 2.369e-01
[21/04/26 10:41:27][src.callback.progress][INFO] - Epoch 389 step 74800/192: loss 2.430e-01
[21/04/26 10:41:37][src.callback.progress][INFO] - Epoch 389 step 74850/192: loss 2.092e-01
[21/04/26 10:41:45][src.callback.progress][INFO] - Epoch 389: v_recons 3.375e-01  recons 1.996e-01  v_loss 5.359e-01  loss 2.145e-01  v_latent 1.190e+00  latent 6.908e-01  v_kl 8.022e+01  kl 3.656e+01  v_contrastive 1.977e+00  contrastive 1.454e-01  v_t2m/len 1530  v_t2m/R01 19.73%  v_t2m/R02 25.42%  v_t2m/R03 32.29%  v_t2m/R05 40.13%  v_t2m/R10 51.83%  v_t2m/MedR 9.0%  v_m2t/len 1530  v_m2t/R01 21.23%  v_m2t/R02 23.65%  v_m2t/R03 31.62%  v_m2t/R05 38.81%  v_m2t/R10 49.08%  v_m2t/MedR 11.0%
[21/04/26 10:41:54][src.callback.progress][INFO] - Epoch 390 step 74900/192: loss 2.021e-01
[21/04/26 10:42:04][src.callback.progress][INFO] - Epoch 390 step 74950/192: loss 1.976e-01
[21/04/26 10:42:14][src.callback.progress][INFO] - Epoch 390 step 75000/192: loss 2.403e-01
[21/04/26 10:42:24][src.callback.progress][INFO] - Epoch 390 step 75050/192: loss 2.091e-01
[21/04/26 10:42:30][src.callback.progress][INFO] - Epoch 390: v_recons 3.395e-01  recons 1.993e-01  v_loss 5.373e-01  loss 2.139e-01  v_latent 1.194e+00  latent 6.889e-01  v_kl 8.035e+01  kl 3.652e+01  v_contrastive 1.971e+00  contrastive 1.423e-01  v_t2m/len 1530  v_t2m/R01 18.81%  v_t2m/R02 24.7%  v_t2m/R03 32.81%  v_t2m/R05 40.25%  v_t2m/R10 53.06%  v_t2m/MedR 9.0%  v_m2t/len 1530  v_m2t/R01 20.26%  v_m2t/R02 22.21%  v_m2t/R03 31.3%  v_m2t/R05 38.04%  v_m2t/R10 50.65%  v_m2t/MedR 10.0%
[21/04/26 10:42:41][src.callback.progress][INFO] - Epoch 391 step 75100/192: loss 1.984e-01
[21/04/26 10:42:52][src.callback.progress][INFO] - Epoch 391 step 75150/192: loss 2.108e-01
[21/04/26 10:43:02][src.callback.progress][INFO] - Epoch 391 step 75200/192: loss 2.318e-01
[21/04/26 10:43:13][src.callback.progress][INFO] - Epoch 391 step 75250/192: loss 2.326e-01
[21/04/26 10:43:17][src.callback.progress][INFO] - Epoch 391: v_recons 3.384e-01  recons 1.975e-01  v_loss 5.341e-01  loss 2.121e-01  v_latent 1.186e+00  latent 6.828e-01  v_kl 7.944e+01  kl 3.617e+01  v_contrastive 1.949e+00  contrastive 1.428e-01  v_t2m/len 1530  v_t2m/R01 19.67%  v_t2m/R02 25.75%  v_t2m/R03 33.59%  v_t2m/R05 39.27%  v_t2m/R10 51.7%  v_t2m/MedR 10.0%  v_m2t/len 1530  v_m2t/R01 21.56%  v_m2t/R02 24.37%  v_m2t/R03 31.18%  v_m2t/R05 39.34%  v_m2t/R10 50.91%  v_m2t/MedR 10.0%
[21/04/26 10:43:29][src.callback.progress][INFO] - Epoch 392 step 75300/192: loss 2.093e-01
[21/04/26 10:43:40][src.callback.progress][INFO] - Epoch 392 step 75350/192: loss 2.340e-01
[21/04/26 10:43:50][src.callback.progress][INFO] - Epoch 392 step 75400/192: loss 2.141e-01
[21/04/26 10:44:00][src.callback.progress][INFO] - Epoch 392 step 75450/192: loss 2.038e-01
[21/04/26 10:44:03][src.callback.progress][INFO] - Epoch 392: v_recons 3.403e-01  recons 1.976e-01  v_loss 5.377e-01  loss 2.118e-01  v_latent 1.195e+00  latent 6.788e-01  v_kl 8.003e+01  kl 3.581e+01  v_contrastive 1.966e+00  contrastive 1.384e-01  v_t2m/len 1530  v_t2m/R01 19.14%  v_t2m/R02 25.15%  v_t2m/R03 31.82%  v_t2m/R05 39.27%  v_t2m/R10 50.77%  v_t2m/MedR 10.0%  v_m2t/len 1530  v_m2t/R01 20.45%  v_m2t/R02 22.94%  v_m2t/R03 30.97%  v_m2t/R05 37.84%  v_m2t/R10 49.74%  v_m2t/MedR 11.0%
[21/04/26 10:44:17][src.callback.progress][INFO] - Epoch 393 step 75500/192: loss 2.169e-01
[21/04/26 10:44:27][src.callback.progress][INFO] - Epoch 393 step 75550/192: loss 2.108e-01
[21/04/26 10:44:37][src.callback.progress][INFO] - Epoch 393 step 75600/192: loss 2.233e-01
[21/04/26 10:44:49][src.callback.progress][INFO] - Epoch 393: v_recons 3.380e-01  recons 1.984e-01  v_loss 5.343e-01  loss 2.127e-01  v_latent 1.191e+00  latent 6.835e-01  v_kl 7.993e+01  kl 3.631e+01  v_contrastive 1.955e+00  contrastive 1.396e-01  v_t2m/len 1530  v_t2m/R01 18.76%  v_t2m/R02 24.25%  v_t2m/R03 32.68%  v_t2m/R05 38.81%  v_t2m/R10 51.43%  v_t2m/MedR 10.0%  v_m2t/len 1530  v_m2t/R01 20.59%  v_m2t/R02 23.06%  v_m2t/R03 30.64%  v_m2t/R05 37.84%  v_m2t/R10 50.77%  v_m2t/MedR 10.0%
[21/04/26 10:44:54][src.callback.progress][INFO] - Epoch 394 step 75650/192: loss 2.189e-01
[21/04/26 10:45:04][src.callback.progress][INFO] - Epoch 394 step 75700/192: loss 2.234e-01
[21/04/26 10:45:14][src.callback.progress][INFO] - Epoch 394 step 75750/192: loss 1.967e-01
[21/04/26 10:45:24][src.callback.progress][INFO] - Epoch 394 step 75800/192: loss 2.029e-01
[21/04/26 10:45:34][src.callback.progress][INFO] - Epoch 394: v_recons 3.383e-01  recons 1.981e-01  v_loss 5.348e-01  loss 2.126e-01  v_latent 1.197e+00  latent 6.846e-01  v_kl 8.084e+01  kl 3.636e+01  v_contrastive 1.957e+00  contrastive 1.417e-01  v_t2m/len 1530  v_t2m/R01 19.35%  v_t2m/R02 25.15%  v_t2m/R03 32.02%  v_t2m/R05 39.27%  v_t2m/R10 50.72%  v_t2m/MedR 10.0%  v_m2t/len 1530  v_m2t/R01 20.12%  v_m2t/R02 23.01%  v_m2t/R03 30.06%  v_m2t/R05 37.84%  v_m2t/R10 49.74%  v_m2t/MedR 11.0%
[21/04/26 10:45:42][src.callback.progress][INFO] - Epoch 395 step 75850/192: loss 2.177e-01
[21/04/26 10:45:52][src.callback.progress][INFO] - Epoch 395 step 75900/192: loss 2.064e-01
[21/04/26 10:46:02][src.callback.progress][INFO] - Epoch 395 step 75950/192: loss 2.042e-01
[21/04/26 10:46:12][src.callback.progress][INFO] - Epoch 395 step 76000/192: loss 1.982e-01
[21/04/26 10:46:21][src.callback.progress][INFO] - Epoch 395: v_recons 3.403e-01  recons 1.984e-01  v_loss 5.379e-01  loss 2.129e-01  v_latent 1.207e+00  latent 6.875e-01  v_kl 8.083e+01  kl 3.656e+01  v_contrastive 1.967e+00  contrastive 1.415e-01  v_t2m/len 1530  v_t2m/R01 19.07%  v_t2m/R02 24.3%  v_t2m/R03 31.95%  v_t2m/R05 40.33%  v_t2m/R10 52.02%  v_t2m/MedR 9.0%  v_m2t/len 1530  v_m2t/R01 20.12%  v_m2t/R02 22.61%  v_m2t/R03 32.22%  v_m2t/R05 39.08%  v_m2t/R10 49.74%  v_m2t/MedR 11.0%
[21/04/26 10:46:29][src.callback.progress][INFO] - Epoch 396 step 76050/192: loss 2.432e-01
[21/04/26 10:46:40][src.callback.progress][INFO] - Epoch 396 step 76100/192: loss 2.309e-01
[21/04/26 10:46:50][src.callback.progress][INFO] - Epoch 396 step 76150/192: loss 2.123e-01
[21/04/26 10:47:00][src.callback.progress][INFO] - Epoch 396 step 76200/192: loss 2.005e-01
[21/04/26 10:47:06][src.callback.progress][INFO] - Epoch 396: v_recons 3.399e-01  recons 1.981e-01  v_loss 5.381e-01  loss 2.125e-01  v_latent 1.196e+00  latent 6.875e-01  v_kl 7.979e+01  kl 3.647e+01  v_contrastive 1.974e+00  contrastive 1.405e-01  v_t2m/len 1530  v_t2m/R01 19.54%  v_t2m/R02 25.55%  v_t2m/R03 32.68%  v_t2m/R05 39.93%  v_t2m/R10 52.34%  v_t2m/MedR 9.0%  v_m2t/len 1530  v_m2t/R01 20.92%  v_m2t/R02 23.72%  v_m2t/R03 32.09%  v_m2t/R05 39.08%  v_m2t/R10 49.93%  v_m2t/MedR 11.0%
[21/04/26 10:47:17][src.callback.progress][INFO] - Epoch 397 step 76250/192: loss 1.965e-01
[21/04/26 10:47:27][src.callback.progress][INFO] - Epoch 397 step 76300/192: loss 1.973e-01
[21/04/26 10:47:37][src.callback.progress][INFO] - Epoch 397 step 76350/192: loss 2.394e-01
[21/04/26 10:47:47][src.callback.progress][INFO] - Epoch 397 step 76400/192: loss 2.205e-01
[21/04/26 10:47:52][src.callback.progress][INFO] - Epoch 397: v_recons 3.424e-01  recons 1.978e-01  v_loss 5.429e-01  loss 2.124e-01  v_latent 1.209e+00  latent 6.843e-01  v_kl 8.198e+01  kl 3.625e+01  v_contrastive 1.997e+00  contrastive 1.422e-01  v_t2m/len 1530  v_t2m/R01 18.62%  v_t2m/R02 24.12%  v_t2m/R03 31.62%  v_t2m/R05 39.61%  v_t2m/R10 50.0%  v_t2m/MedR 10.5%  v_m2t/len 1530  v_m2t/R01 19.67%  v_m2t/R02 22.54%  v_m2t/R03 29.79%  v_m2t/R05 37.7%  v_m2t/R10 50.06%  v_m2t/MedR 10.0%
[21/04/26 10:48:05][src.callback.progress][INFO] - Epoch 398 step 76450/192: loss 2.153e-01
[21/04/26 10:48:15][src.callback.progress][INFO] - Epoch 398 step 76500/192: loss 2.188e-01
[21/04/26 10:48:26][src.callback.progress][INFO] - Epoch 398 step 76550/192: loss 2.108e-01
[21/04/26 10:48:36][src.callback.progress][INFO] - Epoch 398 step 76600/192: loss 2.339e-01
[21/04/26 10:48:39][src.callback.progress][INFO] - Epoch 398: v_recons 3.426e-01  recons 1.973e-01  v_loss 5.398e-01  loss 2.116e-01  v_latent 1.198e+00  latent 6.830e-01  v_kl 8.028e+01  kl 3.611e+01  v_contrastive 1.964e+00  contrastive 1.388e-01  v_t2m/len 1530  v_t2m/R01 18.55%  v_t2m/R02 23.45%  v_t2m/R03 32.22%  v_t2m/R05 39.93%  v_t2m/R10 51.43%  v_t2m/MedR 10.0%  v_m2t/len 1530  v_m2t/R01 20.71%  v_m2t/R02 23.65%  v_m2t/R03 32.09%  v_m2t/R05 39.47%  v_m2t/R10 50.72%  v_m2t/MedR 10.0%
[21/04/26 10:48:53][src.callback.progress][INFO] - Epoch 399 step 76650/192: loss 2.130e-01
[21/04/26 10:49:04][src.callback.progress][INFO] - Epoch 399 step 76700/192: loss 1.980e-01
[21/04/26 10:49:14][src.callback.progress][INFO] - Epoch 399 step 76750/192: loss 2.445e-01
[21/04/26 10:49:24][src.callback.progress][INFO] - Epoch 399 step 76800/192: loss 2.158e-01
[21/04/26 10:49:26][src.callback.progress][INFO] - Epoch 399: v_recons 3.423e-01  recons 1.970e-01  v_loss 5.394e-01  loss 2.113e-01  v_latent 1.201e+00  latent 6.819e-01  v_kl 8.162e+01  kl 3.622e+01  v_contrastive 1.962e+00  contrastive 1.402e-01  v_t2m/len 1530  v_t2m/R01 20.06%  v_t2m/R02 24.7%  v_t2m/R03 33.72%  v_t2m/R05 40.45%  v_t2m/R10 50.45%  v_t2m/MedR 10.0%  v_m2t/len 1530  v_m2t/R01 20.52%  v_m2t/R02 23.79%  v_m2t/R03 32.34%  v_m2t/R05 39.54%  v_m2t/R10 50.59%  v_m2t/MedR 10.0%
[21/04/26 10:49:42][src.callback.progress][INFO] - Epoch 400 step 76850/192: loss 2.126e-01
[21/04/26 10:49:52][src.callback.progress][INFO] - Epoch 400 step 76900/192: loss 2.129e-01
[21/04/26 10:50:02][src.callback.progress][INFO] - Epoch 400 step 76950/192: loss 1.872e-01
[21/04/26 10:50:13][src.callback.progress][INFO] - Epoch 400: v_recons 3.437e-01  recons 1.975e-01  v_loss 5.408e-01  loss 2.120e-01  v_latent 1.199e+00  latent 6.864e-01  v_kl 8.173e+01  kl 3.666e+01  v_contrastive 1.963e+00  contrastive 1.411e-01  v_t2m/len 1530  v_t2m/R01 18.17%  v_t2m/R02 25.15%  v_t2m/R03 32.22%  v_t2m/R05 39.34%  v_t2m/R10 51.36%  v_t2m/MedR 10.0%  v_m2t/len 1530  v_m2t/R01 21.04%  v_m2t/R02 23.39%  v_m2t/R03 30.78%  v_m2t/R05 37.7%  v_m2t/R10 50.84%  v_m2t/MedR 10.0%
[21/04/26 10:50:19][src.callback.progress][INFO] - Epoch 401 step 77000/192: loss 2.069e-01
[21/04/26 10:50:30][src.callback.progress][INFO] - Epoch 401 step 77050/192: loss 2.120e-01
[21/04/26 10:50:40][src.callback.progress][INFO] - Epoch 401 step 77100/192: loss 1.790e-01
[21/04/26 10:50:50][src.callback.progress][INFO] - Epoch 401 step 77150/192: loss 1.962e-01
[21/04/26 10:50:59][src.callback.progress][INFO] - Epoch 401: v_recons 3.413e-01  recons 1.975e-01  v_loss 5.379e-01  loss 2.116e-01  v_latent 1.202e+00  latent 6.822e-01  v_kl 8.200e+01  kl 3.642e+01  v_contrastive 1.957e+00  contrastive 1.374e-01  v_t2m/len 1530  v_t2m/R01 19.21%  v_t2m/R02 24.51%  v_t2m/R03 31.56%  v_t2m/R05 38.75%  v_t2m/R10 51.31%  v_t2m/MedR 10.0%  v_m2t/len 1530  v_m2t/R01 20.92%  v_m2t/R02 23.27%  v_m2t/R03 31.5%  v_m2t/R05 38.56%  v_m2t/R10 50.33%  v_m2t/MedR 10.0%
[21/04/26 10:51:07][src.callback.progress][INFO] - Epoch 402 step 77200/192: loss 1.953e-01
[21/04/26 10:51:18][src.callback.progress][INFO] - Epoch 402 step 77250/192: loss 2.000e-01
[21/04/26 10:51:28][src.callback.progress][INFO] - Epoch 402 step 77300/192: loss 2.207e-01
[21/04/26 10:51:38][src.callback.progress][INFO] - Epoch 402 step 77350/192: loss 2.214e-01
[21/04/26 10:51:45][src.callback.progress][INFO] - Epoch 402: v_recons 3.420e-01  recons 1.972e-01  v_loss 5.396e-01  loss 2.115e-01  v_latent 1.201e+00  latent 6.828e-01  v_kl 8.139e+01  kl 3.655e+01  v_contrastive 1.967e+00  contrastive 1.394e-01  v_t2m/len 1530  v_t2m/R01 19.07%  v_t2m/R02 24.77%  v_t2m/R03 31.44%  v_t2m/R05 38.56%  v_t2m/R10 50.33%  v_t2m/MedR 10.0%  v_m2t/len 1530  v_m2t/R01 19.79%  v_m2t/R02 22.8%  v_m2t/R03 30.45%  v_m2t/R05 37.31%  v_m2t/R10 49.93%  v_m2t/MedR 11.0%
[21/04/26 10:51:55][src.callback.progress][INFO] - Epoch 403 step 77400/192: loss 1.908e-01
[21/04/26 10:52:05][src.callback.progress][INFO] - Epoch 403 step 77450/192: loss 2.062e-01
[21/04/26 10:52:16][src.callback.progress][INFO] - Epoch 403 step 77500/192: loss 2.106e-01
[21/04/26 10:52:26][src.callback.progress][INFO] - Epoch 403 step 77550/192: loss 2.325e-01
[21/04/26 10:52:31][src.callback.progress][INFO] - Epoch 403: v_recons 3.406e-01  recons 1.967e-01  v_loss 5.374e-01  loss 2.106e-01  v_latent 1.200e+00  latent 6.793e-01  v_kl 8.089e+01  kl 3.616e+01  v_contrastive 1.959e+00  contrastive 1.353e-01  v_t2m/len 1530  v_t2m/R01 20.12%  v_t2m/R02 25.69%  v_t2m/R03 33.33%  v_t2m/R05 40.38%  v_t2m/R10 49.66%  v_t2m/MedR 11.0%  v_m2t/len 1530  v_m2t/R01 20.2%  v_m2t/R02 22.75%  v_m2t/R03 31.18%  v_m2t/R05 39.08%  v_m2t/R10 51.11%  v_m2t/MedR 10.0%
[21/04/26 10:52:43][src.callback.progress][INFO] - Epoch 404 step 77600/192: loss 1.965e-01
[21/04/26 10:52:53][src.callback.progress][INFO] - Epoch 404 step 77650/192: loss 1.896e-01
[21/04/26 10:53:03][src.callback.progress][INFO] - Epoch 404 step 77700/192: loss 2.127e-01
[21/04/26 10:53:13][src.callback.progress][INFO] - Epoch 404 step 77750/192: loss 2.104e-01
[21/04/26 10:53:17][src.callback.progress][INFO] - Epoch 404: v_recons 3.408e-01  recons 1.972e-01  v_loss 5.377e-01  loss 2.115e-01  v_latent 1.200e+00  latent 6.837e-01  v_kl 8.052e+01  kl 3.635e+01  v_contrastive 1.960e+00  contrastive 1.400e-01  v_t2m/len 1530  v_t2m/R01 19.93%  v_t2m/R02 25.95%  v_t2m/R03 33.99%  v_t2m/R05 40.72%  v_t2m/R10 50.65%  v_t2m/MedR 10.0%  v_m2t/len 1530  v_m2t/R01 20.26%  v_m2t/R02 23.01%  v_m2t/R03 32.02%  v_m2t/R05 38.81%  v_m2t/R10 50.38%  v_m2t/MedR 10.0%
[21/04/26 10:53:31][src.callback.progress][INFO] - Epoch 405 step 77800/192: loss 2.316e-01
[21/04/26 10:53:41][src.callback.progress][INFO] - Epoch 405 step 77850/192: loss 2.075e-01
[21/04/26 10:53:51][src.callback.progress][INFO] - Epoch 405 step 77900/192: loss 2.240e-01
[21/04/26 10:54:01][src.callback.progress][INFO] - Epoch 405 step 77950/192: loss 2.126e-01
[21/04/26 10:54:03][src.callback.progress][INFO] - Epoch 405: v_recons 3.424e-01  recons 1.973e-01  v_loss 5.410e-01  loss 2.114e-01  v_latent 1.208e+00  latent 6.872e-01  v_kl 8.250e+01  kl 3.678e+01  v_contrastive 1.978e+00  contrastive 1.379e-01  v_t2m/len 1530  v_t2m/R01 20.38%  v_t2m/R02 26.07%  v_t2m/R03 34.18%  v_t2m/R05 41.11%  v_t2m/R10 51.36%  v_t2m/MedR 10.0%  v_m2t/len 1530  v_m2t/R01 20.26%  v_m2t/R02 22.75%  v_m2t/R03 31.3%  v_m2t/R05 39.15%  v_m2t/R10 50.13%  v_m2t/MedR 10.0%
[21/04/26 10:54:18][src.callback.progress][INFO] - Epoch 406 step 78000/192: loss 2.196e-01
[21/04/26 10:54:29][src.callback.progress][INFO] - Epoch 406 step 78050/192: loss 2.343e-01
[21/04/26 10:54:39][src.callback.progress][INFO] - Epoch 406 step 78100/192: loss 1.901e-01
[21/04/26 10:54:50][src.callback.progress][INFO] - Epoch 406: v_recons 3.377e-01  recons 1.972e-01  v_loss 5.355e-01  loss 2.113e-01  v_latent 1.210e+00  latent 6.862e-01  v_kl 8.212e+01  kl 3.688e+01  v_contrastive 1.970e+00  contrastive 1.382e-01  v_t2m/len 1530  v_t2m/R01 19.67%  v_t2m/R02 25.81%  v_t2m/R03 33.27%  v_t2m/R05 40.38%  v_t2m/R10 51.5%  v_t2m/MedR 9.0%  v_m2t/len 1530  v_m2t/R01 20.59%  v_m2t/R02 23.01%  v_m2t/R03 31.23%  v_m2t/R05 39.61%  v_m2t/R10 51.11%  v_m2t/MedR 10.0%
[21/04/26 10:54:56][src.callback.progress][INFO] - Epoch 407 step 78150/192: loss 2.026e-01
[21/04/26 10:55:06][src.callback.progress][INFO] - Epoch 407 step 78200/192: loss 2.104e-01
[21/04/26 10:55:16][src.callback.progress][INFO] - Epoch 407 step 78250/192: loss 2.171e-01
[21/04/26 10:55:27][src.callback.progress][INFO] - Epoch 407 step 78300/192: loss 2.007e-01
[21/04/26 10:55:36][src.callback.progress][INFO] - Epoch 407: v_recons 3.383e-01  recons 1.974e-01  v_loss 5.365e-01  loss 2.120e-01  v_latent 1.201e+00  latent 6.894e-01  v_kl 8.229e+01  kl 3.700e+01  v_contrastive 1.973e+00  contrastive 1.416e-01  v_t2m/len 1530  v_t2m/R01 19.67%  v_t2m/R02 25.87%  v_t2m/R03 33.59%  v_t2m/R05 42.09%  v_t2m/R10 52.34%  v_t2m/MedR 9.0%  v_m2t/len 1530  v_m2t/R01 20.06%  v_m2t/R02 23.39%  v_m2t/R03 31.89%  v_m2t/R05 38.29%  v_m2t/R10 51.11%  v_m2t/MedR 10.0%
[21/04/26 10:55:44][src.callback.progress][INFO] - Epoch 408 step 78350/192: loss 2.124e-01
[21/04/26 10:55:54][src.callback.progress][INFO] - Epoch 408 step 78400/192: loss 1.896e-01
[21/04/26 10:56:05][src.callback.progress][INFO] - Epoch 408 step 78450/192: loss 2.305e-01
[21/04/26 10:56:15][src.callback.progress][INFO] - Epoch 408 step 78500/192: loss 2.069e-01
[21/04/26 10:56:23][src.callback.progress][INFO] - Epoch 408: v_recons 3.399e-01  recons 1.966e-01  v_loss 5.346e-01  loss 2.106e-01  v_latent 1.200e+00  latent 6.827e-01  v_kl 8.094e+01  kl 3.662e+01  v_contrastive 1.938e+00  contrastive 1.355e-01  v_t2m/len 1530  v_t2m/R01 18.5%  v_t2m/R02 24.84%  v_t2m/R03 34.38%  v_t2m/R05 41.11%  v_t2m/R10 51.63%  v_t2m/MedR 10.0%  v_m2t/len 1530  v_m2t/R01 20.64%  v_m2t/R02 23.98%  v_m2t/R03 31.95%  v_m2t/R05 38.88%  v_m2t/R10 51.43%  v_m2t/MedR 9.0%
[21/04/26 10:56:33][src.callback.progress][INFO] - Epoch 409 step 78550/192: loss 1.828e-01
[21/04/26 10:56:43][src.callback.progress][INFO] - Epoch 409 step 78600/192: loss 2.106e-01
[21/04/26 10:56:53][src.callback.progress][INFO] - Epoch 409 step 78650/192: loss 2.173e-01
[21/04/26 10:57:03][src.callback.progress][INFO] - Epoch 409 step 78700/192: loss 2.312e-01
[21/04/26 10:57:09][src.callback.progress][INFO] - Epoch 409: v_recons 3.397e-01  recons 1.964e-01  v_loss 5.388e-01  loss 2.102e-01  v_latent 1.213e+00  latent 6.825e-01  v_kl 8.311e+01  kl 3.657e+01  v_contrastive 1.983e+00  contrastive 1.347e-01  v_t2m/len 1530  v_t2m/R01 18.43%  v_t2m/R02 24.84%  v_t2m/R03 32.93%  v_t2m/R05 39.86%  v_t2m/R10 51.36%  v_t2m/MedR 9.0%  v_m2t/len 1530  v_m2t/R01 20.45%  v_m2t/R02 22.94%  v_m2t/R03 31.44%  v_m2t/R05 38.56%  v_m2t/R10 50.97%  v_m2t/MedR 10.0%
[21/04/26 10:57:20][src.callback.progress][INFO] - Epoch 410 step 78750/192: loss 2.183e-01
[21/04/26 10:57:30][src.callback.progress][INFO] - Epoch 410 step 78800/192: loss 2.009e-01
[21/04/26 10:57:40][src.callback.progress][INFO] - Epoch 410 step 78850/192: loss 2.524e-01
[21/04/26 10:57:51][src.callback.progress][INFO] - Epoch 410 step 78900/192: loss 2.160e-01
[21/04/26 10:57:55][src.callback.progress][INFO] - Epoch 410: v_recons 3.406e-01  recons 1.964e-01  v_loss 5.372e-01  loss 2.102e-01  v_latent 1.206e+00  latent 6.819e-01  v_kl 8.215e+01  kl 3.658e+01  v_contrastive 1.958e+00  contrastive 1.339e-01  v_t2m/len 1530  v_t2m/R01 18.29%  v_t2m/R02 24.25%  v_t2m/R03 32.81%  v_t2m/R05 39.34%  v_t2m/R10 51.95%  v_t2m/MedR 9.0%  v_m2t/len 1530  v_m2t/R01 20.85%  v_m2t/R02 22.54%  v_m2t/R03 30.97%  v_m2t/R05 39.08%  v_m2t/R10 50.0%  v_m2t/MedR 10.5%
[21/04/26 10:58:08][src.callback.progress][INFO] - Epoch 411 step 78950/192: loss 2.125e-01
[21/04/26 10:58:18][src.callback.progress][INFO] - Epoch 411 step 79000/192: loss 2.103e-01
[21/04/26 10:58:28][src.callback.progress][INFO] - Epoch 411 step 79050/192: loss 2.088e-01
[21/04/26 10:58:38][src.callback.progress][INFO] - Epoch 411 step 79100/192: loss 2.153e-01
[21/04/26 10:58:41][src.callback.progress][INFO] - Epoch 411: v_recons 3.417e-01  recons 1.959e-01  v_loss 5.374e-01  loss 2.097e-01  v_latent 1.205e+00  latent 6.806e-01  v_kl 8.143e+01  kl 3.644e+01  v_contrastive 1.948e+00  contrastive 1.345e-01  v_t2m/len 1530  v_t2m/R01 18.69%  v_t2m/R02 23.92%  v_t2m/R03 32.88%  v_t2m/R05 41.11%  v_t2m/R10 52.41%  v_t2m/MedR 9.0%  v_m2t/len 1530  v_m2t/R01 19.61%  v_m2t/R02 22.21%  v_m2t/R03 30.85%  v_m2t/R05 38.63%  v_m2t/R10 50.65%  v_m2t/MedR 10.0%
[21/04/26 10:58:56][src.callback.progress][INFO] - Epoch 412 step 79150/192: loss 2.079e-01
[21/04/26 10:59:06][src.callback.progress][INFO] - Epoch 412 step 79200/192: loss 2.016e-01
[21/04/26 10:59:16][src.callback.progress][INFO] - Epoch 412 step 79250/192: loss 2.231e-01
[21/04/26 10:59:27][src.callback.progress][INFO] - Epoch 412: v_recons 3.412e-01  recons 1.951e-01  v_loss 5.376e-01  loss 2.086e-01  v_latent 1.214e+00  latent 6.799e-01  v_kl 8.168e+01  kl 3.627e+01  v_contrastive 1.956e+00  contrastive 1.307e-01  v_t2m/len 1530  v_t2m/R01 18.1%  v_t2m/R02 23.13%  v_t2m/R03 32.54%  v_t2m/R05 39.54%  v_t2m/R10 52.68%  v_t2m/MedR 9.0%  v_m2t/len 1530  v_m2t/R01 20.06%  v_m2t/R02 23.06%  v_m2t/R03 31.44%  v_m2t/R05 39.27%  v_m2t/R10 51.75%  v_m2t/MedR 9.5%
[21/04/26 10:59:33][src.callback.progress][INFO] - Epoch 413 step 79300/192: loss 2.018e-01
[21/04/26 10:59:44][src.callback.progress][INFO] - Epoch 413 step 79350/192: loss 1.870e-01
[21/04/26 10:59:54][src.callback.progress][INFO] - Epoch 413 step 79400/192: loss 2.233e-01
[21/04/26 11:00:04][src.callback.progress][INFO] - Epoch 413 step 79450/192: loss 2.063e-01
[21/04/26 11:00:14][src.callback.progress][INFO] - Epoch 413: v_recons 3.465e-01  recons 1.957e-01  v_loss 5.421e-01  loss 2.095e-01  v_latent 1.215e+00  latent 6.830e-01  v_kl 8.259e+01  kl 3.664e+01  v_contrastive 1.947e+00  contrastive 1.346e-01  v_t2m/len 1530  v_t2m/R01 18.88%  v_t2m/R02 24.12%  v_t2m/R03 32.22%  v_t2m/R05 40.65%  v_t2m/R10 51.95%  v_t2m/MedR 9.0%  v_m2t/len 1530  v_m2t/R01 18.62%  v_m2t/R02 22.68%  v_m2t/R03 31.56%  v_m2t/R05 38.88%  v_m2t/R10 51.11%  v_m2t/MedR 9.0%
[21/04/26 11:00:21][src.callback.progress][INFO] - Epoch 414 step 79500/192: loss 2.173e-01
[21/04/26 11:00:31][src.callback.progress][INFO] - Epoch 414 step 79550/192: loss 2.177e-01
[21/04/26 11:00:42][src.callback.progress][INFO] - Epoch 414 step 79600/192: loss 2.422e-01
[21/04/26 11:00:52][src.callback.progress][INFO] - Epoch 414 step 79650/192: loss 2.199e-01
[21/04/26 11:00:59][src.callback.progress][INFO] - Epoch 414: v_recons 3.418e-01  recons 1.976e-01  v_loss 5.369e-01  loss 2.120e-01  v_latent 1.208e+00  latent 6.942e-01  v_kl 8.243e+01  kl 3.762e+01  v_contrastive 1.942e+00  contrastive 1.404e-01  v_t2m/len 1530  v_t2m/R01 19.35%  v_t2m/R02 25.55%  v_t2m/R03 33.0%  v_t2m/R05 41.7%  v_t2m/R10 52.22%  v_t2m/MedR 9.0%  v_m2t/len 1530  v_m2t/R01 20.26%  v_m2t/R02 22.8%  v_m2t/R03 32.22%  v_m2t/R05 39.15%  v_m2t/R10 51.5%  v_m2t/MedR 9.0%
[21/04/26 11:01:09][src.callback.progress][INFO] - Epoch 415 step 79700/192: loss 2.034e-01
[21/04/26 11:01:19][src.callback.progress][INFO] - Epoch 415 step 79750/192: loss 1.962e-01
[21/04/26 11:01:30][src.callback.progress][INFO] - Epoch 415 step 79800/192: loss 2.187e-01
[21/04/26 11:01:40][src.callback.progress][INFO] - Epoch 415 step 79850/192: loss 2.541e-01
[21/04/26 11:01:46][src.callback.progress][INFO] - Epoch 415: v_recons 3.417e-01  recons 1.964e-01  v_loss 5.358e-01  loss 2.105e-01  v_latent 1.204e+00  latent 6.898e-01  v_kl 8.188e+01  kl 3.733e+01  v_contrastive 1.933e+00  contrastive 1.367e-01  v_t2m/len 1530  v_t2m/R01 18.43%  v_t2m/R02 25.15%  v_t2m/R03 32.75%  v_t2m/R05 40.72%  v_t2m/R10 52.75%  v_t2m/MedR 9.0%  v_m2t/len 1530  v_m2t/R01 20.32%  v_m2t/R02 23.45%  v_m2t/R03 31.04%  v_m2t/R05 38.75%  v_m2t/R10 50.13%  v_m2t/MedR 10.0%
[21/04/26 11:01:57][src.callback.progress][INFO] - Epoch 416 step 79900/192: loss 2.043e-01
[21/04/26 11:02:07][src.callback.progress][INFO] - Epoch 416 step 79950/192: loss 2.138e-01
[21/04/26 11:02:17][src.callback.progress][INFO] - Epoch 416 step 80000/192: loss 2.134e-01
[21/04/26 11:02:28][src.callback.progress][INFO] - Epoch 416 step 80050/192: loss 1.982e-01
[21/04/26 11:02:32][src.callback.progress][INFO] - Epoch 416: v_recons 3.417e-01  recons 1.964e-01  v_loss 5.387e-01  loss 2.104e-01  v_latent 1.209e+00  latent 6.852e-01  v_kl 8.255e+01  kl 3.707e+01  v_contrastive 1.962e+00  contrastive 1.361e-01  v_t2m/len 1530  v_t2m/R01 19.67%  v_t2m/R02 25.36%  v_t2m/R03 33.59%  v_t2m/R05 40.84%  v_t2m/R10 52.02%  v_t2m/MedR 9.0%  v_m2t/len 1530  v_m2t/R01 19.93%  v_m2t/R02 23.27%  v_m2t/R03 31.37%  v_m2t/R05 39.4%  v_m2t/R10 50.65%  v_m2t/MedR 10.0%
[21/04/26 11:02:45][src.callback.progress][INFO] - Epoch 417 step 80100/192: loss 2.302e-01
[21/04/26 11:02:55][src.callback.progress][INFO] - Epoch 417 step 80150/192: loss 2.082e-01
[21/04/26 11:03:05][src.callback.progress][INFO] - Epoch 417 step 80200/192: loss 2.156e-01
[21/04/26 11:03:15][src.callback.progress][INFO] - Epoch 417 step 80250/192: loss 2.340e-01
[21/04/26 11:03:18][src.callback.progress][INFO] - Epoch 417: v_recons 3.415e-01  recons 1.968e-01  v_loss 5.401e-01  loss 2.107e-01  v_latent 1.211e+00  latent 6.866e-01  v_kl 8.380e+01  kl 3.697e+01  v_contrastive 1.977e+00  contrastive 1.352e-01  v_t2m/len 1530  v_t2m/R01 18.88%  v_t2m/R02 24.96%  v_t2m/R03 32.81%  v_t2m/R05 40.45%  v_t2m/R10 51.04%  v_t2m/MedR 10.0%  v_m2t/len 1530  v_m2t/R01 20.32%  v_m2t/R02 23.86%  v_m2t/R03 31.89%  v_m2t/R05 39.08%  v_m2t/R10 50.84%  v_m2t/MedR 10.0%
[21/04/26 11:03:32][src.callback.progress][INFO] - Epoch 418 step 80300/192: loss 2.043e-01
[21/04/26 11:03:42][src.callback.progress][INFO] - Epoch 418 step 80350/192: loss 2.028e-01
[21/04/26 11:03:53][src.callback.progress][INFO] - Epoch 418 step 80400/192: loss 2.149e-01
[21/04/26 11:04:04][src.callback.progress][INFO] - Epoch 418: v_recons 3.438e-01  recons 1.960e-01  v_loss 5.378e-01  loss 2.100e-01  v_latent 1.210e+00  latent 6.848e-01  v_kl 8.361e+01  kl 3.698e+01  v_contrastive 1.931e+00  contrastive 1.364e-01  v_t2m/len 1530  v_t2m/R01 18.17%  v_t2m/R02 24.96%  v_t2m/R03 33.06%  v_t2m/R05 40.59%  v_t2m/R10 51.95%  v_t2m/MedR 9.0%  v_m2t/len 1530  v_m2t/R01 20.85%  v_m2t/R02 23.72%  v_m2t/R03 30.97%  v_m2t/R05 39.08%  v_m2t/R10 52.15%  v_m2t/MedR 9.0%
[21/04/26 11:04:10][src.callback.progress][INFO] - Epoch 419 step 80450/192: loss 2.020e-01
[21/04/26 11:04:20][src.callback.progress][INFO] - Epoch 419 step 80500/192: loss 2.127e-01
[21/04/26 11:04:30][src.callback.progress][INFO] - Epoch 419 step 80550/192: loss 2.106e-01
[21/04/26 11:04:40][src.callback.progress][INFO] - Epoch 419 step 80600/192: loss 2.377e-01
[21/04/26 11:04:51][src.callback.progress][INFO] - Epoch 419: v_recons 3.421e-01  recons 1.955e-01  v_loss 5.403e-01  loss 2.090e-01  v_latent 1.212e+00  latent 6.796e-01  v_kl 8.276e+01  kl 3.654e+01  v_contrastive 1.974e+00  contrastive 1.314e-01  v_t2m/len 1530  v_t2m/R01 19.4%  v_t2m/R02 24.89%  v_t2m/R03 32.75%  v_t2m/R05 40.77%  v_t2m/R10 52.15%  v_t2m/MedR 9.0%  v_m2t/len 1530  v_m2t/R01 20.2%  v_m2t/R02 23.01%  v_m2t/R03 32.02%  v_m2t/R05 39.27%  v_m2t/R10 50.25%  v_m2t/MedR 10.0%
[21/04/26 11:04:58][src.callback.progress][INFO] - Epoch 420 step 80650/192: loss 2.117e-01
[21/04/26 11:05:09][src.callback.progress][INFO] - Epoch 420 step 80700/192: loss 1.988e-01
[21/04/26 11:05:20][src.callback.progress][INFO] - Epoch 420 step 80750/192: loss 1.875e-01
[21/04/26 11:05:30][src.callback.progress][INFO] - Epoch 420 step 80800/192: loss 2.430e-01
[21/04/26 11:05:39][src.callback.progress][INFO] - Epoch 420: v_recons 3.416e-01  recons 1.951e-01  v_loss 5.406e-01  loss 2.088e-01  v_latent 1.217e+00  latent 6.796e-01  v_kl 8.314e+01  kl 3.650e+01  v_contrastive 1.981e+00  contrastive 1.334e-01  v_t2m/len 1530  v_t2m/R01 17.78%  v_t2m/R02 24.89%  v_t2m/R03 33.33%  v_t2m/R05 39.61%  v_t2m/R10 52.15%  v_t2m/MedR 9.0%  v_m2t/len 1530  v_m2t/R01 20.92%  v_m2t/R02 23.32%  v_m2t/R03 31.5%  v_m2t/R05 38.75%  v_m2t/R10 49.66%  v_m2t/MedR 11.0%
[21/04/26 11:05:48][src.callback.progress][INFO] - Epoch 421 step 80850/192: loss 2.381e-01
[21/04/26 11:05:58][src.callback.progress][INFO] - Epoch 421 step 80900/192: loss 2.248e-01
[21/04/26 11:06:08][src.callback.progress][INFO] - Epoch 421 step 80950/192: loss 2.162e-01
[21/04/26 11:06:18][src.callback.progress][INFO] - Epoch 421 step 81000/192: loss 2.076e-01
[21/04/26 11:06:25][src.callback.progress][INFO] - Epoch 421: v_recons 3.418e-01  recons 1.962e-01  v_loss 5.433e-01  loss 2.102e-01  v_latent 1.220e+00  latent 6.900e-01  v_kl 8.316e+01  kl 3.713e+01  v_contrastive 2.006e+00  contrastive 1.360e-01  v_t2m/len 1530  v_t2m/R01 18.95%  v_t2m/R02 24.84%  v_t2m/R03 31.5%  v_t2m/R05 40.2%  v_t2m/R10 50.0%  v_t2m/MedR 10.5%  v_m2t/len 1530  v_m2t/R01 18.95%  v_m2t/R02 22.68%  v_m2t/R03 31.18%  v_m2t/R05 37.77%  v_m2t/R10 49.4%  v_m2t/MedR 11.0%
[21/04/26 11:06:35][src.callback.progress][INFO] - Epoch 422 step 81050/192: loss 1.909e-01
[21/04/26 11:06:46][src.callback.progress][INFO] - Epoch 422 step 81100/192: loss 1.827e-01
[21/04/26 11:06:56][src.callback.progress][INFO] - Epoch 422 step 81150/192: loss 2.134e-01
[21/04/26 11:07:06][src.callback.progress][INFO] - Epoch 422 step 81200/192: loss 2.157e-01
[21/04/26 11:07:11][src.callback.progress][INFO] - Epoch 422: v_recons 3.422e-01  recons 1.959e-01  v_loss 5.399e-01  loss 2.099e-01  v_latent 1.214e+00  latent 6.865e-01  v_kl 8.293e+01  kl 3.716e+01  v_contrastive 1.968e+00  contrastive 1.362e-01  v_t2m/len 1530  v_t2m/R01 19.87%  v_t2m/R02 25.48%  v_t2m/R03 33.27%  v_t2m/R05 41.18%  v_t2m/R10 53.2%  v_t2m/MedR 9.0%  v_m2t/len 1530  v_m2t/R01 20.0%  v_m2t/R02 23.53%  v_m2t/R03 32.22%  v_m2t/R05 39.4%  v_m2t/R10 49.93%  v_m2t/MedR 11.0%
[21/04/26 11:07:23][src.callback.progress][INFO] - Epoch 423 step 81250/192: loss 1.823e-01
[21/04/26 11:07:33][src.callback.progress][INFO] - Epoch 423 step 81300/192: loss 1.974e-01
[21/04/26 11:07:44][src.callback.progress][INFO] - Epoch 423 step 81350/192: loss 2.028e-01
[21/04/26 11:07:54][src.callback.progress][INFO] - Epoch 423 step 81400/192: loss 2.016e-01
[21/04/26 11:07:57][src.callback.progress][INFO] - Epoch 423: v_recons 3.406e-01  recons 1.953e-01  v_loss 5.387e-01  loss 2.088e-01  v_latent 1.215e+00  latent 6.820e-01  v_kl 8.338e+01  kl 3.671e+01  v_contrastive 1.973e+00  contrastive 1.306e-01  v_t2m/len 1530  v_t2m/R01 19.21%  v_t2m/R02 25.55%  v_t2m/R03 33.91%  v_t2m/R05 39.93%  v_t2m/R10 51.18%  v_t2m/MedR 9.0%  v_m2t/len 1530  v_m2t/R01 19.4%  v_m2t/R02 22.54%  v_m2t/R03 33.4%  v_m2t/R05 39.61%  v_m2t/R10 50.33%  v_m2t/MedR 10.0%
[21/04/26 11:08:12][src.callback.progress][INFO] - Epoch 424 step 81450/192: loss 2.006e-01
[21/04/26 11:08:22][src.callback.progress][INFO] - Epoch 424 step 81500/192: loss 2.092e-01
[21/04/26 11:08:33][src.callback.progress][INFO] - Epoch 424 step 81550/192: loss 2.469e-01
[21/04/26 11:08:43][src.callback.progress][INFO] - Epoch 424 step 81600/192: loss 2.118e-01
[21/04/26 11:08:45][src.callback.progress][INFO] - Epoch 424: v_recons 3.424e-01  recons 1.950e-01  v_loss 5.425e-01  loss 2.087e-01  v_latent 1.219e+00  latent 6.836e-01  v_kl 8.459e+01  kl 3.717e+01  v_contrastive 1.992e+00  contrastive 1.325e-01  v_t2m/len 1530  v_t2m/R01 20.26%  v_t2m/R02 25.42%  v_t2m/R03 33.45%  v_t2m/R05 40.06%  v_t2m/R10 52.93%  v_t2m/MedR 9.0%  v_m2t/len 1530  v_m2t/R01 19.21%  v_m2t/R02 23.59%  v_m2t/R03 32.22%  v_m2t/R05 39.74%  v_m2t/R10 50.84%  v_m2t/MedR 10.0%
[21/04/26 11:09:01][src.callback.progress][INFO] - Epoch 425 step 81650/192: loss 1.978e-01
[21/04/26 11:09:12][src.callback.progress][INFO] - Epoch 425 step 81700/192: loss 2.062e-01
[21/04/26 11:09:22][src.callback.progress][INFO] - Epoch 425 step 81750/192: loss 2.223e-01
[21/04/26 11:09:33][src.callback.progress][INFO] - Epoch 425: v_recons 3.422e-01  recons 1.943e-01  v_loss 5.405e-01  loss 2.076e-01  v_latent 1.221e+00  latent 6.779e-01  v_kl 8.471e+01  kl 3.664e+01  v_contrastive 1.974e+00  contrastive 1.295e-01  v_t2m/len 1530  v_t2m/R01 19.21%  v_t2m/R02 23.92%  v_t2m/R03 32.34%  v_t2m/R05 39.66%  v_t2m/R10 51.04%  v_t2m/MedR 10.0%  v_m2t/len 1530  v_m2t/R01 19.67%  v_m2t/R02 22.61%  v_m2t/R03 32.15%  v_m2t/R05 39.34%  v_m2t/R10 50.0%  v_m2t/MedR 10.5%
[21/04/26 11:09:40][src.callback.progress][INFO] - Epoch 426 step 81800/192: loss 2.154e-01
[21/04/26 11:09:50][src.callback.progress][INFO] - Epoch 426 step 81850/192: loss 2.093e-01
[21/04/26 11:10:01][src.callback.progress][INFO] - Epoch 426 step 81900/192: loss 2.396e-01
[21/04/26 11:10:12][src.callback.progress][INFO] - Epoch 426 step 81950/192: loss 1.925e-01
[21/04/26 11:10:21][src.callback.progress][INFO] - Epoch 426: v_recons 3.434e-01  recons 1.940e-01  v_loss 5.441e-01  loss 2.074e-01  v_latent 1.224e+00  latent 6.796e-01  v_kl 8.374e+01  kl 3.668e+01  v_contrastive 1.998e+00  contrastive 1.299e-01  v_t2m/len 1530  v_t2m/R01 18.43%  v_t2m/R02 24.57%  v_t2m/R03 32.22%  v_t2m/R05 39.66%  v_t2m/R10 51.11%  v_t2m/MedR 9.0%  v_m2t/len 1530  v_m2t/R01 20.26%  v_m2t/R02 23.27%  v_m2t/R03 30.71%  v_m2t/R05 37.52%  v_m2t/R10 48.36%  v_m2t/MedR 11.0%
[21/04/26 11:10:29][src.callback.progress][INFO] - Epoch 427 step 82000/192: loss 2.086e-01
[21/04/26 11:10:40][src.callback.progress][INFO] - Epoch 427 step 82050/192: loss 1.896e-01
[21/04/26 11:10:50][src.callback.progress][INFO] - Epoch 427 step 82100/192: loss 2.123e-01
[21/04/26 11:11:01][src.callback.progress][INFO] - Epoch 427 step 82150/192: loss 1.964e-01
[21/04/26 11:11:08][src.callback.progress][INFO] - Epoch 427: v_recons 3.403e-01  recons 1.936e-01  v_loss 5.420e-01  loss 2.069e-01  v_latent 1.225e+00  latent 6.787e-01  v_kl 8.470e+01  kl 3.661e+01  v_contrastive 2.009e+00  contrastive 1.293e-01  v_t2m/len 1530  v_t2m/R01 18.23%  v_t2m/R02 24.96%  v_t2m/R03 33.65%  v_t2m/R05 40.2%  v_t2m/R10 51.24%  v_t2m/MedR 9.0%  v_m2t/len 1530  v_m2t/R01 20.06%  v_m2t/R02 22.8%  v_m2t/R03 30.78%  v_m2t/R05 38.29%  v_m2t/R10 49.08%  v_m2t/MedR 11.0%
[21/04/26 11:11:19][src.callback.progress][INFO] - Epoch 428 step 82200/192: loss 1.931e-01
[21/04/26 11:11:29][src.callback.progress][INFO] - Epoch 428 step 82250/192: loss 1.774e-01
[21/04/26 11:11:40][src.callback.progress][INFO] - Epoch 428 step 82300/192: loss 2.163e-01
[21/04/26 11:11:51][src.callback.progress][INFO] - Epoch 428 step 82350/192: loss 2.058e-01
[21/04/26 11:11:56][src.callback.progress][INFO] - Epoch 428: v_recons 3.372e-01  recons 1.946e-01  v_loss 5.340e-01  loss 2.079e-01  v_latent 1.217e+00  latent 6.811e-01  v_kl 8.364e+01  kl 3.702e+01  v_contrastive 1.960e+00  contrastive 1.293e-01  v_t2m/len 1530  v_t2m/R01 19.93%  v_t2m/R02 25.55%  v_t2m/R03 33.52%  v_t2m/R05 40.91%  v_t2m/R10 52.47%  v_t2m/MedR 9.0%  v_m2t/len 1530  v_m2t/R01 21.04%  v_m2t/R02 24.18%  v_m2t/R03 31.56%  v_m2t/R05 38.68%  v_m2t/R10 50.13%  v_m2t/MedR 10.0%
[21/04/26 11:12:08][src.callback.progress][INFO] - Epoch 429 step 82400/192: loss 2.153e-01
[21/04/26 11:12:19][src.callback.progress][INFO] - Epoch 429 step 82450/192: loss 2.292e-01
[21/04/26 11:12:29][src.callback.progress][INFO] - Epoch 429 step 82500/192: loss 2.034e-01
[21/04/26 11:12:40][src.callback.progress][INFO] - Epoch 429 step 82550/192: loss 2.079e-01
[21/04/26 11:12:43][src.callback.progress][INFO] - Epoch 429: v_recons 3.423e-01  recons 1.942e-01  v_loss 5.408e-01  loss 2.076e-01  v_latent 1.223e+00  latent 6.806e-01  v_kl 8.290e+01  kl 3.672e+01  v_contrastive 1.976e+00  contrastive 1.299e-01  v_t2m/len 1530  v_t2m/R01 17.84%  v_t2m/R02 24.3%  v_t2m/R03 32.22%  v_t2m/R05 38.88%  v_t2m/R10 50.06%  v_t2m/MedR 10.0%  v_m2t/len 1530  v_m2t/R01 21.18%  v_m2t/R02 23.86%  v_m2t/R03 30.78%  v_m2t/R05 38.24%  v_m2t/R10 49.61%  v_m2t/MedR 11.0%
[21/04/26 11:12:57][src.callback.progress][INFO] - Epoch 430 step 82600/192: loss 2.176e-01
[21/04/26 11:13:08][src.callback.progress][INFO] - Epoch 430 step 82650/192: loss 2.289e-01
[21/04/26 11:13:18][src.callback.progress][INFO] - Epoch 430 step 82700/192: loss 2.121e-01
[21/04/26 11:13:29][src.callback.progress][INFO] - Epoch 430 step 82750/192: loss 2.253e-01
[21/04/26 11:13:31][src.callback.progress][INFO] - Epoch 430: v_recons 3.401e-01  recons 1.941e-01  v_loss 5.375e-01  loss 2.074e-01  v_latent 1.226e+00  latent 6.797e-01  v_kl 8.434e+01  kl 3.667e+01  v_contrastive 1.965e+00  contrastive 1.295e-01  v_t2m/len 1530  v_t2m/R01 20.12%  v_t2m/R02 25.48%  v_t2m/R03 32.75%  v_t2m/R05 39.02%  v_t2m/R10 50.59%  v_t2m/MedR 10.0%  v_m2t/len 1530  v_m2t/R01 19.07%  v_m2t/R02 22.42%  v_m2t/R03 30.06%  v_m2t/R05 36.99%  v_m2t/R10 49.61%  v_m2t/MedR 11.0%
[21/04/26 11:13:46][src.callback.progress][INFO] - Epoch 431 step 82800/192: loss 2.316e-01
[21/04/26 11:13:57][src.callback.progress][INFO] - Epoch 431 step 82850/192: loss 1.977e-01
[21/04/26 11:14:07][src.callback.progress][INFO] - Epoch 431 step 82900/192: loss 2.002e-01
[21/04/26 11:14:18][src.callback.progress][INFO] - Epoch 431: v_recons 3.458e-01  recons 1.952e-01  v_loss 5.421e-01  loss 2.088e-01  v_latent 1.225e+00  latent 6.845e-01  v_kl 8.409e+01  kl 3.719e+01  v_contrastive 1.954e+00  contrastive 1.325e-01  v_t2m/len 1530  v_t2m/R01 19.02%  v_t2m/R02 25.15%  v_t2m/R03 32.09%  v_t2m/R05 38.24%  v_t2m/R10 51.36%  v_t2m/MedR 10.0%  v_m2t/len 1530  v_m2t/R01 20.45%  v_m2t/R02 23.45%  v_m2t/R03 31.89%  v_m2t/R05 38.95%  v_m2t/R10 49.27%  v_m2t/MedR 11.0%
[21/04/26 11:14:25][src.callback.progress][INFO] - Epoch 432 step 82950/192: loss 1.966e-01
[21/04/26 11:14:35][src.callback.progress][INFO] - Epoch 432 step 83000/192: loss 2.286e-01
[21/04/26 11:14:46][src.callback.progress][INFO] - Epoch 432 step 83050/192: loss 2.214e-01
[21/04/26 11:14:56][src.callback.progress][INFO] - Epoch 432 step 83100/192: loss 2.057e-01
[21/04/26 11:15:06][src.callback.progress][INFO] - Epoch 432: v_recons 3.429e-01  recons 1.950e-01  v_loss 5.404e-01  loss 2.086e-01  v_latent 1.221e+00  latent 6.874e-01  v_kl 8.370e+01  kl 3.737e+01  v_contrastive 1.967e+00  contrastive 1.330e-01  v_t2m/len 1530  v_t2m/R01 20.52%  v_t2m/R02 25.42%  v_t2m/R03 33.33%  v_t2m/R05 39.47%  v_t2m/R10 51.9%  v_t2m/MedR 10.0%  v_m2t/len 1530  v_m2t/R01 20.32%  v_m2t/R02 22.8%  v_m2t/R03 31.5%  v_m2t/R05 38.81%  v_m2t/R10 49.74%  v_m2t/MedR 11.0%
[21/04/26 11:15:14][src.callback.progress][INFO] - Epoch 433 step 83150/192: loss 2.023e-01
[21/04/26 11:15:25][src.callback.progress][INFO] - Epoch 433 step 83200/192: loss 2.075e-01
[21/04/26 11:15:35][src.callback.progress][INFO] - Epoch 433 step 83250/192: loss 1.912e-01
[21/04/26 11:15:46][src.callback.progress][INFO] - Epoch 433 step 83300/192: loss 1.987e-01
[21/04/26 11:15:53][src.callback.progress][INFO] - Epoch 433: v_recons 3.427e-01  recons 1.941e-01  v_loss 5.424e-01  loss 2.074e-01  v_latent 1.226e+00  latent 6.846e-01  v_kl 8.488e+01  kl 3.704e+01  v_contrastive 1.989e+00  contrastive 1.286e-01  v_t2m/len 1530  v_t2m/R01 18.04%  v_t2m/R02 23.86%  v_t2m/R03 31.95%  v_t2m/R05 39.15%  v_t2m/R10 50.0%  v_t2m/MedR 10.5%  v_m2t/len 1530  v_m2t/R01 21.3%  v_m2t/R02 23.65%  v_m2t/R03 31.82%  v_m2t/R05 38.36%  v_m2t/R10 49.79%  v_m2t/MedR 11.0%
[21/04/26 11:16:04][src.callback.progress][INFO] - Epoch 434 step 83350/192: loss 2.074e-01
[21/04/26 11:16:15][src.callback.progress][INFO] - Epoch 434 step 83400/192: loss 1.964e-01
[21/04/26 11:16:25][src.callback.progress][INFO] - Epoch 434 step 83450/192: loss 1.944e-01
[21/04/26 11:16:36][src.callback.progress][INFO] - Epoch 434 step 83500/192: loss 2.196e-01
[21/04/26 11:16:42][src.callback.progress][INFO] - Epoch 434: v_recons 3.436e-01  recons 1.940e-01  v_loss 5.451e-01  loss 2.074e-01  v_latent 1.228e+00  latent 6.832e-01  v_kl 8.478e+01  kl 3.719e+01  v_contrastive 2.007e+00  contrastive 1.303e-01  v_t2m/len 1530  v_t2m/R01 18.76%  v_t2m/R02 24.89%  v_t2m/R03 32.47%  v_t2m/R05 38.43%  v_t2m/R10 50.59%  v_t2m/MedR 10.0%  v_m2t/len 1530  v_m2t/R01 19.61%  v_m2t/R02 23.39%  v_m2t/R03 31.44%  v_m2t/R05 39.4%  v_m2t/R10 50.59%  v_m2t/MedR 10.0%
[21/04/26 11:16:53][src.callback.progress][INFO] - Epoch 435 step 83550/192: loss 2.019e-01
[21/04/26 11:17:04][src.callback.progress][INFO] - Epoch 435 step 83600/192: loss 2.215e-01
[21/04/26 11:17:14][src.callback.progress][INFO] - Epoch 435 step 83650/192: loss 2.063e-01
[21/04/26 11:17:24][src.callback.progress][INFO] - Epoch 435 step 83700/192: loss 2.254e-01
[21/04/26 11:17:29][src.callback.progress][INFO] - Epoch 435: v_recons 3.407e-01  recons 1.942e-01  v_loss 5.380e-01  loss 2.076e-01  v_latent 1.227e+00  latent 6.828e-01  v_kl 8.505e+01  kl 3.717e+01  v_contrastive 1.964e+00  contrastive 1.297e-01  v_t2m/len 1530  v_t2m/R01 19.35%  v_t2m/R02 25.87%  v_t2m/R03 32.41%  v_t2m/R05 40.45%  v_t2m/R10 50.38%  v_t2m/MedR 10.0%  v_m2t/len 1530  v_m2t/R01 21.18%  v_m2t/R02 24.12%  v_m2t/R03 32.68%  v_m2t/R05 39.93%  v_m2t/R10 50.45%  v_m2t/MedR 10.0%
[21/04/26 11:17:42][src.callback.progress][INFO] - Epoch 436 step 83750/192: loss 1.805e-01
[21/04/26 11:17:52][src.callback.progress][INFO] - Epoch 436 step 83800/192: loss 2.042e-01
[21/04/26 11:18:03][src.callback.progress][INFO] - Epoch 436 step 83850/192: loss 1.957e-01
[21/04/26 11:18:13][src.callback.progress][INFO] - Epoch 436 step 83900/192: loss 1.958e-01
[21/04/26 11:18:16][src.callback.progress][INFO] - Epoch 436: v_recons 3.421e-01  recons 1.934e-01  v_loss 5.411e-01  loss 2.066e-01  v_latent 1.234e+00  latent 6.789e-01  v_kl 8.586e+01  kl 3.685e+01  v_contrastive 1.981e+00  contrastive 1.289e-01  v_t2m/len 1530  v_t2m/R01 19.21%  v_t2m/R02 24.04%  v_t2m/R03 32.93%  v_t2m/R05 40.06%  v_t2m/R10 50.25%  v_t2m/MedR 10.0%  v_m2t/len 1530  v_m2t/R01 19.54%  v_m2t/R02 22.35%  v_m2t/R03 31.62%  v_m2t/R05 39.4%  v_m2t/R10 51.18%  v_m2t/MedR 10.0%
[21/04/26 11:18:31][src.callback.progress][INFO] - Epoch 437 step 83950/192: loss 2.082e-01
[21/04/26 11:18:41][src.callback.progress][INFO] - Epoch 437 step 84000/192: loss 2.173e-01
[21/04/26 11:18:52][src.callback.progress][INFO] - Epoch 437 step 84050/192: loss 2.127e-01
[21/04/26 11:19:03][src.callback.progress][INFO] - Epoch 437: v_recons 3.429e-01  recons 1.932e-01  v_loss 5.410e-01  loss 2.063e-01  v_latent 1.229e+00  latent 6.806e-01  v_kl 8.460e+01  kl 3.694e+01  v_contrastive 1.973e+00  contrastive 1.271e-01  v_t2m/len 1530  v_t2m/R01 21.11%  v_t2m/R02 25.55%  v_t2m/R03 33.65%  v_t2m/R05 41.31%  v_t2m/R10 50.97%  v_t2m/MedR 10.0%  v_m2t/len 1530  v_m2t/R01 20.97%  v_m2t/R02 24.18%  v_m2t/R03 31.95%  v_m2t/R05 39.54%  v_m2t/R10 50.91%  v_m2t/MedR 10.0%
[21/04/26 11:19:09][src.callback.progress][INFO] - Epoch 438 step 84100/192: loss 2.204e-01
[21/04/26 11:19:20][src.callback.progress][INFO] - Epoch 438 step 84150/192: loss 2.300e-01
[21/04/26 11:19:30][src.callback.progress][INFO] - Epoch 438 step 84200/192: loss 2.001e-01
[21/04/26 11:19:41][src.callback.progress][INFO] - Epoch 438 step 84250/192: loss 2.401e-01
[21/04/26 11:19:50][src.callback.progress][INFO] - Epoch 438: v_recons 3.420e-01  recons 1.934e-01  v_loss 5.414e-01  loss 2.068e-01  v_latent 1.227e+00  latent 6.824e-01  v_kl 8.489e+01  kl 3.711e+01  v_contrastive 1.985e+00  contrastive 1.301e-01  v_t2m/len 1530  v_t2m/R01 19.93%  v_t2m/R02 24.77%  v_t2m/R03 32.81%  v_t2m/R05 39.86%  v_t2m/R10 50.52%  v_t2m/MedR 10.0%  v_m2t/len 1530  v_m2t/R01 19.79%  v_m2t/R02 22.03%  v_m2t/R03 30.71%  v_m2t/R05 38.36%  v_m2t/R10 50.59%  v_m2t/MedR 10.0%
[21/04/26 11:19:58][src.callback.progress][INFO] - Epoch 439 step 84300/192: loss 2.014e-01
[21/04/26 11:20:09][src.callback.progress][INFO] - Epoch 439 step 84350/192: loss 1.921e-01
[21/04/26 11:20:19][src.callback.progress][INFO] - Epoch 439 step 84400/192: loss 2.013e-01
[21/04/26 11:20:30][src.callback.progress][INFO] - Epoch 439 step 84450/192: loss 2.222e-01
[21/04/26 11:20:37][src.callback.progress][INFO] - Epoch 439: v_recons 3.435e-01  recons 1.931e-01  v_loss 5.444e-01  loss 2.063e-01  v_latent 1.234e+00  latent 6.798e-01  v_kl 8.557e+01  kl 3.690e+01  v_contrastive 2.001e+00  contrastive 1.278e-01  v_t2m/len 1530  v_t2m/R01 18.95%  v_t2m/R02 24.77%  v_t2m/R03 32.81%  v_t2m/R05 40.06%  v_t2m/R10 50.33%  v_t2m/MedR 10.0%  v_m2t/len 1530  v_m2t/R01 21.04%  v_m2t/R02 23.06%  v_m2t/R03 31.44%  v_m2t/R05 38.29%  v_m2t/R10 50.06%  v_m2t/MedR 10.0%
[21/04/26 11:20:47][src.callback.progress][INFO] - Epoch 440 step 84500/192: loss 1.978e-01
[21/04/26 11:20:57][src.callback.progress][INFO] - Epoch 440 step 84550/192: loss 2.133e-01
[21/04/26 11:21:08][src.callback.progress][INFO] - Epoch 440 step 84600/192: loss 2.154e-01
[21/04/26 11:21:18][src.callback.progress][INFO] - Epoch 440 step 84650/192: loss 1.964e-01
[21/04/26 11:21:25][src.callback.progress][INFO] - Epoch 440: v_recons 3.440e-01  recons 1.934e-01  v_loss 5.427e-01  loss 2.068e-01  v_latent 1.230e+00  latent 6.840e-01  v_kl 8.506e+01  kl 3.721e+01  v_contrastive 1.978e+00  contrastive 1.297e-01  v_t2m/len 1530  v_t2m/R01 19.14%  v_t2m/R02 24.96%  v_t2m/R03 33.0%  v_t2m/R05 40.06%  v_t2m/R10 51.95%  v_t2m/MedR 9.0%  v_m2t/len 1530  v_m2t/R01 19.93%  v_m2t/R02 22.94%  v_m2t/R03 31.37%  v_m2t/R05 39.08%  v_m2t/R10 51.04%  v_m2t/MedR 9.0%
[21/04/26 11:21:36][src.callback.progress][INFO] - Epoch 441 step 84700/192: loss 2.161e-01
[21/04/26 11:21:47][src.callback.progress][INFO] - Epoch 441 step 84750/192: loss 2.239e-01
[21/04/26 11:21:57][src.callback.progress][INFO] - Epoch 441 step 84800/192: loss 1.975e-01
[21/04/26 11:22:08][src.callback.progress][INFO] - Epoch 441 step 84850/192: loss 1.984e-01
[21/04/26 11:22:12][src.callback.progress][INFO] - Epoch 441: v_recons 3.418e-01  recons 1.933e-01  v_loss 5.433e-01  loss 2.065e-01  v_latent 1.237e+00  latent 6.836e-01  v_kl 8.614e+01  kl 3.716e+01  v_contrastive 2.006e+00  contrastive 1.282e-01  v_t2m/len 1530  v_t2m/R01 18.55%  v_t2m/R02 24.84%  v_t2m/R03 32.09%  v_t2m/R05 40.84%  v_t2m/R10 51.31%  v_t2m/MedR 9.0%  v_m2t/len 1530  v_m2t/R01 19.79%  v_m2t/R02 22.68%  v_m2t/R03 31.23%  v_m2t/R05 38.95%  v_m2t/R10 49.66%  v_m2t/MedR 11.0%
[21/04/26 11:22:25][src.callback.progress][INFO] - Epoch 442 step 84900/192: loss 1.929e-01
[21/04/26 11:22:36][src.callback.progress][INFO] - Epoch 442 step 84950/192: loss 2.084e-01
[21/04/26 11:22:46][src.callback.progress][INFO] - Epoch 442 step 85000/192: loss 2.094e-01
[21/04/26 11:22:56][src.callback.progress][INFO] - Epoch 442 step 85050/192: loss 2.096e-01
[21/04/26 11:22:59][src.callback.progress][INFO] - Epoch 442: v_recons 3.437e-01  recons 1.935e-01  v_loss 5.434e-01  loss 2.066e-01  v_latent 1.233e+00  latent 6.826e-01  v_kl 8.517e+01  kl 3.735e+01  v_contrastive 1.988e+00  contrastive 1.270e-01  v_t2m/len 1530  v_t2m/R01 19.67%  v_t2m/R02 24.7%  v_t2m/R03 33.45%  v_t2m/R05 40.33%  v_t2m/R10 50.52%  v_t2m/MedR 10.0%  v_m2t/len 1530  v_m2t/R01 20.26%  v_m2t/R02 22.68%  v_m2t/R03 31.5%  v_m2t/R05 38.75%  v_m2t/R10 50.72%  v_m2t/MedR 10.0%
[21/04/26 11:23:14][src.callback.progress][INFO] - Epoch 443 step 85100/192: loss 2.085e-01
[21/04/26 11:23:24][src.callback.progress][INFO] - Epoch 443 step 85150/192: loss 1.893e-01
[21/04/26 11:23:35][src.callback.progress][INFO] - Epoch 443 step 85200/192: loss 1.922e-01
[21/04/26 11:23:46][src.callback.progress][INFO] - Epoch 443: v_recons 3.416e-01  recons 1.929e-01  v_loss 5.415e-01  loss 2.058e-01  v_latent 1.228e+00  latent 6.780e-01  v_kl 8.450e+01  kl 3.694e+01  v_contrastive 1.990e+00  contrastive 1.254e-01  v_t2m/len 1530  v_t2m/R01 19.54%  v_t2m/R02 25.36%  v_t2m/R03 33.59%  v_t2m/R05 40.52%  v_t2m/R10 50.52%  v_t2m/MedR 10.0%  v_m2t/len 1530  v_m2t/R01 21.04%  v_m2t/R02 23.59%  v_m2t/R03 32.34%  v_m2t/R05 39.86%  v_m2t/R10 50.25%  v_m2t/MedR 10.0%
[21/04/26 11:23:52][src.callback.progress][INFO] - Epoch 444 step 85250/192: loss 1.982e-01
[21/04/26 11:24:02][src.callback.progress][INFO] - Epoch 444 step 85300/192: loss 2.543e-01
[21/04/26 11:24:13][src.callback.progress][INFO] - Epoch 444 step 85350/192: loss 2.094e-01
[21/04/26 11:24:23][src.callback.progress][INFO] - Epoch 444 step 85400/192: loss 2.145e-01
[21/04/26 11:24:34][src.callback.progress][INFO] - Epoch 444: v_recons 3.429e-01  recons 1.923e-01  v_loss 5.459e-01  loss 2.052e-01  v_latent 1.243e+00  latent 6.785e-01  v_kl 8.589e+01  kl 3.690e+01  v_contrastive 2.022e+00  contrastive 1.252e-01  v_t2m/len 1530  v_t2m/R01 19.73%  v_t2m/R02 25.22%  v_t2m/R03 33.79%  v_t2m/R05 39.54%  v_t2m/R10 49.66%  v_t2m/MedR 11.0%  v_m2t/len 1530  v_m2t/R01 20.0%  v_m2t/R02 22.35%  v_m2t/R03 30.64%  v_m2t/R05 39.61%  v_m2t/R10 49.79%  v_m2t/MedR 11.0%
[21/04/26 11:24:41][src.callback.progress][INFO] - Epoch 445 step 85450/192: loss 1.923e-01
[21/04/26 11:24:51][src.callback.progress][INFO] - Epoch 445 step 85500/192: loss 1.961e-01
[21/04/26 11:25:02][src.callback.progress][INFO] - Epoch 445 step 85550/192: loss 2.083e-01
[21/04/26 11:25:12][src.callback.progress][INFO] - Epoch 445 step 85600/192: loss 2.305e-01
[21/04/26 11:25:20][src.callback.progress][INFO] - Epoch 445: v_recons 3.428e-01  recons 1.934e-01  v_loss 5.433e-01  loss 2.064e-01  v_latent 1.231e+00  latent 6.808e-01  v_kl 8.459e+01  kl 3.703e+01  v_contrastive 1.996e+00  contrastive 1.262e-01  v_t2m/len 1530  v_t2m/R01 18.55%  v_t2m/R02 23.65%  v_t2m/R03 32.29%  v_t2m/R05 39.27%  v_t2m/R10 51.11%  v_t2m/MedR 10.0%  v_m2t/len 1530  v_m2t/R01 21.82%  v_m2t/R02 24.51%  v_m2t/R03 32.68%  v_m2t/R05 39.34%  v_m2t/R10 50.06%  v_m2t/MedR 10.0%
[21/04/26 11:25:29][src.callback.progress][INFO] - Epoch 446 step 85650/192: loss 2.060e-01
[21/04/26 11:25:40][src.callback.progress][INFO] - Epoch 446 step 85700/192: loss 1.893e-01
[21/04/26 11:25:50][src.callback.progress][INFO] - Epoch 446 step 85750/192: loss 1.797e-01
[21/04/26 11:26:01][src.callback.progress][INFO] - Epoch 446 step 85800/192: loss 1.973e-01
[21/04/26 11:26:07][src.callback.progress][INFO] - Epoch 446: v_recons 3.429e-01  recons 1.934e-01  v_loss 5.406e-01  loss 2.063e-01  v_latent 1.232e+00  latent 6.795e-01  v_kl 8.538e+01  kl 3.688e+01  v_contrastive 1.968e+00  contrastive 1.257e-01  v_t2m/len 1530  v_t2m/R01 17.64%  v_t2m/R02 23.45%  v_t2m/R03 32.22%  v_t2m/R05 39.61%  v_t2m/R10 51.18%  v_t2m/MedR 10.0%  v_m2t/len 1530  v_m2t/R01 20.26%  v_m2t/R02 23.01%  v_m2t/R03 31.3%  v_m2t/R05 39.02%  v_m2t/R10 48.75%  v_m2t/MedR 11.0%
[21/04/26 11:26:18][src.callback.progress][INFO] - Epoch 447 step 85850/192: loss 2.049e-01
[21/04/26 11:26:29][src.callback.progress][INFO] - Epoch 447 step 85900/192: loss 2.127e-01
[21/04/26 11:26:39][src.callback.progress][INFO] - Epoch 447 step 85950/192: loss 2.274e-01
[21/04/26 11:26:50][src.callback.progress][INFO] - Epoch 447 step 86000/192: loss 2.067e-01
[21/04/26 11:26:55][src.callback.progress][INFO] - Epoch 447: v_recons 3.432e-01  recons 1.930e-01  v_loss 5.441e-01  loss 2.063e-01  v_latent 1.240e+00  latent 6.870e-01  v_kl 8.575e+01  kl 3.757e+01  v_contrastive 2.000e+00  contrastive 1.284e-01  v_t2m/len 1530  v_t2m/R01 17.84%  v_t2m/R02 23.27%  v_t2m/R03 32.41%  v_t2m/R05 38.75%  v_t2m/R10 50.33%  v_t2m/MedR 10.0%  v_m2t/len 1530  v_m2t/R01 21.04%  v_m2t/R02 23.32%  v_m2t/R03 31.3%  v_m2t/R05 37.65%  v_m2t/R10 49.54%  v_m2t/MedR 11.0%
[21/04/26 11:27:08][src.callback.progress][INFO] - Epoch 448 step 86050/192: loss 2.035e-01
[21/04/26 11:27:18][src.callback.progress][INFO] - Epoch 448 step 86100/192: loss 2.280e-01
[21/04/26 11:27:28][src.callback.progress][INFO] - Epoch 448 step 86150/192: loss 2.257e-01
[21/04/26 11:27:39][src.callback.progress][INFO] - Epoch 448 step 86200/192: loss 2.087e-01
[21/04/26 11:27:42][src.callback.progress][INFO] - Epoch 448: v_recons 3.452e-01  recons 1.925e-01  v_loss 5.442e-01  loss 2.056e-01  v_latent 1.236e+00  latent 6.815e-01  v_kl 8.604e+01  kl 3.710e+01  v_contrastive 1.980e+00  contrastive 1.269e-01  v_t2m/len 1530  v_t2m/R01 18.69%  v_t2m/R02 24.63%  v_t2m/R03 32.22%  v_t2m/R05 40.38%  v_t2m/R10 50.52%  v_t2m/MedR 10.0%  v_m2t/len 1530  v_m2t/R01 20.92%  v_m2t/R02 23.59%  v_m2t/R03 32.22%  v_m2t/R05 38.95%  v_m2t/R10 50.38%  v_m2t/MedR 10.0%
[21/04/26 11:27:56][src.callback.progress][INFO] - Epoch 449 step 86250/192: loss 2.159e-01
[21/04/26 11:28:07][src.callback.progress][INFO] - Epoch 449 step 86300/192: loss 2.131e-01
[21/04/26 11:28:17][src.callback.progress][INFO] - Epoch 449 step 86350/192: loss 1.898e-01
[21/04/26 11:28:28][src.callback.progress][INFO] - Epoch 449 step 86400/192: loss 2.271e-01
[21/04/26 11:28:30][src.callback.progress][INFO] - Epoch 449: v_recons 3.436e-01  recons 1.927e-01  v_loss 5.452e-01  loss 2.057e-01  v_latent 1.241e+00  latent 6.808e-01  v_kl 8.614e+01  kl 3.717e+01  v_contrastive 2.007e+00  contrastive 1.264e-01  v_t2m/len 1530  v_t2m/R01 19.28%  v_t2m/R02 25.81%  v_t2m/R03 34.04%  v_t2m/R05 41.18%  v_t2m/R10 50.59%  v_t2m/MedR 10.0%  v_m2t/len 1530  v_m2t/R01 20.64%  v_m2t/R02 22.87%  v_m2t/R03 31.23%  v_m2t/R05 38.04%  v_m2t/R10 49.66%  v_m2t/MedR 11.0%
[21/04/26 11:28:46][src.callback.progress][INFO] - Epoch 450 step 86450/192: loss 2.031e-01
[21/04/26 11:28:56][src.callback.progress][INFO] - Epoch 450 step 86500/192: loss 2.270e-01
[21/04/26 11:29:07][src.callback.progress][INFO] - Epoch 450 step 86550/192: loss 2.188e-01
[21/04/26 11:29:17][src.callback.progress][INFO] - Epoch 450: v_recons 3.445e-01  recons 1.933e-01  v_loss 5.434e-01  loss 2.063e-01  v_latent 1.234e+00  latent 6.825e-01  v_kl 8.526e+01  kl 3.718e+01  v_contrastive 1.980e+00  contrastive 1.258e-01  v_t2m/len 1530  v_t2m/R01 17.96%  v_t2m/R02 23.79%  v_t2m/R03 32.47%  v_t2m/R05 40.2%  v_t2m/R10 51.5%  v_t2m/MedR 9.5%  v_m2t/len 1530  v_m2t/R01 20.64%  v_m2t/R02 23.32%  v_m2t/R03 31.82%  v_m2t/R05 39.74%  v_m2t/R10 49.86%  v_m2t/MedR 11.0%
[21/04/26 11:29:25][src.callback.progress][INFO] - Epoch 451 step 86600/192: loss 1.913e-01
[21/04/26 11:29:35][src.callback.progress][INFO] - Epoch 451 step 86650/192: loss 2.155e-01
[21/04/26 11:29:46][src.callback.progress][INFO] - Epoch 451 step 86700/192: loss 1.917e-01
[21/04/26 11:29:56][src.callback.progress][INFO] - Epoch 451 step 86750/192: loss 1.900e-01
[21/04/26 11:30:05][src.callback.progress][INFO] - Epoch 451: v_recons 3.447e-01  recons 1.926e-01  v_loss 5.463e-01  loss 2.056e-01  v_latent 1.234e+00  latent 6.827e-01  v_kl 8.621e+01  kl 3.717e+01  v_contrastive 2.008e+00  contrastive 1.260e-01  v_t2m/len 1530  v_t2m/R01 20.45%  v_t2m/R02 26.4%  v_t2m/R03 33.45%  v_t2m/R05 39.66%  v_t2m/R10 49.54%  v_t2m/MedR 11.0%  v_m2t/len 1530  v_m2t/R01 20.26%  v_m2t/R02 22.8%  v_m2t/R03 32.68%  v_m2t/R05 39.34%  v_m2t/R10 49.93%  v_m2t/MedR 11.0%
[21/04/26 11:30:14][src.callback.progress][INFO] - Epoch 452 step 86800/192: loss 2.051e-01
[21/04/26 11:30:24][src.callback.progress][INFO] - Epoch 452 step 86850/192: loss 2.137e-01
[21/04/26 11:30:35][src.callback.progress][INFO] - Epoch 452 step 86900/192: loss 1.931e-01
[21/04/26 11:30:45][src.callback.progress][INFO] - Epoch 452 step 86950/192: loss 2.092e-01
[21/04/26 11:30:52][src.callback.progress][INFO] - Epoch 452: v_recons 3.441e-01  recons 1.921e-01  v_loss 5.428e-01  loss 2.050e-01  v_latent 1.236e+00  latent 6.811e-01  v_kl 8.621e+01  kl 3.724e+01  v_contrastive 1.978e+00  contrastive 1.245e-01  v_t2m/len 1530  v_t2m/R01 18.5%  v_t2m/R02 24.51%  v_t2m/R03 32.47%  v_t2m/R05 40.33%  v_t2m/R10 50.91%  v_t2m/MedR 10.0%  v_m2t/len 1530  v_m2t/R01 21.37%  v_m2t/R02 23.86%  v_m2t/R03 32.34%  v_m2t/R05 39.54%  v_m2t/R10 50.59%  v_m2t/MedR 10.0%
[21/04/26 11:31:03][src.callback.progress][INFO] - Epoch 453 step 87000/192: loss 1.817e-01
[21/04/26 11:31:14][src.callback.progress][INFO] - Epoch 453 step 87050/192: loss 1.810e-01
[21/04/26 11:31:24][src.callback.progress][INFO] - Epoch 453 step 87100/192: loss 2.037e-01
[21/04/26 11:31:35][src.callback.progress][INFO] - Epoch 453 step 87150/192: loss 2.104e-01
[21/04/26 11:31:40][src.callback.progress][INFO] - Epoch 453: v_recons 3.453e-01  recons 1.922e-01  v_loss 5.452e-01  loss 2.050e-01  v_latent 1.234e+00  latent 6.763e-01  v_kl 8.564e+01  kl 3.689e+01  v_contrastive 1.990e+00  contrastive 1.243e-01  v_t2m/len 1530  v_t2m/R01 18.81%  v_t2m/R02 24.37%  v_t2m/R03 32.47%  v_t2m/R05 40.38%  v_t2m/R10 51.04%  v_t2m/MedR 9.0%  v_m2t/len 1530  v_m2t/R01 20.52%  v_m2t/R02 22.94%  v_m2t/R03 31.82%  v_m2t/R05 39.27%  v_m2t/R10 49.79%  v_m2t/MedR 11.0%
[21/04/26 11:31:52][src.callback.progress][INFO] - Epoch 454 step 87200/192: loss 1.879e-01
[21/04/26 11:32:03][src.callback.progress][INFO] - Epoch 454 step 87250/192: loss 2.027e-01
[21/04/26 11:32:13][src.callback.progress][INFO] - Epoch 454 step 87300/192: loss 2.136e-01
[21/04/26 11:32:24][src.callback.progress][INFO] - Epoch 454 step 87350/192: loss 2.069e-01
[21/04/26 11:32:27][src.callback.progress][INFO] - Epoch 454: v_recons 3.446e-01  recons 1.925e-01  v_loss 5.440e-01  loss 2.055e-01  v_latent 1.242e+00  latent 6.797e-01  v_kl 8.709e+01  kl 3.721e+01  v_contrastive 1.985e+00  contrastive 1.256e-01  v_t2m/len 1530  v_t2m/R01 18.23%  v_t2m/R02 24.37%  v_t2m/R03 32.68%  v_t2m/R05 40.33%  v_t2m/R10 51.56%  v_t2m/MedR 10.0%  v_m2t/len 1530  v_m2t/R01 20.92%  v_m2t/R02 23.53%  v_m2t/R03 31.18%  v_m2t/R05 38.5%  v_m2t/R10 49.4%  v_m2t/MedR 11.0%
[21/04/26 11:32:41][src.callback.progress][INFO] - Epoch 455 step 87400/192: loss 2.140e-01
[21/04/26 11:32:52][src.callback.progress][INFO] - Epoch 455 step 87450/192: loss 1.823e-01
[21/04/26 11:33:02][src.callback.progress][INFO] - Epoch 455 step 87500/192: loss 1.835e-01
[21/04/26 11:33:13][src.callback.progress][INFO] - Epoch 455 step 87550/192: loss 1.792e-01
[21/04/26 11:33:15][src.callback.progress][INFO] - Epoch 455: v_recons 3.446e-01  recons 1.919e-01  v_loss 5.447e-01  loss 2.048e-01  v_latent 1.240e+00  latent 6.805e-01  v_kl 8.665e+01  kl 3.741e+01  v_contrastive 1.992e+00  contrastive 1.252e-01  v_t2m/len 1530  v_t2m/R01 19.87%  v_t2m/R02 24.63%  v_t2m/R03 32.34%  v_t2m/R05 38.16%  v_t2m/R10 50.59%  v_t2m/MedR 10.0%  v_m2t/len 1530  v_m2t/R01 21.37%  v_m2t/R02 24.12%  v_m2t/R03 31.82%  v_m2t/R05 39.08%  v_m2t/R10 50.33%  v_m2t/MedR 10.0%
[21/04/26 11:33:30][src.callback.progress][INFO] - Epoch 456 step 87600/192: loss 2.059e-01
[21/04/26 11:33:41][src.callback.progress][INFO] - Epoch 456 step 87650/192: loss 2.103e-01
[21/04/26 11:33:51][src.callback.progress][INFO] - Epoch 456 step 87700/192: loss 2.210e-01
[21/04/26 11:34:02][src.callback.progress][INFO] - Epoch 456: v_recons 3.420e-01  recons 1.913e-01  v_loss 5.382e-01  loss 2.038e-01  v_latent 1.236e+00  latent 6.756e-01  v_kl 8.664e+01  kl 3.719e+01  v_contrastive 1.953e+00  contrastive 1.212e-01  v_t2m/len 1530  v_t2m/R01 19.4%  v_t2m/R02 24.51%  v_t2m/R03 33.06%  v_t2m/R05 40.72%  v_t2m/R10 51.36%  v_t2m/MedR 10.0%  v_m2t/len 1530  v_m2t/R01 22.09%  v_m2t/R02 25.1%  v_m2t/R03 32.47%  v_m2t/R05 38.88%  v_m2t/R10 50.59%  v_m2t/MedR 10.0%
[21/04/26 11:34:08][src.callback.progress][INFO] - Epoch 457 step 87750/192: loss 1.766e-01
[21/04/26 11:34:19][src.callback.progress][INFO] - Epoch 457 step 87800/192: loss 1.935e-01
[21/04/26 11:34:29][src.callback.progress][INFO] - Epoch 457 step 87850/192: loss 1.879e-01
[21/04/26 11:34:40][src.callback.progress][INFO] - Epoch 457 step 87900/192: loss 1.979e-01
[21/04/26 11:34:49][src.callback.progress][INFO] - Epoch 457: v_recons 3.425e-01  recons 1.913e-01  v_loss 5.432e-01  loss 2.038e-01  v_latent 1.244e+00  latent 6.746e-01  v_kl 8.684e+01  kl 3.693e+01  v_contrastive 1.998e+00  contrastive 1.213e-01  v_t2m/len 1530  v_t2m/R01 19.54%  v_t2m/R02 25.55%  v_t2m/R03 33.59%  v_t2m/R05 40.72%  v_t2m/R10 50.45%  v_t2m/MedR 10.0%  v_m2t/len 1530  v_m2t/R01 22.8%  v_m2t/R02 25.15%  v_m2t/R03 32.54%  v_m2t/R05 39.66%  v_m2t/R10 50.0%  v_m2t/MedR 10.5%
[21/04/26 11:34:58][src.callback.progress][INFO] - Epoch 458 step 87950/192: loss 2.097e-01
[21/04/26 11:35:08][src.callback.progress][INFO] - Epoch 458 step 88000/192: loss 1.697e-01
[21/04/26 11:35:19][src.callback.progress][INFO] - Epoch 458 step 88050/192: loss 1.996e-01
[21/04/26 11:35:29][src.callback.progress][INFO] - Epoch 458 step 88100/192: loss 1.877e-01
[21/04/26 11:35:37][src.callback.progress][INFO] - Epoch 458: v_recons 3.441e-01  recons 1.914e-01  v_loss 5.447e-01  loss 2.039e-01  v_latent 1.242e+00  latent 6.787e-01  v_kl 8.723e+01  kl 3.746e+01  v_contrastive 1.998e+00  contrastive 1.218e-01  v_t2m/len 1530  v_t2m/R01 18.62%  v_t2m/R02 23.92%  v_t2m/R03 31.95%  v_t2m/R05 38.95%  v_t2m/R10 51.04%  v_t2m/MedR 9.0%  v_m2t/len 1530  v_m2t/R01 21.3%  v_m2t/R02 23.98%  v_m2t/R03 31.37%  v_m2t/R05 38.43%  v_m2t/R10 50.33%  v_m2t/MedR 10.0%
[21/04/26 11:35:47][src.callback.progress][INFO] - Epoch 459 step 88150/192: loss 1.845e-01
[21/04/26 11:35:57][src.callback.progress][INFO] - Epoch 459 step 88200/192: loss 1.887e-01
[21/04/26 11:36:08][src.callback.progress][INFO] - Epoch 459 step 88250/192: loss 2.016e-01
[21/04/26 11:36:18][src.callback.progress][INFO] - Epoch 459 step 88300/192: loss 2.260e-01
[21/04/26 11:36:24][src.callback.progress][INFO] - Epoch 459: v_recons 3.423e-01  recons 1.909e-01  v_loss 5.428e-01  loss 2.034e-01  v_latent 1.247e+00  latent 6.772e-01  v_kl 8.762e+01  kl 3.714e+01  v_contrastive 1.996e+00  contrastive 1.219e-01  v_t2m/len 1530  v_t2m/R01 18.81%  v_t2m/R02 23.65%  v_t2m/R03 31.37%  v_t2m/R05 38.81%  v_t2m/R10 51.63%  v_t2m/MedR 10.0%  v_m2t/len 1530  v_m2t/R01 22.03%  v_m2t/R02 24.57%  v_m2t/R03 31.56%  v_m2t/R05 37.58%  v_m2t/R10 50.06%  v_m2t/MedR 10.0%
[21/04/26 11:36:36][src.callback.progress][INFO] - Epoch 460 step 88350/192: loss 1.806e-01
[21/04/26 11:36:46][src.callback.progress][INFO] - Epoch 460 step 88400/192: loss 1.994e-01
[21/04/26 11:36:57][src.callback.progress][INFO] - Epoch 460 step 88450/192: loss 2.117e-01
[21/04/26 11:37:07][src.callback.progress][INFO] - Epoch 460 step 88500/192: loss 2.077e-01
[21/04/26 11:37:12][src.callback.progress][INFO] - Epoch 460: v_recons 3.431e-01  recons 1.921e-01  v_loss 5.415e-01  loss 2.048e-01  v_latent 1.245e+00  latent 6.808e-01  v_kl 8.743e+01  kl 3.752e+01  v_contrastive 1.975e+00  contrastive 1.224e-01  v_t2m/len 1530  v_t2m/R01 18.29%  v_t2m/R02 24.63%  v_t2m/R03 33.45%  v_t2m/R05 40.06%  v_t2m/R10 50.25%  v_t2m/MedR 10.0%  v_m2t/len 1530  v_m2t/R01 21.23%  v_m2t/R02 23.65%  v_m2t/R03 32.22%  v_m2t/R05 39.61%  v_m2t/R10 50.59%  v_m2t/MedR 10.0%
[21/04/26 11:37:25][src.callback.progress][INFO] - Epoch 461 step 88550/192: loss 2.028e-01
[21/04/26 11:37:36][src.callback.progress][INFO] - Epoch 461 step 88600/192: loss 2.010e-01
[21/04/26 11:37:46][src.callback.progress][INFO] - Epoch 461 step 88650/192: loss 2.136e-01
[21/04/26 11:37:57][src.callback.progress][INFO] - Epoch 461 step 88700/192: loss 2.062e-01
[21/04/26 11:38:00][src.callback.progress][INFO] - Epoch 461: v_recons 3.430e-01  recons 1.920e-01  v_loss 5.437e-01  loss 2.052e-01  v_latent 1.247e+00  latent 6.853e-01  v_kl 8.760e+01  kl 3.776e+01  v_contrastive 1.998e+00  contrastive 1.281e-01  v_t2m/len 1530  v_t2m/R01 19.4%  v_t2m/R02 24.96%  v_t2m/R03 33.4%  v_t2m/R05 39.66%  v_t2m/R10 50.77%  v_t2m/MedR 10.0%  v_m2t/len 1530  v_m2t/R01 20.12%  v_m2t/R02 22.35%  v_m2t/R03 31.44%  v_m2t/R05 38.88%  v_m2t/R10 50.13%  v_m2t/MedR 10.0%
[21/04/26 11:38:15][src.callback.progress][INFO] - Epoch 462 step 88750/192: loss 1.957e-01
[21/04/26 11:38:25][src.callback.progress][INFO] - Epoch 462 step 88800/192: loss 2.235e-01
[21/04/26 11:38:36][src.callback.progress][INFO] - Epoch 462 step 88850/192: loss 2.041e-01
[21/04/26 11:38:47][src.callback.progress][INFO] - Epoch 462: v_recons 3.429e-01  recons 1.912e-01  v_loss 5.429e-01  loss 2.039e-01  v_latent 1.241e+00  latent 6.819e-01  v_kl 8.698e+01  kl 3.758e+01  v_contrastive 1.991e+00  contrastive 1.229e-01  v_t2m/len 1530  v_t2m/R01 20.2%  v_t2m/R02 26.4%  v_t2m/R03 35.02%  v_t2m/R05 41.24%  v_t2m/R10 51.24%  v_t2m/MedR 10.0%  v_m2t/len 1530  v_m2t/R01 21.11%  v_m2t/R02 23.2%  v_m2t/R03 32.29%  v_m2t/R05 39.4%  v_m2t/R10 50.38%  v_m2t/MedR 10.0%
[21/04/26 11:38:54][src.callback.progress][INFO] - Epoch 463 step 88900/192: loss 2.143e-01
[21/04/26 11:39:04][src.callback.progress][INFO] - Epoch 463 step 88950/192: loss 1.960e-01
[21/04/26 11:39:15][src.callback.progress][INFO] - Epoch 463 step 89000/192: loss 2.139e-01
[21/04/26 11:39:25][src.callback.progress][INFO] - Epoch 463 step 89050/192: loss 2.104e-01
[21/04/26 11:39:35][src.callback.progress][INFO] - Epoch 463: v_recons 3.436e-01  recons 1.911e-01  v_loss 5.440e-01  loss 2.037e-01  v_latent 1.248e+00  latent 6.780e-01  v_kl 8.891e+01  kl 3.739e+01  v_contrastive 1.995e+00  contrastive 1.223e-01  v_t2m/len 1530  v_t2m/R01 20.32%  v_t2m/R02 25.36%  v_t2m/R03 33.0%  v_t2m/R05 39.08%  v_t2m/R10 50.13%  v_t2m/MedR 10.0%  v_m2t/len 1530  v_m2t/R01 20.45%  v_m2t/R02 22.29%  v_m2t/R03 31.7%  v_m2t/R05 39.22%  v_m2t/R10 50.0%  v_m2t/MedR 10.5%
[21/04/26 11:39:43][src.callback.progress][INFO] - Epoch 464 step 89100/192: loss 2.008e-01
[21/04/26 11:39:53][src.callback.progress][INFO] - Epoch 464 step 89150/192: loss 2.367e-01
[21/04/26 11:40:04][src.callback.progress][INFO] - Epoch 464 step 89200/192: loss 1.987e-01
[21/04/26 11:40:15][src.callback.progress][INFO] - Epoch 464 step 89250/192: loss 1.818e-01
[21/04/26 11:40:23][src.callback.progress][INFO] - Epoch 464: v_recons 3.431e-01  recons 1.915e-01  v_loss 5.469e-01  loss 2.043e-01  v_latent 1.254e+00  latent 6.797e-01  v_kl 8.801e+01  kl 3.756e+01  v_contrastive 2.029e+00  contrastive 1.235e-01  v_t2m/len 1530  v_t2m/R01 19.79%  v_t2m/R02 24.18%  v_t2m/R03 32.34%  v_t2m/R05 39.08%  v_t2m/R10 51.95%  v_t2m/MedR 10.0%  v_m2t/len 1530  v_m2t/R01 21.04%  v_m2t/R02 23.65%  v_m2t/R03 32.09%  v_m2t/R05 38.09%  v_m2t/R10 49.4%  v_m2t/MedR 11.0%
[21/04/26 11:40:32][src.callback.progress][INFO] - Epoch 465 step 89300/192: loss 1.978e-01
[21/04/26 11:40:42][src.callback.progress][INFO] - Epoch 465 step 89350/192: loss 1.926e-01
[21/04/26 11:40:53][src.callback.progress][INFO] - Epoch 465 step 89400/192: loss 2.054e-01
[21/04/26 11:41:03][src.callback.progress][INFO] - Epoch 465 step 89450/192: loss 1.965e-01
[21/04/26 11:41:10][src.callback.progress][INFO] - Epoch 465: v_recons 3.443e-01  recons 1.913e-01  v_loss 5.461e-01  loss 2.036e-01  v_latent 1.247e+00  latent 6.781e-01  v_kl 8.737e+01  kl 3.740e+01  v_contrastive 2.009e+00  contrastive 1.200e-01  v_t2m/len 1530  v_t2m/R01 19.14%  v_t2m/R02 25.36%  v_t2m/R03 31.62%  v_t2m/R05 39.22%  v_t2m/R10 50.45%  v_t2m/MedR 10.0%  v_m2t/len 1530  v_m2t/R01 21.11%  v_m2t/R02 23.59%  v_m2t/R03 32.47%  v_m2t/R05 38.5%  v_m2t/R10 49.34%  v_m2t/MedR 11.0%
[21/04/26 11:41:21][src.callback.progress][INFO] - Epoch 466 step 89500/192: loss 2.254e-01
[21/04/26 11:41:31][src.callback.progress][INFO] - Epoch 466 step 89550/192: loss 2.056e-01
[21/04/26 11:41:41][src.callback.progress][INFO] - Epoch 466 step 89600/192: loss 2.250e-01
[21/04/26 11:41:52][src.callback.progress][INFO] - Epoch 466 step 89650/192: loss 2.023e-01
[21/04/26 11:41:56][src.callback.progress][INFO] - Epoch 466: v_recons 3.431e-01  recons 1.910e-01  v_loss 5.443e-01  loss 2.035e-01  v_latent 1.252e+00  latent 6.778e-01  v_kl 8.752e+01  kl 3.727e+01  v_contrastive 2.004e+00  contrastive 1.219e-01  v_t2m/len 1530  v_t2m/R01 19.61%  v_t2m/R02 25.48%  v_t2m/R03 33.45%  v_t2m/R05 40.52%  v_t2m/R10 50.59%  v_t2m/MedR 10.0%  v_m2t/len 1530  v_m2t/R01 20.97%  v_m2t/R02 23.39%  v_m2t/R03 31.95%  v_m2t/R05 38.68%  v_m2t/R10 49.86%  v_m2t/MedR 11.0%
[21/04/26 11:42:09][src.callback.progress][INFO] - Epoch 467 step 89700/192: loss 2.186e-01
[21/04/26 11:42:20][src.callback.progress][INFO] - Epoch 467 step 89750/192: loss 1.802e-01
[21/04/26 11:42:30][src.callback.progress][INFO] - Epoch 467 step 89800/192: loss 2.059e-01
[21/04/26 11:42:41][src.callback.progress][INFO] - Epoch 467 step 89850/192: loss 2.161e-01
[21/04/26 11:42:44][src.callback.progress][INFO] - Epoch 467: v_recons 3.431e-01  recons 1.908e-01  v_loss 5.439e-01  loss 2.035e-01  v_latent 1.250e+00  latent 6.797e-01  v_kl 8.777e+01  kl 3.735e+01  v_contrastive 2.000e+00  contrastive 1.235e-01  v_t2m/len 1530  v_t2m/R01 18.62%  v_t2m/R02 23.65%  v_t2m/R03 31.95%  v_t2m/R05 40.06%  v_t2m/R10 50.65%  v_t2m/MedR 10.0%  v_m2t/len 1530  v_m2t/R01 20.38%  v_m2t/R02 23.2%  v_m2t/R03 31.04%  v_m2t/R05 38.5%  v_m2t/R10 49.47%  v_m2t/MedR 11.0%
[21/04/26 11:42:58][src.callback.progress][INFO] - Epoch 468 step 89900/192: loss 2.068e-01
[21/04/26 11:43:09][src.callback.progress][INFO] - Epoch 468 step 89950/192: loss 1.693e-01
[21/04/26 11:43:19][src.callback.progress][INFO] - Epoch 468 step 90000/192: loss 1.794e-01
[21/04/26 11:43:31][src.callback.progress][INFO] - Epoch 468: v_recons 3.447e-01  recons 1.902e-01  v_loss 5.462e-01  loss 2.024e-01  v_latent 1.249e+00  latent 6.764e-01  v_kl 8.738e+01  kl 3.700e+01  v_contrastive 2.007e+00  contrastive 1.177e-01  v_t2m/len 1530  v_t2m/R01 17.64%  v_t2m/R02 24.25%  v_t2m/R03 32.54%  v_t2m/R05 40.65%  v_t2m/R10 51.63%  v_t2m/MedR 9.0%  v_m2t/len 1530  v_m2t/R01 20.78%  v_m2t/R02 23.32%  v_m2t/R03 31.04%  v_m2t/R05 38.63%  v_m2t/R10 50.65%  v_m2t/MedR 10.0%
[21/04/26 11:43:37][src.callback.progress][INFO] - Epoch 469 step 90050/192: loss 2.333e-01
[21/04/26 11:43:47][src.callback.progress][INFO] - Epoch 469 step 90100/192: loss 1.982e-01
[21/04/26 11:43:58][src.callback.progress][INFO] - Epoch 469 step 90150/192: loss 2.112e-01
[21/04/26 11:44:08][src.callback.progress][INFO] - Epoch 469 step 90200/192: loss 2.119e-01
[21/04/26 11:44:19][src.callback.progress][INFO] - Epoch 469: v_recons 3.467e-01  recons 1.904e-01  v_loss 5.453e-01  loss 2.026e-01  v_latent 1.248e+00  latent 6.733e-01  v_kl 8.768e+01  kl 3.703e+01  v_contrastive 1.977e+00  contrastive 1.186e-01  v_t2m/len 1530  v_t2m/R01 18.43%  v_t2m/R02 23.79%  v_t2m/R03 30.97%  v_t2m/R05 39.15%  v_t2m/R10 49.86%  v_t2m/MedR 11.0%  v_m2t/len 1530  v_m2t/R01 20.97%  v_m2t/R02 23.27%  v_m2t/R03 31.82%  v_m2t/R05 38.95%  v_m2t/R10 50.77%  v_m2t/MedR 10.0%
[21/04/26 11:44:26][src.callback.progress][INFO] - Epoch 470 step 90250/192: loss 2.009e-01
[21/04/26 11:44:37][src.callback.progress][INFO] - Epoch 470 step 90300/192: loss 2.363e-01
[21/04/26 11:44:47][src.callback.progress][INFO] - Epoch 470 step 90350/192: loss 1.799e-01
[21/04/26 11:44:58][src.callback.progress][INFO] - Epoch 470 step 90400/192: loss 1.925e-01
[21/04/26 11:45:06][src.callback.progress][INFO] - Epoch 470: v_recons 3.464e-01  recons 1.910e-01  v_loss 5.510e-01  loss 2.038e-01  v_latent 1.263e+00  latent 6.820e-01  v_kl 8.995e+01  kl 3.762e+01  v_contrastive 2.037e+00  contrastive 1.242e-01  v_t2m/len 1530  v_t2m/R01 18.37%  v_t2m/R02 24.12%  v_t2m/R03 32.41%  v_t2m/R05 39.08%  v_t2m/R10 49.93%  v_t2m/MedR 11.0%  v_m2t/len 1530  v_m2t/R01 20.38%  v_m2t/R02 22.29%  v_m2t/R03 30.06%  v_m2t/R05 37.31%  v_m2t/R10 48.95%  v_m2t/MedR 11.0%
[21/04/26 11:45:15][src.callback.progress][INFO] - Epoch 471 step 90450/192: loss 2.128e-01
[21/04/26 11:45:26][src.callback.progress][INFO] - Epoch 471 step 90500/192: loss 1.812e-01
[21/04/26 11:45:37][src.callback.progress][INFO] - Epoch 471 step 90550/192: loss 1.927e-01
[21/04/26 11:45:47][src.callback.progress][INFO] - Epoch 471 step 90600/192: loss 2.113e-01
[21/04/26 11:45:54][src.callback.progress][INFO] - Epoch 471: v_recons 3.472e-01  recons 1.915e-01  v_loss 5.526e-01  loss 2.042e-01  v_latent 1.258e+00  latent 6.854e-01  v_kl 8.914e+01  kl 3.786e+01  v_contrastive 2.045e+00  contrastive 1.235e-01  v_t2m/len 1530  v_t2m/R01 18.88%  v_t2m/R02 23.98%  v_t2m/R03 31.95%  v_t2m/R05 39.34%  v_t2m/R10 50.84%  v_t2m/MedR 10.0%  v_m2t/len 1530  v_m2t/R01 19.35%  v_m2t/R02 21.89%  v_m2t/R03 31.3%  v_m2t/R05 37.7%  v_m2t/R10 49.02%  v_m2t/MedR 11.0%
[21/04/26 11:46:05][src.callback.progress][INFO] - Epoch 472 step 90650/192: loss 1.861e-01
[21/04/26 11:46:15][src.callback.progress][INFO] - Epoch 472 step 90700/192: loss 2.116e-01
[21/04/26 11:46:26][src.callback.progress][INFO] - Epoch 472 step 90750/192: loss 2.133e-01
[21/04/26 11:46:36][src.callback.progress][INFO] - Epoch 472 step 90800/192: loss 2.141e-01
[21/04/26 11:46:41][src.callback.progress][INFO] - Epoch 472: v_recons 3.466e-01  recons 1.910e-01  v_loss 5.499e-01  loss 2.036e-01  v_latent 1.257e+00  latent 6.799e-01  v_kl 8.883e+01  kl 3.748e+01  v_contrastive 2.024e+00  contrastive 1.224e-01  v_t2m/len 1530  v_t2m/R01 18.88%  v_t2m/R02 24.51%  v_t2m/R03 32.41%  v_t2m/R05 39.22%  v_t2m/R10 50.59%  v_t2m/MedR 10.0%  v_m2t/len 1530  v_m2t/R01 19.54%  v_m2t/R02 22.94%  v_m2t/R03 30.92%  v_m2t/R05 37.7%  v_m2t/R10 50.59%  v_m2t/MedR 10.0%
[21/04/26 11:46:54][src.callback.progress][INFO] - Epoch 473 step 90850/192: loss 1.985e-01
[21/04/26 11:47:04][src.callback.progress][INFO] - Epoch 473 step 90900/192: loss 2.206e-01
[21/04/26 11:47:15][src.callback.progress][INFO] - Epoch 473 step 90950/192: loss 2.059e-01
[21/04/26 11:47:25][src.callback.progress][INFO] - Epoch 473 step 91000/192: loss 2.104e-01
[21/04/26 11:47:28][src.callback.progress][INFO] - Epoch 473: v_recons 3.453e-01  recons 1.904e-01  v_loss 5.487e-01  loss 2.030e-01  v_latent 1.258e+00  latent 6.780e-01  v_kl 8.963e+01  kl 3.755e+01  v_contrastive 2.025e+00  contrastive 1.219e-01  v_t2m/len 1530  v_t2m/R01 19.07%  v_t2m/R02 24.3%  v_t2m/R03 31.23%  v_t2m/R05 37.97%  v_t2m/R10 50.0%  v_t2m/MedR 10.5%  v_m2t/len 1530  v_m2t/R01 21.37%  v_m2t/R02 23.39%  v_m2t/R03 30.59%  v_m2t/R05 37.25%  v_m2t/R10 48.5%  v_m2t/MedR 11.0%
[21/04/26 11:47:43][src.callback.progress][INFO] - Epoch 474 step 91050/192: loss 1.928e-01
[21/04/26 11:47:53][src.callback.progress][INFO] - Epoch 474 step 91100/192: loss 2.043e-01
[21/04/26 11:48:03][src.callback.progress][INFO] - Epoch 474 step 91150/192: loss 1.842e-01
[21/04/26 11:48:14][src.callback.progress][INFO] - Epoch 474 step 91200/192: loss 2.146e-01
[21/04/26 11:48:16][src.callback.progress][INFO] - Epoch 474: v_recons 3.467e-01  recons 1.901e-01  v_loss 5.506e-01  loss 2.027e-01  v_latent 1.260e+00  latent 6.793e-01  v_kl 8.874e+01  kl 3.759e+01  v_contrastive 2.030e+00  contrastive 1.225e-01  v_t2m/len 1530  v_t2m/R01 18.95%  v_t2m/R02 23.72%  v_t2m/R03 31.76%  v_t2m/R05 38.88%  v_t2m/R10 50.33%  v_t2m/MedR 10.0%  v_m2t/len 1530  v_m2t/R01 20.78%  v_m2t/R02 22.35%  v_m2t/R03 31.3%  v_m2t/R05 38.09%  v_m2t/R10 48.5%  v_m2t/MedR 11.0%
[21/04/26 11:48:31][src.callback.progress][INFO] - Epoch 475 step 91250/192: loss 1.980e-01
[21/04/26 11:48:42][src.callback.progress][INFO] - Epoch 475 step 91300/192: loss 2.079e-01
[21/04/26 11:48:52][src.callback.progress][INFO] - Epoch 475 step 91350/192: loss 1.769e-01
[21/04/26 11:49:03][src.callback.progress][INFO] - Epoch 475: v_recons 3.483e-01  recons 1.899e-01  v_loss 5.497e-01  loss 2.020e-01  v_latent 1.261e+00  latent 6.735e-01  v_kl 8.926e+01  kl 3.708e+01  v_contrastive 2.005e+00  contrastive 1.172e-01  v_t2m/len 1530  v_t2m/R01 17.9%  v_t2m/R02 23.01%  v_t2m/R03 31.7%  v_t2m/R05 38.81%  v_t2m/R10 49.79%  v_t2m/MedR 11.0%  v_m2t/len 1530  v_m2t/R01 20.64%  v_m2t/R02 23.45%  v_m2t/R03 30.92%  v_m2t/R05 38.29%  v_m2t/R10 48.24%  v_m2t/MedR 11.0%
[21/04/26 11:49:10][src.callback.progress][INFO] - Epoch 476 step 91400/192: loss 2.084e-01
[21/04/26 11:49:20][src.callback.progress][INFO] - Epoch 476 step 91450/192: loss 2.161e-01
[21/04/26 11:49:31][src.callback.progress][INFO] - Epoch 476 step 91500/192: loss 2.030e-01
[21/04/26 11:49:41][src.callback.progress][INFO] - Epoch 476 step 91550/192: loss 1.861e-01
[21/04/26 11:49:50][src.callback.progress][INFO] - Epoch 476: v_recons 3.457e-01  recons 1.903e-01  v_loss 5.493e-01  loss 2.026e-01  v_latent 1.260e+00  latent 6.765e-01  v_kl 8.783e+01  kl 3.732e+01  v_contrastive 2.027e+00  contrastive 1.197e-01  v_t2m/len 1530  v_t2m/R01 19.67%  v_t2m/R02 24.63%  v_t2m/R03 31.56%  v_t2m/R05 39.47%  v_t2m/R10 50.25%  v_t2m/MedR 10.0%  v_m2t/len 1530  v_m2t/R01 19.67%  v_m2t/R02 22.68%  v_m2t/R03 30.32%  v_m2t/R05 37.18%  v_m2t/R10 49.61%  v_m2t/MedR 11.0%
[21/04/26 11:49:59][src.callback.progress][INFO] - Epoch 477 step 91600/192: loss 2.252e-01
[21/04/26 11:50:09][src.callback.progress][INFO] - Epoch 477 step 91650/192: loss 1.928e-01
[21/04/26 11:50:20][src.callback.progress][INFO] - Epoch 477 step 91700/192: loss 2.205e-01
[21/04/26 11:50:30][src.callback.progress][INFO] - Epoch 477 step 91750/192: loss 2.181e-01
[21/04/26 11:50:38][src.callback.progress][INFO] - Epoch 477: v_recons 3.465e-01  recons 1.896e-01  v_loss 5.499e-01  loss 2.019e-01  v_latent 1.265e+00  latent 6.776e-01  v_kl 8.987e+01  kl 3.751e+01  v_contrastive 2.025e+00  contrastive 1.192e-01  v_t2m/len 1530  v_t2m/R01 19.4%  v_t2m/R02 23.53%  v_t2m/R03 32.22%  v_t2m/R05 39.86%  v_t2m/R10 50.91%  v_t2m/MedR 10.0%  v_m2t/len 1530  v_m2t/R01 20.06%  v_m2t/R02 22.75%  v_m2t/R03 30.26%  v_m2t/R05 38.36%  v_m2t/R10 48.75%  v_m2t/MedR 11.0%
[21/04/26 11:50:48][src.callback.progress][INFO] - Epoch 478 step 91800/192: loss 2.166e-01
[21/04/26 11:50:58][src.callback.progress][INFO] - Epoch 478 step 91850/192: loss 1.985e-01
[21/04/26 11:51:09][src.callback.progress][INFO] - Epoch 478 step 91900/192: loss 2.165e-01
[21/04/26 11:51:19][src.callback.progress][INFO] - Epoch 478 step 91950/192: loss 1.883e-01
[21/04/26 11:51:25][src.callback.progress][INFO] - Epoch 478: v_recons 3.444e-01  recons 1.904e-01  v_loss 5.499e-01  loss 2.027e-01  v_latent 1.267e+00  latent 6.798e-01  v_kl 9.026e+01  kl 3.776e+01  v_contrastive 2.046e+00  contrastive 1.195e-01  v_t2m/len 1530  v_t2m/R01 18.95%  v_t2m/R02 23.72%  v_t2m/R03 31.62%  v_t2m/R05 40.06%  v_t2m/R10 49.86%  v_t2m/MedR 11.0%  v_m2t/len 1530  v_m2t/R01 20.71%  v_m2t/R02 23.01%  v_m2t/R03 31.5%  v_m2t/R05 38.43%  v_m2t/R10 48.43%  v_m2t/MedR 11.0%
[21/04/26 11:51:37][src.callback.progress][INFO] - Epoch 479 step 92000/192: loss 2.076e-01
[21/04/26 11:51:47][src.callback.progress][INFO] - Epoch 479 step 92050/192: loss 1.975e-01
[21/04/26 11:51:58][src.callback.progress][INFO] - Epoch 479 step 92100/192: loss 2.037e-01
[21/04/26 11:52:08][src.callback.progress][INFO] - Epoch 479 step 92150/192: loss 2.172e-01
[21/04/26 11:52:12][src.callback.progress][INFO] - Epoch 479: v_recons 3.454e-01  recons 1.916e-01  v_loss 5.491e-01  loss 2.042e-01  v_latent 1.264e+00  latent 6.874e-01  v_kl 8.923e+01  kl 3.802e+01  v_contrastive 2.028e+00  contrastive 1.228e-01  v_t2m/len 1530  v_t2m/R01 18.62%  v_t2m/R02 23.72%  v_t2m/R03 32.41%  v_t2m/R05 39.34%  v_t2m/R10 50.38%  v_t2m/MedR 10.0%  v_m2t/len 1530  v_m2t/R01 21.04%  v_m2t/R02 23.32%  v_m2t/R03 31.04%  v_m2t/R05 38.63%  v_m2t/R10 48.16%  v_m2t/MedR 11.0%
[21/04/26 11:52:26][src.callback.progress][INFO] - Epoch 480 step 92200/192: loss 2.165e-01
[21/04/26 11:52:36][src.callback.progress][INFO] - Epoch 480 step 92250/192: loss 2.176e-01
[21/04/26 11:52:46][src.callback.progress][INFO] - Epoch 480 step 92300/192: loss 1.903e-01
[21/04/26 11:52:57][src.callback.progress][INFO] - Epoch 480 step 92350/192: loss 1.873e-01
[21/04/26 11:52:59][src.callback.progress][INFO] - Epoch 480: v_recons 3.475e-01  recons 1.909e-01  v_loss 5.506e-01  loss 2.034e-01  v_latent 1.264e+00  latent 6.842e-01  v_kl 8.968e+01  kl 3.791e+01  v_contrastive 2.022e+00  contrastive 1.218e-01  v_t2m/len 1530  v_t2m/R01 18.29%  v_t2m/R02 23.53%  v_t2m/R03 31.89%  v_t2m/R05 38.95%  v_t2m/R10 50.77%  v_t2m/MedR 10.0%  v_m2t/len 1530  v_m2t/R01 21.44%  v_m2t/R02 23.86%  v_m2t/R03 31.3%  v_m2t/R05 37.7%  v_m2t/R10 49.4%  v_m2t/MedR 11.0%
[21/04/26 11:53:14][src.callback.progress][INFO] - Epoch 481 step 92400/192: loss 2.085e-01
[21/04/26 11:53:25][src.callback.progress][INFO] - Epoch 481 step 92450/192: loss 1.949e-01
[21/04/26 11:53:35][src.callback.progress][INFO] - Epoch 481 step 92500/192: loss 1.967e-01
[21/04/26 11:53:46][src.callback.progress][INFO] - Epoch 481: v_recons 3.423e-01  recons 1.896e-01  v_loss 5.461e-01  loss 2.018e-01  v_latent 1.266e+00  latent 6.803e-01  v_kl 8.906e+01  kl 3.759e+01  v_contrastive 2.029e+00  contrastive 1.180e-01  v_t2m/len 1530  v_t2m/R01 18.81%  v_t2m/R02 23.98%  v_t2m/R03 32.29%  v_t2m/R05 39.93%  v_t2m/R10 51.18%  v_t2m/MedR 10.0%  v_m2t/len 1530  v_m2t/R01 20.45%  v_m2t/R02 22.61%  v_m2t/R03 30.64%  v_m2t/R05 38.88%  v_m2t/R10 49.34%  v_m2t/MedR 11.0%
[21/04/26 11:53:52][src.callback.progress][INFO] - Epoch 482 step 92550/192: loss 2.308e-01
[21/04/26 11:54:03][src.callback.progress][INFO] - Epoch 482 step 92600/192: loss 2.140e-01
[21/04/26 11:54:14][src.callback.progress][INFO] - Epoch 482 step 92650/192: loss 1.941e-01
[21/04/26 11:54:24][src.callback.progress][INFO] - Epoch 482 step 92700/192: loss 2.065e-01
[21/04/26 11:54:34][src.callback.progress][INFO] - Epoch 482: v_recons 3.454e-01  recons 1.894e-01  v_loss 5.459e-01  loss 2.016e-01  v_latent 1.259e+00  latent 6.783e-01  v_kl 8.871e+01  kl 3.758e+01  v_contrastive 1.996e+00  contrastive 1.182e-01  v_t2m/len 1530  v_t2m/R01 19.02%  v_t2m/R02 23.86%  v_t2m/R03 32.34%  v_t2m/R05 40.77%  v_t2m/R10 51.36%  v_t2m/MedR 9.0%  v_m2t/len 1530  v_m2t/R01 21.37%  v_m2t/R02 23.92%  v_m2t/R03 32.15%  v_m2t/R05 38.24%  v_m2t/R10 50.13%  v_m2t/MedR 10.0%
[21/04/26 11:54:42][src.callback.progress][INFO] - Epoch 483 step 92750/192: loss 1.854e-01
[21/04/26 11:54:52][src.callback.progress][INFO] - Epoch 483 step 92800/192: loss 2.119e-01
[21/04/26 11:55:03][src.callback.progress][INFO] - Epoch 483 step 92850/192: loss 2.020e-01
[21/04/26 11:55:13][src.callback.progress][INFO] - Epoch 483 step 92900/192: loss 1.967e-01
[21/04/26 11:55:21][src.callback.progress][INFO] - Epoch 483: v_recons 3.469e-01  recons 1.886e-01  v_loss 5.496e-01  loss 2.006e-01  v_latent 1.261e+00  latent 6.716e-01  v_kl 8.957e+01  kl 3.725e+01  v_contrastive 2.018e+00  contrastive 1.154e-01  v_t2m/len 1530  v_t2m/R01 18.81%  v_t2m/R02 23.53%  v_t2m/R03 32.15%  v_t2m/R05 40.2%  v_t2m/R10 51.83%  v_t2m/MedR 9.5%  v_m2t/len 1530  v_m2t/R01 20.85%  v_m2t/R02 23.53%  v_m2t/R03 32.54%  v_m2t/R05 39.47%  v_m2t/R10 49.27%  v_m2t/MedR 11.0%
[21/04/26 11:55:31][src.callback.progress][INFO] - Epoch 484 step 92950/192: loss 2.203e-01
[21/04/26 11:55:42][src.callback.progress][INFO] - Epoch 484 step 93000/192: loss 1.967e-01
[21/04/26 11:55:52][src.callback.progress][INFO] - Epoch 484 step 93050/192: loss 2.070e-01
[21/04/26 11:56:03][src.callback.progress][INFO] - Epoch 484 step 93100/192: loss 1.880e-01
[21/04/26 11:56:09][src.callback.progress][INFO] - Epoch 484: v_recons 3.459e-01  recons 1.889e-01  v_loss 5.494e-01  loss 2.006e-01  v_latent 1.266e+00  latent 6.702e-01  v_kl 9.046e+01  kl 3.714e+01  v_contrastive 2.026e+00  contrastive 1.133e-01  v_t2m/len 1530  v_t2m/R01 17.96%  v_t2m/R02 22.68%  v_t2m/R03 32.41%  v_t2m/R05 39.86%  v_t2m/R10 51.04%  v_t2m/MedR 9.0%  v_m2t/len 1530  v_m2t/R01 20.59%  v_m2t/R02 22.68%  v_m2t/R03 31.04%  v_m2t/R05 38.5%  v_m2t/R10 49.61%  v_m2t/MedR 11.0%
[21/04/26 11:56:21][src.callback.progress][INFO] - Epoch 485 step 93150/192: loss 2.326e-01
[21/04/26 11:56:32][src.callback.progress][INFO] - Epoch 485 step 93200/192: loss 1.923e-01
[21/04/26 11:56:42][src.callback.progress][INFO] - Epoch 485 step 93250/192: loss 1.879e-01
[21/04/26 11:56:53][src.callback.progress][INFO] - Epoch 485 step 93300/192: loss 2.095e-01
[21/04/26 11:56:57][src.callback.progress][INFO] - Epoch 485: v_recons 3.458e-01  recons 1.889e-01  v_loss 5.459e-01  loss 2.010e-01  v_latent 1.258e+00  latent 6.748e-01  v_kl 8.858e+01  kl 3.760e+01  v_contrastive 1.992e+00  contrastive 1.166e-01  v_t2m/len 1530  v_t2m/R01 19.47%  v_t2m/R02 24.77%  v_t2m/R03 32.34%  v_t2m/R05 40.38%  v_t2m/R10 52.34%  v_t2m/MedR 9.0%  v_m2t/len 1530  v_m2t/R01 21.3%  v_m2t/R02 23.45%  v_m2t/R03 32.09%  v_m2t/R05 39.27%  v_m2t/R10 50.13%  v_m2t/MedR 10.0%
[21/04/26 11:57:10][src.callback.progress][INFO] - Epoch 486 step 93350/192: loss 1.891e-01
[21/04/26 11:57:21][src.callback.progress][INFO] - Epoch 486 step 93400/192: loss 1.883e-01
[21/04/26 11:57:31][src.callback.progress][INFO] - Epoch 486 step 93450/192: loss 1.880e-01
[21/04/26 11:57:42][src.callback.progress][INFO] - Epoch 486 step 93500/192: loss 1.947e-01
[21/04/26 11:57:44][src.callback.progress][INFO] - Epoch 486: v_recons 3.468e-01  recons 1.890e-01  v_loss 5.493e-01  loss 2.010e-01  v_latent 1.265e+00  latent 6.770e-01  v_kl 9.014e+01  kl 3.757e+01  v_contrastive 2.017e+00  contrastive 1.166e-01  v_t2m/len 1530  v_t2m/R01 18.69%  v_t2m/R02 24.44%  v_t2m/R03 32.93%  v_t2m/R05 38.29%  v_t2m/R10 50.13%  v_t2m/MedR 10.0%  v_m2t/len 1530  v_m2t/R01 21.23%  v_m2t/R02 23.27%  v_m2t/R03 31.5%  v_m2t/R05 38.16%  v_m2t/R10 50.45%  v_m2t/MedR 10.0%
[21/04/26 11:57:59][src.callback.progress][INFO] - Epoch 487 step 93550/192: loss 1.900e-01
[21/04/26 11:58:09][src.callback.progress][INFO] - Epoch 487 step 93600/192: loss 1.863e-01
[21/04/26 11:58:20][src.callback.progress][INFO] - Epoch 487 step 93650/192: loss 2.028e-01
[21/04/26 11:58:31][src.callback.progress][INFO] - Epoch 487: v_recons 3.470e-01  recons 1.887e-01  v_loss 5.467e-01  loss 2.007e-01  v_latent 1.258e+00  latent 6.744e-01  v_kl 8.967e+01  kl 3.732e+01  v_contrastive 1.988e+00  contrastive 1.160e-01  v_t2m/len 1530  v_t2m/R01 18.88%  v_t2m/R02 24.37%  v_t2m/R03 32.54%  v_t2m/R05 39.74%  v_t2m/R10 51.31%  v_t2m/MedR 10.0%  v_m2t/len 1530  v_m2t/R01 19.87%  v_m2t/R02 22.94%  v_m2t/R03 31.11%  v_m2t/R05 39.22%  v_m2t/R10 50.0%  v_m2t/MedR 10.5%
[21/04/26 11:58:37][src.callback.progress][INFO] - Epoch 488 step 93700/192: loss 2.193e-01
[21/04/26 11:58:48][src.callback.progress][INFO] - Epoch 488 step 93750/192: loss 2.200e-01
[21/04/26 11:58:58][src.callback.progress][INFO] - Epoch 488 step 93800/192: loss 1.985e-01
[21/04/26 11:59:09][src.callback.progress][INFO] - Epoch 488 step 93850/192: loss 2.019e-01
[21/04/26 11:59:18][src.callback.progress][INFO] - Epoch 488: v_recons 3.477e-01  recons 1.895e-01  v_loss 5.489e-01  loss 2.016e-01  v_latent 1.260e+00  latent 6.794e-01  v_kl 8.918e+01  kl 3.786e+01  v_contrastive 2.002e+00  contrastive 1.173e-01  v_t2m/len 1530  v_t2m/R01 18.17%  v_t2m/R02 23.13%  v_t2m/R03 33.59%  v_t2m/R05 40.33%  v_t2m/R10 51.31%  v_t2m/MedR 9.0%  v_m2t/len 1530  v_m2t/R01 20.32%  v_m2t/R02 23.86%  v_m2t/R03 32.29%  v_m2t/R05 39.08%  v_m2t/R10 50.25%  v_m2t/MedR 10.0%
[21/04/26 11:59:26][src.callback.progress][INFO] - Epoch 489 step 93900/192: loss 1.903e-01
[21/04/26 11:59:36][src.callback.progress][INFO] - Epoch 489 step 93950/192: loss 1.982e-01
[21/04/26 11:59:47][src.callback.progress][INFO] - Epoch 489 step 94000/192: loss 1.956e-01
[21/04/26 11:59:57][src.callback.progress][INFO] - Epoch 489 step 94050/192: loss 1.905e-01
[21/04/26 12:00:05][src.callback.progress][INFO] - Epoch 489: v_recons 3.469e-01  recons 1.891e-01  v_loss 5.474e-01  loss 2.012e-01  v_latent 1.262e+00  latent 6.792e-01  v_kl 8.983e+01  kl 3.789e+01  v_contrastive 1.997e+00  contrastive 1.168e-01  v_t2m/len 1530  v_t2m/R01 19.61%  v_t2m/R02 24.77%  v_t2m/R03 33.4%  v_t2m/R05 40.13%  v_t2m/R10 53.0%  v_t2m/MedR 9.0%  v_m2t/len 1530  v_m2t/R01 20.71%  v_m2t/R02 24.12%  v_m2t/R03 31.7%  v_m2t/R05 39.47%  v_m2t/R10 49.93%  v_m2t/MedR 11.0%
[21/04/26 12:00:15][src.callback.progress][INFO] - Epoch 490 step 94100/192: loss 1.956e-01
[21/04/26 12:00:25][src.callback.progress][INFO] - Epoch 490 step 94150/192: loss 2.075e-01
[21/04/26 12:00:35][src.callback.progress][INFO] - Epoch 490 step 94200/192: loss 2.004e-01
[21/04/26 12:00:46][src.callback.progress][INFO] - Epoch 490 step 94250/192: loss 1.969e-01
[21/04/26 12:00:52][src.callback.progress][INFO] - Epoch 490: v_recons 3.450e-01  recons 1.887e-01  v_loss 5.453e-01  loss 2.004e-01  v_latent 1.263e+00  latent 6.740e-01  v_kl 8.972e+01  kl 3.757e+01  v_contrastive 1.993e+00  contrastive 1.134e-01  v_t2m/len 1530  v_t2m/R01 19.79%  v_t2m/R02 25.1%  v_t2m/R03 32.88%  v_t2m/R05 39.74%  v_t2m/R10 50.0%  v_t2m/MedR 10.5%  v_m2t/len 1530  v_m2t/R01 21.04%  v_m2t/R02 23.92%  v_m2t/R03 31.82%  v_m2t/R05 38.56%  v_m2t/R10 50.06%  v_m2t/MedR 10.0%
[21/04/26 12:01:03][src.callback.progress][INFO] - Epoch 491 step 94300/192: loss 2.271e-01
[21/04/26 12:01:14][src.callback.progress][INFO] - Epoch 491 step 94350/192: loss 2.134e-01
[21/04/26 12:01:24][src.callback.progress][INFO] - Epoch 491 step 94400/192: loss 2.030e-01
[21/04/26 12:01:35][src.callback.progress][INFO] - Epoch 491 step 94450/192: loss 2.128e-01
[21/04/26 12:01:40][src.callback.progress][INFO] - Epoch 491: v_recons 3.481e-01  recons 1.892e-01  v_loss 5.494e-01  loss 2.011e-01  v_latent 1.266e+00  latent 6.770e-01  v_kl 9.075e+01  kl 3.780e+01  v_contrastive 2.004e+00  contrastive 1.160e-01  v_t2m/len 1530  v_t2m/R01 19.54%  v_t2m/R02 24.18%  v_t2m/R03 31.23%  v_t2m/R05 39.22%  v_t2m/R10 50.38%  v_t2m/MedR 10.0%  v_m2t/len 1530  v_m2t/R01 21.62%  v_m2t/R02 24.44%  v_m2t/R03 31.76%  v_m2t/R05 39.34%  v_m2t/R10 50.06%  v_m2t/MedR 10.0%
[21/04/26 12:01:52][src.callback.progress][INFO] - Epoch 492 step 94500/192: loss 2.227e-01
[21/04/26 12:02:03][src.callback.progress][INFO] - Epoch 492 step 94550/192: loss 1.931e-01
[21/04/26 12:02:13][src.callback.progress][INFO] - Epoch 492 step 94600/192: loss 1.944e-01
[21/04/26 12:02:24][src.callback.progress][INFO] - Epoch 492 step 94650/192: loss 1.839e-01
[21/04/26 12:02:27][src.callback.progress][INFO] - Epoch 492: v_recons 3.459e-01  recons 1.901e-01  v_loss 5.484e-01  loss 2.026e-01  v_latent 1.273e+00  latent 6.854e-01  v_kl 9.164e+01  kl 3.850e+01  v_contrastive 2.016e+00  contrastive 1.205e-01  v_t2m/len 1530  v_t2m/R01 17.9%  v_t2m/R02 23.01%  v_t2m/R03 31.23%  v_t2m/R05 39.27%  v_t2m/R10 51.43%  v_t2m/MedR 10.0%  v_m2t/len 1530  v_m2t/R01 20.32%  v_m2t/R02 22.54%  v_m2t/R03 31.04%  v_m2t/R05 38.04%  v_m2t/R10 49.47%  v_m2t/MedR 11.0%
[21/04/26 12:02:42][src.callback.progress][INFO] - Epoch 493 step 94700/192: loss 2.137e-01
[21/04/26 12:02:52][src.callback.progress][INFO] - Epoch 493 step 94750/192: loss 1.965e-01
[21/04/26 12:03:03][src.callback.progress][INFO] - Epoch 493 step 94800/192: loss 1.906e-01
[21/04/26 12:03:15][src.callback.progress][INFO] - Epoch 493: v_recons 3.455e-01  recons 1.896e-01  v_loss 5.481e-01  loss 2.019e-01  v_latent 1.267e+00  latent 6.823e-01  v_kl 8.948e+01  kl 3.806e+01  v_contrastive 2.017e+00  contrastive 1.195e-01  v_t2m/len 1530  v_t2m/R01 18.17%  v_t2m/R02 23.92%  v_t2m/R03 32.29%  v_t2m/R05 39.61%  v_t2m/R10 50.45%  v_t2m/MedR 10.0%  v_m2t/len 1530  v_m2t/R01 19.87%  v_m2t/R02 23.27%  v_m2t/R03 31.18%  v_m2t/R05 39.15%  v_m2t/R10 49.74%  v_m2t/MedR 11.0%
[21/04/26 12:03:21][src.callback.progress][INFO] - Epoch 494 step 94850/192: loss 1.967e-01
[21/04/26 12:03:32][src.callback.progress][INFO] - Epoch 494 step 94900/192: loss 1.776e-01
[21/04/26 12:03:42][src.callback.progress][INFO] - Epoch 494 step 94950/192: loss 1.949e-01
[21/04/26 12:03:53][src.callback.progress][INFO] - Epoch 494 step 95000/192: loss 1.844e-01
[21/04/26 12:04:03][src.callback.progress][INFO] - Epoch 494: v_recons 3.457e-01  recons 1.898e-01  v_loss 5.463e-01  loss 2.022e-01  v_latent 1.265e+00  latent 6.829e-01  v_kl 8.994e+01  kl 3.817e+01  v_contrastive 1.996e+00  contrastive 1.202e-01  v_t2m/len 1530  v_t2m/R01 19.47%  v_t2m/R02 23.65%  v_t2m/R03 31.5%  v_t2m/R05 39.15%  v_t2m/R10 50.38%  v_t2m/MedR 10.0%  v_m2t/len 1530  v_m2t/R01 21.3%  v_m2t/R02 23.98%  v_m2t/R03 31.89%  v_m2t/R05 38.81%  v_m2t/R10 50.2%  v_m2t/MedR 10.0%
[21/04/26 12:04:10][src.callback.progress][INFO] - Epoch 495 step 95050/192: loss 2.032e-01
[21/04/26 12:04:21][src.callback.progress][INFO] - Epoch 495 step 95100/192: loss 2.067e-01
[21/04/26 12:04:31][src.callback.progress][INFO] - Epoch 495 step 95150/192: loss 1.887e-01
[21/04/26 12:04:41][src.callback.progress][INFO] - Epoch 495 step 95200/192: loss 1.961e-01
[21/04/26 12:04:50][src.callback.progress][INFO] - Epoch 495: v_recons 3.431e-01  recons 1.888e-01  v_loss 5.435e-01  loss 2.006e-01  v_latent 1.266e+00  latent 6.771e-01  v_kl 8.932e+01  kl 3.764e+01  v_contrastive 1.995e+00  contrastive 1.141e-01  v_t2m/len 1530  v_t2m/R01 18.1%  v_t2m/R02 22.21%  v_t2m/R03 30.64%  v_t2m/R05 38.56%  v_t2m/R10 50.72%  v_t2m/MedR 10.0%  v_m2t/len 1530  v_m2t/R01 21.82%  v_m2t/R02 24.89%  v_m2t/R03 32.29%  v_m2t/R05 38.63%  v_m2t/R10 50.25%  v_m2t/MedR 10.0%
[21/04/26 12:04:59][src.callback.progress][INFO] - Epoch 496 step 95250/192: loss 1.961e-01
[21/04/26 12:05:09][src.callback.progress][INFO] - Epoch 496 step 95300/192: loss 1.868e-01
[21/04/26 12:05:20][src.callback.progress][INFO] - Epoch 496 step 95350/192: loss 2.158e-01
[21/04/26 12:05:30][src.callback.progress][INFO] - Epoch 496 step 95400/192: loss 2.075e-01
[21/04/26 12:05:37][src.callback.progress][INFO] - Epoch 496: v_recons 3.485e-01  recons 1.883e-01  v_loss 5.490e-01  loss 2.002e-01  v_latent 1.267e+00  latent 6.726e-01  v_kl 8.975e+01  kl 3.753e+01  v_contrastive 1.996e+00  contrastive 1.144e-01  v_t2m/len 1530  v_t2m/R01 19.07%  v_t2m/R02 23.92%  v_t2m/R03 33.52%  v_t2m/R05 39.86%  v_t2m/R10 50.91%  v_t2m/MedR 10.0%  v_m2t/len 1530  v_m2t/R01 19.93%  v_m2t/R02 23.27%  v_m2t/R03 31.04%  v_m2t/R05 38.68%  v_m2t/R10 49.34%  v_m2t/MedR 11.0%
[21/04/26 12:05:47][src.callback.progress][INFO] - Epoch 497 step 95450/192: loss 2.201e-01
[21/04/26 12:05:58][src.callback.progress][INFO] - Epoch 497 step 95500/192: loss 1.934e-01
[21/04/26 12:06:08][src.callback.progress][INFO] - Epoch 497 step 95550/192: loss 2.237e-01
[21/04/26 12:06:19][src.callback.progress][INFO] - Epoch 497 step 95600/192: loss 1.891e-01
[21/04/26 12:06:24][src.callback.progress][INFO] - Epoch 497: v_recons 3.452e-01  recons 1.887e-01  v_loss 5.431e-01  loss 2.008e-01  v_latent 1.269e+00  latent 6.777e-01  v_kl 8.971e+01  kl 3.779e+01  v_contrastive 1.970e+00  contrastive 1.166e-01  v_t2m/len 1530  v_t2m/R01 19.14%  v_t2m/R02 23.2%  v_t2m/R03 31.3%  v_t2m/R05 38.5%  v_t2m/R10 49.86%  v_t2m/MedR 11.0%  v_m2t/len 1530  v_m2t/R01 20.59%  v_m2t/R02 22.54%  v_m2t/R03 30.78%  v_m2t/R05 39.22%  v_m2t/R10 50.25%  v_m2t/MedR 10.0%
[21/04/26 12:06:37][src.callback.progress][INFO] - Epoch 498 step 95650/192: loss 2.097e-01
[21/04/26 12:06:47][src.callback.progress][INFO] - Epoch 498 step 95700/192: loss 1.972e-01
[21/04/26 12:06:57][src.callback.progress][INFO] - Epoch 498 step 95750/192: loss 2.006e-01
[21/04/26 12:07:08][src.callback.progress][INFO] - Epoch 498 step 95800/192: loss 2.243e-01
[21/04/26 12:07:11][src.callback.progress][INFO] - Epoch 498: v_recons 3.463e-01  recons 1.883e-01  v_loss 5.465e-01  loss 2.002e-01  v_latent 1.264e+00  latent 6.772e-01  v_kl 9.008e+01  kl 3.777e+01  v_contrastive 1.992e+00  contrastive 1.154e-01  v_t2m/len 1530  v_t2m/R01 18.17%  v_t2m/R02 23.92%  v_t2m/R03 32.41%  v_t2m/R05 39.02%  v_t2m/R10 51.5%  v_t2m/MedR 10.0%  v_m2t/len 1530  v_m2t/R01 22.09%  v_m2t/R02 24.77%  v_m2t/R03 31.37%  v_m2t/R05 38.36%  v_m2t/R10 49.79%  v_m2t/MedR 11.0%
[21/04/26 12:07:25][src.callback.progress][INFO] - Epoch 499 step 95850/192: loss 1.890e-01
[21/04/26 12:07:35][src.callback.progress][INFO] - Epoch 499 step 95900/192: loss 2.009e-01
[21/04/26 12:07:46][src.callback.progress][INFO] - Epoch 499 step 95950/192: loss 1.857e-01
[21/04/26 12:07:56][src.callback.progress][INFO] - Epoch 499 step 96000/192: loss 2.014e-01
[21/04/26 12:07:58][src.callback.progress][INFO] - Epoch 499: v_recons 3.469e-01  recons 1.879e-01  v_loss 5.477e-01  loss 1.997e-01  v_latent 1.268e+00  latent 6.731e-01  v_kl 9.068e+01  kl 3.747e+01  v_contrastive 1.999e+00  contrastive 1.145e-01  v_t2m/len 1530  v_t2m/R01 18.81%  v_t2m/R02 23.79%  v_t2m/R03 30.97%  v_t2m/R05 38.09%  v_t2m/R10 50.84%  v_t2m/MedR 10.0%  v_m2t/len 1530  v_m2t/R01 21.18%  v_m2t/R02 23.92%  v_m2t/R03 30.97%  v_m2t/R05 39.27%  v_m2t/R10 50.52%  v_m2t/MedR 10.0%
[21/04/26 12:08:03][pytorch_lightning.utilities.rank_zero][INFO] - `Trainer.fit` stopped: `max_epochs=500` reached.
[21/04/26 12:08:03][src.callback.progress][INFO] - Training done
